{
	"format_version": "1.12.0",
	"minecraft:geometry": [
		{
			"description": {
				"identifier": "geometry.unknown",
				"texture_width": 64,
				"texture_height": 64,
				"visible_bounds_width": 6,
				"visible_bounds_height": 4,
				"visible_bounds_offset": [0, 0, 0]
			},
			"bones": [
				{
					"name": "root",
					"pivot": [-1, 1.5, 4]
				},
				{
					"name": "right_gun",
					"parent": "root",
					"pivot": [0, 0.125, 0]
				},
				{
					"name": "gun",
					"parent": "right_gun",
					"pivot": [0, 6.125, 8]
				},
				{
					"name": "receiver",
					"parent": "gun",
					"pivot": [0, 3.125, 0],
					"cubes": [
						{
							"origin": [0.1125, 2.425, -0.1125],
							"size": [0.075, 0.5375, 1.0125],
							"uv": {
								"north": {"uv": [18, 14], "uv_size": [0.25, 0.5]},
								"east": {"uv": [2, 6], "uv_size": [1, 0.5]},
								"west": {"uv": [6, 3], "uv_size": [1, 0.5]},
								"up": {"uv": [14, 2], "uv_size": [0.25, 1]},
								"down": {"uv": [4, 16], "uv_size": [0.25, -1]}
							}
						},
						{
							"origin": [-0.1125, 2.6375, -1.525],
							"size": [0.225, 0.325, 1.625],
							"uv": {
								"north": {"uv": [35, 10], "uv_size": [0.25, 0.25]},
								"east": {"uv": [13, 0], "uv_size": [1.5, 0.25]},
								"south": {"uv": [12, 35], "uv_size": [0.25, 0.25]},
								"west": {"uv": [3, 13], "uv_size": [1.5, 0.25]}
							}
						},
						{
							"origin": [-0.1875, 2.67266, 0.9],
							"size": [0.375, 0.28984, 0.72123],
							"uv": {
								"north": {"uv": [19, 6], "uv_size": [0.5, 0.25]},
								"east": {"uv": [8, 16], "uv_size": [0.75, 0.25]},
								"south": {"uv": [19, 8], "uv_size": [0.5, 0.25]},
								"west": {"uv": [10, 16], "uv_size": [0.75, 0.25]},
								"up": {"uv": [0, 9], "uv_size": [0.5, 0.75]},
								"down": {"uv": [4, 9.75], "uv_size": [0.5, -0.75]}
							}
						},
						{
							"origin": [-0.175, 2.525, 1.3],
							"size": [0.35, 0.1, 0.1],
							"pivot": [0, 2.575, 1.35],
							"rotation": [-45, 0, 0],
							"uv": {
								"north": {"uv": [35, 12], "uv_size": [0.25, 0.25]},
								"east": {"uv": [14, 35], "uv_size": [0.25, 0.25]},
								"south": {"uv": [0, 36], "uv_size": [0.25, 0.25]},
								"west": {"uv": [36, 0], "uv_size": [0.25, 0.25]},
								"up": {"uv": [2, 36], "uv_size": [0.25, 0.25]},
								"down": {"uv": [36, 2.25], "uv_size": [0.25, -0.25]}
							}
						},
						{
							"origin": [-0.188, 3.29858, 1.05065],
							"size": [0.376, 0.075, 0.075],
							"pivot": [0, 2.66875, 0.7125],
							"rotation": [-45, 0, 0],
							"uv": {
								"east": {"uv": [6, 36], "uv_size": [0.25, 0.25]},
								"west": {"uv": [8, 36], "uv_size": [0.25, 0.25]}
							}
						},
						{
							"origin": [-0.188, 2.2556, 0.00767],
							"size": [0.376, 0.075, 0.075],
							"pivot": [0, 2.66875, 0.7125],
							"rotation": [-45, 0, 0],
							"uv": {
								"east": {"uv": [10, 36], "uv_size": [0.25, 0.25]},
								"west": {"uv": [36, 14], "uv_size": [0.25, 0.25]}
							}
						},
						{
							"origin": [-0.188, 2.0965, 0.43193],
							"size": [0.376, 0.075, 0.075],
							"pivot": [0, 2.66875, 0.7125],
							"rotation": [-45, 0, 0],
							"uv": {
								"east": {"uv": [16, 36], "uv_size": [0.25, 0.25]},
								"west": {"uv": [36, 16], "uv_size": [0.25, 0.25]}
							}
						},
						{
							"origin": [-0.163, 1.8453, 0.12422],
							"size": [0.326, 0.075, 0.075],
							"pivot": [0, 2.475, 0.6125],
							"rotation": [-45, 0, 0],
							"uv": {
								"east": {"uv": [18, 36], "uv_size": [0.25, 0.25]},
								"west": {"uv": [36, 18], "uv_size": [0.25, 0.25]}
							}
						},
						{
							"origin": [-0.163, 2.6578, -1.42578],
							"size": [0.326, 0.125, 0.125],
							"pivot": [0, 2.7203, -1.36328],
							"rotation": [0, 90, 45],
							"uv": {
								"west": {"uv": [36, 26], "uv_size": [0.25, 0.25]}
							}
						},
						{
							"origin": [-0.1875, 2.425, -0.1125],
							"size": [0.075, 0.5375, 0.28373],
							"uv": {
								"north": {"uv": [12, 21], "uv_size": [0.25, 0.5]},
								"east": {"uv": [21, 12], "uv_size": [0.25, 0.5]},
								"south": {"uv": [14, 21], "uv_size": [0.25, 0.5]},
								"west": {"uv": [0, 22], "uv_size": [0.25, 0.5]},
								"up": {"uv": [20, 32], "uv_size": [0.25, 0.25]}
							}
						},
						{
							"origin": [-0.1875, 2.80757, 0.15625],
							"size": [0.075, 0.11484, 0.07123],
							"pivot": [0, 2.86499, 0.16686],
							"rotation": [-45, 0, 0],
							"uv": {
								"east": {"uv": [32, 20], "uv_size": [0.25, 0.25]},
								"south": {"uv": [22, 32], "uv_size": [0.25, 0.25]},
								"west": {"uv": [32, 22], "uv_size": [0.25, 0.25]}
							}
						},
						{
							"origin": [-0.1875, 2.80757, 0.84375],
							"size": [0.075, 0.06484, 0.12123],
							"pivot": [0, 2.86499, 0.90436],
							"rotation": [-45, 0, 0],
							"uv": {
								"east": {"uv": [24, 32], "uv_size": [0.25, 0.25]},
								"west": {"uv": [32, 24], "uv_size": [0.25, 0.25]},
								"down": {"uv": [26, 32.25], "uv_size": [0.25, -0.25]}
							}
						},
						{
							"origin": [-0.1875, 2.57007, 0.84375],
							"size": [0.075, 0.11484, 0.07123],
							"pivot": [0, 2.62749, 0.90436],
							"rotation": [-45, 0, 0],
							"uv": {
								"north": {"uv": [30, 32], "uv_size": [0.25, 0.25]},
								"east": {"uv": [32, 30], "uv_size": [0.25, 0.25]},
								"west": {"uv": [32, 32], "uv_size": [0.25, 0.25]}
							}
						},
						{
							"origin": [-0.1875, 2.62007, 0.10625],
							"size": [0.075, 0.06484, 0.12123],
							"pivot": [0, 2.62749, 0.16686],
							"rotation": [-45, 0, 0],
							"uv": {
								"east": {"uv": [32, 26], "uv_size": [0.25, 0.25]},
								"west": {"uv": [28, 32], "uv_size": [0.25, 0.25]},
								"up": {"uv": [32, 28], "uv_size": [0.25, 0.25]}
							}
						},
						{
							"origin": [-0.1873, 2.31679, 0.90591],
							"size": [0.3746, 0.3, 0.3625],
							"pivot": [0, 2.4135, 0.66354],
							"rotation": [12.5, 0, 0],
							"uv": {
								"east": {"uv": [24, 2], "uv_size": [0.25, 0.25]},
								"south": {"uv": [4, 19], "uv_size": [0.5, 0.25]},
								"west": {"uv": [6, 24], "uv_size": [0.25, 0.25]},
								"down": {"uv": [19, 4.25], "uv_size": [0.5, -0.25]}
							}
						},
						{
							"origin": [-0.1875, 2.6, 1.1],
							"size": [0.375, 0.125, 0.1125],
							"pivot": [-0.125, 2.575, 1.2125],
							"rotation": [-45, 0, 0],
							"uv": {
								"east": {"uv": [8, 24], "uv_size": [0.25, 0.25]},
								"south": {"uv": [19, 10], "uv_size": [0.5, 0.25]},
								"west": {"uv": [10, 24], "uv_size": [0.25, 0.25]}
							}
						},
						{
							"origin": [-0.1875, 2.61402, 1.47348],
							"size": [0.375, 0.06016, 0.225],
							"uv": {
								"east": {"uv": [24, 14], "uv_size": [0.25, 0.25]},
								"south": {"uv": [12, 19], "uv_size": [0.5, 0.25]},
								"west": {"uv": [16, 24], "uv_size": [0.25, 0.25]},
								"up": {"uv": [19, 12], "uv_size": [0.5, 0.25]},
								"down": {"uv": [14, 19.25], "uv_size": [0.5, -0.25]}
							}
						},
						{
							"origin": [-0.15, 2.61402, 1.22348],
							"size": [0.3, 0.2125, 0.475],
							"pivot": [-0.125, 2.61402, 1.69848],
							"rotation": [22.5, 0, 0],
							"uv": {
								"east": {"uv": [20, 0], "uv_size": [0.5, 0.25]},
								"south": {"uv": [22, 24], "uv_size": [0.25, 0.25]},
								"west": {"uv": [2, 20], "uv_size": [0.5, 0.25]},
								"down": {"uv": [20, 2.5], "uv_size": [0.25, -0.5]}
							}
						},
						{
							"origin": [-0.15, 2.51402, 1.12348],
							"size": [0.3, 0.125, 0.2125],
							"pivot": [-0.125, 2.51402, 1.37348],
							"rotation": [60, 0, 0],
							"uv": {
								"east": {"uv": [24, 22], "uv_size": [0.25, 0.25]},
								"west": {"uv": [24, 24], "uv_size": [0.25, 0.25]},
								"down": {"uv": [4, 25.25], "uv_size": [0.25, -0.25]}
							}
						},
						{
							"origin": [-0.15, 1.93902, 0.22348],
							"size": [0.3, 0.125, 0.2875],
							"pivot": [-0.125, 1.93902, 0.44848],
							"rotation": [-5, 0, 0],
							"uv": {
								"east": {"uv": [25, 4], "uv_size": [0.25, 0.25]},
								"west": {"uv": [25, 6], "uv_size": [0.25, 0.25]},
								"down": {"uv": [25, 8.25], "uv_size": [0.25, -0.25]}
							}
						},
						{
							"origin": [-0.15, 1.95863, 0.22434],
							"size": [0.3, 0.375, 0.2875],
							"pivot": [-0.0875, 1.95863, 0.22434],
							"rotation": [27.5, 0, 0],
							"uv": {
								"north": {"uv": [6, 20], "uv_size": [0.25, 0.5]},
								"east": {"uv": [8, 20], "uv_size": [0.25, 0.5]},
								"west": {"uv": [10, 20], "uv_size": [0.25, 0.5]}
							}
						},
						{
							"origin": [-0.15, 2.17113, 0.12434],
							"size": [0.3, 0.375, 0.425],
							"pivot": [-0.0875, 2.17113, 0.12434],
							"rotation": [60, 0, 0],
							"uv": {
								"north": {"uv": [20, 14], "uv_size": [0.25, 0.5]},
								"east": {"uv": [15, 10], "uv_size": [0.5, 0.5]},
								"south": {"uv": [16, 20], "uv_size": [0.25, 0.5]},
								"west": {"uv": [15, 12], "uv_size": [0.5, 0.5]}
							}
						},
						{
							"origin": [-0.15, 2.40773, -0.5544],
							"size": [0.3, 0.23814, 0.1684],
							"pivot": [-0.15, 2.62023, -0.3169],
							"rotation": [90, 0, 0],
							"uv": {
								"east": {"uv": [2, 26], "uv_size": [0.25, 0.25]},
								"south": {"uv": [26, 2], "uv_size": [0.25, 0.25]},
								"west": {"uv": [6, 26], "uv_size": [0.25, 0.25]},
								"up": {"uv": [8, 26], "uv_size": [0.25, 0.25]}
							}
						},
						{
							"origin": [-0.15, 2.35867, -0.3853],
							"size": [0.3, 0.075, 0.125],
							"pivot": [-0.15, 2.43367, -0.3853],
							"rotation": [70, 0, 0],
							"uv": {
								"east": {"uv": [20, 36], "uv_size": [0.25, 0.25]},
								"south": {"uv": [36, 20], "uv_size": [0.25, 0.25]},
								"west": {"uv": [22, 36], "uv_size": [0.25, 0.25]},
								"up": {"uv": [36, 22], "uv_size": [0.25, 0.25]}
							}
						},
						{
							"origin": [-0.15, 2.33792, -0.42995],
							"size": [0.3, 0.0625, 0.125],
							"pivot": [-0.15, 2.33792, -0.30495],
							"rotation": [-50, 0, 0],
							"uv": {
								"east": {"uv": [25, 10], "uv_size": [0.25, 0.25]},
								"west": {"uv": [12, 25], "uv_size": [0.25, 0.25]},
								"down": {"uv": [25, 12.25], "uv_size": [0.25, -0.25]}
							}
						},
						{
							"origin": [-0.15, 2.33792, -0.30495],
							"size": [0.3, 0.075, 0.2875],
							"pivot": [-0.0875, 2.33792, -0.30495],
							"rotation": [-10, 0, 0],
							"uv": {
								"east": {"uv": [14, 25], "uv_size": [0.25, 0.25]},
								"west": {"uv": [0, 26], "uv_size": [0.25, 0.25]},
								"down": {"uv": [26, 0.25], "uv_size": [0.25, -0.25]}
							}
						},
						{
							"origin": [-0.1875, 2.58403, 1.40872],
							"size": [0.075, 0.08345, 0.29849],
							"pivot": [-0.125, 2.67652, 1.70721],
							"rotation": [-75, 0, 0],
							"uv": {
								"east": {"uv": [24, 18], "uv_size": [0.25, 0.25]},
								"west": {"uv": [20, 24], "uv_size": [0.25, 0.25]},
								"up": {"uv": [24, 20], "uv_size": [0.25, 0.25]}
							}
						},
						{
							"origin": [-0.0375, 3.08902, -1.47652],
							"size": [0.075, 0.0875, 0.075],
							"uv": {
								"north": {"uv": [6, 30], "uv_size": [0.25, 0.25]},
								"east": {"uv": [8, 30], "uv_size": [0.25, 0.25]},
								"south": {"uv": [10, 30], "uv_size": [0.25, 0.25]},
								"west": {"uv": [30, 14], "uv_size": [0.25, 0.25]},
								"up": {"uv": [16, 30], "uv_size": [0.25, 0.25]}
							}
						},
						{
							"origin": [-0.1875, 2.5875, 1.3625],
							"size": [0.375, 0.075, 0.1],
							"pivot": [-0.125, 2.5875, 1.5],
							"rotation": [-45, 0, 0],
							"uv": {
								"east": {"uv": [24, 16], "uv_size": [0.25, 0.25]},
								"west": {"uv": [18, 24], "uv_size": [0.25, 0.25]},
								"down": {"uv": [0, 20.25], "uv_size": [0.5, -0.25]}
							}
						},
						{
							"origin": [-0.15, 1.10753, 0.64736],
							"size": [0.3, 0.05497, 0.91514],
							"uv": {
								"east": {"uv": [15, 4], "uv_size": [1, 0.25]},
								"south": {"uv": [14, 23], "uv_size": [0.25, 0.25]},
								"west": {"uv": [15, 6], "uv_size": [1, 0.25]},
								"down": {"uv": [15, 9], "uv_size": [0.25, -1]}
							}
						},
						{
							"origin": [-0.05, 1.125, 1.5125],
							"size": [0.1, 0.275, 0.0625],
							"uv": {
								"east": {"uv": [29, 8], "uv_size": [0.25, 0.25]},
								"south": {"uv": [29, 10], "uv_size": [0.25, 0.25]},
								"west": {"uv": [12, 29], "uv_size": [0.25, 0.25]},
								"down": {"uv": [29, 12.25], "uv_size": [0.25, -0.25]}
							}
						},
						{
							"origin": [-0.05, 1.3875, 1.51768],
							"size": [0.1, 0.1, 0.1],
							"pivot": [0.05, 1.4, 1.53018],
							"rotation": [-45, 0, 0],
							"uv": {
								"north": {"uv": [14, 29], "uv_size": [0.25, 0.25]},
								"east": {"uv": [0, 30], "uv_size": [0.25, 0.25]},
								"south": {"uv": [30, 0], "uv_size": [0.25, 0.25]},
								"west": {"uv": [2, 30], "uv_size": [0.25, 0.25]},
								"up": {"uv": [30, 2], "uv_size": [0.25, 0.25]}
							}
						},
						{
							"origin": [-0.075, 1.10753, 0.57236],
							"size": [0.15, 0.05497, 0.07764],
							"uv": {
								"down": {"uv": [26, 28.25], "uv_size": [0.25, -0.25]}
							}
						},
						{
							"origin": [-0.20516, 1.10753, 0.78053],
							"size": [0.09266, 0.05497, 0.10607],
							"pivot": [0, 1.15, 0.7875],
							"rotation": [0, -135, 0],
							"uv": {
								"east": {"uv": [30, 26], "uv_size": [0.25, 0.25]},
								"down": {"uv": [28, 30.25], "uv_size": [0.25, -0.25]}
							}
						},
						{
							"origin": [0.1125, 1.10753, 0.78053],
							"size": [0.09266, 0.05497, 0.10607],
							"pivot": [0, 1.15, 0.7875],
							"rotation": [0, 135, 0],
							"uv": {
								"west": {"uv": [30, 28], "uv_size": [0.25, 0.25]},
								"down": {"uv": [30, 30.25], "uv_size": [0.25, -0.25]}
							}
						},
						{
							"origin": [-0.15, 1.11809, 0.64744],
							"size": [0.3, 1.28191, 0.89818],
							"pivot": [0.125, 1.1125, 0.6875],
							"rotation": [15, 0, 0],
							"uv": {
								"east": {"uv": [0, 0], "uv_size": [1, 1.25]},
								"south": {"uv": [13, 4], "uv_size": [0.25, 1.25]},
								"west": {"uv": [2, 0], "uv_size": [1, 1.25]}
							}
						},
						{
							"origin": [0.1, 1.12694, 0.5431],
							"size": [0.05, 1.2625, 0.10426],
							"pivot": [0.15, 1.10753, 0.64736],
							"rotation": [20.75357, 43.07952, 14.51082],
							"uv": {
								"west": {"uv": [12, 14], "uv_size": [0.25, 1.25]}
							}
						},
						{
							"origin": [-0.07628, 1.13802, 0.57513],
							"size": [0.15256, 1.06941, 0.12318],
							"pivot": [0.12372, 1.10743, 0.69018],
							"rotation": [15, 0, 0],
							"uv": {
								"north": {"uv": [16, 0], "uv_size": [0.25, 1]}
							}
						},
						{
							"origin": [-0.15, 0.93433, 1.3625],
							"size": [0.3, 0.18376, 0.18313],
							"pivot": [0.125, 1.1125, 0.6875],
							"rotation": [15, 0, 0],
							"uv": {
								"east": {"uv": [0, 24], "uv_size": [0.25, 0.25]},
								"south": {"uv": [24, 0], "uv_size": [0.25, 0.25]},
								"west": {"uv": [2, 24], "uv_size": [0.25, 0.25]}
							}
						},
						{
							"origin": [-0.1875, 2.15, -0.1125],
							"size": [0.375, 0.275, 0.1625],
							"pivot": [-0.125, 2.425, -0.1125],
							"rotation": [67.5, 0, 0],
							"uv": {
								"north": {"uv": [16, 18], "uv_size": [0.5, 0.25]},
								"east": {"uv": [23, 4], "uv_size": [0.25, 0.25]},
								"west": {"uv": [23, 6], "uv_size": [0.25, 0.25]}
							}
						},
						{
							"origin": [-0.1873, 2.43619, 0.17824],
							"size": [0.3746, 0.2875, 0.2125],
							"pivot": [0, 2.4135, 0.66354],
							"rotation": [37.5, 0, 0],
							"uv": {
								"north": {"uv": [18, 16], "uv_size": [0.5, 0.25]},
								"east": {"uv": [23, 8], "uv_size": [0.25, 0.25]},
								"west": {"uv": [23, 10], "uv_size": [0.25, 0.25]}
							}
						},
						{
							"origin": [-0.1873, 2.08639, 0.30433],
							"size": [0.3746, 0.3125, 0.325],
							"pivot": [0, 2.4135, 0.66354],
							"rotation": [-7.5, 0, 0],
							"uv": {
								"east": {"uv": [12, 23], "uv_size": [0.25, 0.25]},
								"west": {"uv": [23, 12], "uv_size": [0.25, 0.25]},
								"down": {"uv": [18, 18.25], "uv_size": [0.5, -0.25]}
							}
						},
						{
							"origin": [0.1125, 2.58403, 1.40872],
							"size": [0.075, 0.08345, 0.29849],
							"pivot": [0.125, 2.67652, 1.70721],
							"rotation": [-75, 0, 0],
							"uv": {
								"east": {"uv": [16, 32], "uv_size": [0.25, 0.25]},
								"west": {"uv": [32, 16], "uv_size": [0.25, 0.25]},
								"up": {"uv": [18, 32], "uv_size": [0.25, 0.25]}
							}
						},
						{
							"origin": [-0.1875, 2.8625, 0.17123],
							"size": [0.075, 0.1, 0.72877],
							"uv": {
								"east": {"uv": [17, 4], "uv_size": [0.75, 0.25]},
								"west": {"uv": [17, 6], "uv_size": [0.75, 0.25]},
								"up": {"uv": [17, 8], "uv_size": [0.25, 0.75]},
								"down": {"uv": [17, 10.75], "uv_size": [0.25, -0.75]}
							}
						},
						{
							"origin": [-0.1875, 2.425, 0.17123],
							"size": [0.075, 0.21016, 0.72877],
							"uv": {
								"east": {"uv": [12, 17], "uv_size": [0.75, 0.25]},
								"west": {"uv": [17, 12], "uv_size": [0.75, 0.25]},
								"up": {"uv": [14, 17], "uv_size": [0.25, 0.75]},
								"down": {"uv": [0, 18.75], "uv_size": [0.25, -0.75]}
							}
						},
						{
							"origin": [-0.15, 1.12694, 0.5431],
							"size": [0.05, 1.2625, 0.10426],
							"pivot": [-0.15, 1.10753, 0.64736],
							"rotation": [20.75357, -43.07952, -14.51082],
							"uv": {
								"east": {"uv": [14, 14], "uv_size": [0.25, 1.25]}
							}
						}
					]
				},
				{
					"name": "octagon1",
					"parent": "receiver",
					"pivot": [0, 2.975, -1],
					"cubes": [
						{
							"origin": [0.05584, 2.975, -1.525],
							"size": [0.10873, 0.13125, 1.625],
							"pivot": [0.05584, 3.10625, -1.525],
							"rotation": [0, 0, 30],
							"uv": {
								"north": {"uv": [10, 26], "uv_size": [0.25, 0.25]},
								"south": {"uv": [26, 14], "uv_size": [0.25, 0.25]},
								"up": {"uv": [11, 4], "uv_size": [0.25, 1.5]}
							}
						},
						{
							"origin": [-0.05584, 2.84375, -1.525],
							"size": [0.11167, 0.2625, 1.625],
							"uv": {
								"north": {"uv": [16, 26], "uv_size": [0.25, 0.25]},
								"south": {"uv": [26, 16], "uv_size": [0.25, 0.25]},
								"up": {"uv": [4, 6], "uv_size": [0.25, 1.75]}
							}
						},
						{
							"origin": [-0.05584, 2.99752, -1.525],
							"size": [0.13125, 0.10873, 1.625],
							"pivot": [-0.05584, 3.10625, -1.525],
							"rotation": [0, 0, 60],
							"uv": {
								"north": {"uv": [18, 26], "uv_size": [0.25, 0.25]},
								"east": {"uv": [6, 11], "uv_size": [1.5, 0.25]},
								"south": {"uv": [26, 18], "uv_size": [0.25, 0.25]}
							}
						},
						{
							"origin": [-0.15, 2.89812, -0.4],
							"size": [0.3, 0.15377, 0.3125],
							"pivot": [0, 2.975, -0.4],
							"rotation": [-22.5, 0, 0],
							"uv": {
								"east": {"uv": [20, 26], "uv_size": [0.25, 0.25]},
								"west": {"uv": [26, 20], "uv_size": [0.25, 0.25]},
								"down": {"uv": [22, 26.25], "uv_size": [0.25, -0.25]}
							}
						},
						{
							"origin": [-0.15, 2.89812, -1.525],
							"size": [0.3, 0.15377, 1.625],
							"uv": {
								"north": {"uv": [28, 34], "uv_size": [0.25, 0.25]},
								"east": {"uv": [11, 2], "uv_size": [1.75, 0.25]},
								"south": {"uv": [34, 28], "uv_size": [0.25, 0.25]},
								"west": {"uv": [3, 11], "uv_size": [1.75, 0.25]}
							}
						},
						{
							"origin": [-0.15, 2.64812, -0.4],
							"size": [0.3, 0.15377, 0.3125],
							"pivot": [0, 2.725, -0.4],
							"rotation": [22.5, 0, 0],
							"uv": {
								"east": {"uv": [34, 24], "uv_size": [0.25, 0.25]},
								"west": {"uv": [26, 34], "uv_size": [0.25, 0.25]},
								"up": {"uv": [34, 26], "uv_size": [0.25, 0.25]}
							}
						}
					]
				},
				{
					"name": "octagon2",
					"parent": "receiver",
					"pivot": [0, 2.725, -1],
					"cubes": [
						{
							"origin": [-0.14336, 2.78959, -1.525],
							"size": [0.30792, 0.06666, 1.625],
							"pivot": [0.05584, 2.85625, -1.525],
							"rotation": [0, 0, 30],
							"uv": {
								"north": {"uv": [26, 22], "uv_size": [0.25, 0.25]},
								"up": {"uv": [6, 5], "uv_size": [0.25, 1.75]},
								"down": {"uv": [8, 1.75], "uv_size": [0.25, -1.75]}
							}
						},
						{
							"origin": [-0.07312, 2.55873, -1.525],
							"size": [0.14623, 0.28502, 1.626],
							"uv": {
								"north": {"uv": [24, 26], "uv_size": [0.25, 0.25]},
								"south": {"uv": [26, 24], "uv_size": [0.25, 0.25]},
								"down": {"uv": [2, 9.75], "uv_size": [0.25, -1.75]}
							}
						},
						{
							"origin": [-0.15, 2.55873, -0.5875],
							"size": [0.3, 0.08502, 0.501],
							"uv": {
								"east": {"uv": [22, 20], "uv_size": [0.5, 0.25]},
								"west": {"uv": [22, 22], "uv_size": [0.5, 0.25]},
								"down": {"uv": [4, 23.5], "uv_size": [0.25, -0.5]}
							}
						},
						{
							"origin": [-0.15, 2.55873, -0.826],
							"size": [0.3, 0.08502, 0.2385],
							"pivot": [0.15, 2.55873, -0.5875],
							"rotation": [-22.5, 0, 0],
							"uv": {
								"east": {"uv": [24, 36], "uv_size": [0.25, 0.25]},
								"west": {"uv": [36, 24], "uv_size": [0.25, 0.25]},
								"down": {"uv": [26, 36.25], "uv_size": [0.25, -0.25]}
							}
						},
						{
							"origin": [-0.05584, 2.74752, -1.525],
							"size": [0.06666, 0.30792, 1.625],
							"pivot": [-0.05584, 2.85625, -1.525],
							"rotation": [0, 0, 60],
							"uv": {
								"north": {"uv": [26, 26], "uv_size": [0.25, 0.25]},
								"east": {"uv": [8, 3], "uv_size": [1.75, 0.25]},
								"west": {"uv": [8, 5], "uv_size": [1.75, 0.25]},
								"up": {"uv": [6, 8], "uv_size": [0.25, 1.75]}
							}
						},
						{
							"origin": [0.01875, 2.52688, -1.525],
							"size": [0.13125, 0.10873, 1.625],
							"pivot": [0.15, 2.63562, -1.525],
							"rotation": [0, 0, 45],
							"uv": {
								"north": {"uv": [4, 27], "uv_size": [0.25, 0.25]},
								"west": {"uv": [8, 7], "uv_size": [1.75, 0.25]}
							}
						},
						{
							"origin": [-0.15, 2.63562, -1.525],
							"size": [0.3, 0.16627, 1.625],
							"uv": {
								"north": {"uv": [27, 4], "uv_size": [0.25, 0.25]},
								"east": {"uv": [8, 9], "uv_size": [1.75, 0.25]},
								"west": {"uv": [10, 0], "uv_size": [1.75, 0.25]}
							}
						},
						{
							"origin": [-0.15, 2.52688, -1.525],
							"size": [0.13125, 0.10873, 1.625],
							"pivot": [-0.15, 2.63562, -1.525],
							"rotation": [0, 0, -45],
							"uv": {
								"north": {"uv": [27, 6], "uv_size": [0.25, 0.25]},
								"east": {"uv": [0, 11], "uv_size": [1.75, 0.25]}
							}
						}
					]
				},
				{
					"name": "trigger",
					"parent": "receiver",
					"pivot": [0, 2.344, -0.0367],
					"rotation": [7.5, 0, 0],
					"cubes": [
						{
							"origin": [-0.0625, 1.99613, -0.17566],
							"size": [0.125, 0.325, 0.2],
							"pivot": [-0.0875, 1.99613, -0.17566],
							"rotation": [-5, 0, 0],
							"uv": {
								"north": {"uv": [28, 18], "uv_size": [0.25, 0.25]},
								"east": {"uv": [20, 28], "uv_size": [0.25, 0.25]},
								"south": {"uv": [28, 20], "uv_size": [0.25, 0.25]},
								"west": {"uv": [22, 28], "uv_size": [0.25, 0.25]}
							}
						},
						{
							"origin": [-0.0625, 2.18363, -0.08816],
							"size": [0.125, 0.4125, 0.2],
							"pivot": [-0.0875, 2.05863, -0.21316],
							"rotation": [22.5, 0, 0],
							"uv": {
								"north": {"uv": [4, 2], "uv_size": [0.25, 0.5]},
								"east": {"uv": [4, 5], "uv_size": [0.25, 0.5]},
								"west": {"uv": [4, 8], "uv_size": [0.25, 0.5]}
							}
						},
						{
							"origin": [-0.0625, 1.85191, -0.1179],
							"size": [0.125, 0.125, 0.1375],
							"pivot": [-0.15, 1.85191, 0.0196],
							"rotation": [-22.5, 0, 0],
							"uv": {
								"east": {"uv": [6, 28], "uv_size": [0.25, 0.25]},
								"south": {"uv": [8, 28], "uv_size": [0.25, 0.25]},
								"west": {"uv": [10, 28], "uv_size": [0.25, 0.25]},
								"up": {"uv": [28, 14], "uv_size": [0.25, 0.25]}
							}
						},
						{
							"origin": [-0.0625, 1.80863, -0.17566],
							"size": [0.125, 0.1625, 0.2],
							"pivot": [-0.0875, 1.80863, -0.17566],
							"rotation": [12.5, 0, 0],
							"uv": {
								"east": {"uv": [27, 12], "uv_size": [0.25, 0.25]},
								"west": {"uv": [14, 27], "uv_size": [0.25, 0.25]},
								"down": {"uv": [0, 28.25], "uv_size": [0.25, -0.25]}
							}
						},
						{
							"origin": [-0.0625, 1.80863, -0.17566],
							"size": [0.125, 0.15, 0.2],
							"pivot": [-0.0875, 1.80863, -0.17566],
							"rotation": [35, 0, 0],
							"uv": {
								"north": {"uv": [28, 0], "uv_size": [0.25, 0.25]},
								"east": {"uv": [2, 28], "uv_size": [0.25, 0.25]},
								"west": {"uv": [28, 2], "uv_size": [0.25, 0.25]}
							}
						},
						{
							"origin": [-0.0625, 1.7565, -0.2617],
							"size": [0.125, 0.175, 0.2],
							"pivot": [-0.15, 1.9315, -0.2617],
							"rotation": [62.5, 0, 0],
							"uv": {
								"east": {"uv": [16, 28], "uv_size": [0.25, 0.25]},
								"west": {"uv": [28, 16], "uv_size": [0.25, 0.25]},
								"up": {"uv": [18, 28], "uv_size": [0.25, 0.25]}
							}
						}
					]
				},
				{
					"name": "slide",
					"parent": "gun",
					"pivot": [0, 2.9875, 0.625],
					"cubes": [
						{
							"origin": [-0.1, 2.84407, 1.36832],
							"size": [0.2, 0.08405, 0.46099],
							"pivot": [0, 2.8861, 1.59882],
							"rotation": [-75, 0, 0],
							"uv": {
								"east": {"uv": [21, 6], "uv_size": [0.5, 0.25]},
								"south": {"uv": [32, 18], "uv_size": [0.25, 0.25]},
								"west": {"uv": [21, 8], "uv_size": [0.5, 0.25]},
								"up": {"uv": [21, 10], "uv_size": [0.25, 0.5]}
							}
						},
						{
							"origin": [-0.1, 2.65258, 0.1],
							"size": [0.2, 0.31617, 1.51788],
							"uv": {
								"east": {"uv": [12, 12], "uv_size": [1.5, 0.25]},
								"west": {"uv": [0, 13], "uv_size": [1.5, 0.25]}
							}
						},
						{
							"origin": [-0.175, 2.58403, 1.19245],
							"size": [0.1, 0.08405, 0.21627],
							"pivot": [-0.125, 2.67652, 1.70721],
							"rotation": [-75, 0, 0],
							"uv": {
								"east": {"uv": [2, 32], "uv_size": [0.25, 0.25]},
								"west": {"uv": [32, 2], "uv_size": [0.25, 0.25]},
								"up": {"uv": [6, 32], "uv_size": [0.25, 0.25]}
							}
						},
						{
							"origin": [-0.0375, 2.80152, 1.62348],
							"size": [0.075, 0.075, 0.1125],
							"pivot": [0, 2.83277, 1.62973],
							"rotation": [0, 0, 45],
							"uv": {
								"east": {"uv": [28, 26], "uv_size": [0.25, 0.25]},
								"south": {"uv": [28, 28], "uv_size": [0.25, 0.25]},
								"west": {"uv": [4, 29], "uv_size": [0.25, 0.25]},
								"up": {"uv": [29, 4], "uv_size": [0.25, 0.25]},
								"down": {"uv": [29, 6.25], "uv_size": [0.25, -0.25]}
							}
						},
						{
							"origin": [-0.175, 3.05905, 1.01584],
							"size": [0.1, 0.1125, 0.55],
							"uv": {
								"east": {"uv": [20, 16], "uv_size": [0.5, 0.25]},
								"west": {"uv": [18, 20], "uv_size": [0.5, 0.25]},
								"up": {"uv": [20, 18], "uv_size": [0.25, 0.5]}
							}
						},
						{
							"origin": [-0.175, 3.07155, 0.87834],
							"size": [0.1, 0.1, 0.1375],
							"pivot": [-0.125, 3.17155, 1.01584],
							"rotation": [37.5, 0, 0],
							"uv": {
								"east": {"uv": [27, 8], "uv_size": [0.25, 0.25]},
								"west": {"uv": [27, 10], "uv_size": [0.25, 0.25]},
								"up": {"uv": [12, 27], "uv_size": [0.25, 0.25]}
							}
						},
						{
							"origin": [0.075, 3.05905, 1.01584],
							"size": [0.1, 0.1125, 0.55],
							"uv": {
								"east": {"uv": [20, 20], "uv_size": [0.5, 0.25]},
								"west": {"uv": [4, 21], "uv_size": [0.5, 0.25]},
								"up": {"uv": [21, 4], "uv_size": [0.25, 0.5]}
							}
						},
						{
							"origin": [0.075, 3.07155, 0.87834],
							"size": [0.1, 0.1, 0.1375],
							"pivot": [0.125, 3.17155, 1.01584],
							"rotation": [37.5, 0, 0],
							"uv": {
								"east": {"uv": [14, 31], "uv_size": [0.25, 0.25]},
								"west": {"uv": [0, 32], "uv_size": [0.25, 0.25]},
								"up": {"uv": [32, 0], "uv_size": [0.25, 0.25]}
							}
						},
						{
							"origin": [-0.175, 2.99655, 0.72834],
							"size": [0.35, 0.1125, 0.225],
							"pivot": [0.125, 3.10905, 0.95334],
							"rotation": [15, 0, 0],
							"uv": {
								"east": {"uv": [33, 6], "uv_size": [0.25, 0.25]},
								"west": {"uv": [33, 8], "uv_size": [0.25, 0.25]},
								"up": {"uv": [33, 10], "uv_size": [0.25, 0.25]}
							}
						},
						{
							"origin": [0.075, 2.58403, 1.19245],
							"size": [0.1, 0.08405, 0.21627],
							"pivot": [0.125, 2.67652, 1.70721],
							"rotation": [-75, 0, 0],
							"uv": {
								"east": {"uv": [8, 32], "uv_size": [0.25, 0.25]},
								"west": {"uv": [10, 32], "uv_size": [0.25, 0.25]},
								"up": {"uv": [32, 14], "uv_size": [0.25, 0.25]}
							}
						}
					]
				},
				{
					"name": "octagon3",
					"parent": "slide",
					"pivot": [0, 2.9875, 0.625],
					"cubes": [
						{
							"origin": [0.08084, 2.9875, 0.1],
							"size": [0.10873, 0.13125, 0.875],
							"pivot": [0.08084, 3.11875, 0.1],
							"rotation": [0, 0, 30],
							"uv": {
								"north": {"uv": [31, 6], "uv_size": [0.25, 0.25]},
								"up": {"uv": [16, 16], "uv_size": [0.25, 0.75]}
							}
						},
						{
							"origin": [-0.08084, 3.04375, 0.1],
							"size": [0.16167, 0.075, 1.47975],
							"uv": {
								"north": {"uv": [31, 8], "uv_size": [0.25, 0.25]},
								"up": {"uv": [11, 7], "uv_size": [0.25, 1.5]}
							}
						},
						{
							"origin": [-0.08084, 3.01002, 0.1],
							"size": [0.13125, 0.10873, 0.875],
							"pivot": [-0.08084, 3.11875, 0.1],
							"rotation": [0, 0, 60],
							"uv": {
								"north": {"uv": [31, 10], "uv_size": [0.25, 0.25]},
								"east": {"uv": [4, 17], "uv_size": [0.75, 0.25]}
							}
						},
						{
							"origin": [-0.175, 2.91062, 0.1],
							"size": [0.35, 0.15377, 1.4875],
							"uv": {
								"north": {"uv": [12, 31], "uv_size": [0.25, 0.25]},
								"east": {"uv": [9, 11], "uv_size": [1.5, 0.25]},
								"south": {"uv": [31, 12], "uv_size": [0.25, 0.25]},
								"west": {"uv": [12, 10], "uv_size": [1.5, 0.25]}
							}
						}
					]
				},
				{
					"name": "black",
					"parent": "slide",
					"pivot": [0, 3.0528, 1.54084],
					"cubes": [
						{
							"origin": [-0.176, 2.95905, 1.01584],
							"size": [0.352, 0.2, 0.5375],
							"uv": {
								"east": {"uv": [9, 1], "uv_size": [5.75, 0.25]},
								"west": {"uv": [9, 6], "uv_size": [5.75, 0.25]}
							}
						}
					]
				},
				{
					"name": "grip",
					"parent": "gun",
					"pivot": [0.125, 1.1125, 0.6875],
					"cubes": [
						{
							"origin": [-0.1875, 1.15085, 0.70647],
							"size": [0.375, 1.29817, 0.76537],
							"pivot": [0.125, 1.08835, 0.69397],
							"rotation": [15, 0, 0],
							"uv": {
								"north": {"uv": [4, 0], "uv_size": [0.5, 1.25]},
								"south": {"uv": [4, 3], "uv_size": [0.5, 1.25]}
							}
						},
						{
							"origin": [-0.1875, 1.15196, 0.68987],
							"size": [0.375, 0.05497, 0.77764],
							"uv": {
								"south": {"uv": [31, 4], "uv_size": [0.25, 0.25]},
								"down": {"uv": [16, 14.75], "uv_size": [0.25, -0.75]}
							}
						},
						{
							"origin": [-0.1875, 0.97876, 1.26751],
							"size": [0.375, 0.14817, 0.18313],
							"pivot": [0.125, 1.15693, 0.59251],
							"rotation": [15, 0, 0],
							"uv": {
								"south": {"uv": [4, 31], "uv_size": [0.25, 0.25]}
							}
						},
						{
							"origin": [-0.2558, 1.15196, 0.84148],
							"size": [0.5115, 0.06747, 0.46191],
							"uv": {
								"east": {"uv": [22, 2], "uv_size": [0.5, 0.25]},
								"west": {"uv": [6, 22], "uv_size": [0.5, 0.25]},
								"down": {"uv": [6, 16.5], "uv_size": [0.5, -0.5]}
							}
						},
						{
							"origin": [-0.25557, 1.18671, 1.05521],
							"size": [0.51113, 0.05, 0.23671],
							"pivot": [0, 1.21171, 1.17357],
							"rotation": [15, 0, 0],
							"uv": {
								"east": {"uv": [34, 14], "uv_size": [0.25, 0.25]},
								"west": {"uv": [16, 34], "uv_size": [0.25, 0.25]}
							}
						},
						{
							"origin": [-0.25557, 2.3375, 0.86433],
							"size": [0.51113, 0.0625, 0.16171],
							"pivot": [0.1875, 1.1125, 0.6875],
							"rotation": [15, 0, 0],
							"uv": {
								"east": {"uv": [34, 0], "uv_size": [0.25, 0.25]},
								"west": {"uv": [2, 34], "uv_size": [0.25, 0.25]}
							}
						},
						{
							"origin": [-0.2558, 2.38089, 0.51799],
							"size": [0.5115, 0.07997, 0.46191],
							"uv": {
								"east": {"uv": [22, 0], "uv_size": [0.5, 0.25]},
								"west": {"uv": [2, 22], "uv_size": [0.5, 0.25]},
								"up": {"uv": [16, 2], "uv_size": [0.5, 0.5]}
							}
						},
						{
							"origin": [-0.25557, 1.18923, 0.6946],
							"size": [0.51113, 1.22998, 0.43671],
							"pivot": [0, 1.79797, 0.91295],
							"rotation": [15, 0, 0],
							"uv": {
								"east": {"uv": [0, 6], "uv_size": [0.5, 1.25]},
								"west": {"uv": [6, 0], "uv_size": [0.5, 1.25]}
							}
						}
					]
				},
				{
					"name": "left_grip",
					"parent": "grip",
					"pivot": [0.1875, 1.23107, 0.6834],
					"cubes": [
						{
							"origin": [0.075, 1.20607, 1.28317],
							"size": [0.1125, 1.29817, 0.17787],
							"pivot": [0.1875, 1.23107, 1.46104],
							"rotation": [16.17354, -21.69365, -6.1191],
							"uv": {
								"west": {"uv": [6, 13], "uv_size": [0.25, 1.25]}
							}
						},
						{
							"origin": [0.075, 2.40589, 0.95388],
							"size": [0.1125, 0.05497, 0.17764],
							"pivot": [0.1875, 2.46086, 1.13151],
							"rotation": [0, -22.5, 0],
							"uv": {
								"west": {"uv": [14, 33], "uv_size": [0.25, 0.25]},
								"up": {"uv": [0, 34], "uv_size": [0.25, 0.25]}
							}
						},
						{
							"origin": [0.075, 2.40589, 0.35388],
							"size": [0.1125, 0.05497, 0.17764],
							"pivot": [0.1875, 2.46086, 0.35388],
							"rotation": [0, 22.5, 0],
							"uv": {
								"west": {"uv": [12, 33], "uv_size": [0.25, 0.25]},
								"up": {"uv": [33, 12], "uv_size": [0.25, 0.25]}
							}
						},
						{
							"origin": [0.075, 1.15111, 0.6834],
							"size": [0.1125, 1.29817, 0.17787],
							"pivot": [0.1875, 1.17611, 0.6834],
							"rotation": [16.17354, 21.69365, 6.1191],
							"uv": {
								"west": {"uv": [13, 7], "uv_size": [0.25, 1.25]}
							}
						},
						{
							"origin": [0.075, 1.15196, 1.28987],
							"size": [0.1125, 0.05497, 0.17764],
							"pivot": [0.1875, 1.20693, 1.46751],
							"rotation": [0, -22.5, 0],
							"uv": {
								"west": {"uv": [8, 34], "uv_size": [0.25, 0.25]},
								"down": {"uv": [10, 34.25], "uv_size": [0.25, -0.25]}
							}
						},
						{
							"origin": [0.075, 1.15196, 0.68987],
							"size": [0.1125, 0.05497, 0.17764],
							"pivot": [0.1875, 1.20693, 0.68987],
							"rotation": [0, 22.5, 0],
							"uv": {
								"west": {"uv": [34, 2], "uv_size": [0.25, 0.25]},
								"down": {"uv": [6, 34.25], "uv_size": [0.25, -0.25]}
							}
						}
					]
				},
				{
					"name": "right_grip",
					"parent": "grip",
					"pivot": [-0.1875, 1.23107, 0.6834],
					"cubes": [
						{
							"origin": [-0.1875, 1.20607, 1.28317],
							"size": [0.1125, 1.29817, 0.17787],
							"pivot": [-0.1875, 1.23107, 1.46104],
							"rotation": [16.17354, 21.69365, 6.1191],
							"uv": {
								"east": {"uv": [8, 13], "uv_size": [0.25, 1.25]}
							}
						},
						{
							"origin": [-0.1875, 1.15111, 0.6834],
							"size": [0.1125, 1.29817, 0.17787],
							"pivot": [-0.1875, 1.17611, 0.6834],
							"rotation": [16.17354, -21.69365, -6.1191],
							"uv": {
								"east": {"uv": [10, 13], "uv_size": [0.25, 1.25]}
							}
						},
						{
							"origin": [-0.1875, 2.40589, 0.35388],
							"size": [0.1125, 0.05497, 0.17764],
							"pivot": [-0.1875, 2.46086, 0.35388],
							"rotation": [0, -22.5, 0],
							"uv": {
								"east": {"uv": [34, 16], "uv_size": [0.25, 0.25]},
								"up": {"uv": [18, 34], "uv_size": [0.25, 0.25]}
							}
						},
						{
							"origin": [-0.1875, 2.40589, 0.95388],
							"size": [0.1125, 0.05497, 0.17764],
							"pivot": [-0.1875, 2.46086, 1.13151],
							"rotation": [0, 22.5, 0],
							"uv": {
								"east": {"uv": [34, 18], "uv_size": [0.25, 0.25]},
								"up": {"uv": [20, 34], "uv_size": [0.25, 0.25]}
							}
						},
						{
							"origin": [-0.1875, 1.15196, 0.68987],
							"size": [0.1125, 0.05497, 0.17764],
							"pivot": [-0.1875, 1.20693, 0.68987],
							"rotation": [0, -22.5, 0],
							"uv": {
								"east": {"uv": [34, 20], "uv_size": [0.25, 0.25]},
								"down": {"uv": [22, 34.25], "uv_size": [0.25, -0.25]}
							}
						},
						{
							"origin": [-0.1875, 1.15196, 1.28987],
							"size": [0.1125, 0.05497, 0.17764],
							"pivot": [-0.1875, 1.20693, 1.46751],
							"rotation": [0, 22.5, 0],
							"uv": {
								"east": {"uv": [34, 22], "uv_size": [0.25, 0.25]},
								"down": {"uv": [24, 34.25], "uv_size": [0.25, -0.25]}
							}
						}
					]
				},
				{
					"name": "attachment_adapter",
					"parent": "gun",
					"pivot": [0, 0, 0]
				},
				{
					"name": "positioning2",
					"parent": "gun",
					"pivot": [0, 0.125, 0]
				},
				{
					"name": "muzzle_flash",
					"parent": "positioning2",
					"pivot": [0, 2.7188, -1.525]
				},
				{
					"name": "right_hand",
					"parent": "right_gun",
					"pivot": [-5.5, 11, 0]
				},
				{
					"name": "righthand_pos",
					"parent": "right_hand",
					"pivot": [0, 0, 0],
					"rotation": [0, 180, 0],
					"cubes": [
						{
							"origin": [4, 0, -2],
							"size": [3, 12, 4],
							"uv": {
								"north": {"uv": [5, 13], "uv_size": [3, 12]},
								"east": {"uv": [0, 0], "uv_size": [4, 12]},
								"south": {"uv": [9, 13], "uv_size": [3, 12]},
								"west": {"uv": [5, 0], "uv_size": [4, 12]},
								"up": {"uv": [25, 0], "uv_size": [3, 4]},
								"down": {"uv": [25, 9], "uv_size": [3, -4]}
							}
						}
					]
				},
				{
					"name": "left_mag",
					"parent": "root",
					"pivot": [0, 5.125, 11]
				},
				{
					"name": "left_hand",
					"parent": "left_mag",
					"pivot": [5.5, 11, 0]
				},
				{
					"name": "lefthand_pos",
					"parent": "left_hand",
					"pivot": [0, 0, 0],
					"rotation": [0, -180, 0],
					"cubes": [
						{
							"origin": [-7, 0, -2],
							"size": [3, 12, 4],
							"uv": {
								"north": {"uv": [8, 13], "uv_size": [-3, 12]},
								"east": {"uv": [9, 0], "uv_size": [-4, 12]},
								"south": {"uv": [12, 13], "uv_size": [-3, 12]},
								"west": {"uv": [4, 0], "uv_size": [-4, 12]},
								"up": {"uv": [28, 0], "uv_size": [-3, 4]},
								"down": {"uv": [28, 9], "uv_size": [-3, -4]}
							}
						}
					]
				},
				{
					"name": "rotate",
					"parent": "left_mag",
					"pivot": [0, 2.5, 0.75],
					"rotation": [15, 0, 0]
				},
				{
					"name": "mag",
					"parent": "rotate",
					"pivot": [0, 2.5, 0.75],
					"rotation": [-15, 0, 0],
					"cubes": [
						{
							"origin": [-0.05, 1.05, 1],
							"size": [0.1, 0.0625, 0.1125],
							"uv": {
								"north": {"uv": [30, 16], "uv_size": [0.25, 0.25]},
								"east": {"uv": [18, 30], "uv_size": [0.25, 0.25]},
								"south": {"uv": [30, 18], "uv_size": [0.25, 0.25]},
								"west": {"uv": [20, 30], "uv_size": [0.25, 0.25]}
							}
						},
						{
							"origin": [-0.1, 1, 0.9375],
							"size": [0.2, 0.05, 0.2375],
							"uv": {
								"north": {"uv": [30, 20], "uv_size": [0.25, 0.25]},
								"east": {"uv": [22, 30], "uv_size": [0.25, 0.25]},
								"south": {"uv": [30, 22], "uv_size": [0.25, 0.25]},
								"west": {"uv": [24, 30], "uv_size": [0.25, 0.25]},
								"up": {"uv": [30, 24], "uv_size": [0.25, 0.25]},
								"down": {"uv": [26, 30.25], "uv_size": [0.25, -0.25]}
							}
						},
						{
							"origin": [-0.125, 1.08531, 0.67142],
							"size": [0.25, 1.30219, 0.77744],
							"pivot": [0.125, 1.1, 0.5875],
							"rotation": [15, 0, 0],
							"uv": {
								"north": {"uv": [0, 15], "uv_size": [0.25, 1.25]},
								"east": {"uv": [0, 3], "uv_size": [0.75, 1.25]},
								"south": {"uv": [2, 15], "uv_size": [0.25, 1.25]},
								"west": {"uv": [2, 3], "uv_size": [0.75, 1.25]}
							}
						},
						{
							"origin": [-0.125, 2.38275, 0.63536],
							"size": [0.25, 0.13933, 0.25244],
							"pivot": [0.125, 1.23458, 0.55144],
							"rotation": [15, 0, 0],
							"uv": {
								"north": {"uv": [34, 34], "uv_size": [0.25, 0.25]},
								"east": {"uv": [4, 35], "uv_size": [0.25, 0.25]},
								"west": {"uv": [35, 4], "uv_size": [0.25, 0.25]}
							}
						},
						{
							"origin": [-0.125, 0.9339, 1.26819],
							"size": [0.25, 0.15141, 0.18068],
							"pivot": [0.125, 1.1, 0.5875],
							"rotation": [15, 0, 0],
							"uv": {
								"east": {"uv": [34, 30], "uv_size": [0.25, 0.25]},
								"south": {"uv": [32, 34], "uv_size": [0.25, 0.25]},
								"west": {"uv": [34, 32], "uv_size": [0.25, 0.25]}
							}
						},
						{
							"origin": [-0.125, 1.10753, 0.67236],
							"size": [0.25, 0.05497, 0.79014],
							"uv": {
								"east": {"uv": [18, 0], "uv_size": [0.75, 0.25]},
								"south": {"uv": [30, 34], "uv_size": [0.25, 0.25]},
								"west": {"uv": [2, 18], "uv_size": [0.75, 0.25]},
								"down": {"uv": [18, 2.75], "uv_size": [0.25, -0.75]}
							}
						},
						{
							"origin": [-0.125, 2.49993, 0.29927],
							"size": [0.25, 0.06663, 0.78701],
							"uv": {
								"east": {"uv": [6, 18], "uv_size": [0.75, 0.25]},
								"west": {"uv": [8, 18], "uv_size": [0.75, 0.25]},
								"up": {"uv": [10, 18], "uv_size": [0.25, 0.75]}
							}
						},
						{
							"origin": [-0.125, 2.4241, 0.48364],
							"size": [0.25, 0.14247, 0.60264],
							"uv": {
								"east": {"uv": [22, 14], "uv_size": [0.5, 0.25]},
								"west": {"uv": [16, 22], "uv_size": [0.5, 0.25]}
							}
						},
						{
							"origin": [-0.125, 1.15753, 0.67236],
							"size": [0.25, 0.12997, 0.61514],
							"uv": {
								"east": {"uv": [8, 22], "uv_size": [0.5, 0.25]},
								"west": {"uv": [10, 22], "uv_size": [0.5, 0.25]}
							}
						}
					]
				},
				{
					"name": "bullet",
					"parent": "mag",
					"pivot": [0, 2.5625, 0.5625],
					"cubes": [
						{
							"origin": [-0.0625, 2.5, 0.3125],
							"size": [0.125, 0.125, 0.5],
							"pivot": [0, 2.5625, 0.5625],
							"rotation": [0, 0, 45],
							"uv": {
								"north": {"uv": [35, 6], "uv_size": [0.25, 0.25]},
								"east": {"uv": [22, 16], "uv_size": [0.5, 0.25]},
								"south": {"uv": [35, 8], "uv_size": [0.25, 0.25]},
								"west": {"uv": [18, 22], "uv_size": [0.5, 0.25]},
								"up": {"uv": [22, 18], "uv_size": [0.25, 0.5]},
								"down": {"uv": [20, 22.5], "uv_size": [0.25, -0.5]}
							}
						}
					]
				},
				{
					"name": "positioning",
					"pivot": [3, 4, 0]
				},
				{
					"name": "thirdperson_hand",
					"parent": "positioning",
					"pivot": [0, 2, 0]
				},
				{
					"name": "ground",
					"parent": "positioning",
					"pivot": [0, 1, 0]
				},
				{
					"name": "fixed",
					"parent": "positioning",
					"pivot": [0, 2.5, 0],
					"rotation": [0, 90, 0]
				},
				{
					"name": "view",
					"pivot": [0, 0, 0]
				},
				{
					"name": "iron_view",
					"parent": "view",
					"pivot": [0, 3.1, 7]
				},
				{
					"name": "refit_view",
					"parent": "view",
					"pivot": [6, 2.5, 0],
					"rotation": [0, 90, 0]
				},
				{
					"name": "camera",
					"pivot": [1.25, 4, 8],
					"rotation": [0, 0, -5]
				},
				{
					"name": "idle_view",
					"parent": "camera",
					"pivot": [1.25, 4, 8]
				}
			]
		}
	]
}