{
  "model": "ab_wt:melee/carian_knight_sword_geo",
  "animation": "ab_wt:melee/carian_knight_sword",
  "state_machine": "ab_wt:carian_knight_sword_state_machine",
  "texture": "ab_wt:melee/carian_knight_sword_uv",
  "slot_texture": "ab_wt:melee/slot/carian_knight_sword",
  "transforms": {
    "thirdperson_righthand": {
      "rotation": [90,0,90],
      "translation": [-4,7.75,1],
      "scale": [0.6,0.6,0.6]
    },
    "thirdperson_lefthand": {
      "rotation": [90,0,90],
      "translation": [-4,7.75,1],
      "scale": [0.6,0.6,0.6]
    },
    "ground": {
      "rotation": [
        90,
        0,
        90
      ],
      "translation": [
        0,
        15.5,
        1
      ],
      "scale": [
        0.6,
        0.6,
        0.6
      ]
    },
    "gui": {
      "rotation": [0, 0, -45],
      "translation": [4.5, 4, 0]
    },
    "head": {
      "translation": [0, 4.75, 0]
    },
    "fixed": {
      "translation": [0, 11, 0],
      "rotation": [90, 0, 0],
      "scale": [2, 2, 2]
    }
  }
}