{
  "model": "ab_wt:melee/rapier_geo",
  "animation": "ab_wt:melee/rapier",
  "state_machine": "ab_wt:default_melee_state_machine",
  "texture": "ab_wt:melee/rapier_uv",
  "slot_texture": "ab_wt:melee/slot/rapier",
  "transforms": {
    "thirdperson_righthand": {
      "translation": [0, 2.5, 1]
    },
    "thirdperson_lefthand": {
      "translation": [0, 2.5, 1]
    },
    "ground": {
      "rotation": [45, 0, 0],
      "translation": [0, 6, 0]
    },
    "gui": {
      "rotation": [0, 0, -45],
      "translation": [4.5, 4, 0]
    },
    "head": {
      "translation": [0, 4.75, 0]
    },
    "fixed": {
      "translation": [0, 11, 0],
      "scale": [2, 2, 2]
    }
  }
}