{
  "model": "whiterat:gun/winered_geo",
  "texture": "whiterat:gun/uv/winered",
  "lod": {
    "model": "whiterat:gun/lod/winered",
    "texture": "whiterat:gun/lod/winered"
  },
  "hud": "whiterat:gun/hud/winered",
  "slot": "whiterat:gun/slot/winered",
  "animation": "whiterat:winered",
  "use_default_animation": "rifle",
  "third_person_animation": "default",
  "transform": {
    "scale": {
      "thirdperson": [0.6, 0.6, 0.6],
      "ground": [0.6, 0.6, 0.6],
      "fixed": [1.2, 1.2, 1.2]
    }
  },
  "muzzle_flash": {
    "texture": "whiterat:flash/winered_flash",
    "scale": 1.5
  },
  "sounds": {
    "shoot": "whiterat:winered/winered_shoot",
    "shoot_3p": "whiterat:winered/winered_shoot"
  },
  "offhand_show": {
    "pos": [4, 13, -1],
    "rotate": [-90, -35, 90],
    "scale": [0.5, 0.5, 0.5]
  },
  "hotbar_show": {
    "0": {
      "pos": [0, 20, 3],
      "rotate": [-180, 0, 120],
      "scale": [0.5, 0.5, 0.5]
    }
  }
}