{
	"format_version": "1.12.0",
	"minecraft:geometry": [
		{
			"description": {
				"identifier": "geometry.yamato",
				"texture_width": 256,
				"texture_height": 256,
				"visible_bounds_width": 18,
				"visible_bounds_height": 5,
				"visible_bounds_offset": [0, -0.5, 0]
			},
			"bones": [
				{
					"name": "root",
					"pivot": [0, 9.6875, 4.3375]
				},
				{
					"name": "bone5",
					"parent": "root",
					"pivot": [0, 9.6875, 4.3375]
				},
				{
					"name": "fn_lefthand",
					"parent": "bone5",
					"pivot": [-6, 19, 0]
				},
				{
					"name": "lefthand",
					"parent": "fn_lefthand",
					"pivot": [-6, 19, 0]
				},
				{
					"name": "lefthand_pos",
					"parent": "lefthand",
					"pivot": [0, 8, 0],
					"cubes": [
						{
							"origin": [-7, 8, -2],
							"size": [3, 12, 4],
							"uv": {
								"north": {"uv": [12.228, 0], "uv_size": [3.614, 12]},
								"east": {"uv": [5, 12], "uv_size": [3.614, 12]},
								"south": {"uv": [8.614, 12], "uv_size": [3.614, 12]},
								"west": {"uv": [12.228, 12], "uv_size": [3.614, 12]},
								"up": {"uv": [15.842, 8], "uv_size": [3.614, 4]},
								"down": {"uv": [15.842, 16], "uv_size": [3.614, -4]}
							}
						}
					]
				},
				{
					"name": "1p_effect_1",
					"parent": "fn_lefthand",
					"pivot": [-0.40728, 17.53102, 0.04854]
				},
				{
					"name": "sheath_pos",
					"parent": "1p_effect_1",
					"pivot": [-0.40728, 17.53102, 0.04854],
					"cubes": [
						{
							"origin": [-0.79449, -1.80522, 1.58157],
							"size": [0.77473, 11.77351, 1.69513],
							"inflate": -0.01,
							"uv": {
								"north": {"uv": [12, 0], "uv_size": [3, 51]},
								"east": {"uv": [12, 0], "uv_size": [-6, 51]},
								"south": {"uv": [9, 51], "uv_size": [3, 51]},
								"west": {"uv": [6, 0], "uv_size": [6, 51]},
								"up": {"uv": [28, 0], "uv_size": [3, 6]},
								"down": {"uv": [28, 12], "uv_size": [3, -6]}
							}
						},
						{
							"origin": [-0.84051, 0.03558, 1.46652],
							"size": [0.88978, 6.25111, 1.92523],
							"inflate": -0.01,
							"uv": {
								"north": {"uv": [48, 21], "uv_size": [4, 27]},
								"east": {"uv": [100, 0], "uv_size": [-8, 27]},
								"south": {"uv": [12, 51], "uv_size": [4, 27]},
								"west": {"uv": [92, 0], "uv_size": [8, 27]},
								"up": {"uv": [34, 28], "uv_size": [4, 8]},
								"down": {"uv": [35, 8], "uv_size": [4, -8]}
							}
						},
						{
							"origin": [0.30999, 1.64628, 2.15682],
							"size": [0.19948, 3.02971, 0.54463],
							"inflate": -0.01,
							"uv": {
								"north": {"uv": [15, 6], "uv_size": [1, 13]},
								"east": {"uv": [38, 8], "uv_size": [2, 13]},
								"south": {"uv": [15, 19], "uv_size": [1, 13]},
								"west": {"uv": [38, 21], "uv_size": [2, 13]},
								"up": {"uv": [31, 9], "uv_size": [1, 2]},
								"down": {"uv": [15, 34], "uv_size": [1, -2]}
							}
						},
						{
							"origin": [-0.09959, 4.43049, 2.15682],
							"size": [0.42958, 0.2455, 0.54463],
							"inflate": -0.01,
							"uv": {
								"north": {"uv": [32, 36], "uv_size": [2, 1]},
								"east": {"uv": [34, 36], "uv_size": [2, 1]},
								"south": {"uv": [36, 36], "uv_size": [2, 1]},
								"west": {"uv": [32, 37], "uv_size": [2, 1]},
								"up": {"uv": [36, 12], "uv_size": [2, 2]},
								"down": {"uv": [36, 16], "uv_size": [2, -2]}
							}
						},
						{
							"origin": [-0.09959, 1.64628, 2.15682],
							"size": [0.42958, 0.2455, 0.54463],
							"inflate": -0.01,
							"uv": {
								"north": {"uv": [36, 16], "uv_size": [2, 1]},
								"east": {"uv": [36, 17], "uv_size": [2, 1]},
								"south": {"uv": [36, 26], "uv_size": [2, 1]},
								"west": {"uv": [36, 27], "uv_size": [2, 1]},
								"up": {"uv": [36, 8], "uv_size": [2, 2]},
								"down": {"uv": [36, 12], "uv_size": [2, -2]}
							}
						},
						{
							"origin": [-0.8175, 8.75801, 5.76457],
							"size": [0.82075, 0.2455, 0.79774],
							"inflate": -0.01,
							"pivot": [0, 0, 0],
							"rotation": [20, 0, 0],
							"uv": {
								"north": {"uv": [69, 74], "uv_size": [3, 1]},
								"east": {"uv": [75, 6], "uv_size": [3, 1]},
								"south": {"uv": [74, 74], "uv_size": [3, 1]},
								"west": {"uv": [75, 6], "uv_size": [3, 1]},
								"up": {"uv": [71, 56], "uv_size": [3, 3]},
								"down": {"uv": [71, 62], "uv_size": [3, -3]}
							}
						},
						{
							"origin": [-0.8175, 10.41963, -1.99703],
							"size": [0.82075, 0.2455, 0.79774],
							"inflate": -0.01,
							"pivot": [0, 0, 0],
							"rotation": [-20, 0, 0],
							"uv": {
								"north": {"uv": [75, 7], "uv_size": [3, 1]},
								"east": {"uv": [75, 14], "uv_size": [3, 1]},
								"south": {"uv": [75, 13], "uv_size": [3, 1]},
								"west": {"uv": [75, 14], "uv_size": [3, 1]},
								"up": {"uv": [71, 62], "uv_size": [3, 3]},
								"down": {"uv": [69, 74], "uv_size": [3, -3]}
							}
						},
						{
							"origin": [-0.8021, -10.68616, -3.28245],
							"size": [0.78995, 0.92801, 0.1917],
							"inflate": 0.01,
							"pivot": [0, 0, 0],
							"rotation": [180, 0, 0],
							"uv": {
								"north": {"uv": [69, 30], "uv_size": [3, 4]},
								"east": {"uv": [66, 73], "uv_size": [1, 4]},
								"south": {"uv": [48, 69], "uv_size": [3, 4]},
								"west": {"uv": [66, 73], "uv_size": [1, 4]},
								"up": {"uv": [75, 15], "uv_size": [3, 1]},
								"down": {"uv": [75, 17], "uv_size": [3, -1]}
							}
						},
						{
							"origin": [-0.79671, -10.67616, -1.75751],
							"size": [0.77456, 0.91262, 0.1763],
							"inflate": 0.02,
							"pivot": [0, 0, 0],
							"rotation": [180, 0, 0],
							"uv": {
								"north": {"uv": [51, 69], "uv_size": [3, 4]},
								"east": {"uv": [68, 73], "uv_size": [1, 4]},
								"south": {"uv": [69, 67], "uv_size": [3, 4]},
								"west": {"uv": [68, 73], "uv_size": [1, 4]},
								"up": {"uv": [17, 75], "uv_size": [3, 1]},
								"down": {"uv": [75, 18], "uv_size": [3, -1]}
							}
						},
						{
							"origin": [-0.8098, -10.46376, -3.15208],
							"size": [0.80535, 0.71331, 1.47264],
							"pivot": [0, 0, 0],
							"rotation": [180, 0, 0],
							"uv": {
								"north": {"uv": [40, 58], "uv_size": [3, 3]},
								"east": {"uv": [34, 58], "uv_size": [-6, 3]},
								"south": {"uv": [43, 58], "uv_size": [3, 3]},
								"west": {"uv": [28, 58], "uv_size": [6, 3]},
								"up": {"uv": [55, 12], "uv_size": [3, 6]},
								"down": {"uv": [37, 63], "uv_size": [3, -6]}
							}
						},
						{
							"origin": [-0.78176, 1.77451, -3.2672],
							"size": [0.74407, 7.30192, 0.26086],
							"inflate": 0.01,
							"pivot": [0, 0, 0],
							"rotation": [179.5, 0, 0],
							"uv": {
								"north": {"uv": [59, 0], "uv_size": [3, 32]},
								"east": {"uv": [20, 77], "uv_size": [1, 32]},
								"south": {"uv": [78, 86], "uv_size": [3, 32]},
								"west": {"uv": [20, 77], "uv_size": [1, 32]},
								"up": {"uv": [59, 32], "uv_size": [3, 1]},
								"down": {"uv": [59, 34], "uv_size": [3, -1]}
							}
						},
						{
							"origin": [-0.78176, 1.8169, -1.85174],
							"size": [0.74407, 7.30192, 0.26086],
							"inflate": 0.01,
							"pivot": [0, 0, 0],
							"rotation": [-179.5, 0, 0],
							"uv": {
								"north": {"uv": [81, 86], "uv_size": [3, 32]},
								"east": {"uv": [68, 77], "uv_size": [1, 32]},
								"south": {"uv": [88, 74], "uv_size": [3, 32]},
								"west": {"uv": [68, 77], "uv_size": [1, 32]},
								"up": {"uv": [59, 34], "uv_size": [3, 1]},
								"down": {"uv": [59, 36], "uv_size": [3, -1]}
							}
						},
						{
							"origin": [-0.79449, -9.1224, 1.71963],
							"size": [0.77473, 7.35559, 1.41901],
							"inflate": -0.01,
							"uv": {
								"north": {"uv": [91, 42], "uv_size": [3, 32]},
								"east": {"uv": [91, 42], "uv_size": [-6, 32]},
								"south": {"uv": [91, 74], "uv_size": [3, 32]},
								"west": {"uv": [85, 42], "uv_size": [6, 32]},
								"up": {"uv": [46, 61], "uv_size": [3, 6]},
								"down": {"uv": [49, 67], "uv_size": [3, -6]}
							}
						},
						{
							"origin": [-0.79449, -18.73617, 1.64866],
							"size": [0.77473, 9.63358, 1.55707],
							"inflate": -0.01,
							"uv": {
								"north": {"uv": [52, 21], "uv_size": [3, 42]},
								"east": {"uv": [84, 35], "uv_size": [-6, 42]},
								"south": {"uv": [65, 77], "uv_size": [3, 42]},
								"west": {"uv": [78, 35], "uv_size": [6, 42]},
								"up": {"uv": [34, 37], "uv_size": [3, 6]},
								"down": {"uv": [37, 43], "uv_size": [3, -6]}
							}
						},
						{
							"origin": [-0.8098, -20.19346, 2.38321],
							"size": [0.80535, 2.02488, 0.34515],
							"pivot": [0, 0, 0],
							"rotation": [-2.5, 0, 0],
							"uv": {
								"north": {"uv": [28, 30], "uv_size": [4, 9]},
								"east": {"uv": [34, 9], "uv_size": [2, 9]},
								"south": {"uv": [31, 0], "uv_size": [4, 9]},
								"west": {"uv": [34, 9], "uv_size": [2, 9]},
								"up": {"uv": [34, 22], "uv_size": [4, 2]},
								"down": {"uv": [34, 26], "uv_size": [4, -2]}
							}
						},
						{
							"origin": [-0.8098, -20.4052, 2.12141],
							"size": [0.80535, 2.02488, 0.34515],
							"pivot": [0, 0, 0],
							"rotation": [2.5, 0, 0],
							"uv": {
								"north": {"uv": [28, 12], "uv_size": [4, 9]},
								"east": {"uv": [32, 18], "uv_size": [2, 9]},
								"south": {"uv": [28, 21], "uv_size": [4, 9]},
								"west": {"uv": [32, 18], "uv_size": [2, 9]},
								"up": {"uv": [34, 18], "uv_size": [4, 2]},
								"down": {"uv": [34, 22], "uv_size": [4, -2]}
							}
						},
						{
							"origin": [-0.8175, -20.30085, 1.83274],
							"size": [0.82075, 2.04028, 1.18891],
							"inflate": -0.01,
							"uv": {
								"north": {"uv": [61, 66], "uv_size": [2, 9]},
								"east": {"uv": [27, 61], "uv_size": [-5, 9]},
								"south": {"uv": [67, 12], "uv_size": [2, 9]},
								"west": {"uv": [22, 61], "uv_size": [5, 9]},
								"up": {"uv": [41, 71], "uv_size": [2, 5]},
								"down": {"uv": [43, 76], "uv_size": [2, -5]}
							}
						}
					]
				},
				{
					"name": "knife_and_right",
					"parent": "bone5",
					"pivot": [6, 19, 0]
				},
				{
					"name": "righthand",
					"parent": "knife_and_right",
					"pivot": [6, 19, 0]
				},
				{
					"name": "righthand_1",
					"parent": "righthand",
					"pivot": [6, 19, 0]
				},
				{
					"name": "righthand_pos",
					"parent": "righthand_1",
					"pivot": [0, 8, 0],
					"cubes": [
						{
							"origin": [4, 8, -2],
							"size": [3, 12, 4],
							"uv": {
								"north": {"uv": [0, 0], "uv_size": [4, 12]},
								"east": {"uv": [4, 0], "uv_size": [4, 12]},
								"south": {"uv": [8, 0], "uv_size": [4, 12]},
								"west": {"uv": [0, 12], "uv_size": [4, 12]},
								"up": {"uv": [16, 0], "uv_size": [4, 4]},
								"down": {"uv": [16, 8], "uv_size": [4, -4]}
							}
						}
					]
				},
				{
					"name": "blade",
					"parent": "knife_and_right",
					"pivot": [0, 14.90662, -2.06651],
					"cubes": [
						{
							"origin": [-0.15001, 3.20983, 2.59759],
							"size": [0.29772, 12.14788, 0.2287],
							"inflate": 0.001,
							"pivot": [0.40598, 0, 0],
							"rotation": [-179.5, 0, 0],
							"uv": {
								"north": {"uv": [59, 36], "uv_size": [1, 53]},
								"east": {"uv": [3, 60], "uv_size": [-1, 53]},
								"south": {"uv": [1, 60], "uv_size": [1, 53]},
								"west": {"uv": [2, 60], "uv_size": [1, 53]},
								"up": {"uv": [68, 67], "uv_size": [1, 1]},
								"down": {"uv": [21, 76], "uv_size": [1, -1]}
							}
						},
						{
							"origin": [-0.15001, 3.24775, 1.51928],
							"size": [0.29772, 12.14788, 0.2287],
							"inflate": 0.001,
							"pivot": [0.40598, 0, 0],
							"rotation": [179.5, 0, 0],
							"uv": {
								"north": {"uv": [3, 60], "uv_size": [1, 53]},
								"east": {"uv": [7, 60], "uv_size": [-1, 53]},
								"south": {"uv": [5, 60], "uv_size": [1, 53]},
								"west": {"uv": [6, 60], "uv_size": [1, 53]},
								"up": {"uv": [22, 75], "uv_size": [1, 1]},
								"down": {"uv": [23, 76], "uv_size": [1, -1]}
							}
						},
						{
							"origin": [-0.15841, -15.38112, -2.60625],
							"size": [0.31452, 12.16468, 0.86677],
							"inflate": -0.01,
							"uv": {
								"north": {"uv": [7, 60], "uv_size": [1, 53]},
								"east": {"uv": [48, 0], "uv_size": [-4, 53]},
								"south": {"uv": [8, 60], "uv_size": [1, 53]},
								"west": {"uv": [44, 0], "uv_size": [4, 53]},
								"up": {"uv": [62, 32], "uv_size": [1, 4]},
								"down": {"uv": [63, 36], "uv_size": [1, -4]}
							}
						},
						{
							"origin": [-0.15001, -15.64746, -5.32243],
							"size": [0.29772, 0.96502, 0.2287],
							"inflate": 0.001,
							"pivot": [0.40598, 0, 0],
							"rotation": [10, 0, 0],
							"uv": {
								"north": {"uv": [33, 73], "uv_size": [1, 4]},
								"east": {"uv": [73, 36], "uv_size": [1, 4]},
								"south": {"uv": [48, 73], "uv_size": [1, 4]},
								"west": {"uv": [49, 73], "uv_size": [1, 4]},
								"up": {"uv": [24, 75], "uv_size": [1, 1]},
								"down": {"uv": [25, 76], "uv_size": [1, -1]}
							}
						},
						{
							"origin": [-0.15001, -13.67767, -10.48309],
							"size": [0.29772, 0.20799, 0.19418],
							"inflate": 0.001,
							"pivot": [0.40598, 0, 0],
							"rotation": [30, 0, 0],
							"uv": {
								"north": {"uv": [26, 75], "uv_size": [1, 1]},
								"east": {"uv": [28, 75], "uv_size": [1, 1]},
								"south": {"uv": [29, 75], "uv_size": [1, 1]},
								"west": {"uv": [30, 75], "uv_size": [1, 1]},
								"up": {"uv": [75, 30], "uv_size": [1, 1]},
								"down": {"uv": [75, 32], "uv_size": [1, -1]}
							}
						},
						{
							"origin": [-0.15001, -16.40208, 0.81402],
							"size": [0.29772, 0.96501, 0.2287],
							"inflate": 0.001,
							"pivot": [0.40598, 0, 0],
							"rotation": [-10, 0, 0],
							"uv": {
								"north": {"uv": [50, 73], "uv_size": [1, 4]},
								"east": {"uv": [51, 73], "uv_size": [1, 4]},
								"south": {"uv": [52, 73], "uv_size": [1, 4]},
								"west": {"uv": [53, 73], "uv_size": [1, 4]},
								"up": {"uv": [75, 32], "uv_size": [1, 1]},
								"down": {"uv": [75, 34], "uv_size": [1, -1]}
							}
						},
						{
							"origin": [-0.15001, -16.72438, 2.94612],
							"size": [0.29772, 0.59686, 0.2287],
							"inflate": 0.001,
							"pivot": [0.40598, 0, 0],
							"rotation": [-17.5, 0, 0],
							"uv": {
								"north": {"uv": [67, 47], "uv_size": [1, 3]},
								"east": {"uv": [69, 34], "uv_size": [1, 3]},
								"south": {"uv": [74, 30], "uv_size": [1, 3]},
								"west": {"uv": [74, 33], "uv_size": [1, 3]},
								"up": {"uv": [75, 34], "uv_size": [1, 1]},
								"down": {"uv": [75, 36], "uv_size": [1, -1]}
							}
						},
						{
							"origin": [-0.15001, -15.41759, -7.31942],
							"size": [0.29772, 0.59686, 0.2287],
							"inflate": 0.001,
							"pivot": [0.40598, 0, 0],
							"rotation": [17.5, 0, 0],
							"uv": {
								"north": {"uv": [35, 74], "uv_size": [1, 3]},
								"east": {"uv": [36, 74], "uv_size": [1, 3]},
								"south": {"uv": [74, 36], "uv_size": [1, 3]},
								"west": {"uv": [37, 74], "uv_size": [1, 3]},
								"up": {"uv": [75, 36], "uv_size": [1, 1]},
								"down": {"uv": [75, 38], "uv_size": [1, -1]}
							}
						},
						{
							"origin": [-0.15841, -16.34754, -2.4912],
							"size": [0.31452, 1.00483, 0.63667],
							"inflate": -0.01,
							"uv": {
								"north": {"uv": [71, 22], "uv_size": [1, 4]},
								"east": {"uv": [69, 22], "uv_size": [2, 4]},
								"south": {"uv": [71, 26], "uv_size": [1, 4]},
								"west": {"uv": [69, 26], "uv_size": [2, 4]},
								"up": {"uv": [63, 73], "uv_size": [1, 2]},
								"down": {"uv": [64, 75], "uv_size": [1, -2]}
							}
						},
						{
							"origin": [-0.15841, -16.76172, -2.39916],
							"size": [0.31452, 0.45259, 0.45259],
							"inflate": -0.01,
							"uv": {
								"north": {"uv": [63, 66], "uv_size": [1, 2]},
								"east": {"uv": [65, 30], "uv_size": [2, 2]},
								"south": {"uv": [46, 74], "uv_size": [1, 2]},
								"west": {"uv": [73, 44], "uv_size": [2, 2]},
								"up": {"uv": [47, 74], "uv_size": [1, 2]},
								"down": {"uv": [20, 77], "uv_size": [1, -2]}
							}
						},
						{
							"origin": [-0.14302, -16.99943, -2.26871],
							"size": [0.28374, 0.30674, 0.19169],
							"inflate": 0.01,
							"uv": {
								"north": {"uv": [15, 4], "uv_size": [1, 1]},
								"east": {"uv": [34, 26], "uv_size": [2, 1]},
								"south": {"uv": [15, 5], "uv_size": [1, 1]},
								"west": {"uv": [34, 27], "uv_size": [2, 1]},
								"up": {"uv": [15, 0], "uv_size": [1, 2]},
								"down": {"uv": [15, 4], "uv_size": [1, -2]}
							}
						},
						{
							"origin": [-0.13532, -17.08378, -2.215],
							"size": [0.26834, 0.06125, 0.08426],
							"inflate": 0.02,
							"uv": {
								"north": {"uv": [15, 4], "uv_size": [1, 1]},
								"east": {"uv": [34, 26], "uv_size": [2, 1]},
								"south": {"uv": [15, 5], "uv_size": [1, 1]},
								"west": {"uv": [34, 27], "uv_size": [2, 1]},
								"up": {"uv": [15, 0], "uv_size": [1, 2]},
								"down": {"uv": [15, 4], "uv_size": [1, -2]}
							}
						},
						{
							"origin": [-0.13532, -17.1298, -2.19199],
							"size": [0.26834, 0.01523, 0.03824],
							"inflate": 0.02,
							"uv": {
								"north": {"uv": [15, 4], "uv_size": [1, 1]},
								"east": {"uv": [34, 26], "uv_size": [2, 1]},
								"south": {"uv": [15, 5], "uv_size": [1, 1]},
								"west": {"uv": [34, 27], "uv_size": [2, 1]},
								"up": {"uv": [15, 0], "uv_size": [1, 2]},
								"down": {"uv": [15, 4], "uv_size": [1, -2]}
							}
						},
						{
							"origin": [-0.15001, -13.76971, -10.48309],
							"size": [0.29772, 0.09294, 0.07913],
							"inflate": 0.001,
							"pivot": [0.40598, 0, 0],
							"rotation": [30, 0, 0],
							"uv": {
								"north": {"uv": [75, 38], "uv_size": [1, 1]},
								"east": {"uv": [75, 40], "uv_size": [1, 1]},
								"south": {"uv": [75, 41], "uv_size": [1, 1]},
								"west": {"uv": [75, 42], "uv_size": [1, 1]},
								"up": {"uv": [75, 43], "uv_size": [1, 1]},
								"down": {"uv": [75, 45], "uv_size": [1, -1]}
							}
						},
						{
							"origin": [-0.15055, -15.85108, 6.52485],
							"size": [0.29926, 0.20953, 0.19573],
							"pivot": [0.40598, 0, 0],
							"rotation": [-30, 0, 0],
							"uv": {
								"north": {"uv": [75, 45], "uv_size": [1, 1]},
								"east": {"uv": [61, 75], "uv_size": [1, 1]},
								"south": {"uv": [62, 75], "uv_size": [1, 1]},
								"west": {"uv": [75, 67], "uv_size": [1, 1]},
								"up": {"uv": [75, 68], "uv_size": [1, 1]},
								"down": {"uv": [69, 76], "uv_size": [1, -1]}
							}
						},
						{
							"origin": [-0.14286, -15.93542, 6.67061],
							"size": [0.28387, 0.07908, 0.04227],
							"inflate": 0.01,
							"pivot": [0.40598, 0, 0],
							"rotation": [-30, 0, 0],
							"uv": {
								"north": {"uv": [75, 69], "uv_size": [1, 1]},
								"east": {"uv": [70, 75], "uv_size": [1, 1]},
								"south": {"uv": [75, 70], "uv_size": [1, 1]},
								"west": {"uv": [71, 75], "uv_size": [1, 1]},
								"up": {"uv": [75, 71], "uv_size": [1, 1]},
								"down": {"uv": [72, 76], "uv_size": [1, -1]}
							}
						},
						{
							"origin": [-0.38621, 11.26119, -1.72401],
							"size": [0.77472, 0.2455, 0.54463],
							"inflate": -0.01,
							"uv": {
								"north": {"uv": [73, 46], "uv_size": [3, 1]},
								"east": {"uv": [74, 39], "uv_size": [3, 1]},
								"south": {"uv": [74, 47], "uv_size": [3, 1]},
								"west": {"uv": [74, 48], "uv_size": [3, 1]},
								"up": {"uv": [70, 44], "uv_size": [3, 3]},
								"down": {"uv": [71, 50], "uv_size": [3, -3]}
							}
						},
						{
							"origin": [-0.38621, 10.68787, 0.61383],
							"size": [0.77012, 0.33754, 1.25794],
							"inflate": -0.01,
							"pivot": [0.40598, 0, 0],
							"rotation": [15, 0, 0],
							"uv": {
								"north": {"uv": [64, 48], "uv_size": [3, 1]},
								"east": {"uv": [71, 65], "uv_size": [5, 1]},
								"south": {"uv": [64, 49], "uv_size": [3, 1]},
								"west": {"uv": [71, 66], "uv_size": [5, 1]},
								"up": {"uv": [17, 76], "uv_size": [3, 5]},
								"down": {"uv": [76, 23], "uv_size": [3, -5]}
							}
						},
						{
							"origin": [-0.38082, 10.81196, -3.38089],
							"size": [0.75933, 0.4602, 2.41605],
							"uv": {
								"north": {"uv": [61, 56], "uv_size": [3, 2]},
								"east": {"uv": [62, 8], "uv_size": [10, 2]},
								"south": {"uv": [62, 30], "uv_size": [3, 2]},
								"west": {"uv": [62, 10], "uv_size": [10, 2]},
								"up": {"uv": [61, 36], "uv_size": [3, 10]},
								"down": {"uv": [61, 56], "uv_size": [3, -10]}
							}
						},
						{
							"origin": [-0.39391, -7.30607, 8.63517],
							"size": [0.79012, 0.26089, 0.35293],
							"inflate": -0.02,
							"pivot": [0.40598, 0, 0],
							"rotation": [135, 0, 0],
							"uv": {
								"north": {"uv": [74, 53], "uv_size": [3, 1]},
								"east": {"uv": [75, 72], "uv_size": [1, 1]},
								"south": {"uv": [74, 54], "uv_size": [3, 1]},
								"west": {"uv": [73, 75], "uv_size": [1, 1]},
								"up": {"uv": [74, 55], "uv_size": [3, 1]},
								"down": {"uv": [74, 57], "uv_size": [3, -1]}
							}
						},
						{
							"origin": [-0.38621, 11.26119, -3.16406],
							"size": [0.77472, 0.2455, 0.54463],
							"inflate": -0.01,
							"uv": {
								"north": {"uv": [28, 41], "uv_size": [3, 1]},
								"east": {"uv": [32, 38], "uv_size": [2, 1]},
								"south": {"uv": [31, 41], "uv_size": [3, 1]},
								"west": {"uv": [38, 34], "uv_size": [2, 1]},
								"up": {"uv": [28, 39], "uv_size": [3, 2]},
								"down": {"uv": [31, 41], "uv_size": [3, -2]}
							}
						},
						{
							"origin": [-0.39391, -10.37734, -5.91683],
							"size": [0.79012, 0.26089, 0.35294],
							"inflate": -0.02,
							"pivot": [0.40598, 0, 0],
							"rotation": [-135, 0, 0],
							"uv": {
								"north": {"uv": [74, 61], "uv_size": [3, 1]},
								"east": {"uv": [74, 75], "uv_size": [1, 1]},
								"south": {"uv": [74, 62], "uv_size": [3, 1]},
								"west": {"uv": [75, 75], "uv_size": [1, 1]},
								"up": {"uv": [74, 63], "uv_size": [3, 1]},
								"down": {"uv": [74, 65], "uv_size": [3, -1]}
							}
						},
						{
							"origin": [-0.33249, 11.27292, -2.85077],
							"size": [0.66729, 4.8321, 1.35759],
							"uv": {
								"north": {"uv": [28, 76], "uv_size": [3, 21]},
								"east": {"uv": [44, 76], "uv_size": [-6, 21]},
								"south": {"uv": [69, 76], "uv_size": [3, 21]},
								"west": {"uv": [38, 76], "uv_size": [6, 21]},
								"up": {"uv": [76, 23], "uv_size": [3, 6]},
								"down": {"uv": [76, 35], "uv_size": [3, -6]}
							}
						},
						{
							"origin": [-0.3271, -17.30724, -0.61172],
							"size": [0.6519, 1.1351, 0.2147],
							"inflate": 0.01,
							"pivot": [0.40598, 0, 0],
							"rotation": [-172.5, 0, 0],
							"uv": {
								"north": {"uv": [34, 47], "uv_size": [3, 5]},
								"east": {"uv": [51, 15], "uv_size": [-1, 5]},
								"south": {"uv": [37, 47], "uv_size": [3, 5]},
								"west": {"uv": [50, 15], "uv_size": [1, 5]},
								"up": {"uv": [48, 20], "uv_size": [3, 1]},
								"down": {"uv": [51, 11], "uv_size": [3, -1]}
							}
						},
						{
							"origin": [-0.3271, -18.36471, 1.65194],
							"size": [0.6519, 1.13511, 0.21471],
							"inflate": 0.01,
							"pivot": [0.40598, 0, 0],
							"rotation": [180, 0, 0],
							"uv": {
								"north": {"uv": [48, 0], "uv_size": [3, 5]},
								"east": {"uv": [52, 5], "uv_size": [-1, 5]},
								"south": {"uv": [48, 5], "uv_size": [3, 5]},
								"west": {"uv": [51, 5], "uv_size": [1, 5]},
								"up": {"uv": [51, 11], "uv_size": [3, 1]},
								"down": {"uv": [51, 13], "uv_size": [3, -1]}
							}
						},
						{
							"origin": [-0.3271, -19.98522, 3.24563],
							"size": [0.6519, 1.84842, 0.2147],
							"inflate": 0.01,
							"pivot": [0.40598, 0, 0],
							"rotation": [175, 0, 0],
							"uv": {
								"north": {"uv": [28, 47], "uv_size": [3, 8]},
								"east": {"uv": [50, 10], "uv_size": [-1, 8]},
								"south": {"uv": [31, 47], "uv_size": [3, 8]},
								"west": {"uv": [49, 10], "uv_size": [1, 8]},
								"up": {"uv": [51, 13], "uv_size": [3, 1]},
								"down": {"uv": [51, 15], "uv_size": [3, -1]}
							}
						},
						{
							"origin": [-0.3271, -16.737, 4.72839],
							"size": [0.6519, 1.1351, 0.19169],
							"inflate": 0.01,
							"pivot": [0.40598, 0, 0],
							"rotation": [172.5, 0, 0],
							"uv": {
								"north": {"uv": [40, 53], "uv_size": [3, 5]},
								"east": {"uv": [56, 5], "uv_size": [-1, 5]},
								"south": {"uv": [43, 53], "uv_size": [3, 5]},
								"west": {"uv": [55, 5], "uv_size": [1, 5]},
								"up": {"uv": [55, 10], "uv_size": [3, 1]},
								"down": {"uv": [55, 12], "uv_size": [3, -1]}
							}
						},
						{
							"origin": [-0.3271, -18.36471, 2.5021],
							"size": [0.6519, 1.13511, 0.1917],
							"inflate": 0.01,
							"pivot": [0.40598, 0, 0],
							"rotation": [180, 0, 0],
							"uv": {
								"north": {"uv": [51, 15], "uv_size": [3, 5]},
								"east": {"uv": [55, 13], "uv_size": [-1, 5]},
								"south": {"uv": [37, 52], "uv_size": [3, 5]},
								"west": {"uv": [54, 13], "uv_size": [1, 5]},
								"up": {"uv": [54, 19], "uv_size": [3, 1]},
								"down": {"uv": [54, 21], "uv_size": [3, -1]}
							}
						},
						{
							"origin": [-0.3271, -20.36397, 0.89187],
							"size": [0.6519, 1.84841, 0.1917],
							"inflate": 0.01,
							"pivot": [0.40598, 0, 0],
							"rotation": [-175, 0, 0],
							"uv": {
								"north": {"uv": [52, 0], "uv_size": [3, 8]},
								"east": {"uv": [48, 53], "uv_size": [-1, 8]},
								"south": {"uv": [34, 52], "uv_size": [3, 8]},
								"west": {"uv": [47, 53], "uv_size": [1, 8]},
								"up": {"uv": [51, 20], "uv_size": [3, 1]},
								"down": {"uv": [54, 19], "uv_size": [3, -1]}
							}
						},
						{
							"origin": [-0.3348, 16.08125, -2.64457],
							"size": [0.66729, 4.1418, 0.94341],
							"uv": {
								"north": {"uv": [72, 76], "uv_size": [3, 18]},
								"east": {"uv": [65, 76], "uv_size": [-4, 18]},
								"south": {"uv": [75, 76], "uv_size": [3, 18]},
								"west": {"uv": [61, 76], "uv_size": [4, 18]},
								"up": {"uv": [72, 40], "uv_size": [3, 4]},
								"down": {"uv": [74, 53], "uv_size": [3, -4]}
							}
						},
						{
							"origin": [-0.15841, -3.25485, -2.81334],
							"size": [0.31452, 14.07451, 1.28095],
							"inflate": -0.01,
							"uv": {
								"north": {"uv": [55, 21], "uv_size": [1, 61]},
								"east": {"uv": [28, 0], "uv_size": [-6, 61]},
								"south": {"uv": [56, 21], "uv_size": [1, 61]},
								"west": {"uv": [22, 0], "uv_size": [6, 61]},
								"up": {"uv": [39, 65], "uv_size": [1, 6]},
								"down": {"uv": [73, 36], "uv_size": [1, -6]}
							}
						},
						{
							"origin": [-0.38621, 9.56654, -6.05662],
							"size": [0.77012, 0.33754, 1.25794],
							"inflate": -0.01,
							"pivot": [0.40598, 0, 0],
							"rotation": [-15, 0, 0],
							"uv": {
								"north": {"uv": [64, 46], "uv_size": [3, 1]},
								"east": {"uv": [69, 6], "uv_size": [5, 1]},
								"south": {"uv": [64, 47], "uv_size": [3, 1]},
								"west": {"uv": [69, 7], "uv_size": [5, 1]},
								"up": {"uv": [64, 36], "uv_size": [3, 5]},
								"down": {"uv": [64, 46], "uv_size": [3, -5]}
							}
						},
						{
							"origin": [-0.38082, 10.53584, -2.32243],
							"size": [0.75933, 0.27612, 0.29913],
							"uv": {
								"north": {"uv": [64, 32], "uv_size": [3, 1]},
								"east": {"uv": [64, 34], "uv_size": [2, 1]},
								"south": {"uv": [64, 33], "uv_size": [3, 1]},
								"west": {"uv": [64, 35], "uv_size": [2, 1]},
								"up": {"uv": [62, 26], "uv_size": [3, 2]},
								"down": {"uv": [62, 30], "uv_size": [3, -2]}
							}
						}
					]
				},
				{
					"name": "constraint",
					"pivot": [-0.01558, 8.125, 1.9375]
				},
				{
					"name": "camera",
					"pivot": [3.4563, 3.4656, -0.7687]
				},
				{
					"name": "view",
					"pivot": [0, 0, 0]
				},
				{
					"name": "refit_view",
					"parent": "view",
					"pivot": [22.475, 5.55, 0.2],
					"rotation": [0, 90, 0]
				},
				{
					"name": "idle_view",
					"parent": "view",
					"pivot": [0, 1.42188, 3.31414]
				},
				{
					"name": "positioning",
					"pivot": [-0.01558, 4.125, 4.9375]
				},
				{
					"name": "ground",
					"parent": "positioning",
					"pivot": [0, 0, 0]
				},
				{
					"name": "thirdperson_hand",
					"parent": "positioning",
					"pivot": [-0.01558, 6.125, -2.0625]
				},
				{
					"name": "fixed",
					"parent": "positioning",
					"pivot": [0.79692, 5.125, -1.0625],
					"rotation": [0, 90, 0]
				}
			]
		}
	]
}