{
	"format_version": "1.12.0",
	"minecraft:geometry": [
		{
			"description": {
				"identifier": "geometry.hands",
				"texture_width": 64,
				"texture_height": 64,
				"visible_bounds_width": 18,
				"visible_bounds_height": 8,
				"visible_bounds_offset": [0, 0, 0]
			},
			"bones": [
				{
					"name": "root",
					"pivot": [0, 9.6875, 4.3375]
				},
				{
					"name": "bone5",
					"parent": "root",
					"pivot": [0, 9.6875, 4.3375]
				},
				{
					"name": "fn_lefthand",
					"parent": "bone5",
					"pivot": [-6, 19, 0]
				},
				{
					"name": "lefthand",
					"parent": "fn_lefthand",
					"pivot": [-6, 19, 0]
				},
				{
					"name": "lefthand_pos",
					"parent": "lefthand",
					"pivot": [0, 8, 0],
					"cubes": [
						{
							"origin": [-7, 8, -2],
							"size": [3, 12, 4],
							"uv": {
								"north": {"uv": [3.057, 0], "uv_size": [0.9035, 3]},
								"east": {"uv": [1.25, 3], "uv_size": [0.9035, 3]},
								"south": {"uv": [2.1535, 3], "uv_size": [0.9035, 3]},
								"west": {"uv": [3.057, 3], "uv_size": [0.9035, 3]},
								"up": {"uv": [3.9605, 2], "uv_size": [0.9035, 1]},
								"down": {"uv": [3.9605, 4], "uv_size": [0.9035, -1]}
							}
						}
					]
				},
				{
					"name": "knife_and_right",
					"parent": "bone5",
					"pivot": [6, 19, 0]
				},
				{
					"name": "righthand",
					"parent": "knife_and_right",
					"pivot": [6, 19, 0]
				},
				{
					"name": "righthand_1",
					"parent": "righthand",
					"pivot": [6, 19, 0]
				},
				{
					"name": "righthand_pos",
					"parent": "righthand_1",
					"pivot": [0, 8, 0],
					"cubes": [
						{
							"origin": [4, 8, -2],
							"size": [3, 12, 4],
							"uv": {
								"north": {"uv": [0, 0], "uv_size": [1, 3]},
								"east": {"uv": [1, 0], "uv_size": [1, 3]},
								"south": {"uv": [2, 0], "uv_size": [1, 3]},
								"west": {"uv": [0, 3], "uv_size": [1, 3]},
								"up": {"uv": [4, 0], "uv_size": [1, 1]},
								"down": {"uv": [4, 2], "uv_size": [1, -1]}
							}
						}
					]
				},
				{
					"name": "constraint",
					"pivot": [-0.01558, 8.125, 1.9375]
				},
				{
					"name": "camera",
					"pivot": [3.4563, 3.4656, -0.7687]
				},
				{
					"name": "view",
					"pivot": [0, 0, 0]
				},
				{
					"name": "refit_view",
					"parent": "view",
					"pivot": [22.475, 5.55, 0.2],
					"rotation": [0, 90, 0]
				},
				{
					"name": "idle_view",
					"parent": "view",
					"pivot": [-0.05672, -0.57812, 5.18444],
					"rotation": [0, -1, 0]
				},
				{
					"name": "positioning",
					"pivot": [-0.01558, 4.125, 4.9375]
				},
				{
					"name": "ground",
					"parent": "positioning",
					"pivot": [0, 0, 0]
				},
				{
					"name": "thirdperson_hand",
					"parent": "positioning",
					"pivot": [-0.01558, 6.125, -2.0625]
				},
				{
					"name": "fixed",
					"parent": "positioning",
					"pivot": [0.79692, 5.125, -1.0625],
					"rotation": [0, 90, 0]
				}
			]
		}
	]
}