{
	"format_version": "1.12.0",
	"minecraft:geometry": [
		{
			"description": {
				"identifier": "geometry.yamato",
				"texture_width": 128,
				"texture_height": 128,
				"visible_bounds_width": 18,
				"visible_bounds_height": 5,
				"visible_bounds_offset": [0, 0.5, 0]
			},
			"bones": [
				{
					"name": "root",
					"pivot": [0, 9.6875, 4.3375]
				},
				{
					"name": "bone5",
					"parent": "root",
					"pivot": [0, 9.6875, 4.3375]
				},
				{
					"name": "1p_effect_1",
					"parent": "bone5",
					"pivot": [0, -0.80876, -14.95186],
					"rotation": [45, 0, 0],
					"cubes": [
						{
							"origin": [-0.49029, -3.36099, -5.24289],
							"size": [0.98397, 10.5183, 2.00187],
							"pivot": [0, -3.36099, -4.24327],
							"rotation": [45, 0, 0],
							"uv": {
								"north": {"uv": [33, 37], "uv_size": [3, 31]},
								"east": {"uv": [13, 38], "uv_size": [6, 31]},
								"south": {"uv": [43, 0], "uv_size": [3, 31]},
								"west": {"uv": [19, 38], "uv_size": [-6, 31]},
								"up": {"uv": [46, 0], "uv_size": [3, 6]},
								"down": {"uv": [46, 12], "uv_size": [3, -6]}
							}
						},
						{
							"origin": [-0.55815, -3.70029, -5.41254],
							"size": [1.11969, 0.6786, 2.34117],
							"pivot": [0, -3.36099, -4.24327],
							"rotation": [45, 0, 0],
							"uv": {
								"north": {"uv": [23, 8], "uv_size": [3, 2]},
								"east": {"uv": [23, 0], "uv_size": [7, 2]},
								"south": {"uv": [23, 10], "uv_size": [3, 2]},
								"west": {"uv": [23, 2], "uv_size": [7, 2]},
								"up": {"uv": [20, 0], "uv_size": [3, 7]},
								"down": {"uv": [20, 14], "uv_size": [3, -7]}
							}
						},
						{
							"origin": [-0.49029, -14.21859, -5.24289],
							"size": [0.98397, 10.5183, 2.00187],
							"pivot": [0, -3.36099, -4.24327],
							"rotation": [45, 0, 0],
							"uv": {
								"north": {"uv": [33, 37], "uv_size": [3, 31]},
								"east": {"uv": [13, 38], "uv_size": [6, 31]},
								"south": {"uv": [43, 0], "uv_size": [3, 31]},
								"west": {"uv": [19, 38], "uv_size": [-6, 31]},
								"up": {"uv": [46, 0], "uv_size": [3, 6]},
								"down": {"uv": [46, 12], "uv_size": [3, -6]}
							}
						},
						{
							"origin": [-0.55815, -14.55789, -5.41254],
							"size": [1.11969, 0.6786, 2.34117],
							"pivot": [0, -3.36099, -4.24327],
							"rotation": [45, 0, 0],
							"uv": {
								"north": {"uv": [23, 8], "uv_size": [3, 2]},
								"east": {"uv": [23, 0], "uv_size": [7, 2]},
								"south": {"uv": [23, 10], "uv_size": [3, 2]},
								"west": {"uv": [23, 2], "uv_size": [7, 2]},
								"up": {"uv": [20, 0], "uv_size": [3, 7]},
								"down": {"uv": [20, 14], "uv_size": [3, -7]}
							}
						},
						{
							"origin": [-0.55815, -25.41549, -5.41254],
							"size": [1.11969, 0.6786, 2.34117],
							"pivot": [0, -3.36099, -4.24327],
							"rotation": [45, 0, 0],
							"uv": {
								"north": {"uv": [11, 0], "uv_size": [3, 2]},
								"east": {"uv": [23, 4], "uv_size": [7, 2]},
								"south": {"uv": [11, 2], "uv_size": [3, 2]},
								"west": {"uv": [23, 16], "uv_size": [7, 2]},
								"up": {"uv": [10, 4], "uv_size": [3, 7]},
								"down": {"uv": [10, 18], "uv_size": [3, -7]}
							}
						},
						{
							"origin": [-0.49029, -25.07619, -5.24289],
							"size": [0.98397, 10.5183, 2.00187],
							"pivot": [0, -3.36099, -4.24327],
							"rotation": [45, 0, 0],
							"uv": {
								"north": {"uv": [33, 37], "uv_size": [3, 31]},
								"east": {"uv": [13, 38], "uv_size": [6, 31]},
								"south": {"uv": [43, 0], "uv_size": [3, 31]},
								"west": {"uv": [19, 38], "uv_size": [-6, 31]},
								"up": {"uv": [46, 0], "uv_size": [3, 6]},
								"down": {"uv": [46, 12], "uv_size": [3, -6]}
							}
						}
					]
				},
				{
					"name": "fn_lefthand",
					"parent": "bone5",
					"pivot": [-6, 19, 0]
				},
				{
					"name": "lefthand",
					"parent": "fn_lefthand",
					"pivot": [-6, 19, 0]
				},
				{
					"name": "lefthand_pos",
					"parent": "lefthand",
					"pivot": [0, 8, 0],
					"cubes": [
						{
							"origin": [-7, 8, -2],
							"size": [3, 12, 4],
							"uv": {
								"north": {"uv": [6.114, 0], "uv_size": [1.807, 6]},
								"east": {"uv": [2.5, 6], "uv_size": [1.807, 6]},
								"south": {"uv": [4.307, 6], "uv_size": [1.807, 6]},
								"west": {"uv": [6.114, 6], "uv_size": [1.807, 6]},
								"up": {"uv": [7.921, 4], "uv_size": [1.807, 2]},
								"down": {"uv": [7.921, 8], "uv_size": [1.807, -2]}
							}
						}
					]
				},
				{
					"name": "knife_and_right",
					"parent": "bone5",
					"pivot": [6, 19, 0]
				},
				{
					"name": "righthand",
					"parent": "knife_and_right",
					"pivot": [6, 19, 0]
				},
				{
					"name": "righthand_1",
					"parent": "righthand",
					"pivot": [6, 19, 0]
				},
				{
					"name": "righthand_pos",
					"parent": "righthand_1",
					"pivot": [0, 8, 0],
					"cubes": [
						{
							"origin": [4, 8, -2],
							"size": [3, 12, 4],
							"uv": {
								"north": {"uv": [0, 0], "uv_size": [2, 6]},
								"east": {"uv": [2, 0], "uv_size": [2, 6]},
								"south": {"uv": [4, 0], "uv_size": [2, 6]},
								"west": {"uv": [0, 6], "uv_size": [2, 6]},
								"up": {"uv": [8, 0], "uv_size": [2, 2]},
								"down": {"uv": [8, 4], "uv_size": [2, -2]}
							}
						}
					]
				},
				{
					"name": "weapon",
					"parent": "knife_and_right",
					"pivot": [0, -4.41616, -11.96196]
				},
				{
					"name": "weapon_ro",
					"parent": "weapon",
					"pivot": [0, -4.41616, -11.96196],
					"cubes": [
						{
							"origin": [-0.21863, -13.1986, -2.34351],
							"size": [0.43997, 17.91392, 0.30425],
							"inflate": 0.001,
							"pivot": [0, -13.20629, -2.9619],
							"rotation": [-44.5, 0, -180],
							"uv": {
								"north": {"uv": [26, 31], "uv_size": [1, 53]},
								"east": {"uv": [27, 31], "uv_size": [1, 53]},
								"south": {"uv": [28, 31], "uv_size": [1, 53]},
								"west": {"uv": [29, 31], "uv_size": [1, 53]},
								"up": {"uv": [36, 7], "uv_size": [1, 1]},
								"down": {"uv": [36, 17], "uv_size": [1, -1]}
							}
						},
						{
							"origin": [-0.21863, -13.1986, -3.88453],
							"size": [0.43997, 17.91392, 0.30425],
							"inflate": 0.001,
							"pivot": [0, -13.20629, -2.9619],
							"rotation": [-45.5, 0, -180],
							"uv": {
								"north": {"uv": [30, 31], "uv_size": [1, 53]},
								"east": {"uv": [31, 31], "uv_size": [1, 53]},
								"south": {"uv": [32, 0], "uv_size": [1, 53]},
								"west": {"uv": [8, 32], "uv_size": [1, 53]},
								"up": {"uv": [36, 17], "uv_size": [1, 1]},
								"down": {"uv": [36, 19], "uv_size": [1, -1]}
							}
						},
						{
							"origin": [-0.22579, -31.12907, -3.59621],
							"size": [0.4543, 17.92826, 1.26862],
							"inflate": -0.01,
							"pivot": [0, -13.20629, -2.9619],
							"rotation": [135, 0, -180],
							"uv": {
								"north": {"uv": [9, 32], "uv_size": [1, 53]},
								"east": {"uv": [0, 0], "uv_size": [4, 53]},
								"south": {"uv": [10, 32], "uv_size": [1, 53]},
								"west": {"uv": [4, 0], "uv_size": [4, 53]},
								"up": {"uv": [33, 14], "uv_size": [1, 4]},
								"down": {"uv": [33, 22], "uv_size": [1, -4]}
							}
						},
						{
							"origin": [-0.21863, -32.15561, -6.82995],
							"size": [0.43997, 1.42395, 0.30425],
							"inflate": 0.001,
							"pivot": [0, -13.20629, -2.9619],
							"rotation": [145, 0, 180],
							"uv": {
								"north": {"uv": [33, 22], "uv_size": [1, 4]},
								"east": {"uv": [33, 26], "uv_size": [1, 4]},
								"south": {"uv": [33, 30], "uv_size": [1, 4]},
								"west": {"uv": [34, 8], "uv_size": [1, 4]},
								"up": {"uv": [36, 19], "uv_size": [1, 1]},
								"down": {"uv": [36, 21], "uv_size": [1, -1]}
							}
						},
						{
							"origin": [-0.21863, -30.86124, -13.26914],
							"size": [0.43997, 0.30764, 0.28729],
							"inflate": 0.001,
							"pivot": [0, -13.20629, -2.9619],
							"rotation": [165, 0, -180],
							"uv": {
								"north": {"uv": [36, 21], "uv_size": [1, 1]},
								"east": {"uv": [36, 22], "uv_size": [1, 1]},
								"south": {"uv": [36, 23], "uv_size": [1, 1]},
								"west": {"uv": [36, 24], "uv_size": [1, 1]},
								"up": {"uv": [36, 25], "uv_size": [1, 1]},
								"down": {"uv": [36, 27], "uv_size": [1, -1]}
							}
						},
						{
							"origin": [-0.21863, -32.15561, 0.6019],
							"size": [0.43997, 1.42395, 0.30426],
							"inflate": 0.001,
							"pivot": [0, -13.20629, -2.9619],
							"rotation": [125, 0, -180],
							"uv": {
								"north": {"uv": [34, 12], "uv_size": [1, 4]},
								"east": {"uv": [34, 16], "uv_size": [1, 4]},
								"south": {"uv": [34, 20], "uv_size": [1, 4]},
								"west": {"uv": [34, 24], "uv_size": [1, 4]},
								"up": {"uv": [36, 27], "uv_size": [1, 1]},
								"down": {"uv": [36, 29], "uv_size": [1, -1]}
							}
						},
						{
							"origin": [-0.21863, -32.37153, 3.04232],
							"size": [0.43997, 0.88106, 0.30425],
							"inflate": 0.001,
							"pivot": [0, -13.20629, -2.9619],
							"rotation": [117.5, 0, 180],
							"uv": {
								"north": {"uv": [33, 34], "uv_size": [1, 3]},
								"east": {"uv": [35, 12], "uv_size": [1, 3]},
								"south": {"uv": [35, 15], "uv_size": [1, 3]},
								"west": {"uv": [35, 18], "uv_size": [1, 3]},
								"up": {"uv": [36, 29], "uv_size": [1, 1]},
								"down": {"uv": [36, 31], "uv_size": [1, -1]}
							}
						},
						{
							"origin": [-0.21863, -32.37153, -9.27036],
							"size": [0.43997, 0.88106, 0.30425],
							"inflate": 0.001,
							"pivot": [0, -13.20629, -2.9619],
							"rotation": [152.5, 0, -180],
							"uv": {
								"north": {"uv": [35, 21], "uv_size": [1, 3]},
								"east": {"uv": [35, 24], "uv_size": [1, 3]},
								"south": {"uv": [35, 27], "uv_size": [1, 3]},
								"west": {"uv": [35, 30], "uv_size": [1, 3]},
								"up": {"uv": [36, 31], "uv_size": [1, 1]},
								"down": {"uv": [36, 33], "uv_size": [1, -1]}
							}
						},
						{
							"origin": [-0.22579, -32.55413, -3.42656],
							"size": [0.4543, 1.47221, 0.92932],
							"inflate": -0.01,
							"pivot": [0, -13.20629, -2.9619],
							"rotation": [135, 0, -180],
							"uv": {
								"north": {"uv": [8, 8], "uv_size": [1, 4]},
								"east": {"uv": [8, 0], "uv_size": [2, 4]},
								"south": {"uv": [9, 8], "uv_size": [1, 4]},
								"west": {"uv": [8, 4], "uv_size": [2, 4]},
								"up": {"uv": [10, 0], "uv_size": [1, 2]},
								"down": {"uv": [10, 4], "uv_size": [1, -2]}
							}
						},
						{
							"origin": [-0.22579, -33.16487, -3.29084],
							"size": [0.4543, 0.65789, 0.65788],
							"inflate": -0.01,
							"pivot": [0, -13.20629, -2.9619],
							"rotation": [135, 0, -180],
							"uv": {
								"north": {"uv": [36, 3], "uv_size": [1, 2]},
								"east": {"uv": [35, 8], "uv_size": [2, 2]},
								"south": {"uv": [36, 5], "uv_size": [1, 2]},
								"west": {"uv": [35, 10], "uv_size": [2, 2]},
								"up": {"uv": [36, 12], "uv_size": [1, 2]},
								"down": {"uv": [36, 16], "uv_size": [1, -2]}
							}
						},
						{
							"origin": [-0.21863, -30.99696, -13.26914],
							"size": [0.43997, 0.13799, 0.11764],
							"inflate": 0.001,
							"pivot": [0, -13.20629, -2.9619],
							"rotation": [165, 0, -180],
							"uv": {
								"north": {"uv": [36, 33], "uv_size": [1, 1]},
								"east": {"uv": [34, 36], "uv_size": [1, 1]},
								"south": {"uv": [36, 34], "uv_size": [1, 1]},
								"west": {"uv": [35, 36], "uv_size": [1, 1]},
								"up": {"uv": [36, 35], "uv_size": [1, 1]},
								"down": {"uv": [36, 37], "uv_size": [1, -1]}
							}
						},
						{
							"origin": [-0.21895, -30.86156, 7.05774],
							"size": [0.44129, 0.30896, 0.2886],
							"pivot": [0, -13.20629, -2.9619],
							"rotation": [105, 0, 180],
							"uv": {
								"north": {"uv": [37, 0], "uv_size": [1, 1]},
								"east": {"uv": [37, 1], "uv_size": [1, 1]},
								"south": {"uv": [37, 2], "uv_size": [1, 1]},
								"west": {"uv": [37, 3], "uv_size": [1, 1]},
								"up": {"uv": [37, 4], "uv_size": [1, 1]},
								"down": {"uv": [37, 6], "uv_size": [1, -1]}
							}
						},
						{
							"origin": [-0.21234, -30.99068, 7.26792],
							"size": [0.42808, 0.12611, 0.07182],
							"inflate": 0.01,
							"pivot": [0, -13.20629, -2.9619],
							"rotation": [105, 0, 180],
							"uv": {
								"north": {"uv": [37, 6], "uv_size": [1, 1]},
								"east": {"uv": [37, 7], "uv_size": [1, 1]},
								"south": {"uv": [37, 8], "uv_size": [1, 1]},
								"west": {"uv": [37, 9], "uv_size": [1, 1]},
								"up": {"uv": [37, 10], "uv_size": [1, 1]},
								"down": {"uv": [37, 12], "uv_size": [1, -1]}
							}
						},
						{
							"origin": [-0.49029, -2.34869, -3.96152],
							"size": [0.98397, 10.5183, 2.00187],
							"pivot": [0, -13.20629, -2.9619],
							"rotation": [45, 0, 0],
							"uv": {
								"north": {"uv": [33, 37], "uv_size": [3, 31]},
								"east": {"uv": [13, 38], "uv_size": [6, 31]},
								"south": {"uv": [43, 0], "uv_size": [3, 31]},
								"west": {"uv": [19, 38], "uv_size": [-6, 31]},
								"up": {"uv": [46, 0], "uv_size": [3, 6]},
								"down": {"uv": [46, 12], "uv_size": [3, -6]}
							}
						},
						{
							"origin": [-0.22579, -13.24796, -3.90158],
							"size": [0.4543, 10.90475, 1.87936],
							"inflate": -0.01,
							"pivot": [0, -13.20629, -2.9619],
							"rotation": [135, 0, -180],
							"uv": {
								"north": {"uv": [11, 32], "uv_size": [1, 32]},
								"east": {"uv": [20, 0], "uv_size": [-6, 32]},
								"south": {"uv": [12, 32], "uv_size": [1, 32]},
								"west": {"uv": [14, 0], "uv_size": [6, 32]},
								"up": {"uv": [19, 32], "uv_size": [1, 6]},
								"down": {"uv": [33, 14], "uv_size": [1, -6]}
							}
						},
						{
							"origin": [-0.21258, -33.52488, -3.10798],
							"size": [0.42788, 0.32608, 0.29216],
							"inflate": 0.01,
							"pivot": [0, -13.20629, -2.9619],
							"rotation": [135, 0, -180],
							"uv": {
								"north": {"uv": [37, 24], "uv_size": [1, 1]},
								"east": {"uv": [37, 18], "uv_size": [2, 1]},
								"south": {"uv": [37, 25], "uv_size": [1, 1]},
								"west": {"uv": [37, 19], "uv_size": [2, 1]},
								"up": {"uv": [37, 20], "uv_size": [1, 2]},
								"down": {"uv": [37, 24], "uv_size": [1, -2]}
							}
						},
						{
							"origin": [-0.20597, -33.654, -3.03351],
							"size": [0.41466, 0.1093, 0.14322],
							"inflate": 0.02,
							"pivot": [0, -13.20629, -2.9619],
							"rotation": [135, 0, -180],
							"uv": {
								"north": {"uv": [37, 24], "uv_size": [1, 1]},
								"east": {"uv": [37, 18], "uv_size": [2, 1]},
								"south": {"uv": [37, 25], "uv_size": [1, 1]},
								"west": {"uv": [37, 19], "uv_size": [2, 1]},
								"up": {"uv": [37, 20], "uv_size": [1, 2]},
								"down": {"uv": [37, 24], "uv_size": [1, -2]}
							}
						},
						{
							"origin": [-0.55815, -2.68799, -4.13117],
							"size": [1.11969, 0.6786, 2.34117],
							"pivot": [0, -13.20629, -2.9619],
							"rotation": [45, 0, 0],
							"uv": {
								"north": {"uv": [23, 8], "uv_size": [3, 2]},
								"east": {"uv": [23, 2], "uv_size": [7, 2]},
								"south": {"uv": [23, 10], "uv_size": [3, 2]},
								"west": {"uv": [23, 2], "uv_size": [7, 2]},
								"up": {"uv": [20, 0], "uv_size": [3, 7]},
								"down": {"uv": [20, 14], "uv_size": [3, -7]}
							}
						},
						{
							"origin": [-0.55815, 8.16961, -4.13117],
							"size": [1.11969, 0.6786, 2.34117],
							"pivot": [0, -13.20629, -2.9619],
							"rotation": [45, 0, 0],
							"uv": {
								"north": {"uv": [23, 12], "uv_size": [3, 2]},
								"east": {"uv": [23, 6], "uv_size": [7, 2]},
								"south": {"uv": [23, 14], "uv_size": [3, 2]},
								"west": {"uv": [23, 6], "uv_size": [7, 2]},
								"up": {"uv": [20, 14], "uv_size": [3, 7]},
								"down": {"uv": [20, 28], "uv_size": [3, -7]}
							}
						}
					]
				},
				{
					"name": "constraint",
					"pivot": [-0.01558, 8.125, 1.9375]
				},
				{
					"name": "camera",
					"pivot": [-0.1533, 1.4219, 2.9349]
				},
				{
					"name": "view",
					"pivot": [0, 0, 0]
				},
				{
					"name": "refit_view",
					"parent": "view",
					"pivot": [22.475, 5.55, 0.2],
					"rotation": [0, 90, 0]
				},
				{
					"name": "idle_view",
					"parent": "view",
					"pivot": [-0.15326, 1.42188, 2.93493]
				},
				{
					"name": "positioning",
					"pivot": [-0.01558, 4.125, 4.9375]
				},
				{
					"name": "ground",
					"parent": "positioning",
					"pivot": [0, 0, 0]
				},
				{
					"name": "thirdperson_hand",
					"parent": "positioning",
					"pivot": [-0.01558, 6.125, -2.0625]
				},
				{
					"name": "fixed",
					"parent": "positioning",
					"pivot": [0.79692, 5.125, -1.0625],
					"rotation": [0, 90, 0]
				}
			]
		}
	]
}