{
	"format_version": "1.12.0",
	"minecraft:geometry": [
		{
			"description": {
				"identifier": "geometry.yamato",
				"texture_width": 128,
				"texture_height": 128,
				"visible_bounds_width": 18,
				"visible_bounds_height": 7,
				"visible_bounds_offset": [0, 0.5, 0]
			},
			"bones": [
				{
					"name": "root",
					"pivot": [0, 9.6875, 4.3375]
				},
				{
					"name": "bone5",
					"parent": "root",
					"pivot": [0, 9.6875, 4.3375]
				},
				{
					"name": "fn_lefthand",
					"parent": "bone5",
					"pivot": [-6, 19, 0]
				},
				{
					"name": "lefthand",
					"parent": "fn_lefthand",
					"pivot": [-6, 19, 0]
				},
				{
					"name": "lefthand_pos",
					"parent": "lefthand",
					"pivot": [0, 8, 0],
					"cubes": [
						{
							"origin": [-7, 8, -2],
							"size": [3, 12, 4],
							"uv": {
								"north": {"uv": [6.114, 0], "uv_size": [1.807, 6]},
								"east": {"uv": [2.5, 6], "uv_size": [1.807, 6]},
								"south": {"uv": [4.307, 6], "uv_size": [1.807, 6]},
								"west": {"uv": [6.114, 6], "uv_size": [1.807, 6]},
								"up": {"uv": [7.921, 4], "uv_size": [1.807, 2]},
								"down": {"uv": [7.921, 8], "uv_size": [1.807, -2]}
							}
						}
					]
				},
				{
					"name": "knife_and_right",
					"parent": "bone5",
					"pivot": [6, 19, 0]
				},
				{
					"name": "righthand",
					"parent": "knife_and_right",
					"pivot": [6, 19, 0]
				},
				{
					"name": "righthand_1",
					"parent": "righthand",
					"pivot": [6, 19, 0]
				},
				{
					"name": "righthand_pos",
					"parent": "righthand_1",
					"pivot": [0, 8, 0],
					"cubes": [
						{
							"origin": [4, 8, -2],
							"size": [3, 12, 4],
							"uv": {
								"north": {"uv": [0, 0], "uv_size": [2, 6]},
								"east": {"uv": [2, 0], "uv_size": [2, 6]},
								"south": {"uv": [4, 0], "uv_size": [2, 6]},
								"west": {"uv": [0, 6], "uv_size": [2, 6]},
								"up": {"uv": [8, 0], "uv_size": [2, 2]},
								"down": {"uv": [8, 4], "uv_size": [2, -2]}
							}
						}
					]
				},
				{
					"name": "weapon",
					"parent": "knife_and_right",
					"pivot": [0, -2.02005, 17.68129],
					"cubes": [
						{
							"origin": [-0.8809, -5.02865, 10.79769],
							"size": [1.6958, 4.1642, 0.5012],
							"inflate": 0.02,
							"pivot": [-0.495, -4.31605, 11.44429],
							"rotation": [-5, 0, 0],
							"uv": {
								"north": {"uv": [18, 20], "uv_size": [5, 13]},
								"east": {"uv": [20, 40], "uv_size": [2, 13]},
								"south": {"uv": [23, 20], "uv_size": [5, 13]},
								"west": {"uv": [22, 40], "uv_size": [2, 13]},
								"up": {"uv": [49, 31], "uv_size": [5, 2]},
								"down": {"uv": [50, 50], "uv_size": [5, -2]}
							}
						},
						{
							"origin": [-0.89564, -5.04709, 11.16782],
							"size": [1.72528, 4.19368, 0.53068],
							"inflate": -0.002,
							"pivot": [-0.033, -2.95025, 11.43316],
							"rotation": [-12.5, 0, 0],
							"uv": {
								"north": {"uv": [0, 24], "uv_size": [5, 13]},
								"east": {"uv": [24, 40], "uv_size": [2, 13]},
								"south": {"uv": [5, 24], "uv_size": [5, 13]},
								"west": {"uv": [26, 40], "uv_size": [2, 13]},
								"up": {"uv": [52, 25], "uv_size": [5, 2]},
								"down": {"uv": [43, 54], "uv_size": [5, -2]}
							}
						},
						{
							"origin": [-0.891, -5.45008, 11.01025],
							"size": [1.716, 0.33, 0.594],
							"pivot": [-0.495, -4.72408, 11.67025],
							"rotation": [-32.5, 0, 0],
							"uv": {
								"north": {"uv": [56, 22], "uv_size": [5, 1]},
								"east": {"uv": [59, 65], "uv_size": [2, 1]},
								"south": {"uv": [56, 27], "uv_size": [5, 1]},
								"west": {"uv": [65, 60], "uv_size": [2, 1]},
								"up": {"uv": [50, 50], "uv_size": [5, 2]},
								"down": {"uv": [0, 53], "uv_size": [5, -2]}
							}
						},
						{
							"origin": [-0.891, -5.10805, 11.01529],
							"size": [1.716, 1.518, 0.594],
							"pivot": [-0.495, -4.51405, 11.67529],
							"rotation": [-20, 0, 0],
							"uv": {
								"north": {"uv": [40, 26], "uv_size": [5, 5]},
								"east": {"uv": [41, 50], "uv_size": [2, 5]},
								"south": {"uv": [28, 40], "uv_size": [5, 5]},
								"west": {"uv": [50, 43], "uv_size": [2, 5]},
								"up": {"uv": [48, 10], "uv_size": [5, 2]},
								"down": {"uv": [49, 8], "uv_size": [5, -2]}
							}
						},
						{
							"origin": [-0.561, -3.12805, 10.22329],
							"size": [1.056, 1.98, 1.32],
							"uv": {
								"north": {"uv": [43, 40], "uv_size": [3, 6]},
								"east": {"uv": [35, 40], "uv_size": [4, 6]},
								"south": {"uv": [45, 22], "uv_size": [3, 6]},
								"west": {"uv": [39, 40], "uv_size": [4, 6]},
								"up": {"uv": [10, 30], "uv_size": [3, 4]},
								"down": {"uv": [41, 50], "uv_size": [3, -4]}
							}
						},
						{
							"origin": [-0.5443, -3.30694, 10.59002],
							"size": [1.0226, 0.4022, 1.2272],
							"inflate": 0.02,
							"pivot": [-0.033, -2.33605, 10.88329],
							"rotation": [-22.5, 0, 0],
							"uv": {
								"north": {"uv": [62, 6], "uv_size": [3, 1]},
								"east": {"uv": [60, 53], "uv_size": [4, 1]},
								"south": {"uv": [62, 7], "uv_size": [3, 1]},
								"west": {"uv": [60, 59], "uv_size": [4, 1]},
								"up": {"uv": [47, 38], "uv_size": [3, 4]},
								"down": {"uv": [47, 46], "uv_size": [3, -4]}
							}
						},
						{
							"origin": [-0.231, 3.87105, -24.60029],
							"size": [0.396, 0.066, 0.528],
							"pivot": [-0.495, 3.86283, -23.07905],
							"rotation": [-60, 0, 0],
							"uv": {
								"north": {"uv": [45, 66], "uv_size": [1, 1]},
								"east": {"uv": [51, 5], "uv_size": [2, 1]},
								"south": {"uv": [66, 45], "uv_size": [1, 1]},
								"west": {"uv": [29, 63], "uv_size": [2, 1]},
								"up": {"uv": [63, 30], "uv_size": [1, 2]},
								"down": {"uv": [31, 65], "uv_size": [1, -2]}
							}
						},
						{
							"origin": [-0.231, 3.93705, -24.40229],
							"size": [0.396, 0.198, 0.33],
							"pivot": [-0.495, 3.86283, -23.07905],
							"rotation": [-60, 0, 0],
							"uv": {
								"north": {"uv": [17, 68], "uv_size": [1, 1]},
								"east": {"uv": [68, 17], "uv_size": [1, 1]},
								"south": {"uv": [18, 68], "uv_size": [1, 1]},
								"west": {"uv": [68, 18], "uv_size": [1, 1]},
								"up": {"uv": [19, 68], "uv_size": [1, 1]},
								"down": {"uv": [68, 20], "uv_size": [1, -1]}
							}
						},
						{
							"origin": [-0.231, 4.28, -23.80083],
							"size": [0.396, 0.198, 0.792],
							"pivot": [-0.495, 3.94178, -23.00559],
							"rotation": [-63, 0, 0],
							"uv": {
								"north": {"uv": [3, 68], "uv_size": [1, 1]},
								"east": {"uv": [65, 50], "uv_size": [2, 1]},
								"south": {"uv": [68, 3], "uv_size": [1, 1]},
								"west": {"uv": [65, 50], "uv_size": [2, 1]},
								"up": {"uv": [51, 65], "uv_size": [1, 2]},
								"down": {"uv": [53, 67], "uv_size": [1, -2]}
							}
						},
						{
							"origin": [-0.231, 3.917, -23.99883],
							"size": [0.396, 0.396, 0.99],
							"pivot": [-0.495, 3.90878, -23.00559],
							"rotation": [-55, 0, 0],
							"uv": {
								"north": {"uv": [27, 33], "uv_size": [1, 1]},
								"east": {"uv": [50, 27], "uv_size": [3, 1]},
								"south": {"uv": [66, 42], "uv_size": [1, 1]},
								"west": {"uv": [52, 47], "uv_size": [3, 1]},
								"up": {"uv": [52, 61], "uv_size": [1, 3]},
								"down": {"uv": [61, 63], "uv_size": [1, -3]}
							}
						},
						{
							"origin": [-0.231, 3.44626, -23.20623],
							"size": [0.396, 0.66, 0.66],
							"pivot": [-0.495, 3.43803, -22.54299],
							"rotation": [-45.5, 0, 0],
							"uv": {
								"north": {"uv": [46, 50], "uv_size": [1, 2]},
								"east": {"uv": [56, 36], "uv_size": [2, 2]},
								"south": {"uv": [53, 36], "uv_size": [1, 2]},
								"west": {"uv": [57, 4], "uv_size": [2, 2]},
								"up": {"uv": [8, 63], "uv_size": [1, 2]},
								"down": {"uv": [9, 65], "uv_size": [1, -2]}
							}
						},
						{
							"origin": [-0.231, 2.6908, -22.768],
							"size": [0.396, 0.66, 1.122],
							"pivot": [-0.495, 2.68258, -21.37876],
							"rotation": [-33, 0, 0],
							"uv": {
								"north": {"uv": [45, 38], "uv_size": [1, 2]},
								"east": {"uv": [53, 10], "uv_size": [3, 2]},
								"south": {"uv": [43, 50], "uv_size": [1, 2]},
								"west": {"uv": [53, 27], "uv_size": [3, 2]},
								"up": {"uv": [50, 61], "uv_size": [1, 3]},
								"down": {"uv": [51, 64], "uv_size": [1, -3]}
							}
						},
						{
							"origin": [-0.2277, 0.68859, -23.37359],
							"size": [0.3894, 0.66, 1.518],
							"pivot": [-0.495, 0.02036, -14.26235],
							"rotation": [-20.5, 0, 0],
							"uv": {
								"north": {"uv": [10, 63], "uv_size": [1, 2]},
								"east": {"uv": [48, 8], "uv_size": [5, 2]},
								"south": {"uv": [63, 10], "uv_size": [1, 2]},
								"west": {"uv": [48, 8], "uv_size": [5, 2]},
								"up": {"uv": [46, 54], "uv_size": [1, 5]},
								"down": {"uv": [47, 59], "uv_size": [1, -5]}
							}
						},
						{
							"origin": [-0.231, 1.44902, -21.45366],
							"size": [0.396, 1.32, 3.894],
							"pivot": [-0.231, 2.7038, -17.12237],
							"rotation": [-18, 0, 0],
							"uv": {
								"north": {"uv": [56, 60], "uv_size": [1, 4]},
								"east": {"uv": [10, 36], "uv_size": [12, 4]},
								"south": {"uv": [57, 60], "uv_size": [1, 4]},
								"west": {"uv": [22, 36], "uv_size": [12, 4]},
								"up": {"uv": [39, 46], "uv_size": [1, 12]},
								"down": {"uv": [40, 58], "uv_size": [1, -12]}
							}
						},
						{
							"origin": [-0.231, 0.58674, -18.07235],
							"size": [0.396, 1.32, 3.96],
							"pivot": [-0.495, 0.57851, -14.10911],
							"rotation": [-15.5, 0, 0],
							"uv": {
								"north": {"uv": [3, 57], "uv_size": [1, 4]},
								"east": {"uv": [28, 30], "uv_size": [12, 4]},
								"south": {"uv": [4, 57], "uv_size": [1, 4]},
								"west": {"uv": [28, 30], "uv_size": [12, 4]},
								"up": {"uv": [38, 46], "uv_size": [1, 12]},
								"down": {"uv": [46, 50], "uv_size": [1, -12]}
							}
						},
						{
							"origin": [-0.231, -1.13318, -14.29616],
							"size": [0.396, 1.386, 6.006],
							"pivot": [-0.495, -1.1414, -6.63692],
							"rotation": [-13, 0, 0],
							"uv": {
								"north": {"uv": [54, 56], "uv_size": [1, 4]},
								"east": {"uv": [19, 8], "uv_size": [18, 4]},
								"south": {"uv": [57, 0], "uv_size": [1, 4]},
								"west": {"uv": [0, 20], "uv_size": [18, 4]},
								"up": {"uv": [8, 41], "uv_size": [1, 18]},
								"down": {"uv": [9, 59], "uv_size": [1, -18]}
							}
						},
						{
							"origin": [-0.231, -2.18402, -4.7613],
							"size": [0.396, 1.386, 6.105],
							"pivot": [-0.495, -2.19225, 1.34694],
							"rotation": [-7.5, 0, 0],
							"uv": {
								"north": {"uv": [45, 56], "uv_size": [1, 4]},
								"east": {"uv": [19, 0], "uv_size": [19, 4]},
								"south": {"uv": [53, 56], "uv_size": [1, 4]},
								"west": {"uv": [19, 4], "uv_size": [19, 4]},
								"up": {"uv": [6, 41], "uv_size": [1, 19]},
								"down": {"uv": [7, 60], "uv_size": [1, -19]}
							}
						},
						{
							"origin": [-0.231, -1.59098, -8.19002],
							"size": [0.396, 1.386, 3.63],
							"pivot": [-0.231, -0.64336, -3.46712],
							"rotation": [-10, 0, 0],
							"uv": {
								"north": {"uv": [43, 61], "uv_size": [1, 4]},
								"east": {"uv": [34, 36], "uv_size": [11, 4]},
								"south": {"uv": [49, 61], "uv_size": [1, 4]},
								"west": {"uv": [37, 8], "uv_size": [11, 4]},
								"up": {"uv": [31, 50], "uv_size": [1, 11]},
								"down": {"uv": [32, 61], "uv_size": [1, -11]}
							}
						},
						{
							"origin": [-0.2376, 5.15552, -23.33671],
							"size": [0.4092, 0.198, 0.264],
							"pivot": [-0.033, 5.18852, -23.63371],
							"rotation": [-51, 0, 0],
							"uv": {
								"north": {"uv": [57, 66], "uv_size": [1, 1]},
								"east": {"uv": [66, 57], "uv_size": [1, 1]},
								"south": {"uv": [58, 66], "uv_size": [1, 1]},
								"west": {"uv": [66, 58], "uv_size": [1, 1]},
								"up": {"uv": [59, 66], "uv_size": [1, 1]},
								"down": {"uv": [66, 60], "uv_size": [1, -1]}
							}
						},
						{
							"origin": [-0.2376, 5.09908, -23.88634],
							"size": [0.4092, 0.066, 0.726],
							"pivot": [-0.033, 5.13208, -23.72134],
							"rotation": [-41, 0, 0],
							"uv": {
								"north": {"uv": [52, 66], "uv_size": [1, 1]},
								"east": {"uv": [63, 32], "uv_size": [2, 1]},
								"south": {"uv": [66, 52], "uv_size": [1, 1]},
								"west": {"uv": [63, 33], "uv_size": [2, 1]},
								"up": {"uv": [32, 63], "uv_size": [1, 2]},
								"down": {"uv": [63, 36], "uv_size": [1, -2]}
							}
						},
						{
							"origin": [-0.2376, 5.16508, -23.62234],
							"size": [0.4092, 0.066, 0.462],
							"pivot": [-0.033, 5.13208, -23.72134],
							"rotation": [-41, 0, 0],
							"uv": {
								"north": {"uv": [13, 68], "uv_size": [1, 1]},
								"east": {"uv": [68, 13], "uv_size": [1, 1]},
								"south": {"uv": [68, 14], "uv_size": [1, 1]},
								"west": {"uv": [68, 15], "uv_size": [1, 1]},
								"up": {"uv": [16, 68], "uv_size": [1, 1]},
								"down": {"uv": [68, 17], "uv_size": [1, -1]}
							}
						},
						{
							"origin": [-0.2376, 4.52626, -22.92229],
							"size": [0.4092, 0.396, 0.528],
							"pivot": [-0.033, 4.55926, -23.08729],
							"rotation": [-28.5, 0, 0],
							"uv": {
								"north": {"uv": [66, 53], "uv_size": [1, 1]},
								"east": {"uv": [35, 63], "uv_size": [2, 1]},
								"south": {"uv": [66, 54], "uv_size": [1, 1]},
								"west": {"uv": [37, 63], "uv_size": [2, 1]},
								"up": {"uv": [39, 63], "uv_size": [1, 2]},
								"down": {"uv": [63, 41], "uv_size": [1, -2]}
							}
						},
						{
							"origin": [-0.2376, 4.87576, -23.24884],
							"size": [0.4092, 0.33, 0.462],
							"pivot": [-0.033, 4.90876, -23.47984],
							"rotation": [-38.5, 0, 0],
							"uv": {
								"north": {"uv": [46, 66], "uv_size": [1, 1]},
								"east": {"uv": [66, 46], "uv_size": [1, 1]},
								"south": {"uv": [48, 66], "uv_size": [1, 1]},
								"west": {"uv": [66, 48], "uv_size": [1, 1]},
								"up": {"uv": [49, 66], "uv_size": [1, 1]},
								"down": {"uv": [66, 50], "uv_size": [1, -1]}
							}
						},
						{
							"origin": [-0.2376, 3.27636, -24.5501],
							"size": [0.4092, 0.066, 1.518],
							"pivot": [-0.429, 2.02236, -19.2041],
							"rotation": [-21, 0, 0],
							"uv": {
								"north": {"uv": [66, 55], "uv_size": [1, 1]},
								"east": {"uv": [53, 29], "uv_size": [5, 1]},
								"south": {"uv": [56, 66], "uv_size": [1, 1]},
								"west": {"uv": [56, 21], "uv_size": [5, 1]},
								"up": {"uv": [36, 56], "uv_size": [1, 5]},
								"down": {"uv": [43, 61], "uv_size": [1, -5]}
							}
						},
						{
							"origin": [-0.2376, 3.34236, -24.6821],
							"size": [0.4092, 0.066, 1.65],
							"pivot": [-0.429, 2.08836, -19.2041],
							"rotation": [-21, 0, 0],
							"uv": {
								"north": {"uv": [66, 43], "uv_size": [1, 1]},
								"east": {"uv": [17, 33], "uv_size": [5, 1]},
								"south": {"uv": [44, 66], "uv_size": [1, 1]},
								"west": {"uv": [22, 33], "uv_size": [5, 1]},
								"up": {"uv": [56, 16], "uv_size": [1, 5]},
								"down": {"uv": [35, 61], "uv_size": [1, -5]}
							}
						},
						{
							"origin": [-0.2376, 2.88036, -23.0321],
							"size": [0.4092, 0.528, 2.838],
							"pivot": [-0.429, 2.08836, -19.2041],
							"rotation": [-21, 0, 0],
							"uv": {
								"north": {"uv": [63, 18], "uv_size": [1, 2]},
								"east": {"uv": [40, 31], "uv_size": [9, 2]},
								"south": {"uv": [20, 63], "uv_size": [1, 2]},
								"west": {"uv": [43, 20], "uv_size": [9, 2]},
								"up": {"uv": [17, 24], "uv_size": [1, 9]},
								"down": {"uv": [5, 60], "uv_size": [1, -9]}
							}
						},
						{
							"origin": [-0.2376, -0.00537, -20.63149],
							"size": [0.4092, 0.528, 3.564],
							"pivot": [-0.429, -0.79737, -9.54349],
							"rotation": [-17, 0, 0],
							"uv": {
								"north": {"uv": [54, 65], "uv_size": [1, 2]},
								"east": {"uv": [38, 4], "uv_size": [11, 2]},
								"south": {"uv": [65, 54], "uv_size": [1, 2]},
								"west": {"uv": [38, 6], "uv_size": [11, 2]},
								"up": {"uv": [49, 46], "uv_size": [1, 11]},
								"down": {"uv": [30, 61], "uv_size": [1, -11]}
							}
						},
						{
							"origin": [-0.2376, 0.48689, -16.89265],
							"size": [0.4092, 0.528, 7.92],
							"pivot": [-0.429, -0.30511, -9.63265],
							"rotation": [-13.5, 0, 0],
							"uv": {
								"north": {"uv": [63, 14], "uv_size": [1, 2]},
								"east": {"uv": [10, 34], "uv_size": [24, 2]},
								"south": {"uv": [63, 16], "uv_size": [1, 2]},
								"west": {"uv": [34, 34], "uv_size": [24, 2]},
								"up": {"uv": [33, 40], "uv_size": [1, 24]},
								"down": {"uv": [34, 64], "uv_size": [1, -24]}
							}
						},
						{
							"origin": [-0.2343, -0.85758, -3.1801],
							"size": [0.4026, 0.33, 1.188],
							"pivot": [-0.429, -0.59358, -2.6521],
							"rotation": [-43.5, 0, 0],
							"uv": {
								"north": {"uv": [29, 67], "uv_size": [1, 1]},
								"east": {"uv": [58, 3], "uv_size": [4, 1]},
								"south": {"uv": [67, 29], "uv_size": [1, 1]},
								"west": {"uv": [58, 6], "uv_size": [4, 1]},
								"up": {"uv": [2, 58], "uv_size": [1, 4]},
								"down": {"uv": [58, 16], "uv_size": [1, -4]}
							}
						},
						{
							"origin": [-0.2343, -0.68792, -2.45666],
							"size": [0.4026, 0.33, 0.66],
							"pivot": [-0.429, -0.42392, -2.45666],
							"rotation": [-66, 0, 0],
							"uv": {
								"north": {"uv": [30, 67], "uv_size": [1, 1]},
								"east": {"uv": [64, 37], "uv_size": [2, 1]},
								"south": {"uv": [31, 67], "uv_size": [1, 1]},
								"west": {"uv": [64, 38], "uv_size": [2, 1]},
								"up": {"uv": [38, 64], "uv_size": [1, 2]},
								"down": {"uv": [64, 41], "uv_size": [1, -2]}
							}
						},
						{
							"origin": [-0.2343, -0.72558, -4.3021],
							"size": [0.4026, 0.33, 1.188],
							"pivot": [-0.429, -0.46158, -3.7741],
							"rotation": [-48.5, 0, 0],
							"uv": {
								"north": {"uv": [32, 67], "uv_size": [1, 1]},
								"east": {"uv": [58, 7], "uv_size": [4, 1]},
								"south": {"uv": [67, 32], "uv_size": [1, 1]},
								"west": {"uv": [58, 8], "uv_size": [4, 1]},
								"up": {"uv": [58, 16], "uv_size": [1, 4]},
								"down": {"uv": [58, 27], "uv_size": [1, -4]}
							}
						},
						{
							"origin": [-0.2343, -0.55592, -3.57866],
							"size": [0.4026, 0.33, 0.66],
							"pivot": [-0.429, -0.29192, -3.57866],
							"rotation": [-71, 0, 0],
							"uv": {
								"north": {"uv": [67, 33], "uv_size": [1, 1]},
								"east": {"uv": [41, 64], "uv_size": [2, 1]},
								"south": {"uv": [35, 67], "uv_size": [1, 1]},
								"west": {"uv": [44, 64], "uv_size": [2, 1]},
								"up": {"uv": [46, 64], "uv_size": [1, 2]},
								"down": {"uv": [64, 48], "uv_size": [1, -2]}
							}
						},
						{
							"origin": [-0.2343, -0.59358, -5.4901],
							"size": [0.4026, 0.33, 1.188],
							"pivot": [-0.429, -0.32958, -4.9621],
							"rotation": [-48.5, 0, 0],
							"uv": {
								"north": {"uv": [36, 67], "uv_size": [1, 1]},
								"east": {"uv": [58, 9], "uv_size": [4, 1]},
								"south": {"uv": [37, 67], "uv_size": [1, 1]},
								"west": {"uv": [58, 29], "uv_size": [4, 1]},
								"up": {"uv": [58, 34], "uv_size": [1, 4]},
								"down": {"uv": [38, 62], "uv_size": [1, -4]}
							}
						},
						{
							"origin": [-0.2343, -0.42392, -4.76666],
							"size": [0.4026, 0.33, 0.66],
							"pivot": [-0.429, -0.15992, -4.76666],
							"rotation": [-71, 0, 0],
							"uv": {
								"north": {"uv": [38, 67], "uv_size": [1, 1]},
								"east": {"uv": [47, 64], "uv_size": [2, 1]},
								"south": {"uv": [67, 38], "uv_size": [1, 1]},
								"west": {"uv": [50, 64], "uv_size": [2, 1]},
								"up": {"uv": [64, 50], "uv_size": [1, 2]},
								"down": {"uv": [52, 66], "uv_size": [1, -2]}
							}
						},
						{
							"origin": [-0.2343, -0.39558, -6.6121],
							"size": [0.4026, 0.33, 1.188],
							"pivot": [-0.429, -0.13158, -6.0841],
							"rotation": [-48.5, 0, 0],
							"uv": {
								"north": {"uv": [39, 67], "uv_size": [1, 1]},
								"east": {"uv": [58, 41], "uv_size": [4, 1]},
								"south": {"uv": [67, 39], "uv_size": [1, 1]},
								"west": {"uv": [58, 42], "uv_size": [4, 1]},
								"up": {"uv": [39, 58], "uv_size": [1, 4]},
								"down": {"uv": [40, 62], "uv_size": [1, -4]}
							}
						},
						{
							"origin": [-0.2343, -0.22592, -5.88866],
							"size": [0.4026, 0.33, 0.66],
							"pivot": [-0.429, 0.03808, -5.88866],
							"rotation": [-71, 0, 0],
							"uv": {
								"north": {"uv": [40, 67], "uv_size": [1, 1]},
								"east": {"uv": [64, 52], "uv_size": [2, 1]},
								"south": {"uv": [67, 41], "uv_size": [1, 1]},
								"west": {"uv": [53, 64], "uv_size": [2, 1]},
								"up": {"uv": [56, 64], "uv_size": [1, 2]},
								"down": {"uv": [57, 66], "uv_size": [1, -2]}
							}
						},
						{
							"origin": [-0.2343, 1.91442, -16.9741],
							"size": [0.4026, 0.33, 1.188],
							"pivot": [-0.429, 2.17842, -16.4461],
							"rotation": [-51, 0, 0],
							"uv": {
								"north": {"uv": [67, 58], "uv_size": [1, 1]},
								"east": {"uv": [59, 54], "uv_size": [4, 1]},
								"south": {"uv": [59, 67], "uv_size": [1, 1]},
								"west": {"uv": [56, 59], "uv_size": [4, 1]},
								"up": {"uv": [5, 60], "uv_size": [1, 4]},
								"down": {"uv": [6, 64], "uv_size": [1, -4]}
							}
						},
						{
							"origin": [-0.2343, 2.08408, -16.25066],
							"size": [0.4026, 0.33, 0.66],
							"pivot": [-0.429, 2.34808, -16.25066],
							"rotation": [-73.5, 0, 0],
							"uv": {
								"north": {"uv": [67, 59], "uv_size": [1, 1]},
								"east": {"uv": [65, 26], "uv_size": [2, 1]},
								"south": {"uv": [60, 67], "uv_size": [1, 1]},
								"west": {"uv": [27, 65], "uv_size": [2, 1]},
								"up": {"uv": [31, 65], "uv_size": [1, 2]},
								"down": {"uv": [32, 67], "uv_size": [1, -2]}
							}
						},
						{
							"origin": [-0.2343, 3.49842, -21.5281],
							"size": [0.4026, 0.33, 1.188],
							"pivot": [-0.429, 3.76242, -21.0001],
							"rotation": [-51, 0, 0],
							"uv": {
								"north": {"uv": [67, 66], "uv_size": [1, 1]},
								"east": {"uv": [60, 28], "uv_size": [4, 1]},
								"south": {"uv": [67, 67], "uv_size": [1, 1]},
								"west": {"uv": [60, 37], "uv_size": [4, 1]},
								"up": {"uv": [45, 60], "uv_size": [1, 4]},
								"down": {"uv": [48, 64], "uv_size": [1, -4]}
							}
						},
						{
							"origin": [-0.2343, 3.66808, -20.80466],
							"size": [0.4026, 0.33, 0.66],
							"pivot": [-0.429, 3.93208, -20.80466],
							"rotation": [-73.5, 0, 0],
							"uv": {
								"north": {"uv": [0, 68], "uv_size": [1, 1]},
								"east": {"uv": [44, 65], "uv_size": [2, 1]},
								"south": {"uv": [68, 0], "uv_size": [1, 1]},
								"west": {"uv": [65, 44], "uv_size": [2, 1]},
								"up": {"uv": [65, 45], "uv_size": [1, 2]},
								"down": {"uv": [47, 67], "uv_size": [1, -2]}
							}
						},
						{
							"origin": [-0.2343, 3.82842, -22.7821],
							"size": [0.4026, 0.33, 1.386],
							"pivot": [-0.429, 4.09242, -22.0561],
							"rotation": [-43.5, 0, 0],
							"uv": {
								"north": {"uv": [1, 68], "uv_size": [1, 1]},
								"east": {"uv": [60, 38], "uv_size": [4, 1]},
								"south": {"uv": [68, 1], "uv_size": [1, 1]},
								"west": {"uv": [60, 50], "uv_size": [4, 1]},
								"up": {"uv": [53, 60], "uv_size": [1, 4]},
								"down": {"uv": [54, 64], "uv_size": [1, -4]}
							}
						},
						{
							"origin": [-0.2343, 4.06408, -21.79466],
							"size": [0.4026, 0.33, 0.66],
							"pivot": [-0.429, 4.32808, -21.79466],
							"rotation": [-73.5, 0, 0],
							"uv": {
								"north": {"uv": [2, 68], "uv_size": [1, 1]},
								"east": {"uv": [65, 47], "uv_size": [2, 1]},
								"south": {"uv": [68, 2], "uv_size": [1, 1]},
								"west": {"uv": [48, 65], "uv_size": [2, 1]},
								"up": {"uv": [65, 48], "uv_size": [1, 2]},
								"down": {"uv": [50, 67], "uv_size": [1, -2]}
							}
						},
						{
							"origin": [-0.2343, 2.21142, -18.0961],
							"size": [0.4026, 0.33, 1.188],
							"pivot": [-0.429, 2.47542, -17.5681],
							"rotation": [-51, 0, 0],
							"uv": {
								"north": {"uv": [67, 60], "uv_size": [1, 1]},
								"east": {"uv": [59, 57], "uv_size": [4, 1]},
								"south": {"uv": [61, 67], "uv_size": [1, 1]},
								"west": {"uv": [59, 58], "uv_size": [4, 1]},
								"up": {"uv": [7, 60], "uv_size": [1, 4]},
								"down": {"uv": [60, 14], "uv_size": [1, -4]}
							}
						},
						{
							"origin": [-0.2343, 2.38108, -17.37266],
							"size": [0.4026, 0.33, 0.66],
							"pivot": [-0.429, 2.64508, -17.37266],
							"rotation": [-73.5, 0, 0],
							"uv": {
								"north": {"uv": [67, 61], "uv_size": [1, 1]},
								"east": {"uv": [65, 29], "uv_size": [2, 1]},
								"south": {"uv": [62, 67], "uv_size": [1, 1]},
								"west": {"uv": [65, 32], "uv_size": [2, 1]},
								"up": {"uv": [35, 65], "uv_size": [1, 2]},
								"down": {"uv": [65, 37], "uv_size": [1, -2]}
							}
						},
						{
							"origin": [-0.2343, 2.60742, -19.2841],
							"size": [0.4026, 0.33, 1.188],
							"pivot": [-0.429, 2.87142, -18.7561],
							"rotation": [-51, 0, 0],
							"uv": {
								"north": {"uv": [67, 62], "uv_size": [1, 1]},
								"east": {"uv": [60, 23], "uv_size": [4, 1]},
								"south": {"uv": [63, 67], "uv_size": [1, 1]},
								"west": {"uv": [60, 24], "uv_size": [4, 1]},
								"up": {"uv": [60, 33], "uv_size": [1, 4]},
								"down": {"uv": [41, 64], "uv_size": [1, -4]}
							}
						},
						{
							"origin": [-0.2343, 2.77708, -18.56066],
							"size": [0.4026, 0.33, 0.66],
							"pivot": [-0.429, 3.04108, -18.56066],
							"rotation": [-73.5, 0, 0],
							"uv": {
								"north": {"uv": [67, 63], "uv_size": [1, 1]},
								"east": {"uv": [65, 33], "uv_size": [2, 1]},
								"south": {"uv": [64, 67], "uv_size": [1, 1]},
								"west": {"uv": [39, 65], "uv_size": [2, 1]},
								"up": {"uv": [36, 65], "uv_size": [1, 2]},
								"down": {"uv": [65, 41], "uv_size": [1, -2]}
							}
						},
						{
							"origin": [-0.2343, 3.00342, -20.4061],
							"size": [0.4026, 0.33, 1.188],
							"pivot": [-0.429, 3.26742, -19.8781],
							"rotation": [-51, 0, 0],
							"uv": {
								"north": {"uv": [67, 64], "uv_size": [1, 1]},
								"east": {"uv": [60, 25], "uv_size": [4, 1]},
								"south": {"uv": [65, 67], "uv_size": [1, 1]},
								"west": {"uv": [60, 26], "uv_size": [4, 1]},
								"up": {"uv": [42, 60], "uv_size": [1, 4]},
								"down": {"uv": [44, 64], "uv_size": [1, -4]}
							}
						},
						{
							"origin": [-0.2343, 3.17308, -19.68266],
							"size": [0.4026, 0.33, 0.66],
							"pivot": [-0.429, 3.43708, -19.68266],
							"rotation": [-73.5, 0, 0],
							"uv": {
								"north": {"uv": [67, 65], "uv_size": [1, 1]},
								"east": {"uv": [41, 65], "uv_size": [2, 1]},
								"south": {"uv": [66, 67], "uv_size": [1, 1]},
								"west": {"uv": [65, 41], "uv_size": [2, 1]},
								"up": {"uv": [65, 42], "uv_size": [1, 2]},
								"down": {"uv": [43, 67], "uv_size": [1, -2]}
							}
						},
						{
							"origin": [-0.2343, 0.75942, -12.4201],
							"size": [0.4026, 0.33, 1.188],
							"pivot": [-0.429, 1.02342, -11.8921],
							"rotation": [-51, 0, 0],
							"uv": {
								"north": {"uv": [67, 50], "uv_size": [1, 1]},
								"east": {"uv": [59, 15], "uv_size": [4, 1]},
								"south": {"uv": [51, 67], "uv_size": [1, 1]},
								"west": {"uv": [59, 16], "uv_size": [4, 1]},
								"up": {"uv": [13, 59], "uv_size": [1, 4]},
								"down": {"uv": [59, 27], "uv_size": [1, -4]}
							}
						},
						{
							"origin": [-0.2343, 0.92908, -11.69666],
							"size": [0.4026, 0.33, 0.66],
							"pivot": [-0.429, 1.19308, -11.69666],
							"rotation": [-73.5, 0, 0],
							"uv": {
								"north": {"uv": [67, 51], "uv_size": [1, 1]},
								"east": {"uv": [10, 65], "uv_size": [2, 1]},
								"south": {"uv": [52, 67], "uv_size": [1, 1]},
								"west": {"uv": [65, 11], "uv_size": [2, 1]},
								"up": {"uv": [12, 65], "uv_size": [1, 2]},
								"down": {"uv": [65, 14], "uv_size": [1, -2]}
							}
						},
						{
							"origin": [-0.2343, 0.99042, -13.5421],
							"size": [0.4026, 0.33, 1.188],
							"pivot": [-0.429, 1.25442, -13.0141],
							"rotation": [-51, 0, 0],
							"uv": {
								"north": {"uv": [67, 52], "uv_size": [1, 1]},
								"east": {"uv": [59, 17], "uv_size": [4, 1]},
								"south": {"uv": [53, 67], "uv_size": [1, 1]},
								"west": {"uv": [59, 18], "uv_size": [4, 1]},
								"up": {"uv": [59, 34], "uv_size": [1, 4]},
								"down": {"uv": [37, 63], "uv_size": [1, -4]}
							}
						},
						{
							"origin": [-0.2343, 1.16008, -12.81866],
							"size": [0.4026, 0.33, 0.66],
							"pivot": [-0.429, 1.42408, -12.81866],
							"rotation": [-73.5, 0, 0],
							"uv": {
								"north": {"uv": [67, 53], "uv_size": [1, 1]},
								"east": {"uv": [65, 14], "uv_size": [2, 1]},
								"south": {"uv": [54, 67], "uv_size": [1, 1]},
								"west": {"uv": [65, 17], "uv_size": [2, 1]},
								"up": {"uv": [13, 65], "uv_size": [1, 2]},
								"down": {"uv": [65, 20], "uv_size": [1, -2]}
							}
						},
						{
							"origin": [-0.2343, 1.32042, -14.7301],
							"size": [0.4026, 0.33, 1.188],
							"pivot": [-0.429, 1.58442, -14.2021],
							"rotation": [-51, 0, 0],
							"uv": {
								"north": {"uv": [67, 54], "uv_size": [1, 1]},
								"east": {"uv": [59, 19], "uv_size": [4, 1]},
								"south": {"uv": [55, 67], "uv_size": [1, 1]},
								"west": {"uv": [59, 47], "uv_size": [4, 1]},
								"up": {"uv": [46, 59], "uv_size": [1, 4]},
								"down": {"uv": [47, 63], "uv_size": [1, -4]}
							}
						},
						{
							"origin": [-0.2343, 1.49008, -14.00666],
							"size": [0.4026, 0.33, 0.66],
							"pivot": [-0.429, 1.75408, -14.00666],
							"rotation": [-73.5, 0, 0],
							"uv": {
								"north": {"uv": [67, 55], "uv_size": [1, 1]},
								"east": {"uv": [20, 65], "uv_size": [2, 1]},
								"south": {"uv": [56, 67], "uv_size": [1, 1]},
								"west": {"uv": [65, 20], "uv_size": [2, 1]},
								"up": {"uv": [22, 65], "uv_size": [1, 2]},
								"down": {"uv": [23, 67], "uv_size": [1, -2]}
							}
						},
						{
							"origin": [-0.2343, 1.58442, -15.8521],
							"size": [0.4026, 0.33, 1.188],
							"pivot": [-0.429, 1.84842, -15.3241],
							"rotation": [-51, 0, 0],
							"uv": {
								"north": {"uv": [67, 56], "uv_size": [1, 1]},
								"east": {"uv": [59, 48], "uv_size": [4, 1]},
								"south": {"uv": [57, 67], "uv_size": [1, 1]},
								"west": {"uv": [59, 49], "uv_size": [4, 1]},
								"up": {"uv": [59, 50], "uv_size": [1, 4]},
								"down": {"uv": [55, 63], "uv_size": [1, -4]}
							}
						},
						{
							"origin": [-0.2343, 1.75408, -15.12866],
							"size": [0.4026, 0.33, 0.66],
							"pivot": [-0.429, 2.01808, -15.12866],
							"rotation": [-73.5, 0, 0],
							"uv": {
								"north": {"uv": [67, 57], "uv_size": [1, 1]},
								"east": {"uv": [65, 23], "uv_size": [2, 1]},
								"south": {"uv": [58, 67], "uv_size": [1, 1]},
								"west": {"uv": [24, 65], "uv_size": [2, 1]},
								"up": {"uv": [65, 24], "uv_size": [1, 2]},
								"down": {"uv": [26, 67], "uv_size": [1, -2]}
							}
						},
						{
							"origin": [-0.2343, -0.13158, -7.8001],
							"size": [0.4026, 0.33, 1.188],
							"pivot": [-0.429, 0.13242, -7.2721],
							"rotation": [-51, 0, 0],
							"uv": {
								"north": {"uv": [67, 42], "uv_size": [1, 1]},
								"east": {"uv": [58, 43], "uv_size": [4, 1]},
								"south": {"uv": [43, 67], "uv_size": [1, 1]},
								"west": {"uv": [58, 44], "uv_size": [4, 1]},
								"up": {"uv": [58, 47], "uv_size": [1, 4]},
								"down": {"uv": [58, 55], "uv_size": [1, -4]}
							}
						},
						{
							"origin": [-0.2343, 0.03808, -7.07666],
							"size": [0.4026, 0.33, 0.66],
							"pivot": [-0.429, 0.30208, -7.07666],
							"rotation": [-73.5, 0, 0],
							"uv": {
								"north": {"uv": [67, 43], "uv_size": [1, 1]},
								"east": {"uv": [64, 53], "uv_size": [2, 1]},
								"south": {"uv": [44, 67], "uv_size": [1, 1]},
								"west": {"uv": [64, 57], "uv_size": [2, 1]},
								"up": {"uv": [58, 64], "uv_size": [1, 2]},
								"down": {"uv": [64, 60], "uv_size": [1, -2]}
							}
						},
						{
							"origin": [-0.2343, 0.00042, -8.9221],
							"size": [0.4026, 0.33, 1.188],
							"pivot": [-0.429, 0.26442, -8.3941],
							"rotation": [-51, 0, 0],
							"uv": {
								"north": {"uv": [67, 44], "uv_size": [1, 1]},
								"east": {"uv": [55, 58], "uv_size": [4, 1]},
								"south": {"uv": [45, 67], "uv_size": [1, 1]},
								"west": {"uv": [58, 55], "uv_size": [4, 1]},
								"up": {"uv": [8, 59], "uv_size": [1, 4]},
								"down": {"uv": [9, 63], "uv_size": [1, -4]}
							}
						},
						{
							"origin": [-0.2343, 0.17008, -8.19866],
							"size": [0.4026, 0.33, 0.66],
							"pivot": [-0.429, 0.43408, -8.19866],
							"rotation": [-73.5, 0, 0],
							"uv": {
								"north": {"uv": [67, 45], "uv_size": [1, 1]},
								"east": {"uv": [59, 64], "uv_size": [2, 1]},
								"south": {"uv": [46, 67], "uv_size": [1, 1]},
								"west": {"uv": [61, 64], "uv_size": [2, 1]},
								"up": {"uv": [64, 63], "uv_size": [1, 2]},
								"down": {"uv": [0, 67], "uv_size": [1, -2]}
							}
						},
						{
							"origin": [-0.2343, 0.26442, -10.1101],
							"size": [0.4026, 0.33, 1.188],
							"pivot": [-0.429, 0.52842, -9.5821],
							"rotation": [-51, 0, 0],
							"uv": {
								"north": {"uv": [67, 46], "uv_size": [1, 1]},
								"east": {"uv": [58, 56], "uv_size": [4, 1]},
								"south": {"uv": [47, 67], "uv_size": [1, 1]},
								"west": {"uv": [59, 4], "uv_size": [4, 1]},
								"up": {"uv": [10, 59], "uv_size": [1, 4]},
								"down": {"uv": [59, 14], "uv_size": [1, -4]}
							}
						},
						{
							"origin": [-0.2343, 0.43408, -9.38666],
							"size": [0.4026, 0.33, 0.66],
							"pivot": [-0.429, 0.69808, -9.38666],
							"rotation": [-73.5, 0, 0],
							"uv": {
								"north": {"uv": [67, 47], "uv_size": [1, 1]},
								"east": {"uv": [1, 65], "uv_size": [2, 1]},
								"south": {"uv": [48, 67], "uv_size": [1, 1]},
								"west": {"uv": [3, 65], "uv_size": [2, 1]},
								"up": {"uv": [6, 65], "uv_size": [1, 2]},
								"down": {"uv": [65, 8], "uv_size": [1, -2]}
							}
						},
						{
							"origin": [-0.2343, 0.49542, -11.2321],
							"size": [0.4026, 0.33, 1.188],
							"pivot": [-0.429, 0.75942, -10.7041],
							"rotation": [-51, 0, 0],
							"uv": {
								"north": {"uv": [67, 48], "uv_size": [1, 1]},
								"east": {"uv": [59, 5], "uv_size": [4, 1]},
								"south": {"uv": [49, 67], "uv_size": [1, 1]},
								"west": {"uv": [59, 14], "uv_size": [4, 1]},
								"up": {"uv": [11, 59], "uv_size": [1, 4]},
								"down": {"uv": [12, 63], "uv_size": [1, -4]}
							}
						},
						{
							"origin": [-0.2343, 0.66508, -10.50866],
							"size": [0.4026, 0.33, 0.66],
							"pivot": [-0.429, 0.92908, -10.50866],
							"rotation": [-73.5, 0, 0],
							"uv": {
								"north": {"uv": [67, 49], "uv_size": [1, 1]},
								"east": {"uv": [65, 3], "uv_size": [2, 1]},
								"south": {"uv": [50, 67], "uv_size": [1, 1]},
								"west": {"uv": [7, 65], "uv_size": [2, 1]},
								"up": {"uv": [65, 8], "uv_size": [1, 2]},
								"down": {"uv": [9, 67], "uv_size": [1, -2]}
							}
						},
						{
							"origin": [-0.2376, -1.10465, -9.02891],
							"size": [0.4092, 0.528, 10.296],
							"pivot": [-0.429, -1.89665, 0.60709],
							"rotation": [-8.5, 0, 0],
							"uv": {
								"north": {"uv": [63, 12], "uv_size": [1, 2]},
								"east": {"uv": [27, 12], "uv_size": [31, 2]},
								"south": {"uv": [13, 63], "uv_size": [1, 2]},
								"west": {"uv": [27, 14], "uv_size": [31, 2]},
								"up": {"uv": [14, 40], "uv_size": [1, 31]},
								"down": {"uv": [15, 71], "uv_size": [1, -31]}
							}
						},
						{
							"origin": [-0.2343, -2.13992, 8.96134],
							"size": [0.4026, 0.33, 0.66],
							"pivot": [-0.429, -1.87592, 8.96134],
							"rotation": [-66, 0, 0],
							"uv": {
								"north": {"uv": [62, 66], "uv_size": [1, 1]},
								"east": {"uv": [63, 45], "uv_size": [2, 1]},
								"south": {"uv": [63, 66], "uv_size": [1, 1]},
								"west": {"uv": [46, 63], "uv_size": [2, 1]},
								"up": {"uv": [40, 63], "uv_size": [1, 2]},
								"down": {"uv": [63, 48], "uv_size": [1, -2]}
							}
						},
						{
							"origin": [-0.2343, -1.81458, 4.8059],
							"size": [0.4026, 0.33, 1.188],
							"pivot": [-0.429, -1.55058, 5.3339],
							"rotation": [-43.5, 0, 0],
							"uv": {
								"north": {"uv": [1, 67], "uv_size": [1, 1]},
								"east": {"uv": [56, 28], "uv_size": [4, 1]},
								"south": {"uv": [2, 67], "uv_size": [1, 1]},
								"west": {"uv": [56, 33], "uv_size": [4, 1]},
								"up": {"uv": [22, 57], "uv_size": [1, 4]},
								"down": {"uv": [23, 61], "uv_size": [1, -4]}
							}
						},
						{
							"origin": [-0.2343, -1.87592, 6.58534],
							"size": [0.4026, 0.33, 0.792],
							"pivot": [-0.429, -1.61192, 6.71734],
							"rotation": [-71, 0, 0],
							"uv": {
								"north": {"uv": [5, 68], "uv_size": [1, 1]},
								"east": {"uv": [65, 51], "uv_size": [2, 1]},
								"south": {"uv": [68, 5], "uv_size": [1, 1]},
								"west": {"uv": [65, 56], "uv_size": [2, 1]},
								"up": {"uv": [55, 65], "uv_size": [1, 2]},
								"down": {"uv": [65, 60], "uv_size": [1, -2]}
							}
						},
						{
							"origin": [-0.2343, -2.04558, 5.8289],
							"size": [0.4026, 0.33, 1.353],
							"pivot": [-0.429, -1.78158, 6.5219],
							"rotation": [-48.5, 0, 0],
							"uv": {
								"north": {"uv": [6, 68], "uv_size": [1, 1]},
								"east": {"uv": [60, 51], "uv_size": [4, 1]},
								"south": {"uv": [68, 6], "uv_size": [1, 1]},
								"west": {"uv": [60, 52], "uv_size": [4, 1]},
								"up": {"uv": [58, 60], "uv_size": [1, 4]},
								"down": {"uv": [59, 64], "uv_size": [1, -4]}
							}
						},
						{
							"origin": [-0.2343, -1.64492, 5.39734],
							"size": [0.4026, 0.33, 0.792],
							"pivot": [-0.429, -1.38092, 5.52934],
							"rotation": [-66, 0, 0],
							"uv": {
								"north": {"uv": [3, 67], "uv_size": [1, 1]},
								"east": {"uv": [63, 54], "uv_size": [2, 1]},
								"south": {"uv": [67, 3], "uv_size": [1, 1]},
								"west": {"uv": [61, 63], "uv_size": [2, 1]},
								"up": {"uv": [63, 63], "uv_size": [1, 2]},
								"down": {"uv": [5, 66], "uv_size": [1, -2]}
							}
						},
						{
							"origin": [-0.2343, -1.64958, 3.6179],
							"size": [0.4026, 0.33, 1.188],
							"pivot": [-0.429, -1.38558, 4.1459],
							"rotation": [-43.5, 0, 0],
							"uv": {
								"north": {"uv": [4, 67], "uv_size": [1, 1]},
								"east": {"uv": [56, 38], "uv_size": [4, 1]},
								"south": {"uv": [6, 67], "uv_size": [1, 1]},
								"west": {"uv": [57, 20], "uv_size": [4, 1]},
								"up": {"uv": [57, 23], "uv_size": [1, 4]},
								"down": {"uv": [24, 61], "uv_size": [1, -4]}
							}
						},
						{
							"origin": [-0.2343, -1.47992, 4.34134],
							"size": [0.4026, 0.33, 0.66],
							"pivot": [-0.429, -1.21592, 4.34134],
							"rotation": [-66, 0, 0],
							"uv": {
								"north": {"uv": [7, 67], "uv_size": [1, 1]},
								"east": {"uv": [6, 64], "uv_size": [2, 1]},
								"south": {"uv": [8, 67], "uv_size": [1, 1]},
								"west": {"uv": [64, 10], "uv_size": [2, 1]},
								"up": {"uv": [64, 11], "uv_size": [1, 2]},
								"down": {"uv": [64, 15], "uv_size": [1, -2]}
							}
						},
						{
							"origin": [-0.2343, -1.58358, 2.4959],
							"size": [0.4026, 0.33, 1.188],
							"pivot": [-0.429, -1.31958, 3.0239],
							"rotation": [-43.5, 0, 0],
							"uv": {
								"north": {"uv": [9, 67], "uv_size": [1, 1]},
								"east": {"uv": [57, 31], "uv_size": [4, 1]},
								"south": {"uv": [10, 67], "uv_size": [1, 1]},
								"west": {"uv": [57, 32], "uv_size": [4, 1]},
								"up": {"uv": [25, 57], "uv_size": [1, 4]},
								"down": {"uv": [26, 61], "uv_size": [1, -4]}
							}
						},
						{
							"origin": [-0.2343, -1.41392, 3.21934],
							"size": [0.4026, 0.33, 0.66],
							"pivot": [-0.429, -1.14992, 3.21934],
							"rotation": [-66, 0, 0],
							"uv": {
								"north": {"uv": [11, 67], "uv_size": [1, 1]},
								"east": {"uv": [64, 15], "uv_size": [2, 1]},
								"south": {"uv": [67, 11], "uv_size": [1, 1]},
								"west": {"uv": [64, 16], "uv_size": [2, 1]},
								"up": {"uv": [64, 17], "uv_size": [1, 2]},
								"down": {"uv": [64, 21], "uv_size": [1, -2]}
							}
						},
						{
							"origin": [-0.2343, -1.45158, 1.3079],
							"size": [0.4026, 0.33, 1.188],
							"pivot": [-0.429, -1.18758, 1.8359],
							"rotation": [-43.5, 0, 0],
							"uv": {
								"north": {"uv": [12, 67], "uv_size": [1, 1]},
								"east": {"uv": [57, 39], "uv_size": [4, 1]},
								"south": {"uv": [13, 67], "uv_size": [1, 1]},
								"west": {"uv": [57, 40], "uv_size": [4, 1]},
								"up": {"uv": [27, 57], "uv_size": [1, 4]},
								"down": {"uv": [57, 45], "uv_size": [1, -4]}
							}
						},
						{
							"origin": [-0.2343, -1.28192, 2.03134],
							"size": [0.4026, 0.33, 0.66],
							"pivot": [-0.429, -1.01792, 2.03134],
							"rotation": [-66, 0, 0],
							"uv": {
								"north": {"uv": [67, 14], "uv_size": [1, 1]},
								"east": {"uv": [64, 21], "uv_size": [2, 1]},
								"south": {"uv": [16, 67], "uv_size": [1, 1]},
								"west": {"uv": [64, 22], "uv_size": [2, 1]},
								"up": {"uv": [64, 23], "uv_size": [1, 2]},
								"down": {"uv": [64, 27], "uv_size": [1, -2]}
							}
						},
						{
							"origin": [-0.2343, -1.31958, 0.1859],
							"size": [0.4026, 0.33, 1.188],
							"pivot": [-0.429, -1.05558, 0.7139],
							"rotation": [-43.5, 0, 0],
							"uv": {
								"north": {"uv": [17, 67], "uv_size": [1, 1]},
								"east": {"uv": [57, 45], "uv_size": [4, 1]},
								"south": {"uv": [67, 17], "uv_size": [1, 1]},
								"west": {"uv": [57, 46], "uv_size": [4, 1]},
								"up": {"uv": [49, 57], "uv_size": [1, 4]},
								"down": {"uv": [50, 61], "uv_size": [1, -4]}
							}
						},
						{
							"origin": [-0.2343, -1.14992, 0.90934],
							"size": [0.4026, 0.33, 0.66],
							"pivot": [-0.429, -0.88592, 0.90934],
							"rotation": [-66, 0, 0],
							"uv": {
								"north": {"uv": [18, 67], "uv_size": [1, 1]},
								"east": {"uv": [64, 27], "uv_size": [2, 1]},
								"south": {"uv": [19, 67], "uv_size": [1, 1]},
								"west": {"uv": [64, 28], "uv_size": [2, 1]},
								"up": {"uv": [29, 64], "uv_size": [1, 2]},
								"down": {"uv": [30, 66], "uv_size": [1, -2]}
							}
						},
						{
							"origin": [-0.2343, -1.18758, -1.0021],
							"size": [0.4026, 0.33, 1.188],
							"pivot": [-0.429, -0.92358, -0.4741],
							"rotation": [-43.5, 0, 0],
							"uv": {
								"north": {"uv": [67, 20], "uv_size": [1, 1]},
								"east": {"uv": [55, 57], "uv_size": [4, 1]},
								"south": {"uv": [22, 67], "uv_size": [1, 1]},
								"west": {"uv": [58, 0], "uv_size": [4, 1]},
								"up": {"uv": [51, 57], "uv_size": [1, 4]},
								"down": {"uv": [52, 61], "uv_size": [1, -4]}
							}
						},
						{
							"origin": [-0.2343, -1.01792, -0.27866],
							"size": [0.4026, 0.33, 0.66],
							"pivot": [-0.429, -0.75392, -0.27866],
							"rotation": [-66, 0, 0],
							"uv": {
								"north": {"uv": [23, 67], "uv_size": [1, 1]},
								"east": {"uv": [64, 30], "uv_size": [2, 1]},
								"south": {"uv": [67, 23], "uv_size": [1, 1]},
								"west": {"uv": [64, 31], "uv_size": [2, 1]},
								"up": {"uv": [33, 64], "uv_size": [1, 2]},
								"down": {"uv": [34, 66], "uv_size": [1, -2]}
							}
						},
						{
							"origin": [-0.2343, -1.05558, -2.1241],
							"size": [0.4026, 0.33, 1.188],
							"pivot": [-0.429, -0.79158, -1.5961],
							"rotation": [-43.5, 0, 0],
							"uv": {
								"north": {"uv": [26, 67], "uv_size": [1, 1]},
								"east": {"uv": [58, 1], "uv_size": [4, 1]},
								"south": {"uv": [67, 26], "uv_size": [1, 1]},
								"west": {"uv": [58, 2], "uv_size": [4, 1]},
								"up": {"uv": [0, 58], "uv_size": [1, 4]},
								"down": {"uv": [1, 62], "uv_size": [1, -4]}
							}
						},
						{
							"origin": [-0.2343, -0.88592, -1.40066],
							"size": [0.4026, 0.33, 0.66],
							"pivot": [-0.429, -0.62192, -1.40066],
							"rotation": [-66, 0, 0],
							"uv": {
								"north": {"uv": [27, 67], "uv_size": [1, 1]},
								"east": {"uv": [64, 34], "uv_size": [2, 1]},
								"south": {"uv": [28, 67], "uv_size": [1, 1]},
								"west": {"uv": [35, 64], "uv_size": [2, 1]},
								"up": {"uv": [64, 35], "uv_size": [1, 2]},
								"down": {"uv": [37, 66], "uv_size": [1, -2]}
							}
						},
						{
							"origin": [-0.2343, -2.17758, 7.1159],
							"size": [0.4026, 0.33, 1.122],
							"pivot": [-0.429, -1.91358, 7.5779],
							"rotation": [-43.5, 0, 0],
							"uv": {
								"north": {"uv": [64, 66], "uv_size": [1, 1]},
								"east": {"uv": [61, 36], "uv_size": [3, 1]},
								"south": {"uv": [65, 66], "uv_size": [1, 1]},
								"west": {"uv": [62, 3], "uv_size": [3, 1]},
								"up": {"uv": [1, 62], "uv_size": [1, 3]},
								"down": {"uv": [2, 65], "uv_size": [1, -3]}
							}
						},
						{
							"origin": [-0.2343, -2.00792, 7.77334],
							"size": [0.4026, 0.33, 0.66],
							"pivot": [-0.429, -1.74392, 7.77334],
							"rotation": [-66, 0, 0],
							"uv": {
								"north": {"uv": [66, 66], "uv_size": [1, 1]},
								"east": {"uv": [63, 48], "uv_size": [2, 1]},
								"south": {"uv": [0, 67], "uv_size": [1, 1]},
								"west": {"uv": [63, 49], "uv_size": [2, 1]},
								"up": {"uv": [55, 63], "uv_size": [1, 2]},
								"down": {"uv": [63, 59], "uv_size": [1, -2]}
							}
						},
						{
							"origin": [-0.2343, -2.30958, 8.3039],
							"size": [0.4026, 0.33, 1.122],
							"pivot": [-0.429, -2.04558, 8.7659],
							"rotation": [-43.5, 0, 0],
							"uv": {
								"north": {"uv": [60, 66], "uv_size": [1, 1]},
								"east": {"uv": [61, 22], "uv_size": [3, 1]},
								"south": {"uv": [61, 66], "uv_size": [1, 1]},
								"west": {"uv": [61, 27], "uv_size": [3, 1]},
								"up": {"uv": [0, 62], "uv_size": [1, 3]},
								"down": {"uv": [62, 3], "uv_size": [1, -3]}
							}
						},
						{
							"origin": [-0.23595, -2.54058, 9.0959],
							"size": [0.4059, 0.528, 1.32],
							"pivot": [-0.528, -2.27658, 9.7559],
							"rotation": [-63.5, 0, 0],
							"uv": {
								"north": {"uv": [25, 63], "uv_size": [1, 2]},
								"east": {"uv": [53, 4], "uv_size": [4, 2]},
								"south": {"uv": [26, 63], "uv_size": [1, 2]},
								"west": {"uv": [53, 8], "uv_size": [4, 2]},
								"up": {"uv": [20, 57], "uv_size": [1, 4]},
								"down": {"uv": [21, 61], "uv_size": [1, -4]}
							}
						},
						{
							"origin": [-0.23595, -1.81458, 6.1259],
							"size": [0.4059, 0.528, 1.32],
							"pivot": [-0.528, -1.55058, 6.7859],
							"rotation": [-28.5, 0, 0],
							"uv": {
								"north": {"uv": [23, 63], "uv_size": [1, 2]},
								"east": {"uv": [53, 0], "uv_size": [4, 2]},
								"south": {"uv": [24, 63], "uv_size": [1, 2]},
								"west": {"uv": [53, 2], "uv_size": [4, 2]},
								"up": {"uv": [57, 6], "uv_size": [1, 4]},
								"down": {"uv": [57, 20], "uv_size": [1, -4]}
							}
						},
						{
							"origin": [-0.23626, -2.96171, 9.82863],
							"size": [0.40652, 1.51532, 0.52532],
							"inflate": 0.002,
							"pivot": [-0.495, -2.76505, 9.56329],
							"rotation": [-3.5, 0, 0],
							"uv": {
								"north": {"uv": [41, 55], "uv_size": [1, 5]},
								"east": {"uv": [50, 22], "uv_size": [2, 5]},
								"south": {"uv": [42, 55], "uv_size": [1, 5]},
								"west": {"uv": [50, 38], "uv_size": [2, 5]},
								"up": {"uv": [27, 63], "uv_size": [1, 2]},
								"down": {"uv": [28, 65], "uv_size": [1, -2]}
							}
						},
						{
							"origin": [-0.2376, -2.23705, 7.18729],
							"size": [0.4092, 0.528, 2.64],
							"pivot": [-0.429, -3.02905, 9.49729],
							"rotation": [-3.5, 0, 0],
							"uv": {
								"north": {"uv": [63, 20], "uv_size": [1, 2]},
								"east": {"uv": [45, 28], "uv_size": [8, 2]},
								"south": {"uv": [21, 63], "uv_size": [1, 2]},
								"west": {"uv": [45, 36], "uv_size": [8, 2]},
								"up": {"uv": [37, 51], "uv_size": [1, 8]},
								"down": {"uv": [48, 60], "uv_size": [1, -8]}
							}
						},
						{
							"origin": [-0.2343, -1.24705, -0.73271],
							"size": [0.4026, 0.396, 5.346],
							"pivot": [-0.429, -2.17105, 4.08529],
							"rotation": [-5.5, 0, 0],
							"uv": {
								"north": {"uv": [4, 68], "uv_size": [1, 1]},
								"east": {"uv": [40, 33], "uv_size": [16, 1]},
								"south": {"uv": [68, 4], "uv_size": [1, 1]},
								"west": {"uv": [45, 30], "uv_size": [16, 1]},
								"up": {"uv": [28, 45], "uv_size": [1, 16]},
								"down": {"uv": [29, 61], "uv_size": [1, -16]}
							}
						},
						{
							"origin": [-0.2376, -1.70905, 1.31329],
							"size": [0.4092, 0.528, 8.976],
							"pivot": [-0.429, -2.50105, 9.49729],
							"rotation": [-3.5, 0, 0],
							"uv": {
								"north": {"uv": [11, 63], "uv_size": [1, 2]},
								"east": {"uv": [27, 16], "uv_size": [27, 2]},
								"south": {"uv": [12, 63], "uv_size": [1, 2]},
								"west": {"uv": [27, 18], "uv_size": [27, 2]},
								"up": {"uv": [18, 40], "uv_size": [1, 27]},
								"down": {"uv": [19, 67], "uv_size": [1, -27]}
							}
						},
						{
							"origin": [-0.231, -2.89705, 1.31329],
							"size": [0.396, 1.386, 8.844],
							"pivot": [-0.495, -2.89705, 9.49729],
							"rotation": [-5, 0, 0],
							"uv": {
								"north": {"uv": [48, 0], "uv_size": [1, 4]},
								"east": {"uv": [0, 12], "uv_size": [27, 4]},
								"south": {"uv": [44, 56], "uv_size": [1, 4]},
								"west": {"uv": [0, 16], "uv_size": [27, 4]},
								"up": {"uv": [16, 40], "uv_size": [1, 27]},
								"down": {"uv": [17, 67], "uv_size": [1, -27]}
							}
						},
						{
							"origin": [-0.363, -3.06205, 11.67529],
							"size": [0.66, 1.881, 6.369],
							"uv": {
								"north": {"uv": [44, 46], "uv_size": [2, 6]},
								"east": {"uv": [0, 0], "uv_size": [19, 6]},
								"south": {"uv": [47, 46], "uv_size": [2, 6]},
								"west": {"uv": [0, 6], "uv_size": [19, 6]},
								"up": {"uv": [10, 40], "uv_size": [2, 19]},
								"down": {"uv": [12, 59], "uv_size": [2, -19]}
							}
						},
						{
							"origin": [-0.3826, -3.05286, 22.63583],
							"size": [0.6992, 1.4252, 0.3032],
							"inflate": 0.02,
							"uv": {
								"north": {"uv": [43, 22], "uv_size": [2, 4]},
								"east": {"uv": [60, 60], "uv_size": [1, 4]},
								"south": {"uv": [3, 53], "uv_size": [2, 4]},
								"west": {"uv": [3, 61], "uv_size": [1, 4]},
								"up": {"uv": [61, 65], "uv_size": [2, 1]},
								"down": {"uv": [65, 62], "uv_size": [2, -1]}
							}
						},
						{
							"origin": [-0.396, -2.87191, 19.7582],
							"size": [0.726, 1.485, 3.135],
							"pivot": [-0.495, -2.11291, 20.3192],
							"rotation": [-5, 0, 0],
							"uv": {
								"north": {"uv": [52, 20], "uv_size": [2, 5]},
								"east": {"uv": [28, 20], "uv_size": [10, 5]},
								"south": {"uv": [52, 38], "uv_size": [2, 5]},
								"west": {"uv": [28, 25], "uv_size": [10, 5]},
								"up": {"uv": [15, 24], "uv_size": [2, 10]},
								"down": {"uv": [0, 51], "uv_size": [2, -10]}
							}
						},
						{
							"origin": [-0.36434, -3.18326, 19.63057],
							"size": [0.66268, 1.32268, 3.30268],
							"inflate": -0.002,
							"pivot": [-0.495, -2.65392, 20.29191],
							"rotation": [2.5, 0, 0],
							"uv": {
								"north": {"uv": [13, 30], "uv_size": [2, 4]},
								"east": {"uv": [0, 37], "uv_size": [10, 4]},
								"south": {"uv": [38, 26], "uv_size": [2, 4]},
								"west": {"uv": [38, 0], "uv_size": [10, 4]},
								"up": {"uv": [2, 41], "uv_size": [2, 10]},
								"down": {"uv": [4, 51], "uv_size": [2, -10]}
							}
						},
						{
							"origin": [-0.363, -2.91109, 17.88663],
							"size": [0.66, 1.881, 1.782],
							"pivot": [-0.495, -2.91109, 16.23663],
							"rotation": [-5, 0, 0],
							"uv": {
								"north": {"uv": [48, 22], "uv_size": [2, 6]},
								"east": {"uv": [10, 24], "uv_size": [5, 6]},
								"south": {"uv": [49, 0], "uv_size": [2, 6]},
								"west": {"uv": [38, 20], "uv_size": [5, 6]},
								"up": {"uv": [51, 0], "uv_size": [2, 5]},
								"down": {"uv": [35, 56], "uv_size": [2, -5]}
							}
						},
						{
							"origin": [-0.36795, -1.78909, 22.93563],
							"size": [0.6633, 0.198, 1.023],
							"uv": {
								"north": {"uv": [65, 62], "uv_size": [2, 1]},
								"east": {"uv": [62, 8], "uv_size": [3, 1]},
								"south": {"uv": [63, 65], "uv_size": [2, 1]},
								"west": {"uv": [62, 9], "uv_size": [3, 1]},
								"up": {"uv": [54, 20], "uv_size": [2, 3]},
								"down": {"uv": [54, 39], "uv_size": [2, -3]}
							}
						},
						{
							"origin": [-0.363, -3.02637, 22.94194],
							"size": [0.627, 1.254, 0.462],
							"uv": {
								"north": {"uv": [53, 52], "uv_size": [2, 4]},
								"east": {"uv": [4, 61], "uv_size": [1, 4]},
								"south": {"uv": [54, 16], "uv_size": [2, 4]},
								"west": {"uv": [22, 61], "uv_size": [1, 4]},
								"up": {"uv": [1, 66], "uv_size": [2, 1]},
								"down": {"uv": [66, 2], "uv_size": [2, -1]}
							}
						},
						{
							"origin": [-0.3696, -1.98709, 23.23263],
							"size": [0.6666, 0.396, 0.726],
							"pivot": [-0.495, -1.59109, 23.95863],
							"rotation": [17.5, 0, 0],
							"uv": {
								"north": {"uv": [65, 63], "uv_size": [2, 1]},
								"east": {"uv": [65, 64], "uv_size": [2, 1]},
								"south": {"uv": [65, 65], "uv_size": [2, 1]},
								"west": {"uv": [66, 0], "uv_size": [2, 1]},
								"up": {"uv": [61, 10], "uv_size": [2, 2]},
								"down": {"uv": [61, 14], "uv_size": [2, -2]}
							}
						},
						{
							"origin": [-0.3729, -3.22276, 23.31871],
							"size": [0.6666, 1.254, 0.759],
							"pivot": [-0.495, -1.96876, 24.07771],
							"rotation": [-32.5, 0, 0],
							"uv": {
								"north": {"uv": [20, 53], "uv_size": [2, 4]},
								"east": {"uv": [22, 53], "uv_size": [2, 4]},
								"south": {"uv": [24, 53], "uv_size": [2, 4]},
								"west": {"uv": [26, 53], "uv_size": [2, 4]},
								"up": {"uv": [20, 61], "uv_size": [2, 2]},
								"down": {"uv": [61, 22], "uv_size": [2, -2]}
							}
						},
						{
							"origin": [-0.297, -3.12805, 13.85329],
							"size": [0.528, 0.33, 0.396],
							"uv": {
								"north": {"uv": [66, 2], "uv_size": [2, 1]},
								"east": {"uv": [7, 68], "uv_size": [1, 1]},
								"south": {"uv": [3, 66], "uv_size": [2, 1]},
								"west": {"uv": [68, 7], "uv_size": [1, 1]},
								"up": {"uv": [66, 4], "uv_size": [2, 1]},
								"down": {"uv": [66, 6], "uv_size": [2, -1]}
							}
						},
						{
							"origin": [-0.297, -3.21121, 14.15496],
							"size": [0.528, 0.33, 0.726],
							"pivot": [-0.495, -3.27721, 14.68296],
							"rotation": [-10, 0, 0],
							"uv": {
								"north": {"uv": [66, 6], "uv_size": [2, 1]},
								"east": {"uv": [7, 66], "uv_size": [2, 1]},
								"south": {"uv": [66, 7], "uv_size": [2, 1]},
								"west": {"uv": [66, 8], "uv_size": [2, 1]},
								"up": {"uv": [23, 61], "uv_size": [2, 2]},
								"down": {"uv": [25, 63], "uv_size": [2, -2]}
							}
						},
						{
							"origin": [-0.297, -1.37905, 12.83029],
							"size": [0.528, 0.33, 0.594],
							"pivot": [-0.495, -1.04905, 13.16029],
							"rotation": [-25, 0, 0],
							"uv": {
								"north": {"uv": [66, 9], "uv_size": [2, 1]},
								"east": {"uv": [10, 66], "uv_size": [2, 1]},
								"south": {"uv": [66, 10], "uv_size": [2, 1]},
								"west": {"uv": [66, 12], "uv_size": [2, 1]},
								"up": {"uv": [27, 61], "uv_size": [2, 2]},
								"down": {"uv": [29, 63], "uv_size": [2, -2]}
							}
						},
						{
							"origin": [-0.297, -1.35116, 12.29195],
							"size": [0.528, 0.33, 0.594],
							"pivot": [-0.495, -1.02116, 12.62195],
							"rotation": [25, 0, 0],
							"uv": {
								"north": {"uv": [66, 13], "uv_size": [2, 1]},
								"east": {"uv": [66, 15], "uv_size": [2, 1]},
								"south": {"uv": [66, 16], "uv_size": [2, 1]},
								"west": {"uv": [66, 18], "uv_size": [2, 1]},
								"up": {"uv": [61, 30], "uv_size": [2, 2]},
								"down": {"uv": [31, 63], "uv_size": [2, -2]}
							}
						},
						{
							"origin": [-0.561, -3.14787, 13.50075],
							"size": [1.056, 0.66, 0.264],
							"pivot": [0.099, -3.80787, 13.76475],
							"rotation": [-7.5, 0, 0],
							"uv": {
								"north": {"uv": [54, 41], "uv_size": [3, 2]},
								"east": {"uv": [5, 66], "uv_size": [1, 2]},
								"south": {"uv": [43, 54], "uv_size": [3, 2]},
								"west": {"uv": [20, 66], "uv_size": [1, 2]},
								"up": {"uv": [62, 43], "uv_size": [3, 1]},
								"down": {"uv": [62, 45], "uv_size": [3, -1]}
							}
						},
						{
							"origin": [-0.561, -3.14787, 13.10475],
							"size": [1.056, 0.33, 0.396],
							"pivot": [0.099, -3.80787, 13.76475],
							"rotation": [-7.5, 0, 0],
							"uv": {
								"north": {"uv": [62, 55], "uv_size": [3, 1]},
								"east": {"uv": [9, 68], "uv_size": [1, 1]},
								"south": {"uv": [62, 56], "uv_size": [3, 1]},
								"west": {"uv": [68, 9], "uv_size": [1, 1]},
								"up": {"uv": [62, 60], "uv_size": [3, 1]},
								"down": {"uv": [62, 62], "uv_size": [3, -1]}
							}
						},
						{
							"origin": [-0.561, -3.15351, 13.0589],
							"size": [1.056, 0.132, 0.792],
							"uv": {
								"north": {"uv": [62, 62], "uv_size": [3, 1]},
								"east": {"uv": [66, 22], "uv_size": [2, 1]},
								"south": {"uv": [63, 0], "uv_size": [3, 1]},
								"west": {"uv": [66, 24], "uv_size": [2, 1]},
								"up": {"uv": [55, 47], "uv_size": [3, 2]},
								"down": {"uv": [55, 51], "uv_size": [3, -2]}
							}
						},
						{
							"origin": [-0.429, -3.28551, 13.0589],
							"size": [0.792, 0.132, 0.792],
							"uv": {
								"north": {"uv": [66, 25], "uv_size": [2, 1]},
								"east": {"uv": [27, 66], "uv_size": [2, 1]},
								"south": {"uv": [66, 27], "uv_size": [2, 1]},
								"west": {"uv": [66, 28], "uv_size": [2, 1]},
								"up": {"uv": [61, 32], "uv_size": [2, 2]},
								"down": {"uv": [61, 36], "uv_size": [2, -2]}
							}
						},
						{
							"origin": [-0.55516, -3.27225, 13.0589],
							"size": [0.198, 0.33, 0.792],
							"pivot": [-0.42316, -3.20625, 13.4549],
							"rotation": [0, 0, 47.5],
							"uv": {
								"north": {"uv": [10, 68], "uv_size": [1, 1]},
								"east": {"uv": [66, 19], "uv_size": [2, 1]},
								"south": {"uv": [68, 10], "uv_size": [1, 1]},
								"west": {"uv": [66, 21], "uv_size": [2, 1]},
								"up": {"uv": [21, 66], "uv_size": [1, 2]},
								"down": {"uv": [24, 68], "uv_size": [1, -2]}
							}
						},
						{
							"origin": [0.29293, -3.25827, 13.0589],
							"size": [0.198, 0.33, 0.792],
							"pivot": [0.35893, -3.19227, 13.4549],
							"rotation": [0, 0, -47.5],
							"uv": {
								"north": {"uv": [11, 68], "uv_size": [1, 1]},
								"east": {"uv": [29, 66], "uv_size": [2, 1]},
								"south": {"uv": [68, 11], "uv_size": [1, 1]},
								"west": {"uv": [66, 30], "uv_size": [2, 1]},
								"up": {"uv": [25, 66], "uv_size": [1, 2]},
								"down": {"uv": [33, 68], "uv_size": [1, -2]}
							}
						},
						{
							"origin": [-0.5709, -2.83785, 11.97936],
							"size": [1.0626, 0.792, 1.056],
							"pivot": [0.099, -3.43185, 12.90336],
							"rotation": [-42.5, 0, 0],
							"uv": {
								"north": {"uv": [54, 6], "uv_size": [3, 2]},
								"east": {"uv": [54, 23], "uv_size": [3, 2]},
								"south": {"uv": [54, 31], "uv_size": [3, 2]},
								"west": {"uv": [54, 39], "uv_size": [3, 2]},
								"up": {"uv": [50, 52], "uv_size": [3, 3]},
								"down": {"uv": [0, 56], "uv_size": [3, -3]}
							}
						},
						{
							"origin": [-0.5709, -2.40885, 11.88036],
							"size": [1.0626, 0.792, 0.792],
							"pivot": [-0.0396, -2.01285, 12.27636],
							"rotation": [-45, 0, 0],
							"uv": {
								"north": {"uv": [50, 55], "uv_size": [3, 2]},
								"east": {"uv": [61, 45], "uv_size": [2, 2]},
								"south": {"uv": [55, 51], "uv_size": [3, 2]},
								"west": {"uv": [61, 45], "uv_size": [2, 2]},
								"up": {"uv": [55, 53], "uv_size": [3, 2]},
								"down": {"uv": [55, 57], "uv_size": [3, -2]}
							}
						},
						{
							"origin": [-0.5709, -3.46485, 11.15436],
							"size": [1.0626, 0.792, 1.65],
							"pivot": [-0.0396, -3.06885, 12.14436],
							"rotation": [-35, 0, 0],
							"uv": {
								"north": {"uv": [0, 56], "uv_size": [3, 2]},
								"east": {"uv": [52, 43], "uv_size": [5, 2]},
								"south": {"uv": [56, 10], "uv_size": [3, 2]},
								"west": {"uv": [52, 45], "uv_size": [5, 2]},
								"up": {"uv": [30, 45], "uv_size": [3, 5]},
								"down": {"uv": [35, 51], "uv_size": [3, -5]}
							}
						},
						{
							"origin": [-0.627, -2.75772, 12.51879],
							"size": [0.198, 0.462, 0.726],
							"pivot": [-0.528, -2.55972, 12.81579],
							"rotation": [-52.12711, 28.93057, 20.61737],
							"uv": {
								"north": {"uv": [21, 68], "uv_size": [1, 1]},
								"east": {"uv": [39, 66], "uv_size": [2, 1]},
								"south": {"uv": [68, 21], "uv_size": [1, 1]},
								"west": {"uv": [66, 40], "uv_size": [2, 1]},
								"up": {"uv": [41, 66], "uv_size": [1, 2]},
								"down": {"uv": [42, 68], "uv_size": [1, -2]}
							}
						},
						{
							"origin": [0.429, -2.75772, 12.51879],
							"size": [0.198, 0.462, 0.726],
							"pivot": [0.528, -2.55972, 12.81579],
							"rotation": [-52.12711, -28.93057, -20.61737],
							"uv": {
								"north": {"uv": [20, 68], "uv_size": [1, 1]},
								"east": {"uv": [37, 66], "uv_size": [2, 1]},
								"south": {"uv": [68, 20], "uv_size": [1, 1]},
								"west": {"uv": [66, 37], "uv_size": [2, 1]},
								"up": {"uv": [34, 66], "uv_size": [1, 2]},
								"down": {"uv": [66, 40], "uv_size": [1, -2]}
							}
						},
						{
							"origin": [-0.297, -1.37905, 13.16029],
							"size": [0.528, 0.33, 0.792],
							"uv": {
								"north": {"uv": [66, 31], "uv_size": [2, 1]},
								"east": {"uv": [66, 34], "uv_size": [2, 1]},
								"south": {"uv": [66, 35], "uv_size": [2, 1]},
								"west": {"uv": [66, 36], "uv_size": [2, 1]},
								"up": {"uv": [35, 61], "uv_size": [2, 2]},
								"down": {"uv": [61, 41], "uv_size": [2, -2]}
							}
						},
						{
							"origin": [-0.561, -3.09042, 13.08433],
							"size": [1.056, 0.396, 0.462],
							"pivot": [0.099, -2.72742, 13.31533],
							"rotation": [-62.5, 0, 0],
							"uv": {
								"north": {"uv": [62, 29], "uv_size": [3, 1]},
								"east": {"uv": [8, 68], "uv_size": [1, 1]},
								"south": {"uv": [38, 62], "uv_size": [3, 1]},
								"west": {"uv": [68, 8], "uv_size": [1, 1]},
								"up": {"uv": [62, 41], "uv_size": [3, 1]},
								"down": {"uv": [62, 43], "uv_size": [3, -1]}
							}
						}
					]
				},
				{
					"name": "constraint",
					"pivot": [-0.01558, 8.125, 1.9375]
				},
				{
					"name": "camera",
					"pivot": [3.4563, 3.4656, -0.7687]
				},
				{
					"name": "view",
					"pivot": [0, 0, 0]
				},
				{
					"name": "refit_view",
					"parent": "view",
					"pivot": [22.475, 5.55, 0.2],
					"rotation": [0, 90, 0]
				},
				{
					"name": "idle_view",
					"parent": "view",
					"pivot": [3, -0.57812, -4.06507],
					"rotation": [0, -1, 0]
				},
				{
					"name": "positioning",
					"pivot": [-0.01558, 4.125, 4.9375]
				},
				{
					"name": "ground",
					"parent": "positioning",
					"pivot": [0, 0, 0]
				},
				{
					"name": "thirdperson_hand",
					"parent": "positioning",
					"pivot": [-0.01558, 6.125, -2.0625]
				},
				{
					"name": "fixed",
					"parent": "positioning",
					"pivot": [0.79692, 5.125, -1.0625],
					"rotation": [0, 90, 0]
				}
			]
		}
	]
}