{
	"format_version": "1.12.0",
	"minecraft:geometry": [
		{
			"description": {
				"identifier": "geometry.hk_mp5a5 - Converted",
				"texture_width": 64,
				"texture_height": 64,
				"visible_bounds_width": 5,
				"visible_bounds_height": 4,
				"visible_bounds_offset": [0, 1, 0]
			},
			"bones": [
				{
					"name": "root",
					"pivot": [0, 10.4234, -1.1828]
				},
				{
					"name": "knife_and_righthand",
					"parent": "root",
					"pivot": [0, 2.4957, -1.0597]
				},
				{
					"name": "righthand",
					"parent": "knife_and_righthand",
					"pivot": [6, 19, 0]
				},
				{
					"name": "righthand_pos",
					"parent": "righthand",
					"pivot": [0, 8, 0.25],
					"cubes": [
						{
							"origin": [4, 8, -1.75],
							"size": [4, 12, 4],
							"uv": {
								"north": {"uv": [0, 0], "uv_size": [4, 12]},
								"east": {"uv": [4, 0], "uv_size": [4, 12]},
								"south": {"uv": [8, 0], "uv_size": [4, 12]},
								"west": {"uv": [0, 12], "uv_size": [4, 12]},
								"up": {"uv": [16, 0], "uv_size": [4, 4]},
								"down": {"uv": [16, 8], "uv_size": [4, -4]}
							}
						}
					]
				},
				{
					"name": "weapon",
					"parent": "knife_and_righthand",
					"pivot": [0, 2.49574, -1.05967],
					"rotation": [-90, 0, 0],
					"cubes": [
						{
							"origin": [-0.125, 2, -7.75],
							"size": [0.25, 0.9375, 4.5],
							"uv": {
								"north": {"uv": [24, 4], "uv_size": [0.25, 1]},
								"east": {"uv": [5, 4], "uv_size": [4.5, 1]},
								"south": {"uv": [4, 25], "uv_size": [0.25, 1]},
								"west": {"uv": [5, 5], "uv_size": [4.5, 1]},
								"up": {"uv": [4, 16], "uv_size": [0.25, 4.5]},
								"down": {"uv": [5, 20.5], "uv_size": [0.25, -4.5]}
							}
						},
						{
							"origin": [0, 1.8125, -7.78125],
							"size": [0, 0.1875, 4.53125],
							"uv": {
								"north": {"uv": [0, 0], "uv_size": [0, 0.25]},
								"east": {"uv": [15, 16], "uv_size": [4.5, 0.25]},
								"south": {"uv": [0, 0], "uv_size": [0, 0.25]},
								"west": {"uv": [17, 4], "uv_size": [4.5, 0.25]},
								"up": {"uv": [0, 0], "uv_size": [0, 4.5]},
								"down": {"uv": [0, 4.5], "uv_size": [0, -4.5]}
							}
						},
						{
							"origin": [-0.125, 2, -14.75],
							"size": [0.25, 0.9375, 7],
							"pivot": [0.03125, 2, -7.75],
							"rotation": [-2.5, 0, 0],
							"uv": {
								"north": {"uv": [25, 4], "uv_size": [0.25, 1]},
								"east": {"uv": [0, 0], "uv_size": [7, 1]},
								"south": {"uv": [25, 5], "uv_size": [0.25, 1]},
								"west": {"uv": [0, 1], "uv_size": [7, 1]},
								"up": {"uv": [4, 9], "uv_size": [0.25, 7]},
								"down": {"uv": [5, 16], "uv_size": [0.25, -7]}
							}
						},
						{
							"origin": [-0.125, 2.30534, -20.74334],
							"size": [0.25, 0.9375, 6],
							"pivot": [0.03125, 2.30534, -14.74334],
							"rotation": [-4.75, 0, 0],
							"uv": {
								"north": {"uv": [25, 6], "uv_size": [0.25, 1]},
								"east": {"uv": [0, 2], "uv_size": [6, 1]},
								"south": {"uv": [7, 25], "uv_size": [0.25, 1]},
								"west": {"uv": [0, 3], "uv_size": [6, 1]},
								"up": {"uv": [0, 11], "uv_size": [0.25, 6]},
								"down": {"uv": [1, 17], "uv_size": [0.25, -6]}
							}
						},
						{
							"origin": [-0.125, 2.80218, -25.47273],
							"size": [0.25, 0.9375, 4.75],
							"pivot": [0.03125, 2.80218, -20.72273],
							"rotation": [-6, 0, 0],
							"uv": {
								"north": {"uv": [25, 7], "uv_size": [0.25, 1]},
								"east": {"uv": [0, 4], "uv_size": [4.75, 1]},
								"south": {"uv": [8, 25], "uv_size": [0.25, 1]},
								"west": {"uv": [0, 5], "uv_size": [4.75, 1]},
								"up": {"uv": [14, 11], "uv_size": [0.25, 4.75]},
								"down": {"uv": [8, 19.75], "uv_size": [0.25, -4.75]}
							}
						},
						{
							"origin": [-0.125, 3.36468, -25.47273],
							"size": [0.25, 0.375, 4.75],
							"inflate": 0.001,
							"pivot": [0.03125, 2.80218, -20.72273],
							"rotation": [-6, 0, 0],
							"uv": {
								"north": {"uv": [18, 26], "uv_size": [0.25, 0.5]},
								"east": {"uv": [7, 0], "uv_size": [4.75, 0.5]},
								"south": {"uv": [26, 18], "uv_size": [0.25, 0.5]},
								"west": {"uv": [7, 1], "uv_size": [4.75, 0.5]},
								"up": {"uv": [9, 15], "uv_size": [0.25, 4.75]},
								"down": {"uv": [15, 13.75], "uv_size": [0.25, -4.75]}
							}
						},
						{
							"origin": [-0.125, 2.86784, -20.74334],
							"size": [0.25, 0.375, 6],
							"inflate": 0.001,
							"pivot": [0.03125, 2.30534, -14.74334],
							"rotation": [-4.75, 0, 0],
							"uv": {
								"north": {"uv": [19, 26], "uv_size": [0.25, 0.5]},
								"east": {"uv": [6, 3], "uv_size": [6, 0.5]},
								"south": {"uv": [26, 19], "uv_size": [0.25, 0.5]},
								"west": {"uv": [0, 7], "uv_size": [6, 0.5]},
								"up": {"uv": [2, 11], "uv_size": [0.25, 6]},
								"down": {"uv": [3, 17], "uv_size": [0.25, -6]}
							}
						},
						{
							"origin": [-0.125, 2.5625, -14.75],
							"size": [0.25, 0.375, 7],
							"inflate": 0.001,
							"pivot": [0.03125, 2, -7.75],
							"rotation": [-2.5, 0, 0],
							"uv": {
								"north": {"uv": [20, 26], "uv_size": [0.25, 0.5]},
								"east": {"uv": [0, 6], "uv_size": [7, 0.5]},
								"south": {"uv": [26, 20], "uv_size": [0.25, 0.5]},
								"west": {"uv": [6, 2], "uv_size": [7, 0.5]},
								"up": {"uv": [6, 9], "uv_size": [0.25, 7]},
								"down": {"uv": [7, 16], "uv_size": [0.25, -7]}
							}
						},
						{
							"origin": [-0.125, 2.5625, -7.75],
							"size": [0.25, 0.375, 4.5],
							"inflate": 0.001,
							"uv": {
								"north": {"uv": [21, 26], "uv_size": [0.25, 0.5]},
								"east": {"uv": [6, 7], "uv_size": [4.5, 0.5]},
								"south": {"uv": [26, 21], "uv_size": [0.25, 0.5]},
								"west": {"uv": [7, 6], "uv_size": [4.5, 0.5]},
								"up": {"uv": [6, 16], "uv_size": [0.25, 4.5]},
								"down": {"uv": [7, 20.5], "uv_size": [0.25, -4.5]}
							}
						},
						{
							"origin": [-0.125, 3.85606, -28.30224],
							"size": [0.25, 0.375, 2.95353],
							"inflate": 0.001,
							"pivot": [0.03125, 4.23106, -25.34871],
							"rotation": [-6.59933, 0, 0],
							"uv": {
								"north": {"uv": [22, 26], "uv_size": [0.25, 0.5]},
								"east": {"uv": [8, 11], "uv_size": [3, 0.5]},
								"south": {"uv": [26, 22], "uv_size": [0.25, 0.5]},
								"west": {"uv": [11, 11], "uv_size": [3, 0.5]},
								"up": {"uv": [2, 17], "uv_size": [0.25, 3]},
								"down": {"uv": [3, 20], "uv_size": [0.25, -3]}
							}
						},
						{
							"origin": [-0.125, 3.2987, -28.44671],
							"size": [0.25, 0.6875, 3],
							"pivot": [0.03125, 3.2987, -25.44671],
							"rotation": [-9, 0, 0],
							"uv": {
								"north": {"uv": [25, 24], "uv_size": [0.25, 0.75]},
								"east": {"uv": [0, 8], "uv_size": [3, 0.75]},
								"south": {"uv": [25, 25], "uv_size": [0.25, 0.75]},
								"west": {"uv": [3, 8], "uv_size": [3, 0.75]},
								"up": {"uv": [10, 17], "uv_size": [0.25, 3]},
								"down": {"uv": [11, 20], "uv_size": [0.25, -3]}
							}
						},
						{
							"origin": [-0.125, 4.19564, -29.45642],
							"size": [0.25, 0.375, 1.17283],
							"inflate": 0.001,
							"pivot": [0.03125, 4.58626, -28.28359],
							"rotation": [-3.75834, 0, 0],
							"uv": {
								"north": {"uv": [23, 26], "uv_size": [0.25, 0.5]},
								"east": {"uv": [15, 18], "uv_size": [1.25, 0.5]},
								"south": {"uv": [26, 23], "uv_size": [0.25, 0.5]},
								"west": {"uv": [17, 18], "uv_size": [1.25, 0.5]},
								"up": {"uv": [16, 23], "uv_size": [0.25, 1.25]},
								"down": {"uv": [17, 24.25], "uv_size": [0.25, -1.25]}
							}
						},
						{
							"origin": [-0.125, 3.768, -29.65977],
							"size": [0.25, 0.54687, 1.25],
							"pivot": [0.03125, 3.768, -28.40977],
							"rotation": [-16.5, 0, 0],
							"uv": {
								"north": {"uv": [24, 26], "uv_size": [0.25, 0.5]},
								"east": {"uv": [18, 17], "uv_size": [1.25, 0.5]},
								"south": {"uv": [26, 24], "uv_size": [0.25, 0.5]},
								"west": {"uv": [0, 19], "uv_size": [1.25, 0.5]},
								"up": {"uv": [18, 23], "uv_size": [0.25, 1.25]},
								"down": {"uv": [23, 19.25], "uv_size": [0.25, -1.25]}
							}
						},
						{
							"origin": [-0.125, 4.56925, -30.31901],
							"size": [0.25, 0.07812, 0.86603],
							"inflate": 0.001,
							"pivot": [0.03125, 4.64737, -29.45298],
							"rotation": [1.48224, 0, 0],
							"uv": {
								"north": {"uv": [12, 28], "uv_size": [0.25, 0.25]},
								"east": {"uv": [0, 26], "uv_size": [0.75, 0.25]},
								"south": {"uv": [28, 12], "uv_size": [0.25, 0.25]},
								"west": {"uv": [26, 0], "uv_size": [0.75, 0.25]},
								"up": {"uv": [1, 26], "uv_size": [0.25, 0.75]},
								"down": {"uv": [26, 1.75], "uv_size": [0.25, -0.75]}
							}
						},
						{
							"origin": [-0.125, 4.36612, -30.00651],
							"size": [0.25, 0.20313, 0.55353],
							"inflate": 0.001,
							"pivot": [0.03125, 4.64737, -29.45298],
							"rotation": [1.48224, 0, 0],
							"uv": {
								"north": {"uv": [13, 28], "uv_size": [0.25, 0.25]},
								"east": {"uv": [25, 26], "uv_size": [0.5, 0.25]},
								"south": {"uv": [28, 13], "uv_size": [0.25, 0.25]},
								"west": {"uv": [26, 25], "uv_size": [0.5, 0.25]},
								"up": {"uv": [26, 26], "uv_size": [0.25, 0.5]},
								"down": {"uv": [0, 27.5], "uv_size": [0.25, -0.5]}
							}
						},
						{
							"origin": [-0.125, 4.30362, -29.69401],
							"size": [0.25, 0.0625, 0.24103],
							"inflate": 0.001,
							"pivot": [0.03125, 4.64737, -29.45298],
							"rotation": [1.48224, 0, 0],
							"uv": {
								"north": {"uv": [14, 28], "uv_size": [0.25, 0.25]},
								"east": {"uv": [28, 14], "uv_size": [0.25, 0.25]},
								"south": {"uv": [15, 28], "uv_size": [0.25, 0.25]},
								"west": {"uv": [28, 15], "uv_size": [0.25, 0.25]},
								"up": {"uv": [16, 28], "uv_size": [0.25, 0.25]},
								"down": {"uv": [28, 16.25], "uv_size": [0.25, -0.25]}
							}
						},
						{
							"origin": [-0.125, 4.12302, -30.2333],
							"size": [0.25, 0.1875, 0.625],
							"pivot": [0.03125, 4.12302, -29.6083],
							"rotation": [-29, 0, 0],
							"uv": {
								"north": {"uv": [17, 28], "uv_size": [0.25, 0.25]},
								"east": {"uv": [2, 26], "uv_size": [0.75, 0.25]},
								"south": {"uv": [28, 17], "uv_size": [0.25, 0.25]},
								"west": {"uv": [26, 2], "uv_size": [0.75, 0.25]},
								"up": {"uv": [3, 26], "uv_size": [0.25, 0.75]},
								"down": {"uv": [26, 3.75], "uv_size": [0.25, -0.75]}
							}
						},
						{
							"origin": [-0.125, 4.42602, -30.40494],
							"size": [0.25, 0.0625, 0.25],
							"pivot": [0.03125, 4.42602, -30.15494],
							"rotation": [-36.5, 0, 0],
							"uv": {
								"north": {"uv": [18, 28], "uv_size": [0.25, 0.25]},
								"east": {"uv": [28, 18], "uv_size": [0.25, 0.25]},
								"south": {"uv": [19, 28], "uv_size": [0.25, 0.25]},
								"west": {"uv": [28, 19], "uv_size": [0.25, 0.25]},
								"up": {"uv": [20, 28], "uv_size": [0.25, 0.25]},
								"down": {"uv": [28, 20.25], "uv_size": [0.25, -0.25]}
							}
						},
						{
							"origin": [0, 1.8125, -14.75],
							"size": [0, 0.1875, 7.01563],
							"pivot": [0.15625, 2, -7.75],
							"rotation": [-2.5, 0, 0],
							"uv": {
								"north": {"uv": [0, 0], "uv_size": [0, 0.25]},
								"east": {"uv": [8, 9], "uv_size": [7, 0.25]},
								"south": {"uv": [0, 0], "uv_size": [0, 0.25]},
								"west": {"uv": [10, 4], "uv_size": [7, 0.25]},
								"up": {"uv": [0, 0], "uv_size": [0, 7]},
								"down": {"uv": [0, 7], "uv_size": [0, -7]}
							}
						},
						{
							"origin": [0, 2.11784, -20.74334],
							"size": [0, 0.1875, 6.01563],
							"pivot": [0.15625, 2.30534, -14.74334],
							"rotation": [-4.75, 0, 0],
							"uv": {
								"north": {"uv": [0, 0], "uv_size": [0, 0.25]},
								"east": {"uv": [12, 0], "uv_size": [6, 0.25]},
								"south": {"uv": [0, 0], "uv_size": [0, 0.25]},
								"west": {"uv": [12, 1], "uv_size": [6, 0.25]},
								"up": {"uv": [0, 0], "uv_size": [0, 6]},
								"down": {"uv": [0, 6], "uv_size": [0, -6]}
							}
						},
						{
							"origin": [0, 2.61468, -25.47273],
							"size": [0, 0.1875, 4.75],
							"pivot": [0.15625, 2.80218, -20.72273],
							"rotation": [-6, 0, 0],
							"uv": {
								"north": {"uv": [0, 0], "uv_size": [0, 0.25]},
								"east": {"uv": [15, 14], "uv_size": [4.75, 0.25]},
								"south": {"uv": [0, 0], "uv_size": [0, 0.25]},
								"west": {"uv": [15, 15], "uv_size": [4.75, 0.25]},
								"up": {"uv": [0, 0], "uv_size": [0, 4.75]},
								"down": {"uv": [0, 4.75], "uv_size": [0, -4.75]}
							}
						},
						{
							"origin": [0, 3.1112, -28.46233],
							"size": [0, 0.1875, 3.03125],
							"pivot": [0.15625, 3.2987, -25.44671],
							"rotation": [-9, 0, 0],
							"uv": {
								"north": {"uv": [0, 0], "uv_size": [0, 0.25]},
								"east": {"uv": [10, 15], "uv_size": [3, 0.25]},
								"south": {"uv": [0, 0], "uv_size": [0, 0.25]},
								"west": {"uv": [12, 17], "uv_size": [3, 0.25]},
								"up": {"uv": [0, 0], "uv_size": [0, 3]},
								"down": {"uv": [0, 3], "uv_size": [0, -3]}
							}
						},
						{
							"origin": [0, 3.5805, -29.69102],
							"size": [0, 0.1875, 1.29688],
							"pivot": [0.15625, 3.768, -28.40977],
							"rotation": [-16.5, 0, 0],
							"uv": {
								"north": {"uv": [0, 0], "uv_size": [0, 0.25]},
								"east": {"uv": [23, 10], "uv_size": [1.25, 0.25]},
								"south": {"uv": [0, 0], "uv_size": [0, 0.25]},
								"west": {"uv": [23, 13], "uv_size": [1.25, 0.25]},
								"up": {"uv": [0, 0], "uv_size": [0, 1.25]},
								"down": {"uv": [0, 1.25], "uv_size": [0, -1.25]}
							}
						},
						{
							"origin": [0, 3.93552, -30.26455],
							"size": [0, 0.1875, 0.67188],
							"pivot": [0.15625, 4.12302, -29.6083],
							"rotation": [-29, 0, 0],
							"uv": {
								"north": {"uv": [0, 0], "uv_size": [0, 0.25]},
								"east": {"uv": [4, 26], "uv_size": [0.75, 0.25]},
								"south": {"uv": [0, 0], "uv_size": [0, 0.25]},
								"west": {"uv": [26, 4], "uv_size": [0.75, 0.25]},
								"up": {"uv": [0, 0], "uv_size": [0, 0.75]},
								"down": {"uv": [0, 0.75], "uv_size": [0, -0.75]}
							}
						},
						{
							"origin": [0, 4.23852, -30.40494],
							"size": [0, 0.1875, 0.25],
							"pivot": [0.15625, 4.42602, -30.15494],
							"rotation": [-36.5, 0, 0],
							"uv": {
								"north": {"uv": [0, 0], "uv_size": [0, 0.25]},
								"east": {"uv": [21, 28], "uv_size": [0.25, 0.25]},
								"south": {"uv": [0, 0], "uv_size": [0, 0.25]},
								"west": {"uv": [28, 21], "uv_size": [0.25, 0.25]},
								"up": {"uv": [0, 0], "uv_size": [0, 0.25]},
								"down": {"uv": [0, 0.25], "uv_size": [0, -0.25]}
							}
						},
						{
							"origin": [-0.125, 4.48852, -30.27994],
							"size": [0.25, 0.09375, 0.125],
							"pivot": [0.03125, 4.42602, -30.15494],
							"rotation": [-36.5, 0, 0],
							"uv": {
								"north": {"uv": [22, 28], "uv_size": [0.25, 0.25]},
								"east": {"uv": [28, 22], "uv_size": [0.25, 0.25]},
								"south": {"uv": [23, 28], "uv_size": [0.25, 0.25]},
								"west": {"uv": [28, 23], "uv_size": [0.25, 0.25]},
								"up": {"uv": [24, 28], "uv_size": [0.25, 0.25]},
								"down": {"uv": [28, 24.25], "uv_size": [0.25, -0.25]}
							}
						},
						{
							"origin": [0, 4.34965, -30.49195],
							"size": [0, 0.22535, 0.28125],
							"pivot": [0, 4.34965, -30.36695],
							"rotation": [-31.61998, 19.26564, 28.18706],
							"uv": {
								"north": {"uv": [0, 0], "uv_size": [0, 0.25]},
								"east": {"uv": [25, 28], "uv_size": [0.25, 0.25]},
								"south": {"uv": [0, 0], "uv_size": [0, 0.25]},
								"west": {"uv": [28, 25], "uv_size": [0.25, 0.25]},
								"up": {"uv": [0, 0], "uv_size": [0, 0.25]},
								"down": {"uv": [0, 0.25], "uv_size": [0, -0.25]}
							}
						},
						{
							"origin": [0.125, 3.89845, -29.62696],
							"size": [0, 0.22457, 0.01866],
							"pivot": [0.125, 4.12302, -29.6083],
							"rotation": [-20.00977, 15.60025, 30.2456],
							"uv": {
								"north": {"uv": [0, 0], "uv_size": [0, 0.25]},
								"east": {"uv": [26, 28], "uv_size": [0.25, 0.25]},
								"south": {"uv": [0, 0], "uv_size": [0, 0.25]},
								"west": {"uv": [28, 26], "uv_size": [0.25, 0.25]},
								"up": {"uv": [0, 0], "uv_size": [0, 0.25]},
								"down": {"uv": [0, 0.25], "uv_size": [0, -0.25]}
							}
						},
						{
							"origin": [0, 4.11432, -30.28404],
							"size": [0, 0.22535, 0.625],
							"pivot": [0, 4.11432, -29.97935],
							"rotation": [-24.75977, 15.60025, 30.2456],
							"uv": {
								"north": {"uv": [0, 0], "uv_size": [0, 0.25]},
								"east": {"uv": [5, 26], "uv_size": [0.75, 0.25]},
								"south": {"uv": [0, 0], "uv_size": [0, 0.25]},
								"west": {"uv": [26, 5], "uv_size": [0.75, 0.25]},
								"up": {"uv": [0, 0], "uv_size": [0, 0.75]},
								"down": {"uv": [0, 0.75], "uv_size": [0, -0.75]}
							}
						},
						{
							"origin": [0.125, 3.89881, -29.60829],
							"size": [0, 0.22421, 0.02257],
							"pivot": [0.125, 4.12302, -29.60829],
							"rotation": [-19.59543, 9.06433, 32.58725],
							"uv": {
								"north": {"uv": [0, 0], "uv_size": [0, 0.25]},
								"east": {"uv": [27, 28], "uv_size": [0.25, 0.25]},
								"south": {"uv": [0, 0], "uv_size": [0, 0.25]},
								"west": {"uv": [28, 27], "uv_size": [0.25, 0.25]},
								"up": {"uv": [0, 0], "uv_size": [0, 0.25]},
								"down": {"uv": [0, 0.25], "uv_size": [0, -0.25]}
							}
						},
						{
							"origin": [0, 3.76795, -29.68696],
							"size": [0, 0.22535, 1.28125],
							"pivot": [0, 3.76795, -29.06978],
							"rotation": [-13.84543, 9.06433, 32.58725],
							"uv": {
								"north": {"uv": [0, 0], "uv_size": [0, 0.25]},
								"east": {"uv": [20, 23], "uv_size": [1.25, 0.25]},
								"south": {"uv": [0, 0], "uv_size": [0, 0.25]},
								"west": {"uv": [23, 20], "uv_size": [1.25, 0.25]},
								"up": {"uv": [0, 0], "uv_size": [0, 1.25]},
								"down": {"uv": [0, 1.25], "uv_size": [0, -1.25]}
							}
						},
						{
							"origin": [0, 3.34816, -28.45757],
							"size": [0, 0.22535, 3.01562],
							"pivot": [0, 3.34816, -26.95757],
							"rotation": [-7.5074, 4.97806, 33.36326],
							"uv": {
								"north": {"uv": [0, 0], "uv_size": [0, 0.25]},
								"east": {"uv": [15, 17], "uv_size": [3, 0.25]},
								"south": {"uv": [0, 0], "uv_size": [0, 0.25]},
								"west": {"uv": [18, 0], "uv_size": [3, 0.25]},
								"up": {"uv": [0, 0], "uv_size": [0, 3]},
								"down": {"uv": [0, 3], "uv_size": [0, -3]}
							}
						},
						{
							"origin": [0, 2.86396, -25.47932],
							"size": [0, 0.22535, 4.75],
							"pivot": [0, 2.86396, -23.10432],
							"rotation": [-4.99792, 3.32399, 33.54496],
							"uv": {
								"north": {"uv": [0, 0], "uv_size": [0, 0.25]},
								"east": {"uv": [16, 9], "uv_size": [4.75, 0.25]},
								"south": {"uv": [0, 0], "uv_size": [0, 0.25]},
								"west": {"uv": [10, 16], "uv_size": [4.75, 0.25]},
								"up": {"uv": [0, 0], "uv_size": [0, 4.75]},
								"down": {"uv": [0, 4.75], "uv_size": [0, -4.75]}
							}
						},
						{
							"origin": [0, 2.36626, -20.74859],
							"size": [0, 0.22535, 6.01563],
							"pivot": [0, 2.36626, -17.74078],
							"rotation": [-3.95502, 2.63274, 33.59915],
							"uv": {
								"north": {"uv": [0, 0], "uv_size": [0, 0.25]},
								"east": {"uv": [12, 3], "uv_size": [6, 0.25]},
								"south": {"uv": [0, 0], "uv_size": [0, 0.25]},
								"west": {"uv": [12, 6], "uv_size": [6, 0.25]},
								"up": {"uv": [0, 0], "uv_size": [0, 6]},
								"down": {"uv": [0, 6], "uv_size": [0, -6]}
							}
						},
						{
							"origin": [0, 1.96501, -14.75485],
							"size": [0, 0.22534, 7.01562],
							"pivot": [0, 1.96501, -11.24704],
							"rotation": [-2.08053, 1.38645, 33.66489],
							"uv": {
								"north": {"uv": [0, 0], "uv_size": [0, 0.25]},
								"east": {"uv": [10, 5], "uv_size": [7, 0.25]},
								"south": {"uv": [0, 0], "uv_size": [0, 0.25]},
								"west": {"uv": [8, 10], "uv_size": [7, 0.25]},
								"up": {"uv": [0, 0], "uv_size": [0, 7]},
								"down": {"uv": [0, 7], "uv_size": [0, -7]}
							}
						},
						{
							"origin": [0, 1.8125, -7.75],
							"size": [0, 0.22535, 4.5],
							"pivot": [0, 1.8125, -5.5],
							"rotation": [0, 0, 33.69007],
							"uv": {
								"north": {"uv": [0, 0], "uv_size": [0, 0.25]},
								"east": {"uv": [17, 5], "uv_size": [4.5, 0.25]},
								"south": {"uv": [0, 0], "uv_size": [0, 0.25]},
								"west": {"uv": [17, 8], "uv_size": [4.5, 0.25]},
								"up": {"uv": [0, 0], "uv_size": [0, 4.5]},
								"down": {"uv": [0, 4.5], "uv_size": [0, -4.5]}
							}
						},
						{
							"origin": [-0.125, 3.89881, -29.60829],
							"size": [0, 0.22421, 0.02257],
							"pivot": [-0.125, 4.12302, -29.60829],
							"rotation": [-19.59543, -9.06433, -32.58725],
							"uv": {
								"north": {"uv": [0, 0], "uv_size": [0, 0.25]},
								"east": {"uv": [28, 28], "uv_size": [0.25, 0.25]},
								"south": {"uv": [0, 0], "uv_size": [0, 0.25]},
								"west": {"uv": [0, 29], "uv_size": [0.25, 0.25]},
								"up": {"uv": [0, 0], "uv_size": [0, 0.25]},
								"down": {"uv": [0, 0.25], "uv_size": [0, -0.25]}
							}
						},
						{
							"origin": [0, 4.34965, -30.49195],
							"size": [0, 0.22535, 0.28125],
							"pivot": [0, 4.34965, -30.36695],
							"rotation": [-31.61998, -19.26564, -28.18706],
							"uv": {
								"north": {"uv": [0, 0], "uv_size": [0, 0.25]},
								"east": {"uv": [29, 0], "uv_size": [0.25, 0.25]},
								"south": {"uv": [0, 0], "uv_size": [0, 0.25]},
								"west": {"uv": [1, 29], "uv_size": [0.25, 0.25]},
								"up": {"uv": [0, 0], "uv_size": [0, 0.25]},
								"down": {"uv": [0, 0.25], "uv_size": [0, -0.25]}
							}
						},
						{
							"origin": [0, 4.11432, -30.28404],
							"size": [0, 0.22535, 0.625],
							"pivot": [0, 4.11432, -29.97935],
							"rotation": [-24.75977, -15.60025, -30.2456],
							"uv": {
								"north": {"uv": [0, 0], "uv_size": [0, 0.25]},
								"east": {"uv": [6, 26], "uv_size": [0.75, 0.25]},
								"south": {"uv": [0, 0], "uv_size": [0, 0.25]},
								"west": {"uv": [26, 6], "uv_size": [0.75, 0.25]},
								"up": {"uv": [0, 0], "uv_size": [0, 0.75]},
								"down": {"uv": [0, 0.75], "uv_size": [0, -0.75]}
							}
						},
						{
							"origin": [-0.125, 3.89845, -29.62696],
							"size": [0, 0.22457, 0.01866],
							"pivot": [-0.125, 4.12302, -29.6083],
							"rotation": [-20.00977, -15.60025, -30.2456],
							"uv": {
								"north": {"uv": [0, 0], "uv_size": [0, 0.25]},
								"east": {"uv": [29, 1], "uv_size": [0.25, 0.25]},
								"south": {"uv": [0, 0], "uv_size": [0, 0.25]},
								"west": {"uv": [2, 29], "uv_size": [0.25, 0.25]},
								"up": {"uv": [0, 0], "uv_size": [0, 0.25]},
								"down": {"uv": [0, 0.25], "uv_size": [0, -0.25]}
							}
						},
						{
							"origin": [0, 3.76795, -29.68696],
							"size": [0, 0.22535, 1.28125],
							"pivot": [0, 3.76795, -29.06978],
							"rotation": [-13.84543, -9.06433, -32.58725],
							"uv": {
								"north": {"uv": [0, 0], "uv_size": [0, 0.25]},
								"east": {"uv": [23, 21], "uv_size": [1.25, 0.25]},
								"south": {"uv": [0, 0], "uv_size": [0, 0.25]},
								"west": {"uv": [22, 23], "uv_size": [1.25, 0.25]},
								"up": {"uv": [0, 0], "uv_size": [0, 1.25]},
								"down": {"uv": [0, 1.25], "uv_size": [0, -1.25]}
							}
						},
						{
							"origin": [0, 3.34816, -28.45757],
							"size": [0, 0.22535, 3.01562],
							"pivot": [0, 3.34816, -26.95757],
							"rotation": [-7.5074, -4.97806, -33.36326],
							"uv": {
								"north": {"uv": [0, 0], "uv_size": [0, 0.25]},
								"east": {"uv": [18, 1], "uv_size": [3, 0.25]},
								"south": {"uv": [0, 0], "uv_size": [0, 0.25]},
								"west": {"uv": [18, 3], "uv_size": [3, 0.25]},
								"up": {"uv": [0, 0], "uv_size": [0, 3]},
								"down": {"uv": [0, 3], "uv_size": [0, -3]}
							}
						},
						{
							"origin": [0, 2.86396, -25.47932],
							"size": [0, 0.22535, 4.75],
							"pivot": [0, 2.86396, -23.10432],
							"rotation": [-4.99792, -3.32399, -33.54496],
							"uv": {
								"north": {"uv": [0, 0], "uv_size": [0, 0.25]},
								"east": {"uv": [16, 10], "uv_size": [4.75, 0.25]},
								"south": {"uv": [0, 0], "uv_size": [0, 0.25]},
								"west": {"uv": [16, 11], "uv_size": [4.75, 0.25]},
								"up": {"uv": [0, 0], "uv_size": [0, 4.75]},
								"down": {"uv": [0, 4.75], "uv_size": [0, -4.75]}
							}
						},
						{
							"origin": [0, 2.36626, -20.74859],
							"size": [0, 0.22535, 6.01563],
							"pivot": [0, 2.36626, -17.74078],
							"rotation": [-3.95502, -2.63274, -33.59915],
							"uv": {
								"north": {"uv": [0, 0], "uv_size": [0, 0.25]},
								"east": {"uv": [8, 12], "uv_size": [6, 0.25]},
								"south": {"uv": [0, 0], "uv_size": [0, 0.25]},
								"west": {"uv": [13, 2], "uv_size": [6, 0.25]},
								"up": {"uv": [0, 0], "uv_size": [0, 6]},
								"down": {"uv": [0, 6], "uv_size": [0, -6]}
							}
						},
						{
							"origin": [0, 1.96501, -14.75485],
							"size": [0, 0.22534, 7.01562],
							"pivot": [0, 1.96501, -11.24704],
							"rotation": [-2.08053, -1.38645, -33.66489],
							"uv": {
								"north": {"uv": [0, 0], "uv_size": [0, 0.25]},
								"east": {"uv": [10, 8], "uv_size": [7, 0.25]},
								"south": {"uv": [0, 0], "uv_size": [0, 0.25]},
								"west": {"uv": [11, 7], "uv_size": [7, 0.25]},
								"up": {"uv": [0, 0], "uv_size": [0, 7]},
								"down": {"uv": [0, 7], "uv_size": [0, -7]}
							}
						},
						{
							"origin": [0, 1.8125, -7.75],
							"size": [0, 0.22535, 4.5],
							"pivot": [0, 1.8125, -5.5],
							"rotation": [0, 0, -33.69007],
							"uv": {
								"north": {"uv": [0, 0], "uv_size": [0, 0.25]},
								"east": {"uv": [16, 12], "uv_size": [4.5, 0.25]},
								"south": {"uv": [0, 0], "uv_size": [0, 0.25]},
								"west": {"uv": [16, 13], "uv_size": [4.5, 0.25]},
								"up": {"uv": [0, 0], "uv_size": [0, 4.5]},
								"down": {"uv": [0, 4.5], "uv_size": [0, -4.5]}
							}
						},
						{
							"origin": [-0.3125, 2.0625, -3.1875],
							"size": [0.625, 0.875, 2],
							"uv": {
								"north": {"uv": [13, 15], "uv_size": [0.75, 1]},
								"east": {"uv": [6, 8], "uv_size": [2, 1]},
								"south": {"uv": [18, 6], "uv_size": [0.75, 1]},
								"west": {"uv": [8, 8], "uv_size": [2, 1]},
								"up": {"uv": [8, 13], "uv_size": [0.75, 2]},
								"down": {"uv": [9, 15], "uv_size": [0.75, -2]}
							}
						},
						{
							"origin": [-0.3125, 1.875, -3.375],
							"size": [0.625, 1.25, 0.1875],
							"uv": {
								"north": {"uv": [0, 17], "uv_size": [0.75, 1.25]},
								"east": {"uv": [0, 24], "uv_size": [0.25, 1.25]},
								"south": {"uv": [1, 17], "uv_size": [0.75, 1.25]},
								"west": {"uv": [24, 0], "uv_size": [0.25, 1.25]},
								"up": {"uv": [7, 26], "uv_size": [0.75, 0.25]},
								"down": {"uv": [26, 7.25], "uv_size": [0.75, -0.25]}
							}
						},
						{
							"origin": [-0.125, 0.875, -3.375],
							"size": [0.25, 0.875, 0.1875],
							"pivot": [0, 1.875, -3.375],
							"rotation": [12.5, 0, 0],
							"uv": {
								"north": {"uv": [25, 8], "uv_size": [0.25, 1]},
								"east": {"uv": [25, 9], "uv_size": [0.25, 1]},
								"south": {"uv": [25, 10], "uv_size": [0.25, 1]},
								"west": {"uv": [25, 11], "uv_size": [0.25, 1]},
								"up": {"uv": [29, 2], "uv_size": [0.25, 0.25]},
								"down": {"uv": [3, 29.25], "uv_size": [0.25, -0.25]}
							}
						},
						{
							"origin": [-0.0625, 0.919, -3.16078],
							"size": [0.1875, 0.89486, 0.1875],
							"pivot": [0.125, 0.919, -3.06703],
							"rotation": [12.23097, -2.59928, 11.81622],
							"uv": {
								"north": {"uv": [25, 12], "uv_size": [0.25, 1]},
								"east": {"uv": [13, 25], "uv_size": [0.25, 1]},
								"south": {"uv": [25, 13], "uv_size": [0.25, 1]},
								"west": {"uv": [25, 14], "uv_size": [0.25, 1]},
								"up": {"uv": [29, 3], "uv_size": [0.25, 0.25]},
								"down": {"uv": [4, 29.25], "uv_size": [0.25, -0.25]}
							}
						},
						{
							"origin": [-0.125, 0.919, -3.16078],
							"size": [0.1875, 0.89486, 0.1875],
							"pivot": [-0.125, 0.919, -3.06703],
							"rotation": [12.23097, 2.59928, -11.81622],
							"uv": {
								"north": {"uv": [25, 15], "uv_size": [0.25, 1]},
								"east": {"uv": [16, 25], "uv_size": [0.25, 1]},
								"south": {"uv": [25, 16], "uv_size": [0.25, 1]},
								"west": {"uv": [17, 25], "uv_size": [0.25, 1]},
								"up": {"uv": [29, 4], "uv_size": [0.25, 0.25]},
								"down": {"uv": [5, 29.25], "uv_size": [0.25, -0.25]}
							}
						},
						{
							"origin": [-0.3125, 1.75, -3.375],
							"size": [0.625, 0.125, 0.1875],
							"pivot": [0, 1.875, -3.375],
							"rotation": [12.5, 0, 0],
							"uv": {
								"north": {"uv": [8, 26], "uv_size": [0.75, 0.25]},
								"east": {"uv": [29, 5], "uv_size": [0.25, 0.25]},
								"south": {"uv": [26, 8], "uv_size": [0.75, 0.25]},
								"west": {"uv": [6, 29], "uv_size": [0.25, 0.25]},
								"up": {"uv": [9, 26], "uv_size": [0.75, 0.25]},
								"down": {"uv": [26, 9.25], "uv_size": [0.75, -0.25]}
							}
						},
						{
							"origin": [-0.125, -0.03861, -2.91616],
							"size": [0.25, 0.5, 0.1875],
							"pivot": [0, 0.46139, -2.91616],
							"rotation": [50.5, 0, 0],
							"uv": {
								"north": {"uv": [27, 0], "uv_size": [0.25, 0.5]},
								"east": {"uv": [1, 27], "uv_size": [0.25, 0.5]},
								"south": {"uv": [27, 1], "uv_size": [0.25, 0.5]},
								"west": {"uv": [2, 27], "uv_size": [0.25, 0.5]},
								"up": {"uv": [29, 6], "uv_size": [0.25, 0.25]},
								"down": {"uv": [7, 29.25], "uv_size": [0.25, -0.25]}
							}
						},
						{
							"origin": [-0.125, 0.34319, -2.91609],
							"size": [0.25, 0.39062, 0.0625],
							"inflate": -0.001,
							"pivot": [0, 0.73381, -2.85359],
							"rotation": [50.5, 0, 0],
							"uv": {
								"north": {"uv": [27, 2], "uv_size": [0.25, 0.5]},
								"east": {"uv": [3, 27], "uv_size": [0.25, 0.5]},
								"south": {"uv": [27, 3], "uv_size": [0.25, 0.5]},
								"west": {"uv": [4, 27], "uv_size": [0.25, 0.5]},
								"up": {"uv": [29, 7], "uv_size": [0.25, 0.25]},
								"down": {"uv": [8, 29.25], "uv_size": [0.25, -0.25]}
							}
						},
						{
							"origin": [-0.125, -0.06288, -2.71693],
							"size": [0.25, 0.5, 0.1875],
							"inflate": -0.001,
							"pivot": [0, 0.43712, -2.59193],
							"rotation": [70.5, 0, 0],
							"uv": {
								"north": {"uv": [27, 4], "uv_size": [0.25, 0.5]},
								"east": {"uv": [5, 27], "uv_size": [0.25, 0.5]},
								"south": {"uv": [27, 5], "uv_size": [0.25, 0.5]},
								"west": {"uv": [6, 27], "uv_size": [0.25, 0.5]},
								"up": {"uv": [29, 8], "uv_size": [0.25, 0.25]},
								"down": {"uv": [9, 29.25], "uv_size": [0.25, -0.25]}
							}
						},
						{
							"origin": [-0.125, -0.17087, -2.34974],
							"size": [0.25, 0.5625, 0.25],
							"inflate": -0.001,
							"pivot": [0, 0.32913, -2.09974],
							"rotation": [78, 0, 0],
							"uv": {
								"north": {"uv": [27, 6], "uv_size": [0.25, 0.5]},
								"east": {"uv": [7, 27], "uv_size": [0.25, 0.5]},
								"south": {"uv": [27, 7], "uv_size": [0.25, 0.5]},
								"west": {"uv": [8, 27], "uv_size": [0.25, 0.5]},
								"up": {"uv": [29, 9], "uv_size": [0.25, 0.25]},
								"down": {"uv": [10, 29.25], "uv_size": [0.25, -0.25]}
							}
						},
						{
							"origin": [-0.125, -0.27483, -1.86067],
							"size": [0.25, 0.5625, 0.25],
							"inflate": -0.001,
							"pivot": [0, 0.22517, -1.61067],
							"rotation": [86.5, 0, 0],
							"uv": {
								"north": {"uv": [27, 8], "uv_size": [0.25, 0.5]},
								"east": {"uv": [9, 27], "uv_size": [0.25, 0.5]},
								"south": {"uv": [27, 9], "uv_size": [0.25, 0.5]},
								"west": {"uv": [10, 27], "uv_size": [0.25, 0.5]},
								"up": {"uv": [29, 10], "uv_size": [0.25, 0.25]},
								"down": {"uv": [11, 29.25], "uv_size": [0.25, -0.25]}
							}
						},
						{
							"origin": [-0.125, -0.99285, -1.4241],
							"size": [0.25, 1.25, 0.3125],
							"inflate": -0.001,
							"pivot": [0, 0.19465, -1.1116],
							"rotation": [92.75, 0, 0],
							"uv": {
								"north": {"uv": [1, 24], "uv_size": [0.25, 1.25]},
								"east": {"uv": [2, 24], "uv_size": [0.25, 1.25]},
								"south": {"uv": [24, 2], "uv_size": [0.25, 1.25]},
								"west": {"uv": [3, 24], "uv_size": [0.25, 1.25]},
								"up": {"uv": [29, 11], "uv_size": [0.25, 0.25]},
								"down": {"uv": [12, 29.25], "uv_size": [0.25, -0.25]}
							}
						},
						{
							"origin": [-0.125, 0.00162, -0.17547],
							"size": [0.25, 0.3125, 0.25],
							"inflate": -0.001,
							"pivot": [0, 0.25162, 0.07453],
							"rotation": [97.75, 0, 0],
							"uv": {
								"north": {"uv": [29, 12], "uv_size": [0.25, 0.25]},
								"east": {"uv": [13, 29], "uv_size": [0.25, 0.25]},
								"south": {"uv": [29, 13], "uv_size": [0.25, 0.25]},
								"west": {"uv": [14, 29], "uv_size": [0.25, 0.25]},
								"up": {"uv": [29, 14], "uv_size": [0.25, 0.25]},
								"down": {"uv": [15, 29.25], "uv_size": [0.25, -0.25]}
							}
						},
						{
							"origin": [-0.125, -0.27717, 0.13475],
							"size": [0.25, 0.625, 0.1875],
							"inflate": -0.001,
							"pivot": [0, 0.28533, 0.32225],
							"rotation": [112.75, 0, 0],
							"uv": {
								"north": {"uv": [10, 26], "uv_size": [0.25, 0.75]},
								"east": {"uv": [26, 10], "uv_size": [0.25, 0.75]},
								"south": {"uv": [11, 26], "uv_size": [0.25, 0.75]},
								"west": {"uv": [26, 11], "uv_size": [0.25, 0.75]},
								"up": {"uv": [29, 15], "uv_size": [0.25, 0.25]},
								"down": {"uv": [16, 29.25], "uv_size": [0.25, -0.25]}
							}
						},
						{
							"origin": [-0.125, 0.25286, 0.71598],
							"size": [0.25, 0.3125, 0.125],
							"inflate": -0.001,
							"pivot": [0, 0.50286, 0.84098],
							"rotation": [135.25, 0, 0],
							"uv": {
								"north": {"uv": [29, 16], "uv_size": [0.25, 0.25]},
								"east": {"uv": [17, 29], "uv_size": [0.25, 0.25]},
								"south": {"uv": [29, 17], "uv_size": [0.25, 0.25]},
								"west": {"uv": [18, 29], "uv_size": [0.25, 0.25]},
								"up": {"uv": [29, 18], "uv_size": [0.25, 0.25]},
								"down": {"uv": [19, 29.25], "uv_size": [0.25, -0.25]}
							}
						},
						{
							"origin": [-0.125, 0.43041, 0.89199],
							"size": [0.25, 0.3125, 0.125],
							"inflate": -0.001,
							"pivot": [0, 0.68041, 1.01699],
							"rotation": [157.75, 0, 0],
							"uv": {
								"north": {"uv": [29, 19], "uv_size": [0.25, 0.25]},
								"east": {"uv": [20, 29], "uv_size": [0.25, 0.25]},
								"south": {"uv": [29, 20], "uv_size": [0.25, 0.25]},
								"west": {"uv": [21, 29], "uv_size": [0.25, 0.25]},
								"up": {"uv": [29, 21], "uv_size": [0.25, 0.25]},
								"down": {"uv": [22, 29.25], "uv_size": [0.25, -0.25]}
							}
						},
						{
							"origin": [-0.125, 0.66179, 0.98665],
							"size": [0.25, 0.3125, 0.125],
							"inflate": -0.001,
							"pivot": [0, 0.91179, 1.11165],
							"rotation": [-179.75, 0, 0],
							"uv": {
								"north": {"uv": [29, 22], "uv_size": [0.25, 0.25]},
								"east": {"uv": [23, 29], "uv_size": [0.25, 0.25]},
								"south": {"uv": [29, 23], "uv_size": [0.25, 0.25]},
								"west": {"uv": [24, 29], "uv_size": [0.25, 0.25]},
								"up": {"uv": [29, 24], "uv_size": [0.25, 0.25]},
								"down": {"uv": [25, 29.25], "uv_size": [0.25, -0.25]}
							}
						},
						{
							"origin": [-0.125, 0.91179, 0.86056],
							"size": [0.25, 0.3125, 0.25],
							"inflate": -0.001,
							"pivot": [0, 1.16179, 1.11056],
							"rotation": [-157.25, 0, 0],
							"uv": {
								"north": {"uv": [29, 25], "uv_size": [0.25, 0.25]},
								"east": {"uv": [26, 29], "uv_size": [0.25, 0.25]},
								"south": {"uv": [29, 26], "uv_size": [0.25, 0.25]},
								"west": {"uv": [27, 29], "uv_size": [0.25, 0.25]},
								"up": {"uv": [29, 27], "uv_size": [0.25, 0.25]},
								"down": {"uv": [28, 29.25], "uv_size": [0.25, -0.25]}
							}
						},
						{
							"origin": [-0.125, 1.14234, 0.88888],
							"size": [0.25, 0.3125, 0.125],
							"inflate": -0.001,
							"pivot": [0, 1.39234, 1.01388],
							"rotation": [-142.25, 0, 0],
							"uv": {
								"north": {"uv": [29, 28], "uv_size": [0.25, 0.25]},
								"east": {"uv": [29, 29], "uv_size": [0.25, 0.25]},
								"south": {"uv": [0, 30], "uv_size": [0.25, 0.25]},
								"west": {"uv": [30, 0], "uv_size": [0.25, 0.25]},
								"up": {"uv": [1, 30], "uv_size": [0.25, 0.25]},
								"down": {"uv": [30, 1.25], "uv_size": [0.25, -0.25]}
							}
						},
						{
							"origin": [-0.125, -0.35664, -2.53034],
							"size": [0.25, 0.5, 0.1875],
							"pivot": [0, 0.14336, -2.53034],
							"rotation": [65.5, 0, 0],
							"uv": {
								"north": {"uv": [27, 10], "uv_size": [0.25, 0.5]},
								"east": {"uv": [11, 27], "uv_size": [0.25, 0.5]},
								"south": {"uv": [27, 11], "uv_size": [0.25, 0.5]},
								"west": {"uv": [12, 27], "uv_size": [0.25, 0.5]},
								"up": {"uv": [2, 30], "uv_size": [0.25, 0.25]},
								"down": {"uv": [30, 2.25], "uv_size": [0.25, -0.25]}
							}
						},
						{
							"origin": [-0.125, -0.56399, -2.07536],
							"size": [0.25, 0.5, 0.1875],
							"pivot": [0, -0.06399, -2.07536],
							"rotation": [76.5, 0, 0],
							"uv": {
								"north": {"uv": [27, 12], "uv_size": [0.25, 0.5]},
								"east": {"uv": [13, 27], "uv_size": [0.25, 0.5]},
								"south": {"uv": [27, 13], "uv_size": [0.25, 0.5]},
								"west": {"uv": [14, 27], "uv_size": [0.25, 0.5]},
								"up": {"uv": [3, 30], "uv_size": [0.25, 0.25]},
								"down": {"uv": [30, 3.25], "uv_size": [0.25, -0.25]}
							}
						},
						{
							"origin": [-0.125, -0.93071, -1.58918],
							"size": [0.25, 0.75, 0.1875],
							"pivot": [0, -0.18071, -1.58918],
							"rotation": [85, 0, 0],
							"uv": {
								"north": {"uv": [12, 26], "uv_size": [0.25, 0.75]},
								"east": {"uv": [26, 12], "uv_size": [0.25, 0.75]},
								"south": {"uv": [13, 26], "uv_size": [0.25, 0.75]},
								"west": {"uv": [26, 13], "uv_size": [0.25, 0.75]},
								"up": {"uv": [4, 30], "uv_size": [0.25, 0.25]},
								"down": {"uv": [30, 4.25], "uv_size": [0.25, -0.25]}
							}
						},
						{
							"origin": [-0.125, -0.49608, -0.84203],
							"size": [0.25, 0.25, 0.1875],
							"pivot": [0, -0.24608, -0.84203],
							"rotation": [92.5, 0, 0],
							"uv": {
								"north": {"uv": [5, 30], "uv_size": [0.25, 0.25]},
								"east": {"uv": [30, 5], "uv_size": [0.25, 0.25]},
								"south": {"uv": [6, 30], "uv_size": [0.25, 0.25]},
								"west": {"uv": [30, 6], "uv_size": [0.25, 0.25]},
								"up": {"uv": [7, 30], "uv_size": [0.25, 0.25]},
								"down": {"uv": [30, 7.25], "uv_size": [0.25, -0.25]}
							}
						},
						{
							"origin": [-0.125, -0.98518, -0.59227],
							"size": [0.25, 0.75, 0.1875],
							"pivot": [0, -0.23518, -0.59227],
							"rotation": [99.5, 0, 0],
							"uv": {
								"north": {"uv": [14, 26], "uv_size": [0.25, 0.75]},
								"east": {"uv": [26, 14], "uv_size": [0.25, 0.75]},
								"south": {"uv": [15, 26], "uv_size": [0.25, 0.75]},
								"west": {"uv": [26, 15], "uv_size": [0.25, 0.75]},
								"up": {"uv": [8, 30], "uv_size": [0.25, 0.25]},
								"down": {"uv": [30, 8.25], "uv_size": [0.25, -0.25]}
							}
						},
						{
							"origin": [-0.125, -0.48639, 0.14744],
							"size": [0.25, 0.375, 0.1875],
							"pivot": [0, -0.11139, 0.14744],
							"rotation": [108.5, 0, 0],
							"uv": {
								"north": {"uv": [27, 14], "uv_size": [0.25, 0.5]},
								"east": {"uv": [15, 27], "uv_size": [0.25, 0.5]},
								"south": {"uv": [27, 15], "uv_size": [0.25, 0.5]},
								"west": {"uv": [16, 27], "uv_size": [0.25, 0.5]},
								"up": {"uv": [9, 30], "uv_size": [0.25, 0.25]},
								"down": {"uv": [30, 9.25], "uv_size": [0.25, -0.25]}
							}
						},
						{
							"origin": [-0.125, -0.4924, 0.50307],
							"size": [0.25, 0.5, 0.1875],
							"pivot": [0, 0.0076, 0.50307],
							"rotation": [118, 0, 0],
							"uv": {
								"north": {"uv": [27, 16], "uv_size": [0.25, 0.5]},
								"east": {"uv": [17, 27], "uv_size": [0.25, 0.5]},
								"south": {"uv": [27, 17], "uv_size": [0.25, 0.5]},
								"west": {"uv": [18, 27], "uv_size": [0.25, 0.5]},
								"up": {"uv": [10, 30], "uv_size": [0.25, 0.25]},
								"down": {"uv": [30, 10.25], "uv_size": [0.25, -0.25]}
							}
						},
						{
							"origin": [-0.125, -0.00767, 0.94454],
							"size": [0.25, 0.25, 0.1875],
							"pivot": [0, 0.24233, 0.94454],
							"rotation": [130, 0, 0],
							"uv": {
								"north": {"uv": [11, 30], "uv_size": [0.25, 0.25]},
								"east": {"uv": [30, 11], "uv_size": [0.25, 0.25]},
								"south": {"uv": [12, 30], "uv_size": [0.25, 0.25]},
								"west": {"uv": [30, 12], "uv_size": [0.25, 0.25]},
								"up": {"uv": [13, 30], "uv_size": [0.25, 0.25]},
								"down": {"uv": [30, 13.25], "uv_size": [0.25, -0.25]}
							}
						},
						{
							"origin": [-0.125, 0.15303, 1.13605],
							"size": [0.25, 0.25, 0.1875],
							"pivot": [0, 0.40303, 1.13605],
							"rotation": [147.5, 0, 0],
							"uv": {
								"north": {"uv": [14, 30], "uv_size": [0.25, 0.25]},
								"east": {"uv": [30, 14], "uv_size": [0.25, 0.25]},
								"south": {"uv": [15, 30], "uv_size": [0.25, 0.25]},
								"west": {"uv": [30, 15], "uv_size": [0.25, 0.25]},
								"up": {"uv": [16, 30], "uv_size": [0.25, 0.25]},
								"down": {"uv": [30, 16.25], "uv_size": [0.25, -0.25]}
							}
						},
						{
							"origin": [-0.125, 0.36388, 1.27038],
							"size": [0.25, 0.25, 0.1875],
							"pivot": [0, 0.61388, 1.27038],
							"rotation": [163.5, 0, 0],
							"uv": {
								"north": {"uv": [17, 30], "uv_size": [0.25, 0.25]},
								"east": {"uv": [30, 17], "uv_size": [0.25, 0.25]},
								"south": {"uv": [18, 30], "uv_size": [0.25, 0.25]},
								"west": {"uv": [30, 18], "uv_size": [0.25, 0.25]},
								"up": {"uv": [19, 30], "uv_size": [0.25, 0.25]},
								"down": {"uv": [30, 19.25], "uv_size": [0.25, -0.25]}
							}
						},
						{
							"origin": [-0.125, 0.63483, 1.34138],
							"size": [0.25, 0.21875, 0.1875],
							"pivot": [0, 0.85358, 1.34138],
							"rotation": [173.5, 0, 0],
							"uv": {
								"north": {"uv": [20, 30], "uv_size": [0.25, 0.25]},
								"east": {"uv": [30, 20], "uv_size": [0.25, 0.25]},
								"south": {"uv": [21, 30], "uv_size": [0.25, 0.25]},
								"west": {"uv": [30, 21], "uv_size": [0.25, 0.25]},
								"up": {"uv": [22, 30], "uv_size": [0.25, 0.25]},
								"down": {"uv": [30, 22.25], "uv_size": [0.25, -0.25]}
							}
						},
						{
							"origin": [-0.125, 0.77965, 0.99235],
							"size": [0.25, 0.3125, 0.1875],
							"pivot": [0, 1.09215, 1.17985],
							"rotation": [156, 0, 0],
							"uv": {
								"north": {"uv": [23, 30], "uv_size": [0.25, 0.25]},
								"east": {"uv": [30, 23], "uv_size": [0.25, 0.25]},
								"south": {"uv": [24, 30], "uv_size": [0.25, 0.25]},
								"west": {"uv": [30, 24], "uv_size": [0.25, 0.25]},
								"up": {"uv": [25, 30], "uv_size": [0.25, 0.25]},
								"down": {"uv": [30, 25.25], "uv_size": [0.25, -0.25]}
							}
						},
						{
							"origin": [-0.125, 0.3987, -3.15856],
							"size": [0.25, 0.5, 0.1875],
							"pivot": [0, 0.8987, -3.15856],
							"rotation": [29, 0, 0],
							"uv": {
								"north": {"uv": [27, 18], "uv_size": [0.25, 0.5]},
								"east": {"uv": [19, 27], "uv_size": [0.25, 0.5]},
								"south": {"uv": [27, 19], "uv_size": [0.25, 0.5]},
								"west": {"uv": [20, 27], "uv_size": [0.25, 0.5]},
								"up": {"uv": [26, 30], "uv_size": [0.25, 0.25]},
								"down": {"uv": [30, 26.25], "uv_size": [0.25, -0.25]}
							}
						},
						{
							"origin": [-0.3125, 3.125, -3.39062],
							"size": [0.625, 0.0625, 0.1875],
							"pivot": [0, 3.25, -3.20312],
							"rotation": [7.5, 0, 0],
							"uv": {
								"north": {"uv": [16, 26], "uv_size": [0.75, 0.25]},
								"east": {"uv": [27, 30], "uv_size": [0.25, 0.25]},
								"south": {"uv": [26, 16], "uv_size": [0.75, 0.25]},
								"west": {"uv": [30, 27], "uv_size": [0.25, 0.25]},
								"up": {"uv": [17, 26], "uv_size": [0.75, 0.25]},
								"down": {"uv": [26, 17.25], "uv_size": [0.75, -0.25]}
							}
						},
						{
							"origin": [-0.1875, 3.1875, -3.39062],
							"size": [0.375, 0.5625, 0.1875],
							"pivot": [0, 3.25, -3.20312],
							"rotation": [7.5, 0, 0],
							"uv": {
								"north": {"uv": [25, 17], "uv_size": [0.5, 0.5]},
								"east": {"uv": [27, 20], "uv_size": [0.25, 0.5]},
								"south": {"uv": [18, 25], "uv_size": [0.5, 0.5]},
								"west": {"uv": [21, 27], "uv_size": [0.25, 0.5]},
								"up": {"uv": [27, 21], "uv_size": [0.5, 0.25]},
								"down": {"uv": [22, 27.25], "uv_size": [0.5, -0.25]}
							}
						},
						{
							"origin": [0.0625, 3.15726, -3.45509],
							"size": [0.125, 0.57623, 0.1875],
							"pivot": [0.1875, 3.73349, -3.36134],
							"rotation": [7.32337, 1.62255, -12.42496],
							"uv": {
								"north": {"uv": [27, 22], "uv_size": [0.25, 0.5]},
								"east": {"uv": [23, 27], "uv_size": [0.25, 0.5]},
								"south": {"uv": [27, 23], "uv_size": [0.25, 0.5]},
								"west": {"uv": [24, 27], "uv_size": [0.25, 0.5]},
								"up": {"uv": [28, 30], "uv_size": [0.25, 0.25]},
								"down": {"uv": [30, 28.25], "uv_size": [0.25, -0.25]}
							}
						},
						{
							"origin": [-0.1875, 3.15726, -3.45509],
							"size": [0.125, 0.57623, 0.1875],
							"pivot": [-0.1875, 3.73349, -3.36134],
							"rotation": [7.32337, -1.62255, 12.42496],
							"uv": {
								"north": {"uv": [27, 24], "uv_size": [0.25, 0.5]},
								"east": {"uv": [25, 27], "uv_size": [0.25, 0.5]},
								"south": {"uv": [27, 25], "uv_size": [0.25, 0.5]},
								"west": {"uv": [26, 27], "uv_size": [0.25, 0.5]},
								"up": {"uv": [29, 30], "uv_size": [0.25, 0.25]},
								"down": {"uv": [30, 29.25], "uv_size": [0.25, -0.25]}
							}
						},
						{
							"origin": [-0.1875, 3.74572, -3.45589],
							"size": [0.375, 0.0625, 0.1875],
							"pivot": [0, 3.74572, -3.26839],
							"rotation": [25, 0, 0],
							"uv": {
								"north": {"uv": [27, 26], "uv_size": [0.5, 0.25]},
								"east": {"uv": [30, 30], "uv_size": [0.25, 0.25]},
								"south": {"uv": [27, 27], "uv_size": [0.5, 0.25]},
								"west": {"uv": [0, 31], "uv_size": [0.25, 0.25]},
								"up": {"uv": [0, 28], "uv_size": [0.5, 0.25]},
								"down": {"uv": [28, 0.25], "uv_size": [0.5, -0.25]}
							}
						},
						{
							"origin": [-0.125, 3.80822, -3.45589],
							"size": [0.25, 0.1875, 0.1875],
							"pivot": [0, 3.74572, -3.26839],
							"rotation": [25, 0, 0],
							"uv": {
								"north": {"uv": [31, 0], "uv_size": [0.25, 0.25]},
								"east": {"uv": [1, 31], "uv_size": [0.25, 0.25]},
								"south": {"uv": [31, 1], "uv_size": [0.25, 0.25]},
								"west": {"uv": [2, 31], "uv_size": [0.25, 0.25]},
								"up": {"uv": [31, 2], "uv_size": [0.25, 0.25]},
								"down": {"uv": [3, 31.25], "uv_size": [0.25, -0.25]}
							}
						},
						{
							"origin": [0.0625, 3.73504, -3.55276],
							"size": [0.0625, 0.19764, 0.1875],
							"pivot": [0.125, 3.93268, -3.45901],
							"rotation": [23.86356, 7.68019, -16.8097],
							"uv": {
								"north": {"uv": [31, 3], "uv_size": [0.25, 0.25]},
								"east": {"uv": [4, 31], "uv_size": [0.25, 0.25]},
								"south": {"uv": [31, 4], "uv_size": [0.25, 0.25]},
								"west": {"uv": [5, 31], "uv_size": [0.25, 0.25]},
								"up": {"uv": [31, 5], "uv_size": [0.25, 0.25]},
								"down": {"uv": [6, 31.25], "uv_size": [0.25, -0.25]}
							}
						},
						{
							"origin": [-0.125, 3.73504, -3.55276],
							"size": [0.0625, 0.19764, 0.1875],
							"pivot": [-0.125, 3.93268, -3.45901],
							"rotation": [23.86356, -7.68019, 16.8097],
							"uv": {
								"north": {"uv": [31, 6], "uv_size": [0.25, 0.25]},
								"east": {"uv": [7, 31], "uv_size": [0.25, 0.25]},
								"south": {"uv": [31, 7], "uv_size": [0.25, 0.25]},
								"west": {"uv": [8, 31], "uv_size": [0.25, 0.25]},
								"up": {"uv": [31, 8], "uv_size": [0.25, 0.25]},
								"down": {"uv": [9, 31.25], "uv_size": [0.25, -0.25]}
							}
						},
						{
							"origin": [-0.125, 3.9723, -3.53029],
							"size": [0.25, 0.0625, 0.15625],
							"pivot": [0, 3.9723, -3.37404],
							"rotation": [43, 0, 0],
							"uv": {
								"north": {"uv": [31, 9], "uv_size": [0.25, 0.25]},
								"east": {"uv": [10, 31], "uv_size": [0.25, 0.25]},
								"south": {"uv": [31, 10], "uv_size": [0.25, 0.25]},
								"west": {"uv": [11, 31], "uv_size": [0.25, 0.25]},
								"up": {"uv": [31, 11], "uv_size": [0.25, 0.25]},
								"down": {"uv": [12, 31.25], "uv_size": [0.25, -0.25]}
							}
						},
						{
							"origin": [0.0625, 3.96473, -3.55193],
							"size": [0.06272, 0.19764, 0.15625],
							"pivot": [0.125, 3.96473, -3.4738],
							"rotation": [41.48717, 12.49775, -13.75049],
							"uv": {
								"north": {"uv": [31, 12], "uv_size": [0.25, 0.25]},
								"east": {"uv": [13, 31], "uv_size": [0.25, 0.25]},
								"south": {"uv": [31, 13], "uv_size": [0.25, 0.25]},
								"west": {"uv": [14, 31], "uv_size": [0.25, 0.25]},
								"up": {"uv": [31, 14], "uv_size": [0.25, 0.25]},
								"down": {"uv": [15, 31.25], "uv_size": [0.25, -0.25]}
							}
						},
						{
							"origin": [-0.12522, 3.96473, -3.55193],
							"size": [0.06272, 0.19764, 0.15625],
							"pivot": [-0.125, 3.96473, -3.4738],
							"rotation": [41.48717, -12.49775, 13.75049],
							"uv": {
								"north": {"uv": [31, 15], "uv_size": [0.25, 0.25]},
								"east": {"uv": [16, 31], "uv_size": [0.25, 0.25]},
								"south": {"uv": [31, 16], "uv_size": [0.25, 0.25]},
								"west": {"uv": [17, 31], "uv_size": [0.25, 0.25]},
								"up": {"uv": [31, 17], "uv_size": [0.25, 0.25]},
								"down": {"uv": [18, 31.25], "uv_size": [0.25, -0.25]}
							}
						},
						{
							"origin": [-0.0625, 3.91436, -3.6798],
							"size": [0.125, 0.1875, 0.15625],
							"pivot": [0.0625, 4.10186, -3.60168],
							"rotation": [43, 0, 0],
							"uv": {
								"north": {"uv": [31, 18], "uv_size": [0.25, 0.25]},
								"east": {"uv": [19, 31], "uv_size": [0.25, 0.25]},
								"south": {"uv": [31, 19], "uv_size": [0.25, 0.25]},
								"west": {"uv": [20, 31], "uv_size": [0.25, 0.25]},
								"up": {"uv": [31, 20], "uv_size": [0.25, 0.25]},
								"down": {"uv": [21, 31.25], "uv_size": [0.25, -0.25]}
							}
						},
						{
							"origin": [-0.0625, 3.86108, -3.65882],
							"size": [0.125, 0.1875, 0.0625],
							"pivot": [0, 4.04858, -3.65882],
							"rotation": [35.5, 0, 0],
							"uv": {
								"north": {"uv": [31, 21], "uv_size": [0.25, 0.25]},
								"east": {"uv": [22, 31], "uv_size": [0.25, 0.25]},
								"south": {"uv": [31, 22], "uv_size": [0.25, 0.25]},
								"west": {"uv": [23, 31], "uv_size": [0.25, 0.25]},
								"up": {"uv": [31, 23], "uv_size": [0.25, 0.25]},
								"down": {"uv": [24, 31.25], "uv_size": [0.25, -0.25]}
							}
						},
						{
							"origin": [-0.125, 3.79858, -3.65882],
							"size": [0.25, 0.0625, 0.0625],
							"pivot": [0, 4.04858, -3.65882],
							"rotation": [35.5, 0, 0],
							"uv": {
								"north": {"uv": [31, 24], "uv_size": [0.25, 0.25]},
								"east": {"uv": [25, 31], "uv_size": [0.25, 0.25]},
								"south": {"uv": [31, 25], "uv_size": [0.25, 0.25]},
								"west": {"uv": [26, 31], "uv_size": [0.25, 0.25]},
								"up": {"uv": [31, 26], "uv_size": [0.25, 0.25]},
								"down": {"uv": [27, 31.25], "uv_size": [0.25, -0.25]}
							}
						},
						{
							"origin": [-0.0625, 4.15514, -3.66954],
							"size": [0.125, 0.25, 0.125],
							"pivot": [0, 4.15514, -3.54454],
							"rotation": [58, 0, 0],
							"uv": {
								"north": {"uv": [31, 27], "uv_size": [0.25, 0.25]},
								"east": {"uv": [28, 31], "uv_size": [0.25, 0.25]},
								"south": {"uv": [31, 28], "uv_size": [0.25, 0.25]},
								"west": {"uv": [29, 31], "uv_size": [0.25, 0.25]},
								"up": {"uv": [31, 29], "uv_size": [0.25, 0.25]},
								"down": {"uv": [30, 31.25], "uv_size": [0.25, -0.25]}
							}
						},
						{
							"origin": [-0.0625, 4.28762, -3.81905],
							"size": [0.125, 0.25, 0.0625],
							"pivot": [0, 4.28762, -3.75655],
							"rotation": [82, 0, 0],
							"uv": {
								"north": {"uv": [31, 30], "uv_size": [0.25, 0.25]},
								"east": {"uv": [31, 31], "uv_size": [0.25, 0.25]},
								"south": {"uv": [0, 32], "uv_size": [0.25, 0.25]},
								"west": {"uv": [32, 0], "uv_size": [0.25, 0.25]},
								"up": {"uv": [1, 32], "uv_size": [0.25, 0.25]},
								"down": {"uv": [32, 1.25], "uv_size": [0.25, -0.25]}
							}
						},
						{
							"origin": [-0.0625, 4.02614, -4.01282],
							"size": [0.125, 0.23438, 0.0625],
							"pivot": [0, 4.26052, -4.01282],
							"rotation": [67, 0, 0],
							"uv": {
								"north": {"uv": [2, 32], "uv_size": [0.25, 0.25]},
								"east": {"uv": [32, 2], "uv_size": [0.25, 0.25]},
								"south": {"uv": [3, 32], "uv_size": [0.25, 0.25]},
								"west": {"uv": [32, 3], "uv_size": [0.25, 0.25]},
								"up": {"uv": [4, 32], "uv_size": [0.25, 0.25]},
								"down": {"uv": [32, 4.25], "uv_size": [0.25, -0.25]}
							}
						},
						{
							"origin": [-0.0625, 3.93161, -3.82279],
							"size": [0.125, 0.25, 0.0625],
							"pivot": [0, 4.18161, -3.82279],
							"rotation": [50.5, 0, 0],
							"uv": {
								"north": {"uv": [5, 32], "uv_size": [0.25, 0.25]},
								"east": {"uv": [32, 5], "uv_size": [0.25, 0.25]},
								"south": {"uv": [6, 32], "uv_size": [0.25, 0.25]},
								"west": {"uv": [32, 6], "uv_size": [0.25, 0.25]},
								"up": {"uv": [7, 32], "uv_size": [0.25, 0.25]},
								"down": {"uv": [32, 7.25], "uv_size": [0.25, -0.25]}
							}
						},
						{
							"origin": [-0.3125, 2.0625, -1.1875],
							"size": [0.625, 0.875, 2],
							"pivot": [0, 2.9375, -1.1875],
							"rotation": [-5, 0, 0],
							"uv": {
								"north": {"uv": [18, 7], "uv_size": [0.75, 1]},
								"east": {"uv": [0, 9], "uv_size": [2, 1]},
								"south": {"uv": [12, 18], "uv_size": [0.75, 1]},
								"west": {"uv": [2, 9], "uv_size": [2, 1]},
								"up": {"uv": [10, 13], "uv_size": [0.75, 2]},
								"down": {"uv": [11, 15], "uv_size": [0.75, -2]}
							}
						},
						{
							"origin": [-0.3125, 1.88819, 0.80489],
							"size": [0.625, 0.875, 1.75],
							"pivot": [0, 2.76319, 0.80489],
							"rotation": [-25, 0, 0],
							"uv": {
								"north": {"uv": [13, 18], "uv_size": [0.75, 1]},
								"east": {"uv": [0, 10], "uv_size": [1.75, 1]},
								"south": {"uv": [14, 18], "uv_size": [0.75, 1]},
								"west": {"uv": [2, 10], "uv_size": [1.75, 1]},
								"up": {"uv": [12, 13], "uv_size": [0.75, 1.75]},
								"down": {"uv": [13, 14.75], "uv_size": [0.75, -1.75]}
							}
						},
						{
							"origin": [-0.21875, 1.57569, 2.42989],
							"size": [0.4375, 0.3125, 0.125],
							"pivot": [0.03125, 2.76319, 0.80489],
							"rotation": [-25, 0, 0],
							"uv": {
								"north": {"uv": [1, 28], "uv_size": [0.5, 0.25]},
								"east": {"uv": [8, 32], "uv_size": [0.25, 0.25]},
								"south": {"uv": [28, 1], "uv_size": [0.5, 0.25]},
								"west": {"uv": [32, 8], "uv_size": [0.25, 0.25]},
								"up": {"uv": [2, 28], "uv_size": [0.5, 0.25]},
								"down": {"uv": [28, 2.25], "uv_size": [0.5, -0.25]}
							}
						},
						{
							"origin": [-0.21875, 1.00019, 1.77578],
							"size": [0.4375, 0.375, 0.125],
							"pivot": [0.03125, 1.00019, 1.77578],
							"rotation": [-2.5, 0, 0],
							"uv": {
								"north": {"uv": [25, 18], "uv_size": [0.5, 0.5]},
								"east": {"uv": [3, 28], "uv_size": [0.25, 0.5]},
								"south": {"uv": [25, 19], "uv_size": [0.5, 0.5]},
								"west": {"uv": [28, 3], "uv_size": [0.25, 0.5]},
								"up": {"uv": [4, 28], "uv_size": [0.5, 0.25]},
								"down": {"uv": [28, 4.25], "uv_size": [0.5, -0.25]}
							}
						},
						{
							"origin": [-0.125, 1.875, -1.1875],
							"size": [0.25, 0.1875, 2],
							"pivot": [0, 2.9375, -1.1875],
							"rotation": [-5, 0, 0],
							"uv": {
								"north": {"uv": [9, 32], "uv_size": [0.25, 0.25]},
								"east": {"uv": [19, 19], "uv_size": [2, 0.25]},
								"south": {"uv": [32, 9], "uv_size": [0.25, 0.25]},
								"west": {"uv": [0, 20], "uv_size": [2, 0.25]},
								"up": {"uv": [2, 20], "uv_size": [0.25, 2]},
								"down": {"uv": [3, 22], "uv_size": [0.25, -2]}
							}
						},
						{
							"origin": [0.125, 1.79189, -1.28391],
							"size": [0.26517, 0.0625, 2],
							"pivot": [0.125, 1.79189, -0.28391],
							"rotation": [-3.54002, -3.53329, -44.89078],
							"uv": {
								"north": {"uv": [10, 32], "uv_size": [0.25, 0.25]},
								"east": {"uv": [20, 6], "uv_size": [2, 0.25]},
								"south": {"uv": [32, 10], "uv_size": [0.25, 0.25]},
								"west": {"uv": [20, 7], "uv_size": [2, 0.25]},
								"up": {"uv": [8, 20], "uv_size": [0.25, 2]},
								"down": {"uv": [9, 22], "uv_size": [0.25, -2]}
							}
						},
						{
							"origin": [-0.125, 1.70069, 0.80489],
							"size": [0.25, 0.1875, 1.75],
							"pivot": [0, 2.76319, 0.80489],
							"rotation": [-25, 0, 0],
							"uv": {
								"north": {"uv": [11, 32], "uv_size": [0.25, 0.25]},
								"east": {"uv": [22, 8], "uv_size": [1.75, 0.25]},
								"south": {"uv": [32, 11], "uv_size": [0.25, 0.25]},
								"west": {"uv": [22, 11], "uv_size": [1.75, 0.25]},
								"up": {"uv": [12, 22], "uv_size": [0.25, 1.75]},
								"down": {"uv": [14, 23.75], "uv_size": [0.25, -1.75]}
							}
						},
						{
							"origin": [0.125, 1.43045, 0.27388],
							"size": [0.26517, 0.15625, 1.75],
							"pivot": [0.125, 1.43045, 1.14888],
							"rotation": [-18.2489, -17.38772, -42.18626],
							"uv": {
								"north": {"uv": [12, 32], "uv_size": [0.25, 0.25]},
								"east": {"uv": [22, 12], "uv_size": [1.75, 0.25]},
								"south": {"uv": [32, 12], "uv_size": [0.25, 0.25]},
								"west": {"uv": [22, 14], "uv_size": [1.75, 0.25]},
								"up": {"uv": [15, 22], "uv_size": [0.25, 1.75]},
								"down": {"uv": [22, 16.75], "uv_size": [0.25, -1.75]}
							}
						},
						{
							"origin": [-0.39017, 1.43045, 0.27388],
							"size": [0.26517, 0.15625, 1.75],
							"pivot": [-0.125, 1.43045, 1.14888],
							"rotation": [-18.2489, 17.38772, 42.18626],
							"uv": {
								"north": {"uv": [13, 32], "uv_size": [0.25, 0.25]},
								"east": {"uv": [17, 22], "uv_size": [1.75, 0.25]},
								"south": {"uv": [32, 13], "uv_size": [0.25, 0.25]},
								"west": {"uv": [22, 17], "uv_size": [1.75, 0.25]},
								"up": {"uv": [19, 22], "uv_size": [0.25, 1.75]},
								"down": {"uv": [22, 21.75], "uv_size": [0.25, -1.75]}
							}
						},
						{
							"origin": [-0.39017, 1.79189, -1.28391],
							"size": [0.26517, 0.0625, 2],
							"pivot": [-0.125, 1.79189, -0.28391],
							"rotation": [-3.54002, 3.53329, 44.89078],
							"uv": {
								"north": {"uv": [14, 32], "uv_size": [0.25, 0.25]},
								"east": {"uv": [10, 20], "uv_size": [2, 0.25]},
								"south": {"uv": [32, 14], "uv_size": [0.25, 0.25]},
								"west": {"uv": [20, 14], "uv_size": [2, 0.25]},
								"up": {"uv": [20, 15], "uv_size": [0.25, 2]},
								"down": {"uv": [19, 22], "uv_size": [0.25, -2]}
							}
						},
						{
							"origin": [-0.125, 2.76319, 0.77364],
							"size": [0.25, 0.1875, 1.78125],
							"pivot": [0, 2.76319, 0.80489],
							"rotation": [-25, 0, 0],
							"uv": {
								"north": {"uv": [15, 32], "uv_size": [0.25, 0.25]},
								"east": {"uv": [22, 22], "uv_size": [1.75, 0.25]},
								"south": {"uv": [32, 15], "uv_size": [0.25, 0.25]},
								"west": {"uv": [0, 23], "uv_size": [1.75, 0.25]},
								"up": {"uv": [23, 2], "uv_size": [0.25, 1.75]},
								"down": {"uv": [4, 24.75], "uv_size": [0.25, -1.75]}
							}
						},
						{
							"origin": [0.125, 2.38243, 0.80361],
							"size": [0.26517, 0.1875, 1.75],
							"pivot": [0.125, 2.56993, 1.66299],
							"rotation": [-18.2489, 17.38772, 42.18626],
							"uv": {
								"north": {"uv": [16, 32], "uv_size": [0.25, 0.25]},
								"east": {"uv": [23, 5], "uv_size": [1.75, 0.25]},
								"south": {"uv": [32, 16], "uv_size": [0.25, 0.25]},
								"west": {"uv": [23, 6], "uv_size": [1.75, 0.25]},
								"up": {"uv": [7, 23], "uv_size": [0.25, 1.75]},
								"down": {"uv": [8, 24.75], "uv_size": [0.25, -1.75]}
							}
						},
						{
							"origin": [0.0496, 2.70069, 0.80489],
							"size": [0.2629, 0.0625, 0.03461],
							"pivot": [0.3125, 2.76319, 0.80489],
							"rotation": [-17.67907, 10.25228, 44.56684],
							"uv": {
								"north": {"uv": [17, 32], "uv_size": [0.25, 0.25]},
								"east": {"uv": [32, 17], "uv_size": [0.25, 0.25]},
								"south": {"uv": [18, 32], "uv_size": [0.25, 0.25]},
								"west": {"uv": [32, 18], "uv_size": [0.25, 0.25]},
								"up": {"uv": [19, 32], "uv_size": [0.25, 0.25]},
								"down": {"uv": [32, 19.25], "uv_size": [0.25, -0.25]}
							}
						},
						{
							"origin": [-0.125, 2.9375, -1.20312],
							"size": [0.25, 0.1875, 2.04687],
							"pivot": [0, 2.9375, -1.1875],
							"rotation": [-5, 0, 0],
							"uv": {
								"north": {"uv": [20, 32], "uv_size": [0.25, 0.25]},
								"east": {"uv": [20, 17], "uv_size": [2, 0.25]},
								"south": {"uv": [32, 20], "uv_size": [0.25, 0.25]},
								"west": {"uv": [20, 20], "uv_size": [2, 0.25]},
								"up": {"uv": [0, 21], "uv_size": [0.25, 2]},
								"down": {"uv": [21, 2], "uv_size": [0.25, -2]}
							}
						},
						{
							"origin": [0.125, 2.91145, -1.19062],
							"size": [0.26517, 0.125, 2.01563],
							"pivot": [0.125, 3.03645, -0.16718],
							"rotation": [-3.54002, 3.53329, 44.89078],
							"uv": {
								"north": {"uv": [21, 32], "uv_size": [0.25, 0.25]},
								"east": {"uv": [21, 2], "uv_size": [2, 0.25]},
								"south": {"uv": [32, 21], "uv_size": [0.25, 0.25]},
								"west": {"uv": [21, 3], "uv_size": [2, 0.25]},
								"up": {"uv": [1, 21], "uv_size": [0.25, 2]},
								"down": {"uv": [4, 23], "uv_size": [0.25, -2]}
							}
						},
						{
							"origin": [0.04917, 2.70069, 0.77372],
							"size": [0.26333, 0.0625, 0.03117],
							"pivot": [0.3125, 2.76319, 0.80489],
							"rotation": [-3.5909, 10.27025, 44.46818],
							"uv": {
								"north": {"uv": [22, 32], "uv_size": [0.25, 0.25]},
								"east": {"uv": [32, 22], "uv_size": [0.25, 0.25]},
								"south": {"uv": [23, 32], "uv_size": [0.25, 0.25]},
								"west": {"uv": [32, 23], "uv_size": [0.25, 0.25]},
								"up": {"uv": [24, 32], "uv_size": [0.25, 0.25]},
								"down": {"uv": [32, 24.25], "uv_size": [0.25, -0.25]}
							}
						},
						{
							"origin": [-0.39017, 2.91145, -1.19062],
							"size": [0.26517, 0.125, 2.01563],
							"pivot": [-0.125, 3.03645, -0.16718],
							"rotation": [-3.54002, -3.53329, -44.89078],
							"uv": {
								"north": {"uv": [25, 32], "uv_size": [0.25, 0.25]},
								"east": {"uv": [5, 21], "uv_size": [2, 0.25]},
								"south": {"uv": [32, 25], "uv_size": [0.25, 0.25]},
								"west": {"uv": [21, 9], "uv_size": [2, 0.25]},
								"up": {"uv": [7, 21], "uv_size": [0.25, 2]},
								"down": {"uv": [10, 23], "uv_size": [0.25, -2]}
							}
						},
						{
							"origin": [-0.3125, 2.70069, 0.77372],
							"size": [0.26333, 0.0625, 0.03117],
							"pivot": [-0.3125, 2.76319, 0.80489],
							"rotation": [-3.5909, -10.27025, -44.46818],
							"uv": {
								"north": {"uv": [26, 32], "uv_size": [0.25, 0.25]},
								"east": {"uv": [32, 26], "uv_size": [0.25, 0.25]},
								"south": {"uv": [27, 32], "uv_size": [0.25, 0.25]},
								"west": {"uv": [32, 27], "uv_size": [0.25, 0.25]},
								"up": {"uv": [28, 32], "uv_size": [0.25, 0.25]},
								"down": {"uv": [32, 28.25], "uv_size": [0.25, -0.25]}
							}
						},
						{
							"origin": [-0.3125, 2.70069, 0.80489],
							"size": [0.2629, 0.0625, 0.03461],
							"pivot": [-0.3125, 2.76319, 0.80489],
							"rotation": [-17.67907, -10.25228, -44.56684],
							"uv": {
								"north": {"uv": [29, 32], "uv_size": [0.25, 0.25]},
								"east": {"uv": [32, 29], "uv_size": [0.25, 0.25]},
								"south": {"uv": [30, 32], "uv_size": [0.25, 0.25]},
								"west": {"uv": [32, 30], "uv_size": [0.25, 0.25]},
								"up": {"uv": [31, 32], "uv_size": [0.25, 0.25]},
								"down": {"uv": [32, 31.25], "uv_size": [0.25, -0.25]}
							}
						},
						{
							"origin": [-0.39017, 2.38243, 0.80361],
							"size": [0.26517, 0.1875, 1.75],
							"pivot": [-0.125, 2.56993, 1.66299],
							"rotation": [-18.2489, -17.38772, -42.18626],
							"uv": {
								"north": {"uv": [32, 32], "uv_size": [0.25, 0.25]},
								"east": {"uv": [9, 23], "uv_size": [1.75, 0.25]},
								"south": {"uv": [0, 33], "uv_size": [0.25, 0.25]},
								"west": {"uv": [23, 9], "uv_size": [1.75, 0.25]},
								"up": {"uv": [13, 23], "uv_size": [0.25, 1.75]},
								"down": {"uv": [23, 16.75], "uv_size": [0.25, -1.75]}
							}
						},
						{
							"origin": [-0.125, 2.9375, -3.1875],
							"size": [0.25, 0.1875, 2],
							"uv": {
								"north": {"uv": [33, 0], "uv_size": [0.25, 0.25]},
								"east": {"uv": [21, 10], "uv_size": [2, 0.25]},
								"south": {"uv": [1, 33], "uv_size": [0.25, 0.25]},
								"west": {"uv": [11, 21], "uv_size": [2, 0.25]},
								"up": {"uv": [21, 11], "uv_size": [0.25, 2]},
								"down": {"uv": [13, 23], "uv_size": [0.25, -2]}
							}
						},
						{
							"origin": [0.125, 2.9375, -3.1875],
							"size": [0.26517, 0.1875, 2],
							"pivot": [0.125, 3.125, -2.1875],
							"rotation": [0, 0, 45],
							"uv": {
								"north": {"uv": [33, 1], "uv_size": [0.25, 0.25]},
								"east": {"uv": [21, 13], "uv_size": [2, 0.25]},
								"south": {"uv": [2, 33], "uv_size": [0.25, 0.25]},
								"west": {"uv": [14, 21], "uv_size": [2, 0.25]},
								"up": {"uv": [21, 15], "uv_size": [0.25, 2]},
								"down": {"uv": [16, 23], "uv_size": [0.25, -2]}
							}
						},
						{
							"origin": [-0.39017, 2.9375, -3.1875],
							"size": [0.26517, 0.1875, 2],
							"pivot": [-0.125, 3.125, -2.1875],
							"rotation": [0, 0, -45],
							"uv": {
								"north": {"uv": [33, 2], "uv_size": [0.25, 0.25]},
								"east": {"uv": [17, 21], "uv_size": [2, 0.25]},
								"south": {"uv": [3, 33], "uv_size": [0.25, 0.25]},
								"west": {"uv": [21, 18], "uv_size": [2, 0.25]},
								"up": {"uv": [20, 21], "uv_size": [0.25, 2]},
								"down": {"uv": [21, 23], "uv_size": [0.25, -2]}
							}
						},
						{
							"origin": [0.125, 1.875, -3.1875],
							"size": [0.26517, 0.1875, 2],
							"pivot": [0.125, 1.875, -2.1875],
							"rotation": [0, 0, -45],
							"uv": {
								"north": {"uv": [33, 3], "uv_size": [0.25, 0.25]},
								"east": {"uv": [21, 19], "uv_size": [2, 0.25]},
								"south": {"uv": [4, 33], "uv_size": [0.25, 0.25]},
								"west": {"uv": [22, 0], "uv_size": [2, 0.25]},
								"up": {"uv": [2, 22], "uv_size": [0.25, 2]},
								"down": {"uv": [3, 24], "uv_size": [0.25, -2]}
							}
						},
						{
							"origin": [-0.125, 1.875, -3.1875],
							"size": [0.25, 0.1875, 2],
							"uv": {
								"north": {"uv": [33, 4], "uv_size": [0.25, 0.25]},
								"east": {"uv": [22, 1], "uv_size": [2, 0.25]},
								"south": {"uv": [5, 33], "uv_size": [0.25, 0.25]},
								"west": {"uv": [22, 4], "uv_size": [2, 0.25]},
								"up": {"uv": [5, 22], "uv_size": [0.25, 2]},
								"down": {"uv": [22, 7], "uv_size": [0.25, -2]}
							}
						},
						{
							"origin": [-0.39017, 1.875, -3.1875],
							"size": [0.26517, 0.1875, 2],
							"pivot": [-0.125, 1.875, -2.1875],
							"rotation": [0, 0, 45],
							"uv": {
								"north": {"uv": [33, 5], "uv_size": [0.25, 0.25]},
								"east": {"uv": [22, 7], "uv_size": [2, 0.25]},
								"south": {"uv": [6, 33], "uv_size": [0.25, 0.25]},
								"west": {"uv": [8, 22], "uv_size": [2, 0.25]},
								"up": {"uv": [6, 22], "uv_size": [0.25, 2]},
								"down": {"uv": [11, 24], "uv_size": [0.25, -2]}
							}
						},
						{
							"origin": [-0.0625, 3.8125, -4.04105],
							"size": [0.125, 0.0625, 0.2071],
							"pivot": [0, 4.0625, -3.9375],
							"rotation": [-7.5, 0, 0],
							"uv": {
								"north": {"uv": [33, 6], "uv_size": [0.25, 0.25]},
								"east": {"uv": [7, 33], "uv_size": [0.25, 0.25]},
								"south": {"uv": [33, 7], "uv_size": [0.25, 0.25]},
								"west": {"uv": [8, 33], "uv_size": [0.25, 0.25]},
								"up": {"uv": [33, 8], "uv_size": [0.25, 0.25]},
								"down": {"uv": [9, 33.25], "uv_size": [0.25, -0.25]}
							}
						},
						{
							"origin": [-0.0625, 3.8125, -4.04105],
							"size": [0.125, 0.0625, 0.2071],
							"pivot": [0, 4.0625, -3.9375],
							"rotation": [-52.5, 0, 0],
							"uv": {
								"north": {"uv": [33, 9], "uv_size": [0.25, 0.25]},
								"east": {"uv": [10, 33], "uv_size": [0.25, 0.25]},
								"south": {"uv": [33, 10], "uv_size": [0.25, 0.25]},
								"west": {"uv": [11, 33], "uv_size": [0.25, 0.25]},
								"up": {"uv": [33, 11], "uv_size": [0.25, 0.25]},
								"down": {"uv": [12, 33.25], "uv_size": [0.25, -0.25]}
							}
						},
						{
							"origin": [-0.0625, 3.95895, -3.75],
							"size": [0.125, 0.2071, 0.0625],
							"pivot": [0, 4.0625, -3.9375],
							"rotation": [-7.5, 0, 0],
							"uv": {
								"north": {"uv": [33, 12], "uv_size": [0.25, 0.25]},
								"east": {"uv": [13, 33], "uv_size": [0.25, 0.25]},
								"south": {"uv": [33, 13], "uv_size": [0.25, 0.25]},
								"west": {"uv": [14, 33], "uv_size": [0.25, 0.25]},
								"up": {"uv": [33, 14], "uv_size": [0.25, 0.25]},
								"down": {"uv": [15, 33.25], "uv_size": [0.25, -0.25]}
							}
						},
						{
							"origin": [-0.0625, 3.95895, -3.75],
							"size": [0.125, 0.2071, 0.0625],
							"pivot": [0, 4.0625, -3.9375],
							"rotation": [-52.5, 0, 0],
							"uv": {
								"north": {"uv": [33, 15], "uv_size": [0.25, 0.25]},
								"east": {"uv": [16, 33], "uv_size": [0.25, 0.25]},
								"south": {"uv": [33, 16], "uv_size": [0.25, 0.25]},
								"west": {"uv": [17, 33], "uv_size": [0.25, 0.25]},
								"up": {"uv": [33, 17], "uv_size": [0.25, 0.25]},
								"down": {"uv": [18, 33.25], "uv_size": [0.25, -0.25]}
							}
						},
						{
							"origin": [-0.0625, 3.95895, -4.1875],
							"size": [0.125, 0.2071, 0.0625],
							"pivot": [0, 4.0625, -3.9375],
							"rotation": [-7.5, 0, 0],
							"uv": {
								"north": {"uv": [33, 18], "uv_size": [0.25, 0.25]},
								"east": {"uv": [19, 33], "uv_size": [0.25, 0.25]},
								"south": {"uv": [33, 19], "uv_size": [0.25, 0.25]},
								"west": {"uv": [20, 33], "uv_size": [0.25, 0.25]},
								"up": {"uv": [33, 20], "uv_size": [0.25, 0.25]},
								"down": {"uv": [21, 33.25], "uv_size": [0.25, -0.25]}
							}
						},
						{
							"origin": [-0.0625, 3.95895, -4.1875],
							"size": [0.125, 0.2071, 0.0625],
							"pivot": [0, 4.0625, -3.9375],
							"rotation": [-52.5, 0, 0],
							"uv": {
								"north": {"uv": [33, 21], "uv_size": [0.25, 0.25]},
								"east": {"uv": [22, 33], "uv_size": [0.25, 0.25]},
								"south": {"uv": [33, 22], "uv_size": [0.25, 0.25]},
								"west": {"uv": [23, 33], "uv_size": [0.25, 0.25]},
								"up": {"uv": [33, 23], "uv_size": [0.25, 0.25]},
								"down": {"uv": [24, 33.25], "uv_size": [0.25, -0.25]}
							}
						},
						{
							"origin": [-0.42101, 1.88572, -3.57691],
							"size": [0.125, 0.17678, 0.125],
							"pivot": [-0.38976, 2.0625, -3.45191],
							"rotation": [0, -90, -45],
							"uv": {
								"north": {"uv": [33, 24], "uv_size": [0.25, 0.25]},
								"east": {"uv": [25, 33], "uv_size": [0.25, 0.25]},
								"south": {"uv": [33, 25], "uv_size": [0.25, 0.25]},
								"west": {"uv": [26, 33], "uv_size": [0.25, 0.25]},
								"up": {"uv": [33, 26], "uv_size": [0.25, 0.25]},
								"down": {"uv": [27, 33.25], "uv_size": [0.25, -0.25]}
							}
						},
						{
							"origin": [-0.42101, 2.9375, -3.57691],
							"size": [0.125, 0.17678, 0.125],
							"pivot": [-0.38976, 2.9375, -3.45191],
							"rotation": [0, -90, 45],
							"uv": {
								"north": {"uv": [33, 27], "uv_size": [0.25, 0.25]},
								"east": {"uv": [28, 33], "uv_size": [0.25, 0.25]},
								"south": {"uv": [33, 28], "uv_size": [0.25, 0.25]},
								"west": {"uv": [29, 33], "uv_size": [0.25, 0.25]},
								"up": {"uv": [33, 29], "uv_size": [0.25, 0.25]},
								"down": {"uv": [30, 33.25], "uv_size": [0.25, -0.25]}
							}
						},
						{
							"origin": [0.17274, 2.0625, -2.92066],
							"size": [0.125, 0.875, 0.125],
							"pivot": [0.23524, 2.5, -3.42066],
							"rotation": [0, -90, 0],
							"uv": {
								"north": {"uv": [25, 20], "uv_size": [0.25, 1]},
								"east": {"uv": [25, 21], "uv_size": [0.25, 1]},
								"south": {"uv": [25, 22], "uv_size": [0.25, 1]},
								"west": {"uv": [25, 23], "uv_size": [0.25, 1]},
								"up": {"uv": [33, 30], "uv_size": [0.25, 0.25]},
								"down": {"uv": [31, 33.25], "uv_size": [0.25, -0.25]}
							}
						},
						{
							"origin": [0.17274, 1.9375, -3.42066],
							"size": [0.125, 1.125, 0.5],
							"pivot": [0.23524, 2.5, -3.42066],
							"rotation": [0, -90, 0],
							"uv": {
								"north": {"uv": [5, 24], "uv_size": [0.25, 1.25]},
								"east": {"uv": [19, 6], "uv_size": [0.5, 1.25]},
								"south": {"uv": [6, 24], "uv_size": [0.25, 1.25]},
								"west": {"uv": [12, 19], "uv_size": [0.5, 1.25]},
								"up": {"uv": [5, 28], "uv_size": [0.25, 0.5]},
								"down": {"uv": [28, 5.5], "uv_size": [0.25, -0.5]}
							}
						},
						{
							"origin": [0.34597, 1.9375, -3.53929],
							"size": [0.125, 1.125, 0.26562],
							"pivot": [0.40847, 2.5, -3.49242],
							"rotation": [0, -67.5, 0],
							"uv": {
								"north": {"uv": [24, 7], "uv_size": [0.25, 1.25]},
								"east": {"uv": [9, 24], "uv_size": [0.25, 1.25]},
								"south": {"uv": [10, 24], "uv_size": [0.25, 1.25]},
								"west": {"uv": [11, 24], "uv_size": [0.25, 1.25]},
								"up": {"uv": [33, 31], "uv_size": [0.25, 0.25]},
								"down": {"uv": [32, 33.25], "uv_size": [0.25, -0.25]}
							}
						},
						{
							"origin": [0.34597, 1.9375, -3.63951],
							"size": [0.12879, 1.125, 0.1869],
							"uv": {
								"north": {"uv": [24, 11], "uv_size": [0.25, 1.25]},
								"east": {"uv": [12, 24], "uv_size": [0.25, 1.25]},
								"south": {"uv": [14, 24], "uv_size": [0.25, 1.25]},
								"west": {"uv": [24, 14], "uv_size": [0.25, 1.25]},
								"up": {"uv": [33, 32], "uv_size": [0.25, 0.25]},
								"down": {"uv": [33, 33.25], "uv_size": [0.25, -0.25]}
							}
						},
						{
							"origin": [0.1875, 1.9375, -3.75],
							"size": [0.125, 1.125, 0.28125],
							"pivot": [0.1875, 2.5, -3.75],
							"rotation": [0, 45, 0],
							"uv": {
								"north": {"uv": [15, 24], "uv_size": [0.25, 1.25]},
								"east": {"uv": [24, 16], "uv_size": [0.25, 1.25]},
								"south": {"uv": [24, 18], "uv_size": [0.25, 1.25]},
								"west": {"uv": [19, 24], "uv_size": [0.25, 1.25]},
								"up": {"uv": [0, 34], "uv_size": [0.25, 0.25]},
								"down": {"uv": [34, 0.25], "uv_size": [0.25, -0.25]}
							}
						},
						{
							"origin": [0.1875, 1.9375, -4.1875],
							"size": [0.125, 1.125, 0.4375],
							"inflate": 0.001,
							"uv": {
								"north": {"uv": [20, 24], "uv_size": [0.25, 1.25]},
								"east": {"uv": [13, 19], "uv_size": [0.5, 1.25]},
								"south": {"uv": [21, 24], "uv_size": [0.25, 1.25]},
								"west": {"uv": [14, 19], "uv_size": [0.5, 1.25]},
								"up": {"uv": [6, 28], "uv_size": [0.25, 0.5]},
								"down": {"uv": [28, 6.5], "uv_size": [0.25, -0.5]}
							}
						},
						{
							"origin": [0.1875, 1.875, -4.63388],
							"size": [0.125, 1.25, 0.51776],
							"inflate": -0.001,
							"uv": {
								"north": {"uv": [22, 24], "uv_size": [0.25, 1.25]},
								"east": {"uv": [15, 19], "uv_size": [0.5, 1.25]},
								"south": {"uv": [24, 22], "uv_size": [0.25, 1.25]},
								"west": {"uv": [16, 19], "uv_size": [0.5, 1.25]},
								"up": {"uv": [7, 28], "uv_size": [0.25, 0.5]},
								"down": {"uv": [28, 7.5], "uv_size": [0.25, -0.5]}
							}
						},
						{
							"origin": [0.1875, 1.875, -4.63388],
							"size": [0.125, 1.25, 0.51776],
							"pivot": [-0.25, 2.5, -4.375],
							"rotation": [-45, 0, 0],
							"uv": {
								"north": {"uv": [23, 24], "uv_size": [0.25, 1.25]},
								"east": {"uv": [17, 19], "uv_size": [0.5, 1.25]},
								"south": {"uv": [24, 24], "uv_size": [0.25, 1.25]},
								"west": {"uv": [18, 19], "uv_size": [0.5, 1.25]},
								"up": {"uv": [8, 28], "uv_size": [0.25, 0.5]},
								"down": {"uv": [28, 8.5], "uv_size": [0.25, -0.5]}
							}
						},
						{
							"origin": [0.1875, 2.24112, -5],
							"size": [0.125, 0.51776, 0.3125],
							"inflate": -0.001,
							"uv": {
								"north": {"uv": [9, 28], "uv_size": [0.25, 0.5]},
								"east": {"uv": [28, 9], "uv_size": [0.25, 0.5]},
								"south": {"uv": [10, 28], "uv_size": [0.25, 0.5]},
								"west": {"uv": [28, 10], "uv_size": [0.25, 0.5]},
								"up": {"uv": [1, 34], "uv_size": [0.25, 0.25]},
								"down": {"uv": [34, 1.25], "uv_size": [0.25, -0.25]}
							}
						},
						{
							"origin": [0.1875, 2.24112, -5],
							"size": [0.125, 0.51776, 1.25],
							"pivot": [-0.25, 2.5, -4.375],
							"rotation": [-45, 0, 0],
							"uv": {
								"north": {"uv": [11, 28], "uv_size": [0.25, 0.5]},
								"east": {"uv": [19, 2], "uv_size": [1.25, 0.5]},
								"south": {"uv": [28, 11], "uv_size": [0.25, 0.5]},
								"west": {"uv": [19, 18], "uv_size": [1.25, 0.5]},
								"up": {"uv": [25, 0], "uv_size": [0.25, 1.25]},
								"down": {"uv": [25, 3.25], "uv_size": [0.25, -1.25]}
							}
						}
					]
				},
				{
					"name": "additional_magazine",
					"parent": "root",
					"pivot": [0, 5.8, 0]
				},
				{
					"name": "positioning2",
					"parent": "root",
					"pivot": [0, 7, 6.575]
				},
				{
					"name": "muzzle_flash",
					"parent": "positioning2",
					"pivot": [0, 10.875, -12.975]
				},
				{
					"name": "muzzle_pos",
					"parent": "positioning2",
					"pivot": [0, 10.875, -10.975]
				},
				{
					"name": "laser_pos",
					"parent": "positioning2",
					"pivot": [0.9995, 10.8, -6.75],
					"rotation": [0, 0, 90]
				},
				{
					"name": "scope_pos",
					"parent": "positioning2",
					"pivot": [0, 13.1225, 4.775]
				},
				{
					"name": "stock_pos",
					"parent": "positioning2",
					"pivot": [0, 10.95, 13.5]
				},
				{
					"name": "grip_pos",
					"parent": "positioning2",
					"pivot": [0, 9.575, -5.3]
				},
				{
					"name": "shell",
					"parent": "positioning2",
					"pivot": [-0.2, 11.35, 1.975]
				},
				{
					"name": "constraint",
					"parent": "root",
					"pivot": [0, 13.4, -9.275]
				},
				{
					"name": "lefthand",
					"parent": "root",
					"pivot": [-6, 19, 0]
				},
				{
					"name": "lefthand_pos",
					"parent": "lefthand",
					"pivot": [0, 8, 0.25],
					"cubes": [
						{
							"origin": [-8, 8, -1.75],
							"size": [4, 12, 4],
							"uv": {
								"north": {"uv": [12, 0], "uv_size": [4, 12]},
								"east": {"uv": [4, 12], "uv_size": [4, 12]},
								"south": {"uv": [8, 12], "uv_size": [4, 12]},
								"west": {"uv": [12, 12], "uv_size": [4, 12]},
								"up": {"uv": [16, 8], "uv_size": [4, 4]},
								"down": {"uv": [16, 16], "uv_size": [4, -4]}
							}
						}
					]
				},
				{
					"name": "camera",
					"pivot": [2.75, 12.6375, 14]
				},
				{
					"name": "positioning",
					"pivot": [0, 0, -8]
				},
				{
					"name": "thirdperson_hand",
					"parent": "positioning",
					"pivot": [0, 2.925, -1.35]
				},
				{
					"name": "ground",
					"parent": "positioning",
					"pivot": [0, 0.1, -1.36562]
				},
				{
					"name": "fixed",
					"parent": "positioning",
					"pivot": [1.05, 5.02656, -0.90937],
					"rotation": [0, 90, 0]
				},
				{
					"name": "view",
					"pivot": [0, 0, 0]
				},
				{
					"name": "idle_view",
					"parent": "view",
					"pivot": [2.75, 12.2875, 14]
				},
				{
					"name": "iron_view",
					"parent": "view",
					"pivot": [0, 13.4875, 11]
				}
			]
		}
	]
}