{
  "weight": 400,
  "movement_speed": {
    "base": -1.2,
    "aim": -1.2,
    "reload": -1.2
  },
  "ammo": "supernova:supernova_ammo",
  "rpm": 80,
  "bullet": {
    "life": 40,
    "bullet_amount": 1,
    "damage": 250,
    "extra_damage": {
      "armor_ignore": 0.05,
      "head_shot_multiplier": 2.0,
      "damage_adjust": [
        {"distance": 9, "damage": 350},
        {"distance": 16, "damage": 350.0},
        {"distance": 24, "damage": 350.0},
        {"distance": 30, "damage": 350.0},
        {"distance": 36, "damage": 350.4},
        {"distance": "infinite", "damage": 350.5}
      ]
    },
    "speed": 70,
    "gravity": 0,
    "knockback": 0,
    "friction": 0.012,
    "ignite": false,
    "pierce": 100,
    "explosion": {
      "explode": true,
      "damage": 400,
      "radius": 8,
      "knockback": true,
      "destroy_block": true,
      "delay": 30
    }
  },
  "ammo_amount": 1,
  "extended_mag_ammo_amount": [
    1,
    2,
    3
  ],
  "bolt": "open_bolt",
  "reload": {
    "type": "magazine",
    "feed": {
      "empty": 2.4,
      "tactical": 2.4
    },
    "cooldown": {
      "empty": 2.5,
      "tactical": 2.5
    }
  },
  "draw_time": 1.125,
  "put_away_time": 0.7083,
  "aim_time": 0.1,
  "sprint_time": 0.15,
  "fire_mode": [
    "semi",
    "auto"
  ],
  "burst_data": {
    "continuous_shoot": false,
    "count": 3,
    "bpm": 840,
    "min_interval": 0.6
  },
  "recoil": {
    "pitch": [
      {"time": 0, "value": [0.75, 0.75]},
      {"time": 0.15, "value": [0.75, 0.75]},
      {"time": 0.25, "value": [0.175, 0.175]},
      {"time": 0.4, "value": [0.155, 0.155]}
    ],
    "yaw": [
      {"time": 0, "value": [-0.2, 0.2]},
      {"time": 0.3, "value": [0, 0]}
    ]
  },
  "inaccuracy": {
    "stand": 0.25,
    "move": 0.4,
    "sneak": 0.25,
    "lie": 0.25,
    "aim": 0.1
  },
  "allow_attachment_types": [
    "extended_mag"
  ]
}