{
  "materials": [
    {
      "item": {
        "tag": "forge:dusts/glowstone"
      },
      "count": 10
    },
    {
      "item": {
        "tag": "forge:dusts/redstone"
      },
      "count": 10
    },
    {
      "item": {
        "tag": "forge:gunpowder"
      },
      "count": 10
    },
    {
      "item": {
        "tag": "forge:nuggets/iron"
      },
      "count": 10
    },
    {
      "item": {
        "item": "minecraft:lapis_lazuli"
      },
      "count": 10
    }
  ],
  "result": {
    "type": "ammo",
    "id": "supernova:supernova_ammo",
    "count": 30
  },
  "type": "tacz:gun_smith_table_crafting"
}