{
	"format_version": "1.21.0",
	"minecraft:geometry": [
		{
			"description": {
				"identifier": "geometry.rifle_shell - Converted",
				"texture_width": 32,
				"texture_height": 32,
				"visible_bounds_width": 2,
				"visible_bounds_height": 1.5,
				"visible_bounds_offset": [0, 0.25, 0]
			},
			"bones": [
				{
					"name": "68x57",
					"pivot": [0, 0, 1],
					"cubes": [
						{
							"origin": [-0.25, -0.25, -1.1],
							"size": [0.5, 0.5, 1.9],
							"uv": {
								"north": {"uv": [8, 0], "uv_size": [1, 1], "uv_rotation": 180},
								"east": {"uv": [8, 0], "uv_size": [1, 1], "uv_rotation": 90},
								"south": {"uv": [6, 0], "uv_size": [1, 1]},
								"west": {"uv": [8, 0], "uv_size": [1, 1], "uv_rotation": 270},
								"up": {"uv": [11, 1], "uv_size": [-1, -1]},
								"down": {"uv": [7, 1], "uv_size": [-1, -1], "uv_rotation": 180}
							}
						},
						{
							"origin": [-0.175, -0.175, -1.6],
							"size": [0.35, 0.35, 0.5],
							"uv": {
								"north": {"uv": [2, 0], "uv_size": [1, 1], "uv_rotation": 180},
								"east": {"uv": [8, 0], "uv_size": [1, 1], "uv_rotation": 90},
								"south": {"uv": [8, 0], "uv_size": [1, 1]},
								"west": {"uv": [8, 0], "uv_size": [1, 1], "uv_rotation": 270},
								"up": {"uv": [11, 1], "uv_size": [-1, -1]},
								"down": {"uv": [7, 1], "uv_size": [-1, -1], "uv_rotation": 180}
							}
						},
						{
							"origin": [0.15, -0.175, -1.3],
							"size": [0.1, 0.35, 0.2],
							"pivot": [0.25, 0, -1.1],
							"rotation": [0, 22.5, 0],
							"uv": {
								"north": {"uv": [8, 0], "uv_size": [1, 1], "uv_rotation": 180},
								"east": {"uv": [8, 0], "uv_size": [1, 1], "uv_rotation": 90},
								"south": {"uv": [8, 0], "uv_size": [1, 1]},
								"west": {"uv": [8, 0], "uv_size": [1, 1], "uv_rotation": 270},
								"up": {"uv": [11, 1], "uv_size": [-1, -1]},
								"down": {"uv": [7, 1], "uv_size": [-1, -1], "uv_rotation": 180}
							}
						},
						{
							"origin": [-0.175, 0.15, -1.3],
							"size": [0.35, 0.1, 0.2],
							"pivot": [0, 0.25, -1.1],
							"rotation": [22.5, 0, 0],
							"uv": {
								"north": {"uv": [8, 0], "uv_size": [1, 1], "uv_rotation": 180},
								"east": {"uv": [8, 0], "uv_size": [1, 1], "uv_rotation": 90},
								"south": {"uv": [8, 0], "uv_size": [1, 1]},
								"west": {"uv": [8, 0], "uv_size": [1, 1], "uv_rotation": 270},
								"up": {"uv": [11, 1], "uv_size": [-1, -1]},
								"down": {"uv": [9, 1], "uv_size": [-1, -1], "uv_rotation": 180}
							}
						},
						{
							"origin": [-0.25, -0.175, -1.3],
							"size": [0.1, 0.35, 0.2],
							"pivot": [-0.25, 0, -1.1],
							"rotation": [0, -22.5, 0],
							"uv": {
								"north": {"uv": [8, 0], "uv_size": [1, 1], "uv_rotation": 180},
								"east": {"uv": [8, 0], "uv_size": [1, 1], "uv_rotation": 270},
								"south": {"uv": [8, 0], "uv_size": [1, 1]},
								"west": {"uv": [8, 0], "uv_size": [1, 1], "uv_rotation": 90},
								"up": {"uv": [11, 1], "uv_size": [-1, -1], "uv_rotation": 180},
								"down": {"uv": [7, 1], "uv_size": [-1, -1]}
							}
						},
						{
							"origin": [-0.175, -0.25, -1.3],
							"size": [0.35, 0.1, 0.2],
							"pivot": [0, -0.25, -1.1],
							"rotation": [-22.5, 0, 0],
							"uv": {
								"north": {"uv": [8, 0], "uv_size": [1, 1], "uv_rotation": 180},
								"east": {"uv": [8, 0], "uv_size": [1, 1], "uv_rotation": 270},
								"south": {"uv": [8, 0], "uv_size": [1, 1]},
								"west": {"uv": [8, 0], "uv_size": [1, 1], "uv_rotation": 90},
								"up": {"uv": [9, 1], "uv_size": [-1, -1], "uv_rotation": 180},
								"down": {"uv": [7, 1], "uv_size": [-1, -1]}
							}
						},
						{
							"origin": [-0.25, -0.25, 0.9],
							"size": [0.5, 0.5, 0.1],
							"uv": {
								"north": {"uv": [6, 0], "uv_size": [1, 1], "uv_rotation": 180},
								"east": {"uv": [8, 0], "uv_size": [1, 1], "uv_rotation": 90},
								"south": {"uv": [8, 0], "uv_size": [1, 1]},
								"west": {"uv": [8, 0], "uv_size": [1, 1], "uv_rotation": 270},
								"up": {"uv": [11, 1], "uv_size": [-1, -1]},
								"down": {"uv": [7, 1], "uv_size": [-1, -1], "uv_rotation": 180}
							}
						},
						{
							"origin": [-0.2, -0.2, 0.8],
							"size": [0.4, 0.4, 0.1],
							"uv": {
								"north": {"uv": [6, 0], "uv_size": [1, 1], "uv_rotation": 180},
								"east": {"uv": [6, 0], "uv_size": [1, 1], "uv_rotation": 90},
								"south": {"uv": [6, 0], "uv_size": [1, 1]},
								"west": {"uv": [6, 0], "uv_size": [1, 1], "uv_rotation": 270},
								"up": {"uv": [9, 1], "uv_size": [-1, -1]},
								"down": {"uv": [5, 1], "uv_size": [-1, -1], "uv_rotation": 180}
							}
						}
					]
				}
			]
		}
	]
}