{
	"format_version": "1.21.0",
	"minecraft:geometry": [
		{
			"description": {
				"identifier": "geometry.rifle_shell - Converted",
				"texture_width": 32,
				"texture_height": 32,
				"visible_bounds_width": 2,
				"visible_bounds_height": 1.5,
				"visible_bounds_offset": [0, 0.25, 0]
			},
			"bones": [
				{
					"name": "85x76",
					"pivot": [0, 0, 1],
					"cubes": [
						{
							"origin": [-0.3, -0.3, -1.8],
							"size": [0.6, 0.6, 2.6],
							"uv": {
								"north": {"uv": [8, 1], "uv_size": [1, 1], "uv_rotation": 180},
								"east": {"uv": [8, 1], "uv_size": [1, 1], "uv_rotation": 90},
								"south": {"uv": [6, 1], "uv_size": [1, 1]},
								"west": {"uv": [8, 1], "uv_size": [1, 1], "uv_rotation": 270},
								"up": {"uv": [11, 2], "uv_size": [-1, -1]},
								"down": {"uv": [7, 2], "uv_size": [-1, -1], "uv_rotation": 180}
							}
						},
						{
							"origin": [-0.225, -0.225, -2.3],
							"size": [0.45, 0.45, 0.5],
							"uv": {
								"north": {"uv": [2, 1], "uv_size": [1, 1], "uv_rotation": 180},
								"east": {"uv": [8, 1], "uv_size": [1, 1], "uv_rotation": 90},
								"south": {"uv": [8, 1], "uv_size": [1, 1]},
								"west": {"uv": [8, 1], "uv_size": [1, 1], "uv_rotation": 270},
								"up": {"uv": [11, 2], "uv_size": [-1, -1]},
								"down": {"uv": [7, 2], "uv_size": [-1, -1], "uv_rotation": 180}
							}
						},
						{
							"origin": [0.2, -0.225, -2],
							"size": [0.1, 0.45, 0.2],
							"pivot": [0.3, 0, -1.8],
							"rotation": [0, 22.5, 0],
							"uv": {
								"north": {"uv": [8, 1], "uv_size": [1, 1], "uv_rotation": 180},
								"east": {"uv": [8, 1], "uv_size": [1, 1], "uv_rotation": 90},
								"south": {"uv": [8, 1], "uv_size": [1, 1]},
								"west": {"uv": [8, 1], "uv_size": [1, 1], "uv_rotation": 270},
								"up": {"uv": [11, 2], "uv_size": [-1, -1]},
								"down": {"uv": [7, 2], "uv_size": [-1, -1], "uv_rotation": 180}
							}
						},
						{
							"origin": [-0.225, 0.2, -2],
							"size": [0.45, 0.1, 0.2],
							"pivot": [0, 0.3, -1.8],
							"rotation": [22.5, 0, 0],
							"uv": {
								"north": {"uv": [8, 1], "uv_size": [1, 1], "uv_rotation": 180},
								"east": {"uv": [8, 1], "uv_size": [1, 1], "uv_rotation": 90},
								"south": {"uv": [8, 1], "uv_size": [1, 1]},
								"west": {"uv": [8, 1], "uv_size": [1, 1], "uv_rotation": 270},
								"up": {"uv": [11, 2], "uv_size": [-1, -1]},
								"down": {"uv": [9, 2], "uv_size": [-1, -1], "uv_rotation": 180}
							}
						},
						{
							"origin": [-0.3, -0.225, -2],
							"size": [0.1, 0.45, 0.2],
							"pivot": [-0.3, 0, -1.8],
							"rotation": [0, -22.5, 0],
							"uv": {
								"north": {"uv": [8, 1], "uv_size": [1, 1], "uv_rotation": 180},
								"east": {"uv": [8, 1], "uv_size": [1, 1], "uv_rotation": 270},
								"south": {"uv": [8, 1], "uv_size": [1, 1]},
								"west": {"uv": [8, 1], "uv_size": [1, 1], "uv_rotation": 90},
								"up": {"uv": [11, 2], "uv_size": [-1, -1], "uv_rotation": 180},
								"down": {"uv": [7, 2], "uv_size": [-1, -1]}
							}
						},
						{
							"origin": [-0.225, -0.3, -2],
							"size": [0.45, 0.1, 0.2],
							"pivot": [0, -0.3, -1.8],
							"rotation": [-22.5, 0, 0],
							"uv": {
								"north": {"uv": [8, 1], "uv_size": [1, 1], "uv_rotation": 180},
								"east": {"uv": [8, 1], "uv_size": [1, 1], "uv_rotation": 270},
								"south": {"uv": [8, 1], "uv_size": [1, 1]},
								"west": {"uv": [8, 1], "uv_size": [1, 1], "uv_rotation": 90},
								"up": {"uv": [9, 2], "uv_size": [-1, -1], "uv_rotation": 180},
								"down": {"uv": [7, 2], "uv_size": [-1, -1]}
							}
						},
						{
							"origin": [-0.3, -0.3, 0.9],
							"size": [0.6, 0.6, 0.1],
							"uv": {
								"north": {"uv": [6, 1], "uv_size": [1, 1], "uv_rotation": 180},
								"east": {"uv": [8, 1], "uv_size": [1, 1], "uv_rotation": 90},
								"south": {"uv": [8, 1], "uv_size": [1, 1]},
								"west": {"uv": [8, 1], "uv_size": [1, 1], "uv_rotation": 270},
								"up": {"uv": [11, 2], "uv_size": [-1, -1]},
								"down": {"uv": [7, 2], "uv_size": [-1, -1], "uv_rotation": 180}
							}
						},
						{
							"origin": [-0.25, -0.25, 0.8],
							"size": [0.5, 0.5, 0.1],
							"uv": {
								"north": {"uv": [6, 1], "uv_size": [1, 1], "uv_rotation": 180},
								"east": {"uv": [6, 1], "uv_size": [1, 1], "uv_rotation": 90},
								"south": {"uv": [6, 1], "uv_size": [1, 1]},
								"west": {"uv": [6, 1], "uv_size": [1, 1], "uv_rotation": 270},
								"up": {"uv": [9, 2], "uv_size": [-1, -1]},
								"down": {"uv": [5, 2], "uv_size": [-1, -1], "uv_rotation": 180}
							}
						}
					]
				}
			]
		}
	]
}