{
  "slot": "eos:attachment/slot/scope_eos_eh_72_hud_sight",
  "model": "eos:attachment/scope_eos_eh_72_hud_sight_geo",
  "texture": "eos:attachment/uv/scope_eos_eh_72_hud_sight",
  "lod": {
    "model": "eos:attachment/lod/scope_eos_eh_72_hud_sight",
    "texture": "eos:attachment/uv/scope_eos_eh_72_hud_sight"
  },
  // 以下是只有「瞄具」类配件需要设置的属性。
  // 玩家可以在数组设置的几个倍率之间切换（初始为 4.0 倍放大）
  "zoom": [
    2.5,
    5.0,
    7.5,
    10.0
  ],
  // 如果配件是瞄具，且为筒状放大瞄具，此选项应为 true
  "scope": true,
  // 如果配件是瞄具，且为红点或全息瞄具，此选项应为 true
  "sight": false,
  // 开镜后，枪身和瞄具渲染的 fov，默认情况下，mc 渲染手部模型的 fov 为 70
  "fov": 20.0,
  "sounds": {
    "install": "tacz:attachments/scope_general_a",
    "uninstall": "tacz:attachments/scope_general_a"
  }
}