{
	"format_version": "1.12.0",
	"minecraft:geometry": [
		{
			"description": {
				"identifier": "geometry.unknown",
				"texture_width": 32,
				"texture_height": 32,
				"visible_bounds_width": 3,
				"visible_bounds_height": 2,
				"visible_bounds_offset": [0, 0, 0]
			},
			"bones": [
				{
					"name": "root",
					"pivot": [0, 0, 0]
				},
				{
					"name": "bipods",
					"parent": "root",
					"pivot": [0, -0.5, 0],
					"rotation": [-12.5, 0, 0],
					"cubes": [
						{
							"origin": [-2, -1.5, -1.125],
							"size": [4, 1.5, 1.9375],
							"uv": {
								"north": {"uv": [0, 12], "uv_size": [4, 1.5]},
								"east": {"uv": [14, 0], "uv_size": [2, 1.5]},
								"south": {"uv": [5, 12], "uv_size": [4, 1.5]},
								"west": {"uv": [14, 3], "uv_size": [2, 1.5]},
								"up": {"uv": [0, 9], "uv_size": [4, 2]},
								"down": {"uv": [5, 11], "uv_size": [4, -2]}
							}
						},
						{
							"origin": [-2.8125, -12.75, -0.8125],
							"size": [5.625, 0.375, 1.3125],
							"uv": {
								"north": {"uv": [0, 15], "uv_size": [5.5, 0.5]},
								"south": {"uv": [7, 16], "uv_size": [5.5, 0.5]},
								"up": {"uv": [0, 6], "uv_size": [5.5, 1.5]},
								"down": {"uv": [7, 7.5], "uv_size": [5.5, -1.5]}
							}
						},
						{
							"origin": [-4.05136, -17.39083, -0.3125],
							"size": [0.125, 1.75, 0.3125],
							"pivot": [-3.92636, -15.64083, 0],
							"rotation": [0, 0, -170],
							"uv": {
								"north": {"uv": [2, 19], "uv_size": [0.5, 2]},
								"east": {"uv": [0, 20], "uv_size": [0.5, 2]},
								"south": {"uv": [20, 2], "uv_size": [0.5, 2]},
								"up": {"uv": [25, 21], "uv_size": [0.5, 0.5]}
							}
						},
						{
							"origin": [-4.94445, -13.44905, -1.0625],
							"size": [0.4375, 0.5, 1.8125],
							"pivot": [-4.94445, -13.44905, -1.0625],
							"rotation": [0, 0, 131],
							"uv": {
								"north": {"uv": [22, 25], "uv_size": [0.5, 0.5]},
								"south": {"uv": [25, 23], "uv_size": [0.5, 0.5]},
								"west": {"uv": [4, 20], "uv_size": [2, 0.5]},
								"up": {"uv": [7, 20], "uv_size": [0.5, 2]},
								"down": {"uv": [9, 22], "uv_size": [0.5, -2]}
							}
						},
						{
							"origin": [-1, -1.25, 0.8125],
							"size": [2, 1.25, 0.9375],
							"uv": {
								"north": {"uv": [14, 6], "uv_size": [2, 1.5]},
								"east": {"uv": [0, 17], "uv_size": [1, 1.5]},
								"west": {"uv": [17, 0], "uv_size": [1, 1.5]},
								"up": {"uv": [0, 9], "uv_size": [4, 2]},
								"down": {"uv": [16, 14], "uv_size": [2, -1]}
							}
						},
						{
							"origin": [-1, -1, 1.75],
							"size": [2, 1.1625, 0.25],
							"uv": {
								"east": {"uv": [23, 19], "uv_size": [0.5, 1]},
								"south": {"uv": [14, 16], "uv_size": [2, 1]},
								"west": {"uv": [23, 21], "uv_size": [0.5, 1]}
							}
						},
						{
							"origin": [-1, -1.34149, 1.72101],
							"size": [2, 0.3535, 0.25],
							"pivot": [-1, -1.02899, 1.97101],
							"rotation": [-45, 0, 0],
							"uv": {
								"east": {"uv": [24, 25], "uv_size": [0.5, 0.5]},
								"south": {"uv": [11, 20], "uv_size": [2, 0.5]},
								"west": {"uv": [2, 26], "uv_size": [0.5, 0.5]}
							}
						},
						{
							"origin": [-1.84237, -1.25214, -1.0625],
							"size": [12.75, 0.5625, 1.8125],
							"pivot": [-1.84237, -1.25214, -1.0625],
							"rotation": [0, 0, 97.5],
							"uv": {
								"north": {"uv": [10, 9], "uv_size": [13, 0.5]},
								"south": {"uv": [10, 11], "uv_size": [13, 0.5]},
								"west": {"uv": [14, 20], "uv_size": [2, 0.5]},
								"up": {"uv": [0, 0], "uv_size": [13, 2]},
								"down": {"uv": [0, 5], "uv_size": [13, -2]}
							}
						},
						{
							"origin": [-2.39994, -14.40719, -0.9375],
							"size": [2.4375, 0.3125, 1.5625],
							"pivot": [-2.39994, -14.09469, 0.625],
							"rotation": [0, 0, 180],
							"uv": {
								"north": {"uv": [17, 15], "uv_size": [2.5, 0.5]},
								"south": {"uv": [17, 17], "uv_size": [2.5, 0.5]}
							}
						},
						{
							"origin": [8.72013, -1.75214, -0.9375],
							"size": [2.3125, 0.5625, 1.5625],
							"pivot": [-1.34237, -1.75214, -1.0625],
							"rotation": [0, 0, 97.5],
							"uv": {
								"north": {"uv": [5, 18], "uv_size": [2.5, 0.5]},
								"south": {"uv": [9, 18], "uv_size": [2.5, 0.5]}
							}
						},
						{
							"origin": [-4.4106, -12.36447, -0.9375],
							"size": [2.3125, 0.5625, 1.5625],
							"pivot": [-2.0981, -11.80197, 0.5],
							"rotation": [0, 0, 83.5],
							"uv": {
								"north": {"uv": [13, 18], "uv_size": [2.5, 0.5]},
								"south": {"uv": [19, 0], "uv_size": [2.5, 0.5]}
							}
						},
						{
							"origin": [-2.94889, -14.46648, -1.0625],
							"size": [2, 0.5, 1.8125],
							"pivot": [-2.94889, -13.96648, -1],
							"rotation": [0, 0, -179.5],
							"uv": {
								"north": {"uv": [21, 5], "uv_size": [2, 0.5]},
								"east": {"uv": [21, 7], "uv_size": [2, 0.5]},
								"south": {"uv": [21, 15], "uv_size": [2, 0.5]},
								"up": {"uv": [10, 13], "uv_size": [2, 2]},
								"down": {"uv": [13, 15], "uv_size": [2, -2]}
							}
						},
						{
							"origin": [-2.38363, -16.40826, -0.3125],
							"size": [0.46875, 0.75, 0.3125],
							"pivot": [-3.00863, -15.15826, -1],
							"rotation": [0, 0, -179.5],
							"uv": {
								"north": {"uv": [23, 23], "uv_size": [0.5, 1]},
								"east": {"uv": [2, 24], "uv_size": [0.5, 1]},
								"south": {"uv": [24, 2], "uv_size": [0.5, 1]},
								"west": {"uv": [4, 24], "uv_size": [0.5, 1]}
							}
						},
						{
							"origin": [-4.13819, -16.39842, -0.3125],
							"size": [0.125, 1.75, 0.3125],
							"pivot": [-4.01319, -15.14842, 0],
							"rotation": [0, 0, 170],
							"uv": {
								"north": {"uv": [17, 21], "uv_size": [0.5, 2]},
								"south": {"uv": [21, 17], "uv_size": [0.5, 2]},
								"west": {"uv": [19, 21], "uv_size": [0.5, 2]}
							}
						},
						{
							"origin": [-2.25863, -15.65826, -0.3125],
							"size": [0.21875, 0.625, 0.3125],
							"pivot": [-3.00863, -15.15826, -1],
							"rotation": [0, 0, -179.5],
							"uv": {
								"north": {"uv": [26, 2], "uv_size": [0.5, 0.5]},
								"east": {"uv": [4, 26], "uv_size": [0.5, 0.5]},
								"south": {"uv": [26, 4], "uv_size": [0.5, 0.5]},
								"west": {"uv": [26, 6], "uv_size": [0.5, 0.5]}
							}
						},
						{
							"origin": [-1.0356, -2.80197, -0.875],
							"size": [2.3125, 0.5, 1.5],
							"pivot": [-1.0356, -2.30197, 0.5],
							"rotation": [0, 0, 107.5],
							"uv": {
								"north": {"uv": [19, 13], "uv_size": [2.5, 0.5]},
								"south": {"uv": [17, 19], "uv_size": [2.5, 0.5]}
							}
						},
						{
							"origin": [-2.88457, -2.38283, -0.875],
							"size": [1.3125, 0.8125, 1.5],
							"pivot": [-1.57207, -2.13283, 0.625],
							"rotation": [0, 0, 133.5],
							"uv": {
								"north": {"uv": [2, 17], "uv_size": [1.5, 1]},
								"south": {"uv": [17, 3], "uv_size": [1.5, 1]}
							}
						},
						{
							"origin": [-10.90763, -1.25214, -1.0625],
							"size": [12.75, 0.5625, 1.8125],
							"pivot": [1.84237, -1.25214, -1.0625],
							"rotation": [0, 0, -97.5],
							"uv": {
								"north": {"uv": [23, 9], "uv_size": [-13, 0.5]},
								"east": {"uv": [16, 20], "uv_size": [-2, 0.5]},
								"south": {"uv": [23, 11], "uv_size": [-13, 0.5]},
								"up": {"uv": [13, 0], "uv_size": [-13, 2]},
								"down": {"uv": [13, 5], "uv_size": [-13, -2]}
							}
						},
						{
							"origin": [2.0981, -12.36447, -0.9375],
							"size": [2.3125, 0.5625, 1.5625],
							"pivot": [2.0981, -11.80197, 0.5],
							"rotation": [0, 0, -83.5],
							"uv": {
								"north": {"uv": [15.5, 18], "uv_size": [-2.5, 0.5]},
								"south": {"uv": [21.5, 0], "uv_size": [-2.5, 0.5]}
							}
						},
						{
							"origin": [-11.03263, -1.75214, -0.9375],
							"size": [2.3125, 0.5625, 1.5625],
							"pivot": [1.34237, -1.75214, -1.0625],
							"rotation": [0, 0, -97.5],
							"uv": {
								"north": {"uv": [7.5, 18], "uv_size": [-2.5, 0.5]},
								"south": {"uv": [11.5, 18], "uv_size": [-2.5, 0.5]}
							}
						},
						{
							"origin": [-0.03756, -14.40719, -0.9375],
							"size": [2.4375, 0.3125, 1.5625],
							"pivot": [2.39994, -14.09469, 0.625],
							"rotation": [0, 0, -180],
							"uv": {
								"north": {"uv": [19.5, 15], "uv_size": [-2.5, 0.5]},
								"south": {"uv": [19.5, 17], "uv_size": [-2.5, 0.5]}
							}
						},
						{
							"origin": [0.94889, -14.46648, -1.0625],
							"size": [2, 0.5, 1.8125],
							"pivot": [2.94889, -13.96648, -1],
							"rotation": [0, 0, 179.5],
							"uv": {
								"north": {"uv": [23, 5], "uv_size": [-2, 0.5]},
								"south": {"uv": [23, 15], "uv_size": [-2, 0.5]},
								"west": {"uv": [23, 7], "uv_size": [-2, 0.5]},
								"up": {"uv": [12, 13], "uv_size": [-2, 2]},
								"down": {"uv": [15, 15], "uv_size": [-2, -2]}
							}
						},
						{
							"origin": [4.50695, -13.44905, -1.0625],
							"size": [0.4375, 0.5, 1.8125],
							"pivot": [4.94445, -13.44905, -1.0625],
							"rotation": [0, 0, -131],
							"uv": {
								"north": {"uv": [22.5, 25], "uv_size": [-0.5, 0.5]},
								"east": {"uv": [6, 20], "uv_size": [-2, 0.5]},
								"south": {"uv": [25.5, 23], "uv_size": [-0.5, 0.5]},
								"up": {"uv": [7.5, 20], "uv_size": [-0.5, 2]},
								"down": {"uv": [9.5, 22], "uv_size": [-0.5, -2]}
							}
						},
						{
							"origin": [4.01319, -16.39842, -0.3125],
							"size": [0.125, 1.75, 0.3125],
							"pivot": [4.01319, -15.14842, 0],
							"rotation": [0, 0, -170],
							"uv": {
								"north": {"uv": [17.5, 21], "uv_size": [-0.5, 2]},
								"east": {"uv": [19.5, 21], "uv_size": [-0.5, 2]},
								"south": {"uv": [21.5, 17], "uv_size": [-0.5, 2]}
							}
						},
						{
							"origin": [1.91488, -16.40826, -0.3125],
							"size": [0.46875, 0.75, 0.3125],
							"pivot": [3.00863, -15.15826, -1],
							"rotation": [0, 0, 179.5],
							"uv": {
								"north": {"uv": [23.5, 23], "uv_size": [-0.5, 1]},
								"east": {"uv": [4.5, 24], "uv_size": [-0.5, 1]},
								"south": {"uv": [24.5, 2], "uv_size": [-0.5, 1]},
								"west": {"uv": [2.5, 24], "uv_size": [-0.5, 1]}
							}
						},
						{
							"origin": [2.03988, -15.65826, -0.3125],
							"size": [0.21875, 0.625, 0.3125],
							"pivot": [3.00863, -15.15826, -1],
							"rotation": [0, 0, 179.5],
							"uv": {
								"north": {"uv": [26.5, 2], "uv_size": [-0.5, 0.5]},
								"east": {"uv": [26.5, 6], "uv_size": [-0.5, 0.5]},
								"south": {"uv": [26.5, 4], "uv_size": [-0.5, 0.5]},
								"west": {"uv": [4.5, 26], "uv_size": [-0.5, 0.5]}
							}
						},
						{
							"origin": [3.92636, -17.39083, -0.3125],
							"size": [0.125, 1.75, 0.3125],
							"pivot": [3.92636, -15.64083, 0],
							"rotation": [0, 0, 170],
							"uv": {
								"north": {"uv": [2.5, 19], "uv_size": [-0.5, 2]},
								"south": {"uv": [20.5, 2], "uv_size": [-0.5, 2]},
								"west": {"uv": [0.5, 20], "uv_size": [-0.5, 2]},
								"up": {"uv": [25.5, 21], "uv_size": [-0.5, 0.5]}
							}
						},
						{
							"origin": [1.57207, -2.38283, -0.875],
							"size": [1.3125, 0.8125, 1.5],
							"pivot": [1.57207, -2.13283, 0.625],
							"rotation": [0, 0, -133.5],
							"uv": {
								"north": {"uv": [3.5, 17], "uv_size": [-1.5, 1]},
								"south": {"uv": [18.5, 3], "uv_size": [-1.5, 1]}
							}
						},
						{
							"origin": [-1.2769, -2.80197, -0.875],
							"size": [2.3125, 0.5, 1.5],
							"pivot": [1.0356, -2.30197, 0.5],
							"rotation": [0, 0, -107.5],
							"uv": {
								"north": {"uv": [21.5, 13], "uv_size": [-2.5, 0.5]},
								"south": {"uv": [19.5, 19], "uv_size": [-2.5, 0.5]}
							}
						},
						{
							"origin": [-1.42743, -1.88165, -0.875],
							"size": [2.8125, 0.5625, 1.5],
							"pivot": [-0.02118, -1.6004, 0.5625],
							"rotation": [0, 0, -180],
							"uv": {
								"north": {"uv": [17, 5], "uv_size": [3, 0.5]},
								"south": {"uv": [17, 7], "uv_size": [3, 0.5]}
							}
						}
					]
				},
				{
					"name": "hexadecagon",
					"parent": "root",
					"pivot": [0, 0, 0],
					"cubes": [
						{
							"origin": [-0.49728, -0.5625, 2],
							"size": [0.99456, 1.125, 0.5],
							"uv": {
								"north": {"uv": [21, 20], "uv_size": [1, 1]},
								"east": {"uv": [24, 4], "uv_size": [0.5, 1]},
								"south": {"uv": [2, 22], "uv_size": [1, 1]},
								"west": {"uv": [24, 6], "uv_size": [0.5, 1]},
								"up": {"uv": [24, 8], "uv_size": [1, 0.5]},
								"down": {"uv": [10, 24.5], "uv_size": [1, -0.5]}
							}
						},
						{
							"origin": [-0.49728, -0.5625, 2],
							"size": [0.86956, 1.125, 0.5],
							"pivot": [0, 0, 0],
							"rotation": [0, -22.5, 0],
							"uv": {
								"north": {"uv": [22, 2], "uv_size": [1, 1]},
								"south": {"uv": [4, 22], "uv_size": [1, 1]},
								"west": {"uv": [24, 10], "uv_size": [0.5, 1]},
								"up": {"uv": [12, 24], "uv_size": [1, 0.5]},
								"down": {"uv": [14, 24.5], "uv_size": [1, -0.5]}
							}
						},
						{
							"origin": [-0.49728, -0.5625, -2.5],
							"size": [0.99456, 1.125, 0.5],
							"pivot": [0, 0, 0],
							"rotation": [-180, 45, 180],
							"uv": {
								"north": {"uv": [11, 22], "uv_size": [1, 1]},
								"south": {"uv": [13, 22], "uv_size": [1, 1]},
								"up": {"uv": [24, 15], "uv_size": [1, 0.5]},
								"down": {"uv": [16, 24.5], "uv_size": [1, -0.5]}
							}
						},
						{
							"origin": [2, -0.5625, -0.49728],
							"size": [0.5, 1.125, 0.99456],
							"pivot": [0, 0, 0],
							"rotation": [-180, -22.5, 180],
							"uv": {
								"east": {"uv": [15, 22], "uv_size": [1, 1]},
								"west": {"uv": [21, 22], "uv_size": [1, 1]},
								"up": {"uv": [18, 24], "uv_size": [0.5, 1]},
								"down": {"uv": [20, 25], "uv_size": [0.5, -1]}
							}
						},
						{
							"origin": [2, -0.5625, -0.49728],
							"size": [0.5, 1.125, 0.99456],
							"pivot": [0, 0, 0],
							"rotation": [-180, 0, 180],
							"uv": {
								"east": {"uv": [0, 23], "uv_size": [1, 1]},
								"west": {"uv": [23, 0], "uv_size": [1, 1]},
								"up": {"uv": [0, 25], "uv_size": [0.5, 1]},
								"down": {"uv": [25, 1], "uv_size": [0.5, -1]}
							}
						},
						{
							"origin": [2, -0.5625, -0.49728],
							"size": [0.5, 1.125, 0.99456],
							"pivot": [0, 0, 0],
							"rotation": [-180, 22.5, 180],
							"uv": {
								"east": {"uv": [6, 23], "uv_size": [1, 1]},
								"west": {"uv": [8, 23], "uv_size": [1, 1]},
								"up": {"uv": [6, 25], "uv_size": [0.5, 1]},
								"down": {"uv": [8, 26], "uv_size": [0.5, -1]}
							}
						},
						{
							"origin": [-0.49728, -0.5625, 2],
							"size": [0.99456, 1.125, 0.5],
							"pivot": [0, 0, 0],
							"rotation": [-180, -45, 180],
							"uv": {
								"north": {"uv": [23, 13], "uv_size": [1, 1]},
								"east": {"uv": [25, 12], "uv_size": [0.5, 1]},
								"south": {"uv": [23, 17], "uv_size": [1, 1]},
								"up": {"uv": [25, 17], "uv_size": [1, 0.5]},
								"down": {"uv": [25, 19.5], "uv_size": [1, -0.5]}
							}
						},
						{
							"origin": [-0.37228, -0.5625, 2],
							"size": [0.86956, 1.125, 0.5],
							"pivot": [0, 0, 0],
							"rotation": [0, 22.5, 0],
							"uv": {
								"north": {"uv": [23, 2], "uv_size": [-1, 1]},
								"east": {"uv": [24.5, 10], "uv_size": [-0.5, 1]},
								"south": {"uv": [5, 22], "uv_size": [-1, 1]},
								"up": {"uv": [13, 24], "uv_size": [-1, 0.5]},
								"down": {"uv": [15, 24.5], "uv_size": [-1, -0.5]}
							}
						},
						{
							"origin": [-0.49728, -0.5625, -2.5],
							"size": [0.99456, 1.125, 0.5],
							"pivot": [0, 0, 0],
							"rotation": [-180, -45, -180],
							"uv": {
								"north": {"uv": [12, 22], "uv_size": [-1, 1]},
								"south": {"uv": [14, 22], "uv_size": [-1, 1]},
								"up": {"uv": [25, 15], "uv_size": [-1, 0.5]},
								"down": {"uv": [17, 24.5], "uv_size": [-1, -0.5]}
							}
						},
						{
							"origin": [-2.5, -0.5625, -0.49728],
							"size": [0.5, 1.125, 0.99456],
							"pivot": [0, 0, 0],
							"rotation": [-180, 22.5, -180],
							"uv": {
								"east": {"uv": [22, 22], "uv_size": [-1, 1]},
								"west": {"uv": [16, 22], "uv_size": [-1, 1]},
								"up": {"uv": [18.5, 24], "uv_size": [-0.5, 1]},
								"down": {"uv": [20.5, 25], "uv_size": [-0.5, -1]}
							}
						},
						{
							"origin": [-2.5, -0.5625, -0.49728],
							"size": [0.5, 1.125, 0.99456],
							"pivot": [0, 0, 0],
							"rotation": [-180, 0, -180],
							"uv": {
								"east": {"uv": [24, 0], "uv_size": [-1, 1]},
								"west": {"uv": [1, 23], "uv_size": [-1, 1]},
								"up": {"uv": [0.5, 25], "uv_size": [-0.5, 1]},
								"down": {"uv": [25.5, 1], "uv_size": [-0.5, -1]}
							}
						},
						{
							"origin": [-2.5, -0.5625, -0.49728],
							"size": [0.5, 1.125, 0.99456],
							"pivot": [0, 0, 0],
							"rotation": [-180, -22.5, -180],
							"uv": {
								"east": {"uv": [9, 23], "uv_size": [-1, 1]},
								"west": {"uv": [7, 23], "uv_size": [-1, 1]},
								"up": {"uv": [6.5, 25], "uv_size": [-0.5, 1]},
								"down": {"uv": [8.5, 26], "uv_size": [-0.5, -1]}
							}
						},
						{
							"origin": [-0.49728, -0.5625, 2],
							"size": [0.99456, 1.125, 0.5],
							"pivot": [0, 0, 0],
							"rotation": [-180, 45, -180],
							"uv": {
								"north": {"uv": [24, 13], "uv_size": [-1, 1]},
								"south": {"uv": [24, 17], "uv_size": [-1, 1]},
								"west": {"uv": [25.5, 12], "uv_size": [-0.5, 1]},
								"up": {"uv": [26, 17], "uv_size": [-1, 0.5]},
								"down": {"uv": [26, 19.5], "uv_size": [-1, -0.5]}
							}
						},
						{
							"origin": [-0.25, -0.5625, 2.5],
							"size": [0.5, 0.1875, 0.625],
							"uv": {
								"east": {"uv": [26, 8], "uv_size": [0.5, 0.5]},
								"south": {"uv": [10, 26], "uv_size": [0.5, 0.5]},
								"west": {"uv": [26, 10], "uv_size": [0.5, 0.5]},
								"up": {"uv": [12, 26], "uv_size": [0.5, 0.5]},
								"down": {"uv": [14, 26.5], "uv_size": [0.5, -0.5]}
							}
						}
					]
				}
			]
		}
	]
}