{
	"format_version": "1.12.0",
	"minecraft:geometry": [
		{
			"description": {
				"identifier": "geometry.sight_coyote - Converted",
				"texture_width": 32,
				"texture_height": 32,
				"visible_bounds_width": 19,
				"visible_bounds_height": 2.5,
				"visible_bounds_offset": [0, 0.75, 0]
			},
			"bones": [
				{
					"name": "scope_body",
					"pivot": [0, 7.375, 0.75]
				},
				{
					"name": "base",
					"parent": "scope_body",
					"pivot": [7, -0.375, -7.25],
					"cubes": [
						{
							"origin": [-0.625, -0.6125, -3.875],
							"size": [1.25, 0.5, 4.875],
							"uv": {
								"north": {"uv": [2, 16], "uv_size": [1.5, 0.5]},
								"east": {"uv": [9, 10], "uv_size": [5, 0.5]},
								"west": {"uv": [2, 12], "uv_size": [5, 0.5]},
								"up": {"uv": [3, 0], "uv_size": [1.5, 5]},
								"down": {"uv": [6, 5], "uv_size": [1.5, -5]}
							}
						},
						{
							"origin": [-0.625, -0.1, -3.875],
							"size": [1.25, 0.1625, 4.875],
							"uv": {
								"north": {"uv": [5, 16], "uv_size": [1.5, 0.5]},
								"east": {"uv": [8, 12], "uv_size": [5, 0.5]},
								"west": {"uv": [0, 14], "uv_size": [5, 0.5]},
								"up": {"uv": [3, 6], "uv_size": [1.5, 5]},
								"down": {"uv": [6, 11], "uv_size": [1.5, -5]}
							}
						},
						{
							"origin": [-0.32026, -0.6125, -3.85],
							"size": [0.64052, 0.675, 4.97623],
							"uv": {
								"north": {"uv": [30, 8], "uv_size": [0.5, 0.5]},
								"east": {"uv": [6, 14], "uv_size": [5, 0.5]},
								"south": {"uv": [10, 30], "uv_size": [0.5, 0.5]},
								"west": {"uv": [12, 14], "uv_size": [5, 0.5]},
								"up": {"uv": [0, 16], "uv_size": [0.5, 5]},
								"down": {"uv": [16, 5], "uv_size": [0.5, -5]}
							}
						},
						{
							"origin": [0.24758, -0.6125, 1.09832],
							"size": [0.32985, 0.675, 0.14085],
							"pivot": [0, 0.2375, 1],
							"rotation": [0, 22.5, 0],
							"uv": {
								"south": {"uv": [10, 30], "uv_size": [0.5, 0.5]},
								"up": {"uv": [0, 16], "uv_size": [0.5, 5]},
								"down": {"uv": [16, 5], "uv_size": [0.5, -5]}
							}
						},
						{
							"origin": [-0.57742, -0.6125, 1.09832],
							"size": [0.32985, 0.675, 0.14085],
							"pivot": [0, 0.2375, 1],
							"rotation": [0, -22.5, 0],
							"uv": {
								"south": {"uv": [12, 30], "uv_size": [0.5, 0.5]},
								"up": {"uv": [14, 30], "uv_size": [0.5, 0.5]},
								"down": {"uv": [30, 14.5], "uv_size": [0.5, -0.5]}
							}
						},
						{
							"origin": [-0.625, 0.075, -4.625],
							"size": [1.25, 0.1375, 5.25],
							"uv": {
								"north": {"uv": [16, 6], "uv_size": [1.5, 0.5]},
								"east": {"uv": [9, 0], "uv_size": [5.5, 0.5]},
								"south": {"uv": [8, 16], "uv_size": [1.5, 0.5]},
								"west": {"uv": [9, 2], "uv_size": [5.5, 0.5]},
								"down": {"uv": [0, 5.5], "uv_size": [1.5, -5.5]}
							}
						},
						{
							"origin": [-0.575, 0.025, -4.625],
							"size": [1.15, 0.2375, 5.25],
							"uv": {
								"east": {"uv": [9, 4], "uv_size": [5.5, 0.5]},
								"south": {"uv": [18, 0], "uv_size": [1, 0.5]},
								"west": {"uv": [9, 6], "uv_size": [5.5, 0.5]},
								"up": {"uv": [0, 7], "uv_size": [1, 5.5]}
							}
						},
						{
							"origin": [0.58964, 0.2125, -4.625],
							"size": [0.03536, 0.07071, 5.25],
							"pivot": [0.625, 0.2125, 0.625],
							"rotation": [0, 0, -45],
							"uv": {
								"north": {"uv": [6, 30], "uv_size": [0.5, 0.5]},
								"south": {"uv": [8, 30], "uv_size": [0.5, 0.5]},
								"west": {"uv": [9, 8], "uv_size": [5.5, 0.5]}
							}
						},
						{
							"origin": [-0.625, 0.2125, -4.625],
							"size": [0.03536, 0.07071, 5.25],
							"pivot": [-0.625, 0.2125, 0.625],
							"rotation": [0, 0, 45],
							"uv": {
								"north": {"uv": [6.5, 30], "uv_size": [-0.5, 0.5]},
								"east": {"uv": [14.5, 8], "uv_size": [-5.5, 0.5]},
								"south": {"uv": [8.5, 30], "uv_size": [-0.5, 0.5]}
							}
						}
					]
				},
				{
					"name": "group",
					"parent": "scope_body",
					"pivot": [0, 0.375, 0.75],
					"cubes": [
						{
							"origin": [-0.5, -0.0625, 0.75],
							"size": [0.25, 0.25, 0.25],
							"pivot": [-0.375, -0.3125, 0.875],
							"rotation": [0, -45, 0],
							"uv": {
								"north": {"uv": [18, 2], "uv_size": [0.5, 0.5]},
								"east": {"uv": [4, 18], "uv_size": [0.5, 0.5]},
								"south": {"uv": [18, 4], "uv_size": [0.5, 0.5]},
								"west": {"uv": [6, 18], "uv_size": [0.5, 0.5]},
								"up": {"uv": [8, 18], "uv_size": [0.5, 0.5]}
							}
						},
						{
							"origin": [0.25, -0.0625, 0.75],
							"size": [0.25, 0.25, 0.25],
							"pivot": [0.375, -0.3125, 0.875],
							"rotation": [0, 45, 0],
							"uv": {
								"north": {"uv": [18, 8], "uv_size": [0.5, 0.5]},
								"east": {"uv": [10, 18], "uv_size": [0.5, 0.5]},
								"south": {"uv": [12, 18], "uv_size": [0.5, 0.5]},
								"west": {"uv": [14, 18], "uv_size": [0.5, 0.5]},
								"up": {"uv": [18, 14], "uv_size": [0.5, 0.5]}
							}
						},
						{
							"origin": [0.25, 0.0625, -3.75],
							"size": [0.25, 0.25, 0.25],
							"pivot": [0.375, -0.1875, -3.625],
							"rotation": [0, 45, 0],
							"uv": {
								"north": {"uv": [23, 16], "uv_size": [0.5, 0.5]},
								"east": {"uv": [0, 24], "uv_size": [0.5, 0.5]},
								"south": {"uv": [24, 0], "uv_size": [0.5, 0.5]},
								"west": {"uv": [2, 24], "uv_size": [0.5, 0.5]},
								"up": {"uv": [24, 2], "uv_size": [0.5, 0.5]}
							}
						},
						{
							"origin": [-0.125, 0.0625, -1.25],
							"size": [0.25, 0.25, 0.25],
							"pivot": [0, -0.1875, -1.125],
							"rotation": [0, 45, 0],
							"uv": {
								"north": {"uv": [28, 2], "uv_size": [0.5, 0.5]},
								"east": {"uv": [4, 28], "uv_size": [0.5, 0.5]},
								"south": {"uv": [28, 4], "uv_size": [0.5, 0.5]},
								"west": {"uv": [6, 28], "uv_size": [0.5, 0.5]},
								"up": {"uv": [8, 28], "uv_size": [0.5, 0.5]}
							}
						},
						{
							"origin": [-0.5, 0.0625, -3.75],
							"size": [0.25, 0.25, 0.25],
							"pivot": [-0.375, -0.1875, -3.625],
							"rotation": [0, -45, 0],
							"uv": {
								"north": {"uv": [22, 20], "uv_size": [0.5, 0.5]},
								"east": {"uv": [22, 22], "uv_size": [0.5, 0.5]},
								"south": {"uv": [23, 6], "uv_size": [0.5, 0.5]},
								"west": {"uv": [23, 10], "uv_size": [0.5, 0.5]},
								"up": {"uv": [23, 12], "uv_size": [0.5, 0.5]}
							}
						},
						{
							"origin": [-0.6255, -0.4375, -3.25],
							"size": [1.251, 0.1875, 0.1875],
							"pivot": [0, -0.34375, -3.15625],
							"rotation": [-45, 0, 0],
							"uv": {
								"north": {"uv": [22, 20], "uv_size": [0.5, 0.5]},
								"east": {"uv": [22, 22], "uv_size": [0.5, 0.5]},
								"south": {"uv": [23, 6], "uv_size": [0.5, 0.5]},
								"west": {"uv": [23, 10], "uv_size": [0.5, 0.5]},
								"up": {"uv": [23, 12], "uv_size": [0.5, 0.5]}
							}
						},
						{
							"origin": [-0.5, 0.6875, -4.5625],
							"size": [0.25, 0.25, 0.25],
							"pivot": [-0.375, 0.4375, -4.4375],
							"rotation": [0, -45, -180],
							"uv": {
								"north": {"uv": [30, 0], "uv_size": [0.5, 0.5]},
								"east": {"uv": [2, 30], "uv_size": [0.5, 0.5]},
								"south": {"uv": [30, 2], "uv_size": [0.5, 0.5]},
								"west": {"uv": [4, 30], "uv_size": [0.5, 0.5]},
								"up": {"uv": [30, 4], "uv_size": [0.5, 0.5]}
							}
						},
						{
							"origin": [0.25, 0.6875, -4.5625],
							"size": [0.25, 0.25, 0.25],
							"pivot": [0.375, 0.4375, -4.4375],
							"rotation": [0, 45, -180],
							"uv": {
								"north": {"uv": [29, 6], "uv_size": [0.5, 0.5]},
								"east": {"uv": [29, 10], "uv_size": [0.5, 0.5]},
								"south": {"uv": [29, 12], "uv_size": [0.5, 0.5]},
								"west": {"uv": [29, 16], "uv_size": [0.5, 0.5]},
								"up": {"uv": [0, 30], "uv_size": [0.5, 0.5]}
							}
						},
						{
							"origin": [-0.075, -0.0625, 0.825],
							"size": [0.15, 0.1875, 0.15],
							"pivot": [0, -0.3125, 0.9],
							"rotation": [0, 45, 0],
							"uv": {
								"north": {"uv": [16, 18], "uv_size": [0.5, 0.5]},
								"east": {"uv": [18, 18], "uv_size": [0.5, 0.5]},
								"south": {"uv": [19, 6], "uv_size": [0.5, 0.5]},
								"west": {"uv": [19, 10], "uv_size": [0.5, 0.5]},
								"up": {"uv": [19, 12], "uv_size": [0.5, 0.5]}
							}
						},
						{
							"origin": [0.05, 0.125, -4.05],
							"size": [0.175, 0.1875, 0.175],
							"uv": {
								"north": {"uv": [22, 14], "uv_size": [0.5, 0.5]},
								"east": {"uv": [16, 22], "uv_size": [0.5, 0.5]},
								"south": {"uv": [18, 22], "uv_size": [0.5, 0.5]},
								"west": {"uv": [22, 18], "uv_size": [0.5, 0.5]},
								"up": {"uv": [20, 22], "uv_size": [0.5, 0.5]}
							}
						},
						{
							"origin": [-0.2125, 0.125, -4.05],
							"size": [0.425, 0.1385, 0.175],
							"uv": {
								"up": {"uv": [4, 24], "uv_size": [0.5, 0.5]}
							}
						},
						{
							"origin": [-0.125, 0.0625, -3.375],
							"size": [0.25, 0.25, 0.25],
							"pivot": [0, -0.1875, -3.25],
							"rotation": [0, -45, 0],
							"uv": {
								"north": {"uv": [27, 12], "uv_size": [0.5, 0.5]},
								"east": {"uv": [27, 16], "uv_size": [0.5, 0.5]},
								"south": {"uv": [0, 28], "uv_size": [0.5, 0.5]},
								"west": {"uv": [28, 0], "uv_size": [0.5, 0.5]},
								"up": {"uv": [2, 28], "uv_size": [0.5, 0.5]}
							}
						}
					]
				},
				{
					"name": "hexadecagon",
					"parent": "scope_body",
					"pivot": [0, 1.1875, -4.075],
					"cubes": [
						{
							"origin": [-0.3438, 0.0875, -4.625],
							"size": [0.56261, 0.185, 0.375],
							"pivot": [0, 1.1875, -4.075],
							"rotation": [0, 0, -45],
							"uv": {
								"north": {"uv": [19, 16], "uv_size": [0.5, 0.5]},
								"south": {"uv": [20, 0], "uv_size": [0.5, 0.5]},
								"down": {"uv": [2, 20.5], "uv_size": [0.5, -0.5]}
							}
						},
						{
							"origin": [0.46062, 0.30383, -4.625],
							"size": [0.50011, 0.1925, 0.375],
							"pivot": [0.52312, 0.49633, -4.2125],
							"rotation": [0, 0, -45],
							"uv": {
								"north": {"uv": [14, 28], "uv_size": [0.5, 0.5]},
								"south": {"uv": [28, 14], "uv_size": [0.5, 0.5]},
								"up": {"uv": [16, 28], "uv_size": [0.5, 0.5]}
							}
						},
						{
							"origin": [0.83256, 0.67576, -4.625],
							"size": [0.31261, 0.13, 0.375],
							"pivot": [0.83256, 0.80576, -4.2125],
							"rotation": [0, 0, -67.5],
							"uv": {
								"north": {"uv": [18, 28], "uv_size": [0.5, 0.5]},
								"south": {"uv": [28, 18], "uv_size": [0.5, 0.5]},
								"up": {"uv": [20, 28], "uv_size": [0.5, 0.5]}
							}
						},
						{
							"origin": [-0.2188, 0.11875, -4.625],
							"size": [0.43761, 0.24375, 0.375],
							"uv": {
								"north": {"uv": [20, 2], "uv_size": [0.5, 0.5]},
								"south": {"uv": [4, 20], "uv_size": [0.5, 0.5]},
								"up": {"uv": [20, 4], "uv_size": [0.5, 0.5]}
							}
						},
						{
							"origin": [-0.2188, 2.185, -4.625],
							"size": [0.43761, 0.1025, 0.375],
							"uv": {
								"north": {"uv": [6, 20], "uv_size": [0.5, 0.5]},
								"south": {"uv": [8, 20], "uv_size": [0.5, 0.5]},
								"up": {"uv": [20, 8], "uv_size": [0.5, 0.5]},
								"down": {"uv": [10, 20.5], "uv_size": [0.5, -0.5]}
							}
						},
						{
							"origin": [-0.2188, 2.17125, -4.625],
							"size": [0.43761, 0.11625, 0.375],
							"pivot": [0, 1.1875, -4.075],
							"rotation": [0, 0, 22.5],
							"uv": {
								"north": {"uv": [12, 20], "uv_size": [0.5, 0.5]},
								"south": {"uv": [14, 20], "uv_size": [0.5, 0.5]},
								"up": {"uv": [20, 14], "uv_size": [0.5, 0.5]},
								"down": {"uv": [16, 20.5], "uv_size": [0.5, -0.5]}
							}
						},
						{
							"origin": [-0.2188, 2.1575, -4.625],
							"size": [0.43761, 0.13, 0.375],
							"pivot": [0, 1.1875, -4.075],
							"rotation": [0, 0, 45],
							"uv": {
								"north": {"uv": [18, 20], "uv_size": [0.5, 0.5]},
								"south": {"uv": [20, 18], "uv_size": [0.5, 0.5]},
								"up": {"uv": [20, 20], "uv_size": [0.5, 0.5]},
								"down": {"uv": [21, 6.5], "uv_size": [0.5, -0.5]}
							}
						},
						{
							"origin": [0.95625, 0.9687, -4.625],
							"size": [0.14375, 0.43761, 0.375],
							"pivot": [0, 1.1875, -4.075],
							"rotation": [0, 0, -22.5],
							"uv": {
								"north": {"uv": [21, 10], "uv_size": [0.5, 0.5]},
								"east": {"uv": [21, 12], "uv_size": [0.5, 0.5]},
								"south": {"uv": [21, 16], "uv_size": [0.5, 0.5]},
								"west": {"uv": [0, 22], "uv_size": [0.5, 0.5]}
							}
						},
						{
							"origin": [0.9425, 0.9687, -4.625],
							"size": [0.1575, 0.43761, 0.375],
							"uv": {
								"north": {"uv": [22, 0], "uv_size": [0.5, 0.5]},
								"east": {"uv": [2, 22], "uv_size": [0.5, 0.5]},
								"south": {"uv": [22, 2], "uv_size": [0.5, 0.5]},
								"west": {"uv": [4, 22], "uv_size": [0.5, 0.5]}
							}
						},
						{
							"origin": [0.92875, 0.9687, -4.625],
							"size": [0.17125, 0.43761, 0.375],
							"pivot": [0, 1.1875, -4.075],
							"rotation": [0, 0, 22.5],
							"uv": {
								"north": {"uv": [22, 4], "uv_size": [0.5, 0.5]},
								"east": {"uv": [6, 22], "uv_size": [0.5, 0.5]},
								"south": {"uv": [8, 22], "uv_size": [0.5, 0.5]},
								"west": {"uv": [22, 8], "uv_size": [0.5, 0.5]}
							}
						},
						{
							"origin": [-0.2188, 0.0875, -4.625],
							"size": [0.43761, 0.26125, 0.375],
							"pivot": [0, 1.1875, -4.075],
							"rotation": [0, 0, -22.5],
							"uv": {
								"north": {"uv": [10, 22], "uv_size": [0.5, 0.5]},
								"south": {"uv": [12, 22], "uv_size": [0.5, 0.5]},
								"up": {"uv": [14, 22], "uv_size": [0.5, 0.5]}
							}
						},
						{
							"origin": [-0.2188, 0.0875, -4.625],
							"size": [0.43761, 0.26125, 0.375],
							"pivot": [0, 1.1875, -4.075],
							"rotation": [0, 0, 22.5],
							"uv": {
								"north": {"uv": [10.5, 22], "uv_size": [-0.5, 0.5]},
								"south": {"uv": [12.5, 22], "uv_size": [-0.5, 0.5]},
								"up": {"uv": [14.5, 22], "uv_size": [-0.5, 0.5]}
							}
						},
						{
							"origin": [-0.2188, 0.0875, -4.625],
							"size": [0.56261, 0.185, 0.375],
							"pivot": [0, 1.1875, -4.075],
							"rotation": [0, 0, 45],
							"uv": {
								"north": {"uv": [19.5, 16], "uv_size": [-0.5, 0.5]},
								"south": {"uv": [20.5, 0], "uv_size": [-0.5, 0.5]},
								"down": {"uv": [2.5, 20.5], "uv_size": [-0.5, -0.5]}
							}
						},
						{
							"origin": [-0.96073, 0.30383, -4.625],
							"size": [0.50011, 0.1925, 0.375],
							"pivot": [-0.52312, 0.49633, -4.2125],
							"rotation": [0, 0, 45],
							"uv": {
								"north": {"uv": [14.5, 28], "uv_size": [-0.5, 0.5]},
								"south": {"uv": [28.5, 14], "uv_size": [-0.5, 0.5]},
								"up": {"uv": [16.5, 28], "uv_size": [-0.5, 0.5]}
							}
						},
						{
							"origin": [-1.1, 0.9687, -4.625],
							"size": [0.17125, 0.43761, 0.375],
							"pivot": [0, 1.1875, -4.075],
							"rotation": [0, 0, -22.5],
							"uv": {
								"north": {"uv": [22.5, 4], "uv_size": [-0.5, 0.5]},
								"east": {"uv": [22.5, 8], "uv_size": [-0.5, 0.5]},
								"south": {"uv": [8.5, 22], "uv_size": [-0.5, 0.5]},
								"west": {"uv": [6.5, 22], "uv_size": [-0.5, 0.5]}
							}
						},
						{
							"origin": [-1.14517, 0.67576, -4.625],
							"size": [0.31261, 0.13, 0.375],
							"pivot": [-0.83256, 0.80576, -4.2125],
							"rotation": [0, 0, 67.5],
							"uv": {
								"north": {"uv": [18.5, 28], "uv_size": [-0.5, 0.5]},
								"south": {"uv": [28.5, 18], "uv_size": [-0.5, 0.5]},
								"up": {"uv": [20.5, 28], "uv_size": [-0.5, 0.5]}
							}
						},
						{
							"origin": [-1.1, 0.9687, -4.625],
							"size": [0.1575, 0.43761, 0.375],
							"uv": {
								"north": {"uv": [22.5, 0], "uv_size": [-0.5, 0.5]},
								"east": {"uv": [4.5, 22], "uv_size": [-0.5, 0.5]},
								"south": {"uv": [22.5, 2], "uv_size": [-0.5, 0.5]},
								"west": {"uv": [2.5, 22], "uv_size": [-0.5, 0.5]}
							}
						},
						{
							"origin": [-1.1, 0.9687, -4.625],
							"size": [0.14375, 0.43761, 0.375],
							"pivot": [0, 1.1875, -4.075],
							"rotation": [0, 0, 22.5],
							"uv": {
								"north": {"uv": [21.5, 10], "uv_size": [-0.5, 0.5]},
								"east": {"uv": [0.5, 22], "uv_size": [-0.5, 0.5]},
								"south": {"uv": [21.5, 16], "uv_size": [-0.5, 0.5]},
								"west": {"uv": [21.5, 12], "uv_size": [-0.5, 0.5]}
							}
						},
						{
							"origin": [-0.2188, 2.1575, -4.625],
							"size": [0.43761, 0.13, 0.375],
							"pivot": [0, 1.1875, -4.075],
							"rotation": [0, 0, -45],
							"uv": {
								"north": {"uv": [18.5, 20], "uv_size": [-0.5, 0.5]},
								"south": {"uv": [20.5, 18], "uv_size": [-0.5, 0.5]},
								"up": {"uv": [20.5, 20], "uv_size": [-0.5, 0.5]},
								"down": {"uv": [21.5, 6.5], "uv_size": [-0.5, -0.5]}
							}
						},
						{
							"origin": [-0.2188, 2.17125, -4.625],
							"size": [0.43761, 0.11625, 0.375],
							"pivot": [0, 1.1875, -4.075],
							"rotation": [0, 0, -22.5],
							"uv": {
								"north": {"uv": [12.5, 20], "uv_size": [-0.5, 0.5]},
								"south": {"uv": [14.5, 20], "uv_size": [-0.5, 0.5]},
								"up": {"uv": [20.5, 14], "uv_size": [-0.5, 0.5]},
								"down": {"uv": [16.5, 20.5], "uv_size": [-0.5, -0.5]}
							}
						}
					]
				},
				{
					"name": "octagon1",
					"parent": "scope_body",
					"pivot": [0, -0.075, -2],
					"cubes": [
						{
							"origin": [-0.04461, 0.175, -2.5],
							"size": [0.08921, 0.1875, 1],
							"uv": {
								"north": {"uv": [24, 4], "uv_size": [0.5, 0.5]},
								"south": {"uv": [6, 24], "uv_size": [0.5, 0.5]},
								"up": {"uv": [16, 8], "uv_size": [0.5, 1]}
							}
						},
						{
							"origin": [-0.20711, 0.175, -2.5],
							"size": [0.41421, 0.25, 0.225],
							"pivot": [0, -0.075, -2],
							"rotation": [0, -45, 0],
							"uv": {
								"north": {"uv": [28, 20], "uv_size": [0.5, 0.5]},
								"up": {"uv": [22, 28], "uv_size": [0.5, 0.5]}
							}
						},
						{
							"origin": [0.04289, 0.175, -2.5],
							"size": [0.16421, 0.25, 1],
							"uv": {
								"north": {"uv": [28, 22], "uv_size": [0.5, 0.5]},
								"east": {"uv": [17, 12], "uv_size": [1, 0.5]},
								"south": {"uv": [24, 28], "uv_size": [0.5, 0.5]},
								"up": {"uv": [17, 16], "uv_size": [0.5, 1]}
							}
						},
						{
							"origin": [0.275, 0.175, -2.20711],
							"size": [0.225, 0.25, 0.41421],
							"pivot": [0, -0.075, -2],
							"rotation": [0, -45, 0],
							"uv": {
								"west": {"uv": [28, 24], "uv_size": [0.5, 0.5]},
								"up": {"uv": [26, 28], "uv_size": [0.5, 0.5]}
							}
						},
						{
							"origin": [0.1875, 0.175, -2.20711],
							"size": [0.3125, 0.25, 0.41421],
							"uv": {
								"west": {"uv": [28, 26], "uv_size": [0.5, 0.5]},
								"up": {"uv": [28, 28], "uv_size": [0.5, 0.5]}
							}
						},
						{
							"origin": [-0.20711, 0.175, -2.5],
							"size": [0.16421, 0.25, 1],
							"uv": {
								"north": {"uv": [28.5, 22], "uv_size": [-0.5, 0.5]},
								"south": {"uv": [24.5, 28], "uv_size": [-0.5, 0.5]},
								"west": {"uv": [18, 12], "uv_size": [-1, 0.5]},
								"up": {"uv": [17.5, 16], "uv_size": [-0.5, 1]}
							}
						},
						{
							"origin": [-0.20711, 0.175, -2.5],
							"size": [0.41421, 0.25, 0.225],
							"pivot": [0, -0.075, -2],
							"rotation": [0, 45, 0],
							"uv": {
								"north": {"uv": [28.5, 20], "uv_size": [-0.5, 0.5]},
								"up": {"uv": [22.5, 28], "uv_size": [-0.5, 0.5]}
							}
						},
						{
							"origin": [-0.5, 0.175, -2.20711],
							"size": [0.3125, 0.25, 0.41421],
							"uv": {
								"east": {"uv": [28.5, 26], "uv_size": [-0.5, 0.5]},
								"up": {"uv": [28.5, 28], "uv_size": [-0.5, 0.5]}
							}
						},
						{
							"origin": [-0.5, 0.175, -2.20711],
							"size": [0.225, 0.25, 0.41421],
							"pivot": [0, -0.075, -2],
							"rotation": [0, 45, 0],
							"uv": {
								"east": {"uv": [28.5, 24], "uv_size": [-0.5, 0.5]},
								"up": {"uv": [26.5, 28], "uv_size": [-0.5, 0.5]}
							}
						}
					]
				},
				{
					"name": "octagon2",
					"parent": "scope_body",
					"pivot": [0, -0.075, -0.25],
					"cubes": [
						{
							"origin": [-0.22782, 0.2, -0.8],
							"size": [0.45563, 0.15, 1.1],
							"pivot": [0, -0.075, -0.25],
							"rotation": [0, -45, 0],
							"uv": {
								"north": {"uv": [8, 24], "uv_size": [0.5, 0.5]},
								"south": {"uv": [24, 8], "uv_size": [0.5, 0.5]},
								"up": {"uv": [11, 16], "uv_size": [0.5, 1]}
							}
						},
						{
							"origin": [-0.22782, 0.2, -0.8],
							"size": [0.45563, 0.15, 1.1],
							"uv": {
								"north": {"uv": [10, 24], "uv_size": [0.5, 0.5]},
								"south": {"uv": [12, 24], "uv_size": [0.5, 0.5]},
								"up": {"uv": [13, 16], "uv_size": [0.5, 1]}
							}
						},
						{
							"origin": [-0.55, 0.2, -0.47782],
							"size": [1.1, 0.15, 0.45563],
							"pivot": [0, -0.075, -0.25],
							"rotation": [0, -45, 0],
							"uv": {
								"east": {"uv": [14, 24], "uv_size": [0.5, 0.5]},
								"west": {"uv": [24, 14], "uv_size": [0.5, 0.5]},
								"up": {"uv": [15, 16], "uv_size": [1, 0.5]}
							}
						},
						{
							"origin": [-0.55, 0.2, -0.47782],
							"size": [1.1, 0.15, 0.45563],
							"uv": {
								"east": {"uv": [16, 24], "uv_size": [0.5, 0.5]},
								"west": {"uv": [18, 24], "uv_size": [0.5, 0.5]},
								"up": {"uv": [17, 10], "uv_size": [1, 0.5]}
							}
						}
					]
				},
				{
					"name": "octagon3",
					"parent": "scope_body",
					"pivot": [0, 0.425, -0.3125],
					"cubes": [
						{
							"origin": [-0.14461, 0.8375, -0.4375],
							"size": [0.28921, 0.0875, 0.125],
							"pivot": [-0.0625, 0.425, -0.3125],
							"rotation": [0, 0, 45],
							"uv": {
								"north": {"uv": [24, 18], "uv_size": [0.5, 0.5]},
								"up": {"uv": [20, 24], "uv_size": [0.5, 0.5]},
								"down": {"uv": [24, 20.5], "uv_size": [0.5, -0.5]}
							}
						},
						{
							"origin": [0.0723, 0.8375, -0.3125],
							"size": [0.0723, 0.0875, 0.12523],
							"pivot": [-0.0625, 0.425, -0.1875],
							"rotation": [0, 0, 45],
							"uv": {
								"south": {"uv": [26, 14], "uv_size": [0.5, 0.5]},
								"up": {"uv": [16, 26], "uv_size": [0.5, 0.5]}
							}
						},
						{
							"origin": [0.233, 0.74911, -0.45711],
							"size": [0.25047, 0.0875, 0.14461],
							"pivot": [0.233, 0.83661, -0.3125],
							"rotation": [0, -30, 45],
							"uv": {
								"south": {"uv": [26, 2], "uv_size": [0.5, 0.5]},
								"up": {"uv": [4, 26], "uv_size": [0.5, 0.5]},
								"down": {"uv": [26, 4.5], "uv_size": [0.5, -0.5]}
							}
						},
						{
							"origin": [-0.48346, 0.74911, -0.45711],
							"size": [0.25047, 0.0875, 0.14461],
							"pivot": [-0.233, 0.83661, -0.3125],
							"rotation": [0, 30, -45],
							"uv": {
								"south": {"uv": [6, 26], "uv_size": [0.5, 0.5]},
								"up": {"uv": [8, 26], "uv_size": [0.5, 0.5]},
								"down": {"uv": [26, 8.5], "uv_size": [0.5, -0.5]}
							}
						},
						{
							"origin": [-0.233, 0.76161, -0.4375],
							"size": [0.46599, 0.075, 0.125],
							"uv": {
								"north": {"uv": [22, 24], "uv_size": [0.5, 0.5]},
								"south": {"uv": [24, 22], "uv_size": [0.5, 0.5]},
								"up": {"uv": [24, 24], "uv_size": [0.5, 0.5]},
								"down": {"uv": [25, 6.5], "uv_size": [0.5, -0.5]}
							}
						},
						{
							"origin": [0.3125, 0.21789, -0.4375],
							"size": [0.125, 0.41421, 0.25],
							"uv": {
								"north": {"uv": [25, 10], "uv_size": [0.5, 0.5]},
								"east": {"uv": [25, 12], "uv_size": [0.5, 0.5]},
								"west": {"uv": [25, 16], "uv_size": [0.5, 0.5]}
							}
						},
						{
							"origin": [0.3125, 0.38039, -0.3875],
							"size": [0.125, 0.25171, 0.2],
							"pivot": [0.3125, 0.63211, -0.1875],
							"rotation": [45, 0, 0],
							"uv": {
								"east": {"uv": [10, 26], "uv_size": [0.5, 0.5]},
								"south": {"uv": [12, 26], "uv_size": [0.5, 0.5]},
								"west": {"uv": [14, 26], "uv_size": [0.5, 0.5]}
							}
						},
						{
							"origin": [-0.3125, 0.1435, -0.34422],
							"size": [0.625, 0.63921, 0.2],
							"pivot": [0, 0.4599, -0.24422],
							"rotation": [45, 0, 0],
							"uv": {
								"south": {"uv": [15, 10.5], "uv_size": [0.5, 0.5]}
							}
						},
						{
							"origin": [0.3125, 0.0774, -0.20951],
							"size": [0.125, 0.37671, 0.2],
							"pivot": [0.4375, 0.45412, -0.00951],
							"rotation": [35.26439, -30, 35.26439],
							"uv": {
								"east": {"uv": [26, 22], "uv_size": [0.5, 0.5]},
								"south": {"uv": [24, 26], "uv_size": [0.5, 0.5]},
								"west": {"uv": [26, 24], "uv_size": [0.5, 0.5]}
							}
						},
						{
							"origin": [-0.14461, 0.8375, -0.3125],
							"size": [0.0723, 0.0875, 0.12523],
							"pivot": [0.0625, 0.425, -0.1875],
							"rotation": [0, 0, -45],
							"uv": {
								"south": {"uv": [26, 20], "uv_size": [0.5, 0.5]},
								"up": {"uv": [22, 26], "uv_size": [0.5, 0.5]}
							}
						},
						{
							"origin": [-0.4375, 0.38039, -0.3875],
							"size": [0.125, 0.25171, 0.2],
							"pivot": [-0.3125, 0.63211, -0.1875],
							"rotation": [45, 0, 0],
							"uv": {
								"east": {"uv": [18, 26], "uv_size": [0.5, 0.5]},
								"south": {"uv": [26, 18], "uv_size": [0.5, 0.5]},
								"west": {"uv": [20, 26], "uv_size": [0.5, 0.5]}
							}
						},
						{
							"origin": [-0.4375, 0.21789, -0.4375],
							"size": [0.125, 0.41421, 0.25],
							"uv": {
								"north": {"uv": [0, 26], "uv_size": [0.5, 0.5]},
								"east": {"uv": [26, 0], "uv_size": [0.5, 0.5]},
								"west": {"uv": [2, 26], "uv_size": [0.5, 0.5]}
							}
						},
						{
							"origin": [-0.4375, 0.0774, -0.20951],
							"size": [0.125, 0.37671, 0.2],
							"pivot": [-0.4375, 0.45412, -0.00951],
							"rotation": [35.26439, 30, -35.26439],
							"uv": {
								"east": {"uv": [26, 26], "uv_size": [0.5, 0.5]},
								"south": {"uv": [27, 6], "uv_size": [0.5, 0.5]},
								"west": {"uv": [27, 10], "uv_size": [0.5, 0.5]}
							}
						},
						{
							"origin": [-0.14461, 0.8375, -0.4375],
							"size": [0.28921, 0.0875, 0.125],
							"pivot": [0.0625, 0.425, -0.3125],
							"rotation": [0, 0, -45],
							"uv": {
								"north": {"uv": [28, 8], "uv_size": [0.5, 0.5]},
								"up": {"uv": [10, 28], "uv_size": [0.5, 0.5]},
								"down": {"uv": [12, 28.5], "uv_size": [0.5, -0.5]}
							}
						}
					]
				},
				{
					"name": "division",
					"pivot": [0, 0, 0]
				},
				{
					"name": "division_illuminated",
					"parent": "division",
					"pivot": [0, 1.25, -65],
					"cubes": [
						{
							"origin": [-0.125, 1.125, -65.25],
							"size": [0.25, 0.25, 0.5],
							"pivot": [0, 1.25, -65],
							"rotation": [0, 0, 45],
							"uv": {
								"south": {"uv": [2, 18], "uv_size": [0.5, 0.5]}
							}
						}
					]
				},
				{
					"name": "hexadecagon2",
					"parent": "division_illuminated",
					"pivot": [0, 1.25, -65],
					"cubes": [
						{
							"origin": [-0.24864, 2.29167, -65.25],
							"size": [0.49728, 0.20833, 0.5],
							"uv": {
								"south": {"uv": [16, 30], "uv_size": [0.5, 0.5]}
							}
						},
						{
							"origin": [-0.24864, 2.29167, -65.25],
							"size": [0.49728, 0.20833, 0.5],
							"pivot": [0, 1.25, -65],
							"rotation": [0, 0, 22.5],
							"uv": {
								"south": {"uv": [16, 30], "uv_size": [0.5, 0.5]}
							}
						},
						{
							"origin": [-0.24864, 2.29167, -65.25],
							"size": [0.49728, 0.20833, 0.5],
							"pivot": [0, 1.25, -65],
							"rotation": [0, 0, 67.5],
							"uv": {
								"south": {"uv": [16, 30], "uv_size": [0.5, 0.5]}
							}
						},
						{
							"origin": [-0.24864, 2.29167, -65.25],
							"size": [0.49728, 0.20833, 0.5],
							"pivot": [0, 1.25, -65],
							"rotation": [0, 0, 45],
							"uv": {
								"south": {"uv": [16, 30], "uv_size": [0.5, 0.5]}
							}
						},
						{
							"origin": [-0.24864, 2.29167, -65.25],
							"size": [0.49728, 0.20833, 0.5],
							"pivot": [0, 1.25, -65],
							"rotation": [0, 0, 157.5],
							"uv": {
								"south": {"uv": [16, 30], "uv_size": [0.5, 0.5]}
							}
						},
						{
							"origin": [-0.24864, 2.29167, -65.25],
							"size": [0.49728, 0.20833, 0.5],
							"pivot": [0, 1.25, -65],
							"rotation": [0, 0, 135],
							"uv": {
								"south": {"uv": [16, 30], "uv_size": [0.5, 0.5]}
							}
						},
						{
							"origin": [-0.24864, 2.29167, -65.25],
							"size": [0.49728, 0.20833, 0.5],
							"pivot": [0, 1.25, -65],
							"rotation": [0, 0, 112.5],
							"uv": {
								"south": {"uv": [16, 30], "uv_size": [0.5, 0.5]}
							}
						},
						{
							"origin": [-0.24864, 2.29167, -65.25],
							"size": [0.49728, 0.20833, 0.5],
							"pivot": [0, 1.25, -65],
							"rotation": [0, 0, 90],
							"uv": {
								"south": {"uv": [16, 30], "uv_size": [0.5, 0.5]}
							}
						},
						{
							"origin": [-0.24864, 2.29167, -65.25],
							"size": [0.49728, 0.20833, 0.5],
							"pivot": [0, 1.25, -65],
							"rotation": [0, 0, -22.5],
							"uv": {
								"south": {"uv": [16, 30], "uv_size": [0.5, 0.5]}
							}
						},
						{
							"origin": [-0.24864, 2.29167, -65.25],
							"size": [0.49728, 0.20833, 0.5],
							"pivot": [0, 1.25, -65],
							"rotation": [0, 0, -45],
							"uv": {
								"south": {"uv": [16, 30], "uv_size": [0.5, 0.5]}
							}
						},
						{
							"origin": [-0.24864, 2.29167, -65.25],
							"size": [0.49728, 0.20833, 0.5],
							"pivot": [0, 1.25, -65],
							"rotation": [0, 0, -67.5],
							"uv": {
								"south": {"uv": [16, 30], "uv_size": [0.5, 0.5]}
							}
						},
						{
							"origin": [-0.24864, 2.29167, -65.25],
							"size": [0.49728, 0.20833, 0.5],
							"pivot": [0, 1.25, -65],
							"rotation": [0, 0, -90],
							"uv": {
								"south": {"uv": [16, 30], "uv_size": [0.5, 0.5]}
							}
						},
						{
							"origin": [-0.24864, 2.29167, -65.25],
							"size": [0.49728, 0.20833, 0.5],
							"pivot": [0, 1.25, -65],
							"rotation": [0, 0, -112.5],
							"uv": {
								"south": {"uv": [16, 30], "uv_size": [0.5, 0.5]}
							}
						},
						{
							"origin": [-0.24864, 2.29167, -65.25],
							"size": [0.49728, 0.20833, 0.5],
							"pivot": [0, 1.25, -65],
							"rotation": [0, 0, -135],
							"uv": {
								"south": {"uv": [16, 30], "uv_size": [0.5, 0.5]}
							}
						},
						{
							"origin": [-0.24864, 2.29167, -65.25],
							"size": [0.49728, 0.20833, 0.5],
							"pivot": [0, 1.25, -65],
							"rotation": [0, 0, -157.5],
							"uv": {
								"south": {"uv": [16, 30], "uv_size": [0.5, 0.5]}
							}
						},
						{
							"origin": [-0.24864, 2.29167, -65.25],
							"size": [0.49728, 0.20833, 0.5],
							"pivot": [0, 1.25, -65],
							"rotation": [0, 0, -180],
							"uv": {
								"south": {"uv": [16, 30], "uv_size": [0.5, 0.5]}
							}
						}
					]
				},
				{
					"name": "ocular",
					"pivot": [0, 0.5625, -2.5875],
					"cubes": [
						{
							"origin": [-0.37325, 0.36177, -4.2815],
							"size": [0.74963, 1.82491, 0.02463],
							"pivot": [0.00157, 1.27422, -4.26919],
							"rotation": [0, 0, -45],
							"uv": {
								"south": {"uv": [15, 10], "uv_size": [0.5, 2]}
							}
						},
						{
							"origin": [-0.37325, 0.36177, -4.2815],
							"size": [0.74963, 1.82491, 0.02463],
							"pivot": [0.00157, 1.27422, -4.26919],
							"rotation": [0, 0, -90],
							"uv": {
								"south": {"uv": [15, 10], "uv_size": [0.5, 2]}
							}
						},
						{
							"origin": [-0.37325, 0.36177, -4.2815],
							"size": [0.74963, 1.82491, 0.02463],
							"uv": {
								"south": {"uv": [15, 10], "uv_size": [0.5, 2]}
							}
						},
						{
							"origin": [-0.37325, 0.36177, -4.2815],
							"size": [0.74963, 1.82491, 0.02463],
							"pivot": [0.00157, 1.27422, -4.26919],
							"rotation": [0, 0, 45],
							"uv": {
								"south": {"uv": [15, 10], "uv_size": [0.5, 2]}
							}
						}
					]
				},
				{
					"name": "scope_view",
					"pivot": [0, 1.25, 5.5]
				}
			]
		}
	]
}