{
  "ammo": "eos:battery",
  "ammo_amount": 10,
  "extended_mag_ammo_amount": [
    7,
    12,
    15
  ],
  "bolt": "open_bolt",
  "rpm": 250,
  "bullet": {
    "life": 0.9,
    "bullet_amount": 1,
    "damage": 40,
    "tracer_count_interval": 0,
    "extra_damage": {
      "armor_ignore": 0.50,
      "head_shot_multiplier": 1.8,
      "damage_adjust": [
        {"distance": 80, "damage": 50},
        {"distance": 160, "damage": 55},
        {"distance": "infinite", "damage": 60}
      ]
    },
    "speed": 450,
    "gravity": 0.098,
    "knockback": 0,
    "friction": 0.015,
    "ignite": false,
    "pierce": 2
  },
  "reload": {
    "type": "fuel",
    "feed": {
      "empty": 3.5,
      "tactical": 2
    },
    "cooldown": {
      "empty": 4.13,
      "tactical": 2.67
    }
  },
  "draw_time": 0.6,
  "put_away_time": 0.7083,
  "aim_time": 0.25,
  "sprint_time": 0.2,
  "weight": 6.4,
  "fire_mode": [
    "semi"
  ],
  "recoil": {
    "pitch": [
      {"time": 0, "value": [1.75, 1.75]},
      {"time": 0.25, "value": [1.75, 1.75]},
      {"time": 0.5, "value": [-0.225, -0.225]},
      {"time": 0.6, "value": [0, 0]},
      {"time": 0.8, "value": [0, 0]}
    ],
    "yaw": [
      {"time": 0, "value": [-0.25, 0.25]},
      {"time": 0.5, "value": [-0.25, 0.25]},
      {"time": 0.7, "value": [0, 0]}
    ]
  },
  "inaccuracy": {
    "stand": 2,
    "move": 2.5,
    "sneak": 1.75,
    "lie": 1,
    "aim": 0.05
  },
  // 近战相关
  "melee": {
    // 枪械距离参数，用来延升近战攻击范围
    // 会与刺刀等配件的距离做加和
    "distance": 1,
    // 使用时的冷却时间
    "cooldown": 1.0,
    // 默认近战数据，会被配件的数据替换掉
    "default": {
      // 动画类型：没有枪托的为 melee_push，有枪托的为 melee_stock
      "animation_type": "melee_stock",
      // 刺刀距离参数，枪械里还有个刺刀攻击距离参数，两者做加和
      "distance": 0,
      // 刺刀范围角度
      "range_angle": 30,
      // 伤害值
      "damage": 2,
      // 击退效果
      "knockback": 0.75,
      // 前摇时长，单位：秒
      "prep": 0.1
    }
  },
  "allow_attachment_types": [
    "scope",
    "grip",
    "extended_mag",
    "stock"
  ]
}