{
  "ammo": "eos:battery",
  "ammo_amount": 30,
  "extended_mag_ammo_amount": [
    22,
    40,
    50
  ],
  "bolt": "open_bolt",
  "rpm": 650,
  "bullet": {
    "life": 0.9,
    "bullet_amount": 1,
    "damage": 9,
    "tracer_count_interval": 0,
    "extra_damage": {
      "armor_ignore": 0.55,
      "head_shot_multiplier": 1.5,
      "damage_adjust": [
        {"distance": 30, "damage": 11},
        {"distance": 60, "damage": 9},
        {"distance": "infinite", "damage": 7}
      ]
    },
    "speed": 280,
    "gravity": 0.15,
    "knockback": 0,
    "friction": 0.015,
    "ignite": false,
    "pierce": 2
  },
  "reload": {
    "type": "fuel",
    "feed": {
      "empty": 1.86,
      "tactical": 1.3
    },
    "cooldown": {
      "empty": 2.3,
      "tactical": 2
    }
  },
  "draw_time": 0.47,
  "put_away_time": 0.53,
  "aim_time": 0.16,
  "sprint_time": 0.17,
  "weight": 3.4,
  "movement_speed": {
    "base": 0.0,
    "aim": -0.15,
    "reload": -0.1
  },
  "crawl_recoil_multiplier": 0.5,
  "fire_mode": [
    "auto",
    "burst",
    "semi"
  ],
  "burst_data": {
    // 是否连续射击
    "continuous_shoot": true,
    "count": 3,
    "bpm": 900,
    "min_interval": 0.5
  },
  "recoil": {
    "pitch": [
      {"time": 0, "value": [0.5, 0.5]},
      {"time": 0.15, "value": [0.5, 0.5]},
      {"time": 0.5, "value": [-0.1, -0.1]},
      {"time": 0.65, "value": [0, 0]}
    ],
    "yaw": [
      {"time": 0, "value": [-0.2, 0.1]},
      {"time": 0.15, "value": [-0.2, 0.1]},
      {"time": 0.5, "value": [0, 0]}
    ]
  },
  "inaccuracy": {
    "stand": 2,
    "move": 2.5,
    "sneak": 1.75,
    "lie": 1,
    "aim": 0.05
  },
  // 近战相关
  "melee": {
    // 枪械距离参数，用来延升近战攻击范围
    // 会与刺刀等配件的距离做加和
    "distance": 1,
    // 使用时的冷却时间
    "cooldown": 0.6,
    // 默认近战数据，会被配件的数据替换掉
    "default": {
      // 动画类型：没有枪托的为 melee_push，有枪托的为 melee_stock
      "animation_type": "melee_stock",
      // 刺刀距离参数，枪械里还有个刺刀攻击距离参数，两者做加和
      "distance": 1,
      // 刺刀范围角度
      "range_angle": 30,
      // 伤害值
      "damage": 2,
      // 击退效果
      "knockback": 0.5,
      // 前摇时长，单位：秒
      "prep": 0.1
    }
  },
  "allow_attachment_types": [
    "scope",
    "grip",
    "muzzle",
    "extended_mag",
    "stock"
  ],
  "exclusive_attachments": {
  }
}