{
  "ammo": "eos:battery",
  "ammo_amount": 6,
  "extended_mag_ammo_amount": [
    4,
    8,
    10
  ],
  "bolt": "manual_action",
  "rpm": 55,
  "bullet": {
    "life": 0.9,
    "bullet_amount": 1,
    "damage": 170,
    "tracer_count_interval": 0,
    "extra_damage": {
      "armor_ignore": 0.99,
      "head_shot_multiplier": 3.5,
      "damage_adjust": [
        {"distance": 80, "damage": 170},
        {"distance": 160, "damage": 170},
        {"distance": "infinite", "damage": 170}
      ]
    },
    "speed": 950,
    "gravity": 0,
    "knockback": 0,
    "friction": 0.015,
    "ignite": false,
    "pierce": 20
  },
  "reload": {
    "type": "fuel",
    "feed": {
      "empty": 1.6,
      "tactical": 1.6
    },
    "cooldown": {
      "empty": 2,
      "tactical": 2
    }
  },
  "draw_time": 0.6,
  "put_away_time": 0.4,
  "aim_time": 0.25,
  "sprint_time": 0.2,
  "weight": 6.4,
  "bolt_action_time": 0.01,
  "fire_mode": [
    "semi"
  ],
  "recoil": {
    "pitch": [
      {"time": 0, "value": [0.0, 0.0]},
        {"time": 0.7, "value": [0.325, 0.325]},
        {"time": 0.88, "value": [0.325, 0.325]},
        {"time": 1.3, "value": [-0.125, -0.125]},
        {"time": 1.45, "value": [0, 0]}
      ],
      "yaw": [
      {"time": 0, "value": [0.0, 0.0]},
        {"time": 0.7, "value": [-0.3, 0.2]},
        {"time": 0.88, "value": [-0.3, 0.2]},
        {"time": 1.3, "value": [0, 0]}
    ]
  },
  "inaccuracy": {
    "stand": 3,
    "move": 6,
    "sneak": 2,
    "lie": 2,
    "aim": 0.0
  },
  // 近战相关
  "melee": {
    // 枪械距离参数，用来延升近战攻击范围
    // 会与刺刀等配件的距离做加和
    "distance": 1,
    // 使用时的冷却时间
    "cooldown": 1.0,
    // 默认近战数据，会被配件的数据替换掉
    "default": {
      // 动画类型：没有枪托的为 melee_push，有枪托的为 melee_stock
      "animation_type": "melee_stock",
      // 刺刀距离参数，枪械里还有个刺刀攻击距离参数，两者做加和
      "distance": 0,
      // 刺刀范围角度
      "range_angle": 30,
      // 伤害值
      "damage": 2,
      // 击退效果
      "knockback": 0.75,
      // 前摇时长，单位：秒
      "prep": 0.1
    }
  },
  "allow_attachment_types": [
    "scope",
    "grip",
    "extended_mag",
    "stock"
  ],
  "script": "eos:elp_52_t3",
  "script_param": {
    "mag_feed": 1.6,
    "mag": 2,
    "mag_empty": 2
  },
  "builtin_attachments": {
    "scope": "eos:scope_elp_52_t3_default"
  },
  "exclusive_attachments": {
    "eos:scope_elp_52_t3_default": {
      "weight": 2.0,
      "ads_addend": 0.1
      }
  }
}