{
  "materials": [
    {
      "item": {
        "type": "forge:partial_nbt",
        "item": "tacz:modern_kinetic_gun",
        "nbt": {
          "GunId": "eos:elp_13_t3"
        }
      },
      "count": 2
    },
    {
      "item": {
        "type": "forge:partial_nbt",
        "item": "tacz:ammo",
        "nbt": {
          "AmmoId": "eos:battery"
        }
      },
      "count": 16
    }
  ],
  "result": {
    "type": "gun",
    "id": "eos:elp_13_t3x2"
  },
  "type": "tacz:gun_smith_table_crafting"
}