{
  "materials": [
    {
      "item": {
        "tag": "forge:gems/diamond"
      },
      "count": 12
    },
    {
      "item": {
        "tag": "forge:ingots/iron"
      },
      "count": 128
    },
    {
      "item": {
        "tag": "forge:ingots/copper"
      },
      "count": 192
    },
    {
      "item": {
        "tag": "forge:dusts/redstone"
      },
      "count": 16
    },
    {
      "item": {
        "tag": "forge:ingots/netherite"
      },
      "count": 2
    }
  ],
  "result": {
    "type": "gun",
    "id": "eos:elp_52_t3",
    "attachments": {
      "scope": "eos:scope_elp_52_t3_default"
    }
  },
  "type": "tacz:gun_smith_table_crafting"
}