{
  "materials": [
    {
      "item": {
        "tag": "forge:gems/diamond"
      },
      "count": 6
    },
    {
      "item": {
        "tag": "forge:ingots/iron"
      },
      "count": 96
    },
    {
      "item": {
        "tag": "forge:ingots/copper"
      },
      "count": 144
    },
    {
      "item": {
        "tag": "forge:dusts/glowstone"
      },
      "count": 16
    }
  ],
  "result": {
    "type": "gun",
    "id": "eos:eos_ar68_t2"
  },
  "type": "tacz:gun_smith_table_crafting"
}