{
	"format_version": "1.8.0",
	"animations": {
		"static_idle": {
			"loop": true,
			"animation_length": 0.5,
			"bones": {
				"head": {
					"position": {
						"0.0": [0, 0, 0],
						"0.0833": [0, 0, 0],
						"0.1042": [0, 0, -0.1875],
						"0.2917": [0, 0, -0.19],
						"0.3125": [0, 0, 0]
					}
				},
				"head_died": {
					"position": [-0.25, 0, 0]
				},
				"youdied": {
					"position": [-0.25, 0, 0]
				},
				"body": {
					"position": {
						"0.0": [0, 0, 0],
						"0.1875": [0, 0, 0],
						"0.2083": [0, -0.1875, 0],
						"0.3958": [0, -0.19, 0],
						"0.4167": [0, 0, 0]
					}
				},
				"rainbow1": {
					"position": {
						"0.0833": [0, 0, 0],
						"0.1042": [0, 0, 0.1875],
						"0.1875": [0, 0, 0.19],
						"0.2083": [0, -0.1875, 0.19],
						"0.2917": [0, -0.19, 0.19],
						"0.3125": [0, 0, 0.19],
						"0.3958": [0, 0, 0.19],
						"0.4167": [0, -0.125, 0]
					}
				},
				"rainbow2": {
					"position": {
						"0.0833": [0, 0, 0],
						"0.1042": [0, 0, 0.1875],
						"0.1875": [0, 0, 0.19],
						"0.2083": [0, 0.125, 0.19],
						"0.2917": [0, 0.13, 0.19],
						"0.3125": [0, 0, 0.19],
						"0.3958": [0, 0, 0.19],
						"0.4167": [0, 0.1875, 0]
					}
				},
				"rainbow3": {
					"position": {
						"0.0833": [0, 0, 0],
						"0.1042": [0, 0, 0.1875],
						"0.1875": [0, 0, 0.19],
						"0.2083": [0, -0.1875, 0.19],
						"0.2917": [0, -0.19, 0.19],
						"0.3125": [0, 0, 0.19],
						"0.3958": [0, 0, 0.19],
						"0.4167": [0, -0.125, 0]
					}
				},
				"star": {
					"position": {
						"0.0": [0, 0, 0],
						"0.0833": [0, 0, 0],
						"0.1042": [0, -0.1875, 0],
						"0.3958": [0, -0.1875, 0],
						"0.4167": [0, 0, 0]
					}
				},
				"leg": {
					"position": {
						"0.0": [0, 0, 0],
						"0.0833": [0, 0, 0],
						"0.1042": [0, 0, -0.1875],
						"0.2917": [0, 0, -0.19],
						"0.3125": [0, 0, 0],
						"0.3958": [0, 0, 0],
						"0.4167": [0, 0, 0]
					}
				},
				"flash": {
					"scale": 1
				},
				"rightHand": {
					"rotation": [84.32102, 14.82897, -180.27891],
					"position": [-6.4125, -15.55, -7.65],
					"scale": [1, 1.5, 1]
				},
				"leftHand": {
					"rotation": [93.73291, -35.72689, -169.80634],
					"position": [7.4, -15.5825, -15.07],
					"scale": [1, 1.5, 1]
				},
				"constraint": {
					"rotation": [0.2, 0.2, 0.2],
					"position": [0.2, 0.2, 0.2]
				},
				"anim_illuminated": {
					"scale": {
						"0.0": [1, 1, 1],
						"0.25": [1, 1, 1]
					}
				},
				"enemy_illuminated": {
					"position": [-0.25, 0, 0]
				}
			}
		},
		"shoot": {
			"animation_length": 0.8542,
			"bones": {
				"catrush": {
					"rotation": {
						"0.0": {
							"post": [0, 0, 0],
							"lerp_mode": "catmullrom"
						},
						"0.0208": {
							"post": [4, 0, 0],
							"lerp_mode": "catmullrom"
						},
						"0.0625": {
							"post": [-23, 2, 6.125],
							"lerp_mode": "catmullrom"
						},
						"0.1458": {
							"post": [-24.72, -0.82, -1.5625],
							"lerp_mode": "catmullrom"
						},
						"0.2292": {
							"post": [-20.82, 0, -1.125],
							"lerp_mode": "catmullrom"
						},
						"0.3333": {
							"post": [-9.62, -1.4375, -2],
							"lerp_mode": "catmullrom"
						},
						"0.375": {
							"post": [-6.94, 0, 1.5625],
							"lerp_mode": "catmullrom"
						},
						"0.4583": {
							"post": [2.88, 0, -1.125],
							"lerp_mode": "catmullrom"
						},
						"0.5208": {
							"post": [-1.8, 0, -0.93],
							"lerp_mode": "catmullrom"
						},
						"0.5625": {
							"post": [-0.33, 0, -0.57],
							"lerp_mode": "catmullrom"
						},
						"0.625": {
							"post": [-1.9775, 0, 0],
							"lerp_mode": "catmullrom"
						},
						"0.7083": {
							"post": [0.68, 0, 0.06],
							"lerp_mode": "catmullrom"
						},
						"0.8542": {
							"post": [0, 0, 0],
							"lerp_mode": "catmullrom"
						}
					},
					"position": {
						"0.0": {
							"post": [0, 0, 0],
							"lerp_mode": "catmullrom"
						},
						"0.0208": {
							"post": [0, 0, 2],
							"lerp_mode": "catmullrom"
						},
						"0.1875": {
							"post": [0, -0.3125, 0.91],
							"lerp_mode": "catmullrom"
						},
						"0.5625": {
							"post": [0, 0, 0.45],
							"lerp_mode": "catmullrom"
						},
						"0.8542": {
							"post": [0, 0, 0],
							"lerp_mode": "catmullrom"
						}
					}
				},
				"youdied": {
					"scale": 1
				},
				"flash": {
					"scale": 20
				},
				"holo1_illuminated": {
					"rotation": {
						"0.0": [0, 0, 0],
						"0.0417": [0, 0, 360]
					},
					"scale": {
						"0.0": [0.4, 0.4, 1],
						"0.0625": [1, 1, 1],
						"0.0833": [0, 0, 0]
					}
				},
				"holo2_illuminated": {
					"rotation": {
						"0.0625": [0, 0, 0],
						"0.1042": [0, 0, 360]
					},
					"scale": {
						"0.0": [0, 0, 0],
						"0.0417": [0, 0, 0],
						"0.0625": [0.7, 0.7, 1],
						"0.1042": [1, 1, 1],
						"0.125": [0, 0, 0]
					}
				},
				"fire_illuminated": {
					"position": {
						"0.0": [0, 0, 0],
						"0.1042": [0, 0, 0.17]
					},
					"scale": {
						"0.0": [1, 1, 1],
						"0.1042": [1, 1, 0]
					}
				},
				"smoke1_illuminated": {
					"position": {
						"0.1458": [0, 0, 0],
						"0.2292": [0, 0, -0.2]
					},
					"scale": {
						"0.125": [1, 1, 0],
						"0.1458": [1, 1, 1],
						"0.2292": [1, 1, 1],
						"0.25": [1, 1, 0]
					}
				},
				"smoke2_illuminated": {
					"position": {
						"0.25": [0, 0, 0],
						"0.3958": [0, 0, -0.2]
					},
					"scale": {
						"0.125": [0, 0, 0],
						"0.2292": [1, 1, 0],
						"0.25": [1, 1, 1],
						"0.3958": [1, 1, 1],
						"0.4167": [1, 1, 0]
					}
				},
				"smoke3_illuminated": {
					"position": {
						"0.4167": [0, 0, 0],
						"0.5417": [0, 0, -0.2]
					},
					"scale": {
						"0.125": [0, 0, 0],
						"0.3958": [1, 1, 0],
						"0.4167": [1, 1, 1],
						"0.5417": [1, 1, 1],
						"0.5625": [1, 1, 0]
					}
				},
				"shinepiece5_illuminated": {
					"rotation": {
						"0.125": [0, 0, 0],
						"0.4375": [-154.43855, -27.51235, -37.45891]
					},
					"position": {
						"0.125": [0, 0, 0.5],
						"0.4375": [0, -0.9, -1.2]
					},
					"scale": {
						"0.125": [0, 0, 0],
						"0.3125": [1, 1, 1],
						"0.4375": [0, 0, 0]
					}
				},
				"shinepiece4_illuminated": {
					"rotation": {
						"0.125": [0, 0, 0],
						"0.5417": [-154.43855, -27.51235, -37.45891]
					},
					"position": {
						"0.125": [0, 0.6, 1.15],
						"0.5417": [-0.45, -0.35, -1.2]
					},
					"scale": {
						"0.125": [0, 0, 0],
						"0.3125": [1, 1, 1],
						"0.5417": [0, 0, 0]
					}
				},
				"shinepiece2_illuminated": {
					"rotation": {
						"0.125": [0, 0, 0],
						"0.5208": [-204.59541, -62.0197, 13.66544]
					},
					"position": {
						"0.125": [0, -0.85, 0.5],
						"0.5208": [-1.25, -0.3, -1.2]
					},
					"scale": {
						"0.125": [0, 0, 0],
						"0.2917": [1, 1, 1],
						"0.5208": [0, 0, 0]
					}
				},
				"shinepiece1_illuminated": {
					"rotation": {
						"0.125": [0, 0, 0],
						"0.6875": [-154.43855, -27.51235, -37.45891]
					},
					"position": {
						"0.125": [0, -0.65, 0.5],
						"0.6875": [0, -0.9, -1.2]
					},
					"scale": {
						"0.125": [0, 0, 0],
						"0.3958": [1, 1, 1],
						"0.6875": [0, 0, 0]
					}
				},
				"shinepiece3_illuminated": {
					"rotation": {
						"0.125": [0, 0, 0],
						"0.5": [-132.73421, -58.60029, -67.73421]
					},
					"position": {
						"0.125": [0, 0.45, 0.5],
						"0.5": [-0.15, 1.2, -1.2]
					},
					"scale": {
						"0.125": [0, 0, 0],
						"0.3333": [1, 1, 1],
						"0.5": [0, 0, 0]
					}
				}
			}
		},
		"reload_empty": {
			"animation_length": 1.8333,
			"bones": {
				"head": {
					"position": [0, 0, 0]
				},
				"head_died": {
					"scale": 0
				},
				"flash": {
					"scale": 0
				},
				"rightHand": {
					"rotation": [84.32102, 14.82897, -180.27891],
					"position": [-6.4125, -15.55, -7.65],
					"scale": [1, 1.5, 1]
				},
				"leftHand": {
					"rotation": {
						"0.0": [93.73291, -35.72689, -169.80634],
						"0.1042": [66.419, -43.17722, -135.26248],
						"0.2708": [82.83692, -67.53706, -164.42679],
						"0.375": [93.73632, -35.73155, -169.80869],
						"0.4792": [96.86717, -18.27978, -170.78309],
						"0.5208": [95.19821, -18.80564, -165.53835],
						"0.7083": [79.95182, -15.17901, -144.78077],
						"1.2708": [75.27969, -45.35689, -160.89375],
						"1.4375": [92.37016, -69.69695, -164.17888],
						"1.5208": [94.90506, -70.23692, -164.27909],
						"1.75": [93.73291, -35.72689, -169.80634]
					},
					"position": {
						"0.0": [7.4, -15.5825, -15.07],
						"0.1042": [9.48, -14.33, -11.61],
						"0.2708": [8.4, -12.33, -6.07],
						"0.375": [13.4, -11.33, -9.07],
						"0.4792": [16.4, -11.33, -9.07],
						"0.5208": [16.4, -11.33, -9.07],
						"0.7083": [17.4, -15.33, -3.07],
						"0.9167": [13.4, -11.66, -5.24],
						"0.9792": [14.9, -11.57, -3.88],
						"1.0417": [12.4, -11.49, -6.53],
						"1.1667": [11.4, -11.33, -7.82],
						"1.2083": [11.4, -11.33, -7.82],
						"1.2708": [13.9, -11.33, -10.82],
						"1.4375": [8.4, -12.33, -6.07],
						"1.5208": [8.4, -12.33, -6.07],
						"1.6042": [9.85, -14.51, -8.34],
						"1.6875": [7.74, -15.28, -13.15],
						"1.75": [7.4, -15.5825, -15.07]
					},
					"scale": [1, 1.5, 1]
				},
				"constraint": {
					"rotation": [0.2, 0.2, 0.2],
					"position": [0.2, 0.2, 0.2]
				},
				"catrush": {
					"relative_to": {
						"rotation": "entity"
					},
					"rotation": {
						"0.0": [0, 0, 0.01],
						"0.0625": [0, -0.83, 1.94],
						"0.1458": [0, -5.59, 13.05],
						"0.25": [0, -7.5, 17.5],
						"0.2917": [0, -3.9708, 16],
						"0.3125": [0, 5.4404, 12],
						"0.3542": [0, 10.146, 10],
						"0.3958": [-1.0625, 8.9049, 10.09],
						"0.4375": [0, 9.7225, 10.18],
						"0.4792": [0.4375, 7.58145, 11.1],
						"0.5625": [0, -4.9825, 16.43],
						"0.6042": [0, -7.5, 17.5],
						"0.7292": [-6.6, -5.28, 19.76],
						"0.8333": [-29.68, 2.48, 27.65],
						"0.8958": [-35.61653, 4.47009, 28.47848],
						"0.9583": [-22.3025, 12.745, 27.94],
						"1.0": [-20.3983, 9.72166, 27.57693],
						"1.0417": [-21.87, 2.72, 25.97],
						"1.0833": [-32.21, 1.7425, 21.42],
						"1.125": [-34.41034, 9.74856, 19.89852],
						"1.1667": [-32.865, 11.87, 18.7],
						"1.2083": [-28.9375, 5.5625, 17.5],
						"1.2917": [-17.505, -5.1975, 11.715],
						"1.3958": [-10.51, -7.56, -2.21],
						"1.4583": [-8.69244, -7.57683, -16.10404],
						"1.5": [-12.54131, -8.74713, -18.28321],
						"1.5625": [-5.07, 0.9475, -7.39],
						"1.7083": [-1.17, 0.22, -1.71],
						"1.8333": [0, 0, 0.01]
					},
					"position": {
						"0.0": [0, 0, 0],
						"0.0833": [0, 0, 0],
						"0.1458": [0, -0.09, 0],
						"0.2083": [0, -0.32, 0],
						"0.25": [0, -0.375, 0],
						"0.2917": [0, -0.31, 0],
						"0.3542": [0, -0.05, -0.1575],
						"0.3958": [0, 0, -0.4725],
						"0.4375": [0, 0, -0.4977],
						"0.5": [0, 0, -0.2016],
						"0.5833": [0, 0, 0],
						"0.625": [0, -0.08, 0],
						"0.6875": [0, -0.47, 0],
						"0.7292": [0, -0.5625, 0],
						"0.7917": [0, -0.4, 0],
						"0.8542": [0, -0.1, 0],
						"0.9167": [0, 0, 0],
						"0.9792": [0, -0.1875, 0],
						"1.0417": [0, 0, 0],
						"1.2708": [0, 0, 0],
						"1.3333": [-0.11, -0.11, 0],
						"1.3958": [-0.85, -0.85, 0],
						"1.4583": [-1, -1, 0],
						"1.5208": [-0.92, -0.92, 0],
						"1.5833": [-0.55, -0.55, 0],
						"1.6667": [-0.18, -0.18, 0],
						"1.8333": [0, 0, 0]
					}
				},
				"barrel": {
					"rotation": {
						"0.2708": [0, 0, 0],
						"0.375": [0, 32.5, 0],
						"1.2708": [0, 32.5, 0],
						"1.3125": [0, 32.5, 0],
						"1.4375": [0, 0, 0]
					}
				},
				"bullet": {
					"rotation": {
						"0.7083": [-85.77995, 2.68407, -32.40109],
						"0.75": [-76.13, 3.38, -28.76],
						"0.875": [-8.58, 0.27, -3.24],
						"0.9167": [0, 0, 0],
						"1.0208": [0, 0, 0],
						"1.1667": [0, 0, 0]
					},
					"position": {
						"0.7083": [0, 1, 17],
						"0.75": [0, 0.9, 15.7],
						"0.875": [0, 0.11, 5.46],
						"0.9167": [0, 0, 4],
						"1.0208": [0, 0, 4],
						"1.1667": [0, 0, 0]
					},
					"scale": {
						"0.0": [0, 0, 0],
						"0.6875": [0, 0, 0],
						"0.7083": [1, 1, 1]
					}
				},
				"camera": {
					"rotation": {
						"0.2708": {
							"pre": [0, 0, 0],
							"post": [0, 0, 0],
							"lerp_mode": "catmullrom"
						},
						"0.4167": {
							"post": [0, 0, 4],
							"lerp_mode": "catmullrom"
						},
						"0.5417": {
							"post": [0, 0, -1],
							"lerp_mode": "catmullrom"
						},
						"0.625": {
							"post": [0, 0, 0],
							"lerp_mode": "catmullrom"
						},
						"0.875": {
							"post": [0, 0, 0],
							"lerp_mode": "catmullrom"
						},
						"0.9375": {
							"post": [0, 0, -1],
							"lerp_mode": "catmullrom"
						},
						"1.0": {
							"post": [0, 0, -0.2],
							"lerp_mode": "catmullrom"
						},
						"1.125": {
							"post": [0, 0, -3],
							"lerp_mode": "catmullrom"
						},
						"1.2292": {
							"post": [0, 0, 0],
							"lerp_mode": "catmullrom"
						},
						"1.3542": {
							"post": [0, 0, 0],
							"lerp_mode": "catmullrom"
						},
						"1.4792": {
							"post": [0, 0, 3],
							"lerp_mode": "catmullrom"
						},
						"1.5833": {
							"post": [0, 0, -1],
							"lerp_mode": "catmullrom"
						},
						"1.7292": {
							"post": [0, 0, 0],
							"lerp_mode": "catmullrom"
						}
					}
				}
			},
			"sound_effects": {
				"0.2708": {
					"effect": "whiterat:catrush/catrush_reload_1"
				},
				"0.9583": {
					"effect": "whiterat:catrush/catrush_reload_2"
				},
				"1.375": {
					"effect": "whiterat:catrush/catrush_reload_3"
				}
			}
		},
		"draw": {
			"loop": "hold_on_last_frame",
			"animation_length": 0.7083,
			"bones": {
				"head": {
					"position": [0, 0, 0]
				},
				"head_died": {
					"scale": 0
				},
				"flash": {
					"scale": 0
				},
				"rightHand": {
					"rotation": [84.32102, 14.82897, -180.27891],
					"position": [-6.4125, -15.55, -7.65],
					"scale": [1, 1.5, 1]
				},
				"leftHand": {
					"rotation": {
						"0.0": [38.4359, 0.44131, -97.65941],
						"0.2292": [55.06, -8.83, -85.82],
						"0.3958": [73.49402, -37.79819, -118.9592],
						"0.5625": [89.90175, -40.74748, -144.61174],
						"0.7083": [93.73291, -35.72689, -169.80634]
					},
					"position": {
						"0.0": [6.9, -16.5825, -13.07],
						"0.2292": [6.9, -15.58, -13.07],
						"0.3958": [6.9, -16.58, -15.07],
						"0.5625": [8.9, -16.58, -15.07],
						"0.7083": [6.9, -15.5825, -15.07]
					},
					"scale": [1, 1.5, 1]
				},
				"constraint": {
					"rotation": [0.2, 0.2, 0.2],
					"position": [0.2, 0.2, 0.2]
				},
				"catrush": {
					"relative_to": {
						"rotation": "entity"
					},
					"rotation": {
						"0.0": [44.43845, -3.73171, 17.10967],
						"0.0417": [40.18, -3.34, 14.54],
						"0.1042": [30.89, -2.48, 8.93],
						"0.2083": [-5.68, 0.91, -13.17],
						"0.2708": [-9.02541, 1.39574, -16.33152],
						"0.3125": [-21.5875, -0.7875, -16.33],
						"0.3333": [-21, -0.06, -16.33],
						"0.375": [-22.83791, 1.39574, -16.33152],
						"0.4583": [-6.1375, 1.21, -14.15],
						"0.5833": [-0.485, 0.3, -3.54],
						"0.7083": [0, 0, 0.01]
					},
					"position": {
						"0.0": [-3, -7, 4],
						"0.0625": [-2.89, -6.59, 3.78],
						"0.1875": [-1.85, -2.69, 1.65],
						"0.2708": [-1.59, -1.71, 1.12],
						"0.3542": [-1.59, -1.6475, 1.12],
						"0.4167": [-1.46, -1.235, 1.03],
						"0.4792": [-1.34, -0.0025, 0.94],
						"0.5625": [-0.69, 0.8125, 0.49],
						"0.625": [-0.21, 0.3325, 0.15],
						"0.7083": [0, 0, 0]
					}
				},
				"bullet": {
					"scale": 1
				},
				"movingpart": {
					"rotation": {
						"0.2292": [90, 0, 0],
						"0.3958": [0, 0, 0]
					}
				},
				"camera": {
					"rotation": {
						"0.25": {
							"pre": [0, 0, 0],
							"post": [0, 0, 0],
							"lerp_mode": "catmullrom"
						},
						"0.3958": {
							"post": [0, 0, 2],
							"lerp_mode": "catmullrom"
						},
						"0.5417": {
							"post": [0, 0, -0.5625],
							"lerp_mode": "catmullrom"
						},
						"0.6667": {
							"post": [0, 0, 0],
							"lerp_mode": "catmullrom"
						}
					}
				}
			},
			"sound_effects": {
				"0.1875": {
					"effect": "whiterat:catrush/handing_1"
				}
			}
		},
		"put_away": {
			"loop": "hold_on_last_frame",
			"animation_length": 0.7083,
			"bones": {
				"head": {
					"position": [0, 0, 0]
				},
				"head_died": {
					"scale": 0
				},
				"flash": {
					"scale": 0
				},
				"rightHand": {
					"rotation": [84.32102, 14.82897, -180.27891],
					"position": [-6.4125, -15.55, -7.65],
					"scale": [1, 1.5, 1]
				},
				"leftHand": {
					"rotation": {
						"0.0": [93.73291, -35.72689, -169.80634],
						"0.2292": [65.12731, -26.76594, -117.59706]
					},
					"position": {
						"0.0": [6.9, -15.5825, -15.07],
						"0.125": [9.9, -15.58, -15.07],
						"0.2292": [6.9, -15.58, -15.07],
						"0.375": [6.9, -16.08, -12.57]
					},
					"scale": [1, 1.5, 1]
				},
				"constraint": {
					"rotation": [0.2, 0.2, 0.2],
					"position": [0.2, 0.2, 0.2]
				},
				"catrush": {
					"relative_to": {
						"rotation": "entity"
					},
					"rotation": {
						"0.0": [0, 0, 0.01],
						"0.0833": [-6.2, -1.9, -2.69],
						"0.2083": [-35.94, -11.02, -15.58],
						"0.2917": [-43.37189, -13.30076, -18.80481],
						"0.3542": [-40.98, -11.44, -19.25],
						"0.4167": [-22.6061, -8.10758, -21.48234],
						"0.4583": [-21.1775, -9.06, -19.53],
						"0.5": [-25.705, -11.93, -13.67],
						"0.5417": [-20.79, -10.84, -9.57],
						"0.625": [30.63, -5.37, 10.95],
						"0.6667": [42.375, -4.55, 14.03],
						"0.7083": [44.43845, -3.73171, 17.10967]
					},
					"position": {
						"0.0": [0, 0, 0],
						"0.0833": [-0.18, -0.755, 0.24],
						"0.125": [-0.42, -2.2375, 0.56],
						"0.1458": [-0.54, -2.39, 0.72],
						"0.1875": [-0.91, -1.505, 1.21],
						"0.2292": [-1.03, -1.0425, 1.37],
						"0.2917": [-1.24, -0.88, 1.65],
						"0.375": [-1.24, -1.21, 1.65],
						"0.4167": [-1.24, -1.88, 1.65],
						"0.5": [-1.54, -1.93, 2.05],
						"0.5417": [-1.94, -2.5175, 2.59],
						"0.625": [-2.75, -6.13, 3.66],
						"0.7083": [-3, -7, 4]
					}
				},
				"bullet": {
					"scale": 1
				},
				"movingpart": {
					"rotation": {
						"0.2292": [0, 0, 0],
						"0.375": [90, 0, 0]
					}
				},
				"camera": {
					"rotation": {
						"0.25": {
							"pre": [0, 0, 0],
							"post": [0, 0, 0],
							"lerp_mode": "catmullrom"
						},
						"0.4583": {
							"post": [0, 0, -2],
							"lerp_mode": "catmullrom"
						},
						"0.5625": {
							"post": [0, 0, 0.6875],
							"lerp_mode": "catmullrom"
						},
						"0.6667": {
							"post": [0, 0, 0],
							"lerp_mode": "catmullrom"
						}
					}
				}
			},
			"sound_effects": {
				"0.3125": {
					"effect": "whiterat:catrush/handing_4"
				}
			}
		},
		"run": {
			"loop": true,
			"animation_length": 0.6667,
			"bones": {
				"root": {
					"rotation": {
						"0.0": {
							"post": [-70.29685, -12.5011, 8.7327],
							"lerp_mode": "catmullrom"
						},
						"0.1667": {
							"post": [-65.51323, -14.61693, 10.38999],
							"lerp_mode": "catmullrom"
						},
						"0.3333": {
							"post": [-71.92, -12.5, 8.73],
							"lerp_mode": "catmullrom"
						},
						"0.5": {
							"post": [-63.12972, -10.43173, 5.50557],
							"lerp_mode": "catmullrom"
						},
						"0.6667": {
							"post": [-70.92, -12.5, 8.73],
							"lerp_mode": "catmullrom"
						}
					},
					"position": {
						"0.0": {
							"post": [0, -2, 1],
							"lerp_mode": "catmullrom"
						},
						"0.1": {
							"post": [-0.5625, -3.6275, 1],
							"lerp_mode": "catmullrom"
						},
						"0.1667": {
							"post": [-0.75, -4.0625, 1],
							"lerp_mode": "catmullrom"
						},
						"0.2333": {
							"post": [-0.5625, -3.84, 1],
							"lerp_mode": "catmullrom"
						},
						"0.3333": {
							"post": [0, -2.375, 1],
							"lerp_mode": "catmullrom"
						},
						"0.4333": {
							"post": [0.625, -3.64, 1],
							"lerp_mode": "catmullrom"
						},
						"0.5": {
							"post": [0.75, -4.0625, 1],
							"lerp_mode": "catmullrom"
						},
						"0.5667": {
							"post": [0.625, -3.7825, 1],
							"lerp_mode": "catmullrom"
						},
						"0.6667": {
							"post": [0, -2, 1],
							"lerp_mode": "catmullrom"
						}
					}
				}
			}
		},
		"run_start": {
			"loop": true,
			"animation_length": 0.5,
			"bones": {
				"root": {
					"rotation": {
						"0.0": {
							"post": [0, -12.5, 0],
							"lerp_mode": "catmullrom"
						},
						"0.3": {
							"post": [-26.43, -12.5, 4.28],
							"lerp_mode": "catmullrom"
						},
						"0.5": {
							"post": [-70.29685, -12.5011, 8.7327],
							"lerp_mode": "catmullrom"
						}
					},
					"position": {
						"0.0": {
							"post": [0, 0, 0],
							"lerp_mode": "catmullrom"
						},
						"0.1333": {
							"post": [0, -0.41, 0.06],
							"lerp_mode": "catmullrom"
						},
						"0.3": {
							"post": [0, -2.3575, 0.585],
							"lerp_mode": "catmullrom"
						},
						"0.5": {
							"post": [0, -2, 1],
							"lerp_mode": "catmullrom"
						}
					}
				}
			}
		},
		"run_end": {
			"loop": true,
			"animation_length": 0.5,
			"bones": {
				"root": {
					"rotation": {
						"0.0": {
							"post": [-70.29685, -12.5011, 8.7327],
							"lerp_mode": "catmullrom"
						},
						"0.2": {
							"post": [-26.43, -12.5, 4.28],
							"lerp_mode": "catmullrom"
						},
						"0.5": {
							"post": [0, -12.5, 0],
							"lerp_mode": "catmullrom"
						}
					},
					"position": {
						"0.0": {
							"post": [0, -2, 1],
							"lerp_mode": "catmullrom"
						},
						"0.2": {
							"post": [0, -2.3575, 0.585],
							"lerp_mode": "catmullrom"
						},
						"0.3667": {
							"post": [0, -0.41, 0.06],
							"lerp_mode": "catmullrom"
						},
						"0.5": {
							"post": [0, 0, 0],
							"lerp_mode": "catmullrom"
						}
					}
				}
			}
		},
		"run_hold": {
			"loop": true,
			"animation_length": 0.6667,
			"bones": {
				"root": {
					"rotation": [-70.29685, -12.5011, 8.7327],
					"position": [0, -3, 1]
				}
			}
		},
		"inspect": {
			"animation_length": 10.0208,
			"bones": {
				"head": {
					"position": [0, 0, 0]
				},
				"head_died": {
					"position": {
						"5.5": [0, 0, 0],
						"5.5208": [0.25, 0, 0],
						"8.875": [0.25, 0, 0],
						"8.8958": [0, 0, 0]
					},
					"scale": {
						"0.0": [0, 0, 0],
						"5.5": [1, 1, 1],
						"5.5208": [1, 1, 1],
						"8.875": [1, 1, 1],
						"8.8958": [0, 0, 0]
					}
				},
				"flash": {
					"scale": 0
				},
				"rightHand": {
					"rotation": {
						"0.0": [84.32102, 14.82897, -180.27891],
						"3.1458": [84.32, 14.83, -180.28],
						"3.625": [122.33043, -57.18823, -170.24832],
						"7.9583": [122.33, -57.19, -170.25],
						"8.5417": [84.32102, 14.82897, -180.27891]
					},
					"position": {
						"0.0": [-6.4125, -15.55, -7.65],
						"3.1458": [-6.41, -15.55, -7.65],
						"3.625": [-5.41, -13.55, -3.65],
						"7.9583": [-5.41, -13.55, -3.65],
						"8.5417": [-6.4125, -15.55, -7.65]
					},
					"scale": [1, 1.5, 1]
				},
				"leftHand": {
					"rotation": {
						"0.0": [93.73291, -35.72689, -169.80634],
						"0.5": [39.03397, -16.56246, -160.42351],
						"1.5": [19.03397, -16.56246, -160.42351],
						"1.9167": [110.64081, -68.08439, -175.18415],
						"2.75": [110.64081, -68.08439, -175.18415],
						"3.125": [61.00106, -66.45765, -121.92404],
						"3.6875": [16.52984, -78.34752, -75.71691],
						"6.75": [16.53, -78.35, -75.72],
						"8.4375": [16.52984, -78.34752, -75.71691],
						"8.6875": [62.75518, -63.5836, -124.31276],
						"8.8958": [71.48929, -70.60546, -123.70081],
						"9.2292": [80.25, -56.87, -141.86],
						"9.5833": [93.73291, -35.72689, -169.80634]
					},
					"position": {
						"0.0": [7.4, -15.5825, -15.07],
						"0.5": [8.4, -15.58, -15.07],
						"1.5": [8.9, -15.58, -15.07],
						"1.9167": [7.4, -15.5825, -15.07],
						"2.75": [7.4, -15.5825, -15.07],
						"2.8958": [9.79, -14.41, -15.46],
						"3.125": [8.4, -13.58, -16.07],
						"3.6875": [8.4, -13.58, -16.07],
						"3.7708": [8.15, -13.33, -16.07],
						"4.1875": [8.15, -13.33, -16.07],
						"4.2292": [8.4, -13.58, -16.07],
						"4.3333": [8.4, -13.58, -16.07],
						"4.4167": [8.15, -13.33, -16.07],
						"4.8333": [8.15, -13.33, -16.07],
						"4.875": [8.4, -13.58, -16.07],
						"4.9583": [8.15, -13.33, -16.07],
						"5.375": [8.15, -13.33, -16.07],
						"5.4167": [8.4, -13.58, -16.07],
						"5.5": [8.4, -13.58, -16.07],
						"5.5833": [8.15, -13.33, -16.07],
						"5.625": [8.4, -13.58, -16.07],
						"5.8333": [8.4, -13.58, -16.07],
						"5.9167": [8.15, -13.33, -16.07],
						"5.9583": [8.4, -13.58, -16.07],
						"6.1667": [8.4, -13.58, -16.07],
						"6.25": [8.15, -13.33, -16.07],
						"6.2917": [8.4, -13.58, -16.07],
						"6.375": [8.4, -13.58, -16.07],
						"6.4583": [8.15, -13.33, -16.07],
						"6.5": [8.4, -13.58, -16.07],
						"6.7292": [8.4, -13.58, -16.07],
						"6.8542": [11.4, -12.58, -17.07],
						"6.9375": [11.4, -12.58, -17.07],
						"7.125": [9.4, -12.58, -17.07],
						"7.7292": [9.4, -12.58, -17.07],
						"8.4375": [8.4, -13.58, -16.07],
						"8.6875": [10.88, -12.61, -10.05],
						"8.8958": [8.74, -12.58, -7.94],
						"9.2292": [10.21, -14.76, -10.75],
						"9.5833": [7.4, -15.5825, -15.07]
					},
					"scale": [1, 1.5, 1]
				},
				"constraint": {
					"rotation": [0.2, 0.2, 0.2],
					"position": [0.2, 0.2, 0.2]
				},
				"catrush": {
					"relative_to": {
						"rotation": "entity"
					},
					"rotation": {
						"0.0": [0, 0, 0.01],
						"0.125": [-1.92, 4.68, 11.73],
						"0.3958": [-13.86, 34.79, 84.74],
						"0.5": [-15.35683, 37.42972, 93.86538],
						"0.5625": [-16.92, 37.4, 94.48],
						"1.5": [-40.37225, 36.98705, 103.7229],
						"1.6042": [-36.96, 20.75, 85.63],
						"1.8125": [-21.48, -46.51, 3.59],
						"1.9167": [-17.60565, -64.57415, -16.91659],
						"1.9583": [-18.86, -60.8825, -17.3],
						"2.0": [-17.61, -64.57, -18.06],
						"2.0208": [-17.61, -64.57, -18.82371],
						"2.2083": [-17.61, -64.57, -23.98611],
						"2.2708": [-17.61, -64.57, -25.01751],
						"2.3333": [-17.61, -64.57, -23.64591],
						"2.4792": [-17.61, -64.57, -18.16221],
						"2.5417": [-17.60565, -64.57415, -16.91659],
						"2.7708": [-17.61, -64.57, -6.405],
						"2.9167": [-17.61, -64.57, 7.33],
						"3.0625": [-17.61, -64.57, 9.4],
						"3.1458": [-17.60565, -64.57415, 5.45841],
						"3.2708": [-6.03, -65.79, -6.685],
						"3.5417": [64.97, -73.26, -71.46],
						"3.625": [77.65, -74.59, -79.83],
						"3.6875": [82.72399, -75.12336, -83.18185],
						"3.7708": [82.72, -75.12, -85.68],
						"3.8125": [82.72, -75.12, -85.68],
						"4.2083": [82.72, -75.12, -85.68],
						"4.25": [82.72399, -75.12336, -83.18185],
						"4.3542": [82.72399, -75.12336, -83.18185],
						"4.4375": [82.72, -75.12, -78.3675],
						"4.875": [82.72, -75.12, -78.3675],
						"4.9167": [82.72399, -75.12336, -83.18185],
						"4.9792": [82.72399, -75.12336, -83.18185],
						"5.0625": [82.72, -75.12, -85.68],
						"5.375": [82.72, -75.12, -85.68],
						"5.4167": [82.72399, -75.12336, -83.18185],
						"5.5": [82.72399, -75.12336, -83.18185],
						"5.5833": [82.72, -75.12, -85.68],
						"5.625": [82.72399, -75.12336, -83.18185],
						"5.8333": [82.72399, -75.12336, -83.18185],
						"5.9167": [82.72, -75.12, -85.68],
						"5.9583": [82.72399, -75.12336, -83.18185],
						"6.1667": [82.72399, -75.12336, -83.18185],
						"6.25": [82.72, -75.12, -85.68],
						"6.2917": [82.72399, -75.12336, -83.18185],
						"6.375": [82.72399, -75.12336, -83.18185],
						"6.4583": [82.72, -75.12, -85.68],
						"6.5": [82.72399, -75.12336, -83.18185],
						"6.75": [82.72, -75.12, -83.18],
						"6.8125": [81.4075, -65.9325, -83.18],
						"6.875": [82.72, -78.0025, -76.6175],
						"6.9167": [82.72, -75.12, -83.18],
						"7.4375": [82.72, -75.12, -83.18],
						"7.4792": [79.29, -75.45, -79.77],
						"7.5625": [59.69, -83.79, -60.3],
						"7.625": [51.85616, -87.12816, -52.50805],
						"7.6875": [55.71, -86.63, -56.34],
						"7.875": [78.57, -77.89, -79.05],
						"7.9583": [82.72399, -75.12336, -83.18185],
						"8.0833": [75.71, -67.71, -71.75],
						"8.3542": [34.82, -32.15, -5.05],
						"8.4583": [26.64204, -23.8372, 8.28522],
						"8.6667": [24.32, -20.76, 3.32],
						"8.7708": [19.75, -20.59, -5.75],
						"8.8542": [3.28, -20, -34.78],
						"8.8958": [1.45, -19.93, -38.01],
						"8.9167": [-1.8775, -23.8875, -36.93],
						"8.9583": [3.28, -20, -34.78],
						"9.0833": [3.87, -8.28, -17.32],
						"9.2292": [4.97, -4.44, -7.91],
						"9.5625": [0, 0, 0.01]
					},
					"position": {
						"0.0": [0, 0, 0],
						"0.5": [0, 0, 0],
						"0.7708": [0.44, 0, 0],
						"1.0417": [1.22, 0, 0],
						"1.3333": [2.78, 0, 0],
						"1.5": [3, 0, 0],
						"1.625": [3, -0.3375, 0],
						"1.8333": [3, -0.9184, 0],
						"1.9167": [3, -1, 0],
						"2.0417": [3, -0.2588, 0],
						"2.1458": [3, 0.27265, 0],
						"2.2708": [3, 0.44718, 0],
						"2.4167": [3, 0.30125, 0],
						"2.6042": [3, -0.13654, 0],
						"3.1458": [3, 0, 0],
						"3.2708": [3.23, 0.35, 0.69],
						"3.4375": [3.76, 1.15, 2.28],
						"3.6042": [4.79, 3.19, 5.38],
						"3.6875": [5, 3.5, 6],
						"7.4375": [5, 3.5, 6],
						"7.5": [5, 3.475, 6],
						"7.5833": [5, 3.67, 6],
						"7.625": [5, 3.75, 6],
						"7.6667": [5, 3.56, 6],
						"7.7292": [5, 2.2125, 6],
						"7.7708": [5, 1.9825, 6],
						"7.8542": [5, 2.425, 6],
						"7.9583": [5, 2.8125, 6],
						"8.1042": [4.67, 2.5, 5.67],
						"8.3125": [4.35, 2.03, 5.35],
						"8.5833": [3.22, 0.32, 4.22],
						"8.75": [3, 0, 4],
						"8.7917": [2.66, -0.14, 3.74],
						"8.8542": [1.04, -0.83, 2.48],
						"8.8958": [0.63, -1, 2.17],
						"9.0208": [0.55, -0.74, 1.91],
						"9.25": [0.16, 0.63, 0.55],
						"9.3333": [0.1, 0.84, 0.34],
						"9.4375": [0.03, 0.23, 0.09],
						"9.5625": [0, 0, 0]
					}
				},
				"bullet": {
					"position": {
						"6.7917": [0, 0, 0],
						"6.8333": [0, 0, 0.25],
						"6.9167": [0, 0, 1.5],
						"6.9583": [0, 0, 1.75],
						"7.0": [0, 0, 1.185],
						"7.0417": [0, 0, 1.375],
						"7.0625": [0, 0, 1.105],
						"7.1042": [0, 0, 1.0725],
						"7.1667": [0, 0, 1],
						"8.2917": [0, 0, 1],
						"8.3542": [0, 0, 0.87],
						"8.4375": [0, 0, 0.11],
						"8.4792": [0, 0, 0]
					}
				},
				"root": {
					"position": [0, 0, 0]
				},
				"barrel": {
					"rotation": {
						"6.6875": [0, 0, 0],
						"6.7292": [0, 2.22, 0],
						"6.8333": [0, 20.46, 0],
						"6.875": [0, 23, 0],
						"6.9167": [0, 19.2, 0],
						"6.9583": [0, 17.93, 0],
						"7.0208": [0, 21.1975, 0],
						"7.0625": [0, 20.8, 0],
						"7.1458": [0, 20, 0],
						"8.6875": [0, 20, 0],
						"8.8958": [0, 0, 0]
					}
				},
				"anim_illuminated": {
					"position": {
						"3.3333": [0, 0, 0],
						"3.4583": [0, -1, 4.25],
						"3.7917": [0, -1, 4.25],
						"3.8125": [0, -0.75, 4.25],
						"3.9167": [0, -0.75, 4.25],
						"3.9375": [0, -0.5, 4.25],
						"4.0417": [0, -0.5, 4.25],
						"4.0625": [0, -0.25, 4.25],
						"4.1667": [0, -0.25, 4.25],
						"4.1875": [0, 0, 4.25],
						"4.375": [0, 0, 4.25],
						"4.3958": [0, -0.25, 4.25],
						"4.5": [0, -0.25, 4.25],
						"4.5208": [0, -0.5, 4.25],
						"4.625": [0, -0.5, 4.25],
						"4.6458": [0, -0.75, 4.25],
						"4.75": [0, -0.75, 4.25],
						"4.7708": [0, -1, 4.25],
						"4.8958": [0, -1, 4.25],
						"4.9167": [0, -0.5, 4.25],
						"5.0208": [0, -0.5, 4.25],
						"5.0417": [0, -1, 4.25],
						"5.125": [0, -1, 4.25],
						"5.1458": [0, -0.5, 4.25],
						"5.6458": [0, -0.5, 4.25],
						"5.6667": [0, -1.25, 4.25],
						"6.0208": [0, -1.25, 4.25],
						"6.6042": [0, 0, 0]
					},
					"scale": {
						"3.3333": [1, 1, 1],
						"3.4583": [1, 0.5, 0.5],
						"6.0208": [1, 0.5, 0.5],
						"6.6042": [1, 1, 1]
					}
				},
				"youdied": {
					"position": {
						"6.625": [0.25, 0, 0],
						"8.8958": [0.25, 0, 0],
						"8.9167": [0, 0, 0]
					},
					"scale": {
						"0.0": [0, 0, 0],
						"6.6042": [0, 0, 0],
						"6.625": [1, 1, 1],
						"8.8958": [1, 1, 1],
						"8.9167": [0, 0, 0]
					}
				},
				"leg": {
					"scale": {
						"5.4792": [1, 1, 1],
						"5.5": [1, 0, 1],
						"8.8958": [1, 0, 1],
						"8.9167": [1, 1, 1]
					}
				},
				"enemy_illuminated": {
					"position": {
						"0.0": [0, 0, 0],
						"3.6667": [0.25, -0.5, 0],
						"4.1875": [0.25, -0.5, 5.25],
						"4.2083": [0.25, 0.75, 0.25],
						"4.6458": [0.25, 0.75, 5.25],
						"4.6875": [0.25, 0, 0.25],
						"5.1875": [0.25, 0, 3.25],
						"5.3958": [0.25, 0, 3.25],
						"5.4167": [-0.25, 0, 0]
					},
					"scale": {
						"3.6458": [0, 0, 0],
						"3.6667": [1, 1, 1],
						"4.1875": [1, 1, 1],
						"4.2083": [0, 0, 0],
						"4.2292": [1, 1, 1],
						"4.6458": [1, 1, 1],
						"4.6667": [0, 0, 0],
						"4.6875": [1, 1, 1]
					}
				},
				"camera": {
					"rotation": {
						"0.0": {
							"post": [0, 0, 0],
							"lerp_mode": "catmullrom"
						},
						"0.2083": {
							"post": [0, 0, 0],
							"lerp_mode": "catmullrom"
						},
						"0.4792": {
							"post": [0, 0, -2],
							"lerp_mode": "catmullrom"
						},
						"0.6875": {
							"post": [0, 0, 0],
							"lerp_mode": "catmullrom"
						},
						"1.5208": {
							"post": [0, 0, 0],
							"lerp_mode": "catmullrom"
						},
						"1.8125": {
							"post": [0, 0, 2],
							"lerp_mode": "catmullrom"
						},
						"1.9792": {
							"post": [0, 0, -1],
							"lerp_mode": "catmullrom"
						},
						"2.1667": {
							"post": [0, 0, 0.6875],
							"lerp_mode": "catmullrom"
						},
						"2.3542": {
							"post": [0, 0, 0],
							"lerp_mode": "catmullrom"
						},
						"3.4167": {
							"post": [0, 0, 0],
							"lerp_mode": "catmullrom"
						},
						"3.6042": {
							"post": [0, 0, -1],
							"lerp_mode": "catmullrom"
						},
						"3.7083": {
							"post": [0, 0, 0],
							"lerp_mode": "catmullrom"
						},
						"3.8125": {
							"post": [0, 0, 1],
							"lerp_mode": "catmullrom"
						},
						"3.9167": {
							"post": [0, 0, -0.5625],
							"lerp_mode": "catmullrom"
						},
						"4.1875": {
							"post": [0, 0, 0],
							"lerp_mode": "catmullrom"
						},
						"4.4375": {
							"post": [0, 0, 0],
							"lerp_mode": "catmullrom"
						},
						"4.5417": {
							"post": [0, 0, -1],
							"lerp_mode": "catmullrom"
						},
						"4.6458": {
							"post": [0, 0, 0.4375],
							"lerp_mode": "catmullrom"
						},
						"4.75": {
							"post": [0, 0, 0],
							"lerp_mode": "catmullrom"
						},
						"5.0": {
							"post": [0, 0, 0],
							"lerp_mode": "catmullrom"
						},
						"5.1042": {
							"post": [0, 0, 1],
							"lerp_mode": "catmullrom"
						},
						"5.2083": {
							"post": [0, 0, -0.5625],
							"lerp_mode": "catmullrom"
						},
						"5.3125": {
							"post": [0, 0, 0],
							"lerp_mode": "catmullrom"
						},
						"5.4167": {
							"post": [0, 0, 0],
							"lerp_mode": "catmullrom"
						},
						"5.5208": {
							"post": [0, 0, 0.625],
							"lerp_mode": "catmullrom"
						},
						"5.625": {
							"post": [0, 0, -0.1875],
							"lerp_mode": "catmullrom"
						},
						"5.7292": {
							"post": [0, 0, 0],
							"lerp_mode": "catmullrom"
						},
						"5.8542": {
							"post": [0, 0, 0],
							"lerp_mode": "catmullrom"
						},
						"5.9583": {
							"post": [0, 0, 0.625],
							"lerp_mode": "catmullrom"
						},
						"6.0625": {
							"post": [0, 0, -0.1875],
							"lerp_mode": "catmullrom"
						},
						"6.1667": {
							"post": [0, 0, 0],
							"lerp_mode": "catmullrom"
						},
						"6.2708": {
							"post": [0, 0, 0.625],
							"lerp_mode": "catmullrom"
						},
						"6.375": {
							"post": [0, 0, 0],
							"lerp_mode": "catmullrom"
						},
						"6.4792": {
							"post": [0, 0, 0.625],
							"lerp_mode": "catmullrom"
						},
						"6.5833": {
							"post": [0, 0, -0.1875],
							"lerp_mode": "catmullrom"
						},
						"6.6875": {
							"post": [0, 0, 0],
							"lerp_mode": "catmullrom"
						},
						"6.7917": {
							"post": [0, 0, 0],
							"lerp_mode": "catmullrom"
						},
						"6.8958": {
							"post": [0, 0, 4.625],
							"lerp_mode": "catmullrom"
						},
						"7.0": {
							"post": [0, 0, -1.1875],
							"lerp_mode": "catmullrom"
						},
						"7.0625": {
							"post": [0, 0, 1],
							"lerp_mode": "catmullrom"
						},
						"7.125": {
							"post": [0, 0, 0],
							"lerp_mode": "catmullrom"
						},
						"7.6042": {
							"post": [0, 0, 0],
							"lerp_mode": "catmullrom"
						},
						"7.7708": {
							"post": [0, 0, -1],
							"lerp_mode": "catmullrom"
						},
						"7.9792": {
							"post": [0, 0, 0],
							"lerp_mode": "catmullrom"
						},
						"8.2083": {
							"post": [0, 0, 0.05],
							"lerp_mode": "catmullrom"
						},
						"8.375": {
							"post": [0, 0, 1],
							"lerp_mode": "catmullrom"
						},
						"8.5208": {
							"post": [0, 0, 0.05],
							"lerp_mode": "catmullrom"
						},
						"8.7083": {
							"post": [0, 0, 0.05],
							"lerp_mode": "catmullrom"
						},
						"8.8958": {
							"post": [0, 0, 3.05],
							"lerp_mode": "catmullrom"
						},
						"9.0": {
							"post": [0, 0, -0.95],
							"lerp_mode": "catmullrom"
						},
						"9.1667": {
							"post": [0, 0, 0],
							"lerp_mode": "catmullrom"
						},
						"10.0208": {
							"post": [0, 0, 0],
							"lerp_mode": "catmullrom"
						}
					}
				}
			},
			"sound_effects": {
				"0.4583": {
					"effect": "whiterat:catrush/handing_1"
				},
				"1.7917": {
					"effect": "whiterat:catrush/handing_3"
				},
				"3.5208": {
					"effect": "whiterat:catrush/handing_3"
				},
				"3.6458": {
					"effect": "whiterat:catrush/8bit"
				},
				"3.7708": {
					"effect": "whiterat:catrush/handing_1"
				},
				"4.1875": {
					"effect": "whiterat:catrush/8bit_1"
				},
				"4.6458": {
					"effect": "whiterat:catrush/8bit_1"
				},
				"4.8542": {
					"effect": "whiterat:catrush/handing_1"
				},
				"5.0": {
					"effect": "whiterat:catrush/handing_1"
				},
				"5.1667": {
					"effect": "whiterat:catrush/handing_1"
				},
				"5.3958": {
					"effect": "whiterat:catrush/8bit_1"
				},
				"5.5625": {
					"effect": "whiterat:catrush/8bit_2"
				},
				"5.8125": {
					"effect": "whiterat:catrush/handing_1"
				},
				"6.0": {
					"effect": "whiterat:catrush/handing_1"
				},
				"6.2292": {
					"effect": "whiterat:catrush/handing_1"
				},
				"6.7292": {
					"effect": "whiterat:catrush/catrush_reload_1"
				},
				"7.125": {
					"effect": "whiterat:catrush/handing_4"
				},
				"8.3125": {
					"effect": "whiterat:catrush/handing_3"
				},
				"8.7708": {
					"effect": "whiterat:catrush/catrush_reload_3"
				},
				"9.5208": {
					"effect": "whiterat:catrush/handing_2"
				}
			}
		}
	}
}