{
	"format_version": "1.8.0",
	"animations": {
		"static_idle": {
			"loop": true,
			"animation_length": 1.5,
			"bones": {
				"rightHand": {
					"rotation": [84.32102, 14.82897, -180.27891],
					"position": [-7.4125, -15.55, 3.35],
					"scale": [1, 1.5, 1]
				},
				"leftHand": {
					"rotation": [135.7846, 3.02968, -257.62458],
					"position": [6.4, -6.5825, -1.07],
					"scale": [1, 1.5, 1]
				},
				"fire_illuminated": {
					"scale": 1
				},
				"smoke": {
					"rotation": {
						"0.0": [0, 0, 0],
						"1.4792": [0, 0, -360]
					},
					"scale": 20
				},
				"smokeleft": {
					"scale": {
						"0.0": [1, 1, 1],
						"0.5": [0, 0, 0],
						"0.9792": [1, 1, 1],
						"1.5": [1, 1, 1]
					}
				},
				"smokeright": {
					"scale": {
						"0.0": [1, 1, 1],
						"0.5": [1, 1, 1],
						"0.9792": [0, 0, 0],
						"1.5": [1, 1, 1]
					}
				}
			}
		},
		"static_bolt_caught": {
			"loop": true,
			"animation_length": 1.5,
			"bones": {
				"rightHand": {
					"rotation": [84.32102, 14.82897, -180.27891],
					"position": [-7.4125, -15.55, 3.35],
					"scale": [1, 1.5, 1]
				},
				"leftHand": {
					"rotation": [135.7846, 3.02968, -257.62458],
					"position": [6.4, -6.5825, -1.07],
					"scale": [1, 1.5, 1]
				},
				"fire_illuminated": {
					"scale": 1
				},
				"smoke": {
					"rotation": {
						"0.0": [0, 0, 0],
						"1.4792": [0, 0, -360]
					},
					"scale": 20
				},
				"smokeleft": {
					"scale": {
						"0.0": [1, 1, 1],
						"0.5": [0, 0, 0],
						"0.9792": [1, 1, 1],
						"1.5": [1, 1, 1]
					}
				},
				"smokeright": {
					"scale": {
						"0.0": [1, 1, 1],
						"0.5": [1, 1, 1],
						"0.9792": [0, 0, 0],
						"1.5": [1, 1, 1]
					}
				},
				"barrel_front2": {
					"scale": [1.2, 1.2, 1]
				},
				"barrel_base": {
					"scale": 1.1
				}
			}
		},
		"shoot": {
			"animation_length": 0.75,
			"bones": {
				"root": {
					"rotation": {
						"0.0": {
							"post": [0.14211, 0, 0],
							"lerp_mode": "catmullrom"
						},
						"0.0417": {
							"post": [0.80681, 0, 0.3125],
							"lerp_mode": "catmullrom"
						},
						"0.0625": {
							"post": [-3.3112, -0.9375, -1.0625],
							"lerp_mode": "catmullrom"
						},
						"0.125": {
							"post": [-2.27896, 0.3125, -1.0625],
							"lerp_mode": "catmullrom"
						},
						"0.2917": {
							"post": [1.007, 0, 0.75],
							"lerp_mode": "catmullrom"
						},
						"0.3333": {
							"post": [-0.22074, 0, 0.75],
							"lerp_mode": "catmullrom"
						},
						"0.3958": {
							"post": [0.2975, 0, 0],
							"lerp_mode": "catmullrom"
						},
						"0.5": {
							"post": [-0.5225, 0, 0],
							"lerp_mode": "catmullrom"
						},
						"0.5625": {
							"post": [-0.29, 0, 0],
							"lerp_mode": "catmullrom"
						},
						"0.6667": {
							"post": [0, 0, 0],
							"lerp_mode": "catmullrom"
						}
					},
					"position": {
						"0.0": {
							"post": [0, 0, 0],
							"lerp_mode": "catmullrom"
						},
						"0.0417": {
							"post": [0, 0, 1.6875],
							"lerp_mode": "catmullrom"
						},
						"0.1042": {
							"post": [0, -0.1875, 0.5],
							"lerp_mode": "catmullrom"
						},
						"0.2292": {
							"post": [0, 0.055, 0.17],
							"lerp_mode": "catmullrom"
						},
						"0.375": {
							"post": [0, 0, 0.07],
							"lerp_mode": "catmullrom"
						},
						"0.6667": {
							"post": [0, 0, 0],
							"lerp_mode": "catmullrom"
						}
					}
				},
				"fire_illuminated": {
					"scale": {
						"0.0": [4.5, 4.5, 4.5],
						"0.1042": [4.5, 4.5, 4.5],
						"0.125": [2, 2, 2],
						"0.2708": [1, 1, 1],
						"0.75": [1, 1, 1]
					}
				},
				"smoke": {
					"scale": 0.05
				},
				"frontfire": {
					"position": {
						"0.0": [0, 0, 0.15625],
						"0.1042": [0, 0, 0.15625],
						"0.2708": [0, 0, 0]
					},
					"scale": {
						"0.0208": [1.2, 1.2, 1.2],
						"0.0417": [0.2, 0.2, 0.2],
						"0.1042": [0.2, 0.2, 0.2],
						"0.125": [1, 1, 1]
					}
				},
				"firep1": {
					"scale": {
						"0.0": [1, 1, 1],
						"0.0833": [0, 0, 0],
						"0.1042": [0, 0, 0],
						"0.125": [1, 1, 1]
					}
				},
				"firep2": {
					"scale": {
						"0.0": [1, 1, 1],
						"0.0833": [0, 0, 0],
						"0.1042": [0, 0, 0],
						"0.125": [1, 1, 1]
					}
				},
				"firep3": {
					"scale": {
						"0.0": [1, 1, 1],
						"0.0833": [0, 0, 0],
						"0.1042": [0, 0, 0],
						"0.125": [1, 1, 1]
					}
				},
				"firep4": {
					"scale": {
						"0.0": [1, 1, 1],
						"0.0833": [0, 0, 0],
						"0.1042": [0, 0, 0],
						"0.125": [1, 1, 1]
					}
				},
				"firep5": {
					"scale": {
						"0.0": [1, 1, 1],
						"0.0833": [0, 0, 0],
						"0.1042": [0, 0, 0],
						"0.125": [1, 1, 1]
					}
				},
				"firep6": {
					"scale": {
						"0.0": [1, 1, 1],
						"0.0833": [0, 0, 0],
						"0.1042": [0, 0, 0],
						"0.125": [1, 1, 1]
					}
				},
				"flashrotate": {
					"rotation": {
						"0.0": [0, 0, 0],
						"0.6667": [0, 0, -720]
					}
				},
				"flashp1": {
					"scale": {
						"0.0": [1, 1, 1],
						"0.0208": [1, 1, 1],
						"0.0417": [0, 0, 0],
						"0.1042": [0, 0, 0],
						"0.125": [1, 1, 1]
					}
				},
				"flashp2": {
					"scale": {
						"0.0": [0, 0, 0],
						"0.0208": [1, 1, 1],
						"0.0417": [1, 1, 1],
						"0.0625": [0, 0, 0],
						"0.1042": [0, 0, 0],
						"0.125": [1, 1, 1]
					}
				},
				"flashp3": {
					"scale": {
						"0.0": [0, 0, 0],
						"0.0208": [0, 0, 0],
						"0.0417": [1, 1, 1],
						"0.0625": [1, 1, 1],
						"0.0833": [0, 0, 0],
						"0.1042": [0, 0, 0],
						"0.125": [1, 1, 1]
					}
				},
				"flashp4": {
					"scale": {
						"0.0": [0, 0, 0],
						"0.0417": [0, 0, 0],
						"0.0625": [1, 1, 1],
						"0.1042": [2, 2, 2],
						"0.125": [0.5, 0.5, 0.5],
						"0.1875": [1, 1, 1]
					}
				},
				"barrel_front2": {
					"scale": {
						"0.0": [1, 1, 1],
						"0.0833": [1.2, 1.2, 1],
						"0.4167": [1, 1, 1]
					}
				},
				"camera": {
					"rotation": {
						"0.0": {
							"post": [0, 0, 0],
							"lerp_mode": "catmullrom"
						},
						"0.0208": {
							"post": [0, 0, 2],
							"lerp_mode": "catmullrom"
						},
						"0.0625": {
							"post": [0, 0, -1],
							"lerp_mode": "catmullrom"
						},
						"0.1458": {
							"post": [0, 0, 0.5],
							"lerp_mode": "catmullrom"
						},
						"0.1875": {
							"post": [0, 0, -0.25],
							"lerp_mode": "catmullrom"
						},
						"0.3333": {
							"post": [0, 0, 0],
							"lerp_mode": "catmullrom"
						}
					}
				}
			}
		},
		"put_away": {
			"loop": true,
			"animation_length": 0.75,
			"bones": {
				"rightHand": {
					"rotation": [84.32102, 14.82897, -180.27891],
					"position": [-7.4125, -15.55, 3.35],
					"scale": [1, 1.5, 1]
				},
				"leftHand": {
					"rotation": {
						"0.0": [135.7846, 3.02968, -257.62458],
						"0.0833": [123.84346, 5.23736, -241.21732],
						"0.1667": [101.91, -2.43, -216.47],
						"0.2917": [51.1, -10.61, -162.23],
						"0.375": [34.16111, -13.33967, -143.14695]
					},
					"position": {
						"0.0": [6.4, -6.5825, -1.07],
						"0.1042": [10.07, -5.58, 1.93],
						"0.1667": [10.19, -6.52, 2.08],
						"0.2708": [10.71, -11.43, 0.635],
						"0.3333": [9.02, -12.12, -2.4525],
						"0.4167": [7.9, -12.58, -3.57]
					},
					"scale": [1, 1.5, 1]
				},
				"root": {
					"rotation": {
						"0.0": [0, 0, 0],
						"0.1458": [-1.7, -1, 8.18],
						"0.25": [-4.25, -0.76, 20.43],
						"0.375": [-11.06, -0.13, 53.09],
						"0.4167": [-11.78, -2.3725, 56.55],
						"0.4792": [-12.5, 3.0625, 60],
						"0.5417": [-9.4025, 1.9, 60.23],
						"0.6042": [-4.01, 5.7, 60.68],
						"0.6458": [5.31, 9.5, 61.13],
						"0.7083": [35.18, 9.71, 61.22],
						"0.75": [41.98935, 9.91358, 61.31845]
					},
					"position": {
						"0.0": [0, 0, 0],
						"0.1042": [-0.22, 0, 0],
						"0.1458": [-0.31, -0.3875, 0],
						"0.2083": [-0.45, -2.375, 0],
						"0.3125": [-0.68, -3.0125, 0],
						"0.375": [-0.82, -2.1025, 0],
						"0.4167": [-0.91, 0.1675, 0],
						"0.4583": [-1, 1.0625, 0],
						"0.5625": [-2.0625, -0.14, 1.1875],
						"0.625": [-2.8125, -0.43, 5.0625],
						"0.6875": [-2.6875, -0.81, 12.0175],
						"0.75": [-1, -1, 14]
					}
				},
				"camera": {
					"rotation": {
						"0.0": {
							"post": [0, 0, 0],
							"lerp_mode": "catmullrom"
						},
						"0.2917": {
							"post": [0, 0, 2],
							"lerp_mode": "catmullrom"
						},
						"0.375": {
							"post": [0, 0, -1],
							"lerp_mode": "catmullrom"
						},
						"0.4167": {
							"post": [0, 0, 0],
							"lerp_mode": "catmullrom"
						},
						"0.5208": {
							"post": [0, 0, 0],
							"lerp_mode": "catmullrom"
						},
						"0.625": {
							"post": [0, 0, 1],
							"lerp_mode": "catmullrom"
						},
						"0.6875": {
							"post": [0, 0, -0.5],
							"lerp_mode": "catmullrom"
						},
						"0.7292": {
							"post": [0, 0, 0],
							"lerp_mode": "catmullrom"
						}
					}
				}
			},
			"sound_effects": {
				"0.2083": {
					"effect": "whiterat:destroyer/destroyer_handling_2"
				},
				"0.375": {
					"effect": "whiterat:destroyer/destroyer_handling_1"
				}
			}
		},
		"draw": {
			"loop": true,
			"animation_length": 0.8125,
			"bones": {
				"rightHand": {
					"relative_to": {
						"rotation": "entity"
					},
					"rotation": [84.32102, 14.82897, -180.27891],
					"position": [-7.4125, -15.55, 3.35],
					"scale": [1, 1.5, 1]
				},
				"leftHand": {
					"rotation": {
						"0.0": [67.84522, -41.23968, -132.97313],
						"0.2708": [67.84522, -41.23968, -132.97313],
						"0.3542": [70.85, -41.24, -132.97],
						"0.4375": [84.74, -38.94, -158.47],
						"0.5208": [126.43, -8.02, -234.96],
						"0.5833": [138.7846, 3.02968, -257.62458],
						"0.75": [135.7846, 3.02968, -257.62458]
					},
					"position": {
						"0.0": [6.9, -13.58, -4.57],
						"0.2708": [6.9, -13.58, -4.57],
						"0.3542": [6.9, -13.58, -4.57],
						"0.3958": [8.275, -12.94, -3.21],
						"0.4375": [11.9, -11.29, -0.4575],
						"0.4792": [12.7125, -9.65, 1.08],
						"0.5208": [9.9, -8, 2.62],
						"0.5833": [6.9, -6.5825, -0.57],
						"0.75": [6.4, -6.5825, -1.07]
					},
					"scale": [1, 1.5, 1]
				},
				"root": {
					"rotation": {
						"0.0": [22.5, 0, 17.5],
						"0.0417": [19.6875, 0, 17.5],
						"0.0833": [6.02, 0, 17.5],
						"0.1458": [-6.7025, 0, 17.5],
						"0.2083": [-10, 0, 16.25],
						"0.2917": [-9.02, 0, 7.84],
						"0.3125": [-9.95, 0, 5.0325],
						"0.375": [-18.13803, -2.78399, -12.32118],
						"0.4167": [-14.93, 0, -10.5625],
						"0.4583": [0.77, 0.9375, -6.62],
						"0.5": [7.21, 0, -2.6775],
						"0.5417": [9.355, 0, -2.28],
						"0.5833": [5.1825, 0, -1.88],
						"0.625": [-7.02, 0, -1.34],
						"0.6875": [-1.85, 0, -0.67],
						"0.75": [-0.3125, 0, 0],
						"0.8125": [0, 0, 0]
					},
					"position": {
						"0.0": [-1, -5, 6],
						"0.0625": [-0.85, -4.23, 4.62],
						"0.1458": [-0.19, -0.94, -3.685],
						"0.2083": [0, 0, -5.0625],
						"0.2708": [0, 0, -2.92],
						"0.3125": [0, 0, -2.3025],
						"0.375": [0, 2, -2.15],
						"0.4792": [0, 0.6, -1.05],
						"0.5833": [0, 0, -0.58],
						"0.6458": [0, 0.5, -0.36],
						"0.75": [0, 0, 0]
					}
				},
				"camera": {
					"rotation": {
						"0.0": {
							"post": [0, 0, 0],
							"lerp_mode": "catmullrom"
						},
						"0.125": {
							"post": [0, 0, 0],
							"lerp_mode": "catmullrom"
						},
						"0.2083": {
							"post": [0, 0, 2],
							"lerp_mode": "catmullrom"
						},
						"0.2708": {
							"post": [0, 0, 0],
							"lerp_mode": "catmullrom"
						},
						"0.3125": {
							"post": [0, 0, 0.43],
							"lerp_mode": "catmullrom"
						},
						"0.375": {
							"post": [0, 0, -1],
							"lerp_mode": "catmullrom"
						},
						"0.4167": {
							"post": [0, 0, 0],
							"lerp_mode": "catmullrom"
						},
						"0.5417": {
							"post": [0, 0, 0.02],
							"lerp_mode": "catmullrom"
						},
						"0.5625": {
							"post": [0, 0, 1.01],
							"lerp_mode": "catmullrom"
						},
						"0.5833": {
							"post": [0, 0, 0],
							"lerp_mode": "catmullrom"
						},
						"0.625": {
							"post": [0, 0, -0.6875],
							"lerp_mode": "catmullrom"
						},
						"0.6458": {
							"post": [0, 0, 0.5],
							"lerp_mode": "catmullrom"
						},
						"0.6875": {
							"post": [0, 0, 0.25],
							"lerp_mode": "catmullrom"
						},
						"0.7083": {
							"post": [0, 0, 0.5625],
							"lerp_mode": "catmullrom"
						},
						"0.75": {
							"post": [0, 0, 0],
							"lerp_mode": "catmullrom"
						}
					}
				}
			},
			"sound_effects": {
				"0.1875": {
					"effect": "whiterat:destroyer/destroyer_handling_3"
				},
				"0.5417": {
					"effect": "whiterat:destroyer/destroyer_handling_2"
				}
			}
		},
		"run": {
			"loop": true,
			"animation_length": 0.75,
			"bones": {
				"root": {
					"rotation": {
						"0.0": {
							"post": [-28.31533, -23.48752, 23.37177],
							"lerp_mode": "catmullrom"
						},
						"0.1875": {
							"post": [-27.34067, -38.34364, 12.25173],
							"lerp_mode": "catmullrom"
						},
						"0.375": {
							"post": [-26.78204, -30.72523, 18.7173],
							"lerp_mode": "catmullrom"
						},
						"0.5625": {
							"post": [-22.19814, -21.44271, 11.14726],
							"lerp_mode": "catmullrom"
						},
						"0.75": {
							"post": [-28.31533, -23.48752, 23.37177],
							"lerp_mode": "catmullrom"
						}
					},
					"position": {
						"0.0": {
							"post": [5, -1, -2],
							"lerp_mode": "catmullrom"
						},
						"0.125": {
							"post": [7, -4.17, -2],
							"lerp_mode": "catmullrom"
						},
						"0.1875": {
							"post": [7.3125, -5, -2],
							"lerp_mode": "catmullrom"
						},
						"0.25": {
							"post": [7, -4.04, -2],
							"lerp_mode": "catmullrom"
						},
						"0.375": {
							"post": [5, 0.25, -2],
							"lerp_mode": "catmullrom"
						},
						"0.5": {
							"post": [2, -4.1775, -2],
							"lerp_mode": "catmullrom"
						},
						"0.5625": {
							"post": [1.4375, -5, -2],
							"lerp_mode": "catmullrom"
						},
						"0.625": {
							"post": [2, -4.165, -2],
							"lerp_mode": "catmullrom"
						},
						"0.75": {
							"post": [5, -1, -2],
							"lerp_mode": "catmullrom"
						}
					}
				}
			}
		},
		"run_hold": {
			"loop": true,
			"animation_length": 0.25,
			"bones": {
				"root": {
					"rotation": [-28.31533, -23.48752, 23.37177],
					"position": [5, -2, -2]
				}
			}
		},
		"run_start": {
			"loop": true,
			"animation_length": 0.5,
			"bones": {
				"root": {
					"rotation": {
						"0.0": {
							"post": [0, 0, 0],
							"lerp_mode": "catmullrom"
						},
						"0.1667": {
							"post": [-5.54, -3.76, 3.74],
							"lerp_mode": "catmullrom"
						},
						"0.5": {
							"post": [-28.31533, -23.48752, 23.37177],
							"lerp_mode": "catmullrom"
						}
					},
					"position": {
						"0.0": {
							"post": [0, 0, 0],
							"lerp_mode": "catmullrom"
						},
						"0.1458": {
							"post": [0.6, -1.12, -0.24],
							"lerp_mode": "catmullrom"
						},
						"0.25": {
							"post": [2.55, -2.51, -1.02],
							"lerp_mode": "catmullrom"
						},
						"0.3542": {
							"post": [4.49, 0.1, -1.8],
							"lerp_mode": "catmullrom"
						},
						"0.5": {
							"post": [5, -1, -2],
							"lerp_mode": "catmullrom"
						}
					}
				},
				"camera": {
					"rotation": {
						"0.0": {
							"post": [0, 0, 0],
							"lerp_mode": "catmullrom"
						},
						"0.0625": {
							"post": [0, 0, 0.6875],
							"lerp_mode": "catmullrom"
						},
						"0.1458": {
							"post": [0, 0, -0.3025],
							"lerp_mode": "catmullrom"
						},
						"0.2917": {
							"post": [0, 0, 0],
							"lerp_mode": "catmullrom"
						}
					}
				}
			}
		},
		"run_end": {
			"loop": true,
			"animation_length": 0.5,
			"bones": {
				"root": {
					"rotation": {
						"0.0": {
							"post": [-28.31533, -23.48752, 23.37177],
							"lerp_mode": "catmullrom"
						},
						"0.1042": {
							"post": [-24.91, -20.66, 20.56],
							"lerp_mode": "catmullrom"
						},
						"0.25": {
							"post": [4.71, -9.36, 9.32],
							"lerp_mode": "catmullrom"
						},
						"0.3542": {
							"post": [-6.35, -1.95, 1.94],
							"lerp_mode": "catmullrom"
						},
						"0.4375": {
							"post": [-0.21, 0.45, -0.45],
							"lerp_mode": "catmullrom"
						},
						"0.5": {
							"post": [0, 0, 0],
							"lerp_mode": "catmullrom"
						}
					},
					"position": {
						"0.0": {
							"post": [5, -1, -2],
							"lerp_mode": "catmullrom"
						},
						"0.1042": {
							"post": [4.58, -0.92, -1.83],
							"lerp_mode": "catmullrom"
						},
						"0.25": {
							"post": [2.45, -2.49, -0.98],
							"lerp_mode": "catmullrom"
						},
						"0.375": {
							"post": [0.66, 0.87, -0.26],
							"lerp_mode": "catmullrom"
						},
						"0.5": {
							"post": [0, 0, 0],
							"lerp_mode": "catmullrom"
						}
					}
				},
				"camera": {
					"rotation": {
						"0.1458": {
							"pre": [0, 0, 0],
							"post": [0, 0, 0],
							"lerp_mode": "catmullrom"
						},
						"0.2292": {
							"post": [0, 0, -0.4375],
							"lerp_mode": "catmullrom"
						},
						"0.3125": {
							"post": [0, 0, 0.56],
							"lerp_mode": "catmullrom"
						},
						"0.4375": {
							"post": [0, 0, 0],
							"lerp_mode": "catmullrom"
						}
					}
				}
			}
		},
		"reload_empty": {
			"animation_length": 4,
			"bones": {
				"rightHand": {
					"rotation": {
						"0.0": [84.32102, 14.82897, -180.27891],
						"0.5417": [84.32, 14.83, -180.28],
						"0.8542": [84.16348, 19.80481, -180.80531],
						"1.0208": [84.5007, -2.59281, -178.57614],
						"1.1667": [96.81036, -15.03094, -177.34921],
						"1.375": [96.81, -15.03, -177.35],
						"1.625": [66.80168, 14.76804, -173.83476],
						"1.9375": [115.48175, 24.44488, -192.45517],
						"2.0625": [105.56611, 42.27236, -206.75101],
						"2.3542": [99.73485, 20.40397, -213.04193],
						"2.75": [106.25181, 0.77094, -194.34351],
						"3.5": [84.32102, 14.82897, -180.27891]
					},
					"position": {
						"0.0": [-7.4125, -15.55, 3.35],
						"0.5417": [-7.41, -15.55, 3.35],
						"0.8542": [-9.41, -11.8, -2.65],
						"0.9167": [-12.78, -11.42, -3.77],
						"0.9792": [-14.51, -11.05, -7.3],
						"1.0208": [-14.41, -10.8, -9.65],
						"1.1667": [-16.41, -6.8, -5.65],
						"1.375": [-16.41, -4.8, 7.35],
						"1.625": [-11.41, -9.8, 13.35],
						"1.9375": [-12.41, -10.8, 0.35],
						"2.0625": [-13.41, -10.8, 2.35],
						"2.2708": [-10.41, -10.8, -4.65],
						"2.3958": [-11.41, -10.8, 2.35],
						"2.5625": [-10.41, -10.8, -2.65],
						"2.75": [-13.91, -11.8, -9.65],
						"2.8125": [-13.74, -11.47, -6.32],
						"2.875": [-11.57, -11.89, -3.24],
						"2.9375": [-10.41, -10.8, -2.65],
						"3.5": [-7.4125, -15.55, 3.35]
					},
					"scale": [1, 1.5, 1]
				},
				"leftHand": {
					"rotation": {
						"0.0": [135.7846, 3.02968, -257.62458],
						"0.1042": [127.53, -3.92, -248.27],
						"0.3125": [72.62, -3.03, -186.02],
						"0.4583": [42.67, -2.54, -152.06],
						"0.5417": [28.52527, -9.3111, -136.02418],
						"0.7917": [28.53, -9.31, -136.02],
						"1.0208": [52.42358, -8.78196, -126.91605],
						"1.4375": [52.42358, -8.78196, -126.91605],
						"1.6667": [28.52527, -9.3111, -136.02418],
						"3.0625": [28.52527, -9.3111, -136.02418],
						"3.1667": [41.93, -7.77, -151.22],
						"3.4583": [120.97, 1.32, -240.82],
						"3.5625": [135.7846, 3.02968, -257.62458]
					},
					"position": {
						"0.0": [6.4, -6.5825, -1.07],
						"0.0833": [6.63, -5.97, -1.07],
						"0.25": [12.39, -6.23, -1.07],
						"0.4375": [10.97, -10.86, -1.07],
						"0.5417": [9.4, -11.58, -1.07],
						"0.7917": [9.4, -11.58, -1.07],
						"1.0208": [9.4, -11.58, -1.07],
						"3.0625": [9.4, -11.58, -1.07],
						"3.1458": [11.15, -11.16, 0.93],
						"3.2292": [12.45, -8, 2.43],
						"3.3125": [11.75, -4.83, 1.93],
						"3.4583": [6.81, -5.27, -1.07],
						"3.5625": [6.4, -6.5825, -1.07]
					},
					"scale": [1, 1.5, 1]
				},
				"barrel_front2": {
					"scale": [1.2, 1.2, 1]
				},
				"barrel_base": {
					"scale": 1.1
				},
				"barrel": {
					"rotation": {
						"1.625": [0, 0, 0],
						"1.9375": [0, -14, 0],
						"2.0625": [0, -23.5, 0],
						"2.1667": [0, -11.0475, 0],
						"2.2708": [0, -8.49, 0],
						"2.3958": [0, -8.49, 0],
						"2.5625": [0, -7.5, 0],
						"2.7708": [0, -7.5, 0],
						"2.9583": [0, 0, 0]
					},
					"position": {
						"1.625": [-4, 0, 31],
						"1.9375": [-2.5, 0, 19],
						"2.0625": [-1.5, 0, 18],
						"2.2708": [-0.43, 0, 5.14],
						"2.3958": [-0.43, 0, 5.14],
						"2.5625": [0, 0, 0]
					},
					"scale": {
						"0.0": [0, 0, 0],
						"1.6042": [0, 0, 0],
						"1.625": [1, 1, 1]
					}
				},
				"camera": {
					"rotation": {
						"0.0": {
							"post": [0, 0, 0],
							"lerp_mode": "catmullrom"
						},
						"0.1042": {
							"post": [0, 0, 0.185],
							"lerp_mode": "catmullrom"
						},
						"0.2083": {
							"post": [0, 0, 1],
							"lerp_mode": "catmullrom"
						},
						"0.3333": {
							"post": [0, 0, 0],
							"lerp_mode": "catmullrom"
						},
						"0.5": {
							"post": [0, 0, 0],
							"lerp_mode": "catmullrom"
						},
						"0.5625": {
							"post": [0, 0, 1],
							"lerp_mode": "catmullrom"
						},
						"0.6042": {
							"post": [0, 0, -0.5625],
							"lerp_mode": "catmullrom"
						},
						"0.6875": {
							"post": [0, 0, 0],
							"lerp_mode": "catmullrom"
						},
						"0.7708": {
							"post": [0, 0, 0.29],
							"lerp_mode": "catmullrom"
						},
						"0.8542": {
							"post": [0, 0, 0],
							"lerp_mode": "catmullrom"
						},
						"0.9167": {
							"post": [0, 0, 0.355],
							"lerp_mode": "catmullrom"
						},
						"0.9792": {
							"post": [0, 0, 2],
							"lerp_mode": "catmullrom"
						},
						"1.0208": {
							"post": [0, 0, 0.3125],
							"lerp_mode": "catmullrom"
						},
						"1.0625": {
							"post": [0, 0, 0.7475],
							"lerp_mode": "catmullrom"
						},
						"1.1042": {
							"post": [0, 0, -0.5],
							"lerp_mode": "catmullrom"
						},
						"1.2083": {
							"post": [0, 0, 0.5],
							"lerp_mode": "catmullrom"
						},
						"1.25": {
							"post": [0, 0, 0],
							"lerp_mode": "catmullrom"
						},
						"1.4167": {
							"post": [0, 0, -0.02],
							"lerp_mode": "catmullrom"
						},
						"1.4792": {
							"post": [0, 0, 1],
							"lerp_mode": "catmullrom"
						},
						"1.5625": {
							"post": [0, 0, -0.02],
							"lerp_mode": "catmullrom"
						},
						"1.6042": {
							"post": [0, 0, 0.4175],
							"lerp_mode": "catmullrom"
						},
						"1.6667": {
							"post": [0, 0, -0.02],
							"lerp_mode": "catmullrom"
						},
						"1.8542": {
							"post": [0, 0, -0.02],
							"lerp_mode": "catmullrom"
						},
						"1.9583": {
							"post": [0, 0, 0.605],
							"lerp_mode": "catmullrom"
						},
						"2.0": {
							"post": [0, 0, -0.39],
							"lerp_mode": "catmullrom"
						},
						"2.0625": {
							"post": [0, 0, -0.02],
							"lerp_mode": "catmullrom"
						},
						"2.1667": {
							"post": [0, 0, 0],
							"lerp_mode": "catmullrom"
						},
						"2.2292": {
							"post": [0, 0, 1.98],
							"lerp_mode": "catmullrom"
						},
						"2.2917": {
							"post": [0, 0, -0.02],
							"lerp_mode": "catmullrom"
						},
						"2.3542": {
							"post": [0, 0, -1.02],
							"lerp_mode": "catmullrom"
						},
						"2.3958": {
							"post": [0, 0, -1.02],
							"lerp_mode": "catmullrom"
						},
						"2.4375": {
							"post": [0, 0, 0.98],
							"lerp_mode": "catmullrom"
						},
						"2.5": {
							"post": [0, 0, 0.1],
							"lerp_mode": "catmullrom"
						},
						"2.5208": {
							"post": [0, 0, -0.72],
							"lerp_mode": "catmullrom"
						},
						"2.5625": {
							"post": [0, 0, 0.355],
							"lerp_mode": "catmullrom"
						},
						"2.625": {
							"post": [0, 0, 0],
							"lerp_mode": "catmullrom"
						},
						"2.6875": {
							"post": [0, 0, -0.4575],
							"lerp_mode": "catmullrom"
						},
						"2.75": {
							"post": [0, 0, 0],
							"lerp_mode": "catmullrom"
						},
						"2.8333": {
							"post": [0, 0, 0.53],
							"lerp_mode": "catmullrom"
						},
						"2.875": {
							"post": [0, 0, -0.5125],
							"lerp_mode": "catmullrom"
						},
						"2.9167": {
							"post": [0, 0, 0.25],
							"lerp_mode": "catmullrom"
						},
						"2.9792": {
							"post": [0, 0, -0.3125],
							"lerp_mode": "catmullrom"
						},
						"3.0208": {
							"post": [0, 0, 0],
							"lerp_mode": "catmullrom"
						},
						"3.125": {
							"post": [0, 0, 0],
							"lerp_mode": "catmullrom"
						},
						"3.2083": {
							"post": [0, 0, 3],
							"lerp_mode": "catmullrom"
						},
						"3.3542": {
							"post": [0, 0, 0],
							"lerp_mode": "catmullrom"
						},
						"3.4375": {
							"post": [0, 0, 0.9375],
							"lerp_mode": "catmullrom"
						},
						"3.4792": {
							"post": [0, 0, 0.4375],
							"lerp_mode": "catmullrom"
						},
						"3.5417": {
							"post": [0, 0, 3.8125],
							"lerp_mode": "catmullrom"
						},
						"3.6042": {
							"post": [0, 0, -1],
							"lerp_mode": "catmullrom"
						},
						"3.6667": {
							"post": [0, 0, 1],
							"lerp_mode": "catmullrom"
						},
						"3.7292": {
							"post": [0, 0, -0.625],
							"lerp_mode": "catmullrom"
						},
						"3.8333": {
							"post": [0, 0, 0],
							"lerp_mode": "catmullrom"
						}
					}
				},
				"root": {
					"rotation": {
						"0.0": [0, 0, 0],
						"0.1458": [-3.26, 5.34, 7.94],
						"0.3125": [-11.15, 16.54, 27.16],
						"0.375": [-19.9525, 23.02, 45.805],
						"0.4167": [-19.89, 27.34, 48.45],
						"0.4792": [-25.13, 33.81, 61.22],
						"0.5417": [-11.59906, 44.59488, 93.82568],
						"0.5833": [-14.37, 42.77, 89.65],
						"0.6667": [-28.24, 33.65, 68.79],
						"0.7917": [-31.06, 16.94, 63.85],
						"0.8542": [-40.73, -0.4575, 46.89],
						"0.8958": [-47.17, -8.82, 35.59],
						"0.9583": [-53.33996, -7.79841, 15.37778],
						"1.0208": [-55.95, 24.5175, 9.51],
						"1.0417": [-56.81939, 28.71141, 7.5488],
						"1.0833": [-56.84, 23.06, 11.31],
						"1.125": [-56.86, 17.41, 8.07],
						"1.2292": [-54.68449, 8.70443, 19.61255],
						"1.3125": [-56.99346, 14.42066, 20.31401],
						"1.4167": [-51.57, 16.52, 24.97],
						"1.6042": [-30.46, 34.13, 60.69],
						"1.6667": [-26.24, 37.65, 68.79],
						"2.0417": [-26.24, 36.76, 68.79],
						"2.2083": [-26.24, 25.52, 68.79],
						"2.25": [-28.615, 24.27, 71.165],
						"2.2917": [-25.44, 28.55, 68.79],
						"2.3542": [-24.24, 34.98, 68.79],
						"2.3958": [-26.24, 36.76, 68.79],
						"2.4583": [-26.24, 33.95, 68.79],
						"2.5": [-26.24, 30.67, 71.165],
						"2.5417": [-26.24, 27.39, 68.79],
						"2.625": [-26.24, 24.11, 68.79],
						"2.75": [-26.24, 28.33, 68.79],
						"2.875": [-31.17, 46.33, 64.07],
						"2.9375": [-32.58079, 51.47622, 62.71669],
						"2.9792": [-36.465, 46.1, 64.425],
						"3.0417": [-22.65, 18.58, 59.38],
						"3.1042": [-18.17, 8.24, 47.62],
						"3.2083": [7.31, 12.67, 41.02],
						"3.2917": [11.7, 6.43, 24.33],
						"3.3542": [11.265, 3.31, 15.99],
						"3.4375": [0.0175, 0.18, 7.64],
						"3.4792": [-16.22, 0.16, 6.62],
						"3.5417": [-27.7925, 0.12, 5.09],
						"3.625": [-18.18, 0.1, 4.07],
						"3.6875": [2.4275, 0.06, 2.55],
						"3.7292": [8.3475, 0.04, 1.53],
						"3.875": [0, 0, 0]
					},
					"position": {
						"0.0": [0, 0, 0],
						"0.1042": [0.23, 0, 0],
						"0.1875": [0.49, -0.25, 0],
						"0.2292": [0.62, -0.85, 0],
						"0.2917": [0.82, -4.5, 0],
						"0.375": [1.31, -5.4375, 0],
						"0.4583": [1.8, -5, 0],
						"0.5417": [2, -3.6875, 0],
						"0.6042": [2, -1.4375, 0],
						"0.7083": [2, 0, 0],
						"1.25": [2, 0, 0],
						"1.3958": [2, -0.83, 0.63],
						"1.4792": [2, -2.8925, 2.125],
						"1.5625": [2, -3.5625, 2.625],
						"1.625": [2, -3.6125, 1.425],
						"1.7083": [2, -4.75, 1],
						"1.7708": [2, -5.11, 1.07],
						"1.8542": [2, -5.42, 1.17],
						"1.9375": [2, -5.18, 1.43],
						"2.0208": [2, -4.35, 1.85],
						"2.0833": [2, -3.02, 2.02],
						"2.1875": [2, -1.98, 1.3],
						"2.25": [2, -1.63, 1.06],
						"2.3125": [2, -1.96, 1.35],
						"2.3958": [2, -2.77, 2.08],
						"2.4583": [2, -2.69, 1.97],
						"2.5833": [2, -1.8425, 1.11],
						"2.75": [2, -1.12, 0.62],
						"2.8125": [2, -1.435, 0.62],
						"2.8958": [2, -3.84, 1.12],
						"2.9375": [2, -4.12, 1.12],
						"2.9792": [2, -3.62, 1.12],
						"3.0208": [2, -2.12, 0.87],
						"3.0833": [1.6, -1.48, -0.22],
						"3.1458": [1.2, -1.85, -0.63],
						"3.2292": [0.66, -3.3125, 0.5],
						"3.2917": [0.6, -3.4725, 0.43],
						"3.375": [0.3, -3.0925, 0.09],
						"3.4583": [0.22, -1.57, 0.04],
						"3.5417": [0.16, 1.1725, 0],
						"3.5833": [0.14, 1.54, 0],
						"3.6667": [0.11, 0.655, 0],
						"3.875": [0, 0, 0]
					}
				},
				"barrel_light_illuminated": {
					"rotation": {
						"0.0": [0, 0, 0],
						"0.8542": [0, 0, 0],
						"1.0208": [0, -7.5, 0],
						"1.1458": [0, -7.5, 0],
						"1.25": [0, -15, 0]
					},
					"position": {
						"1.0208": [0, 0, 0],
						"1.1458": [-0.5, 0, 6],
						"1.25": [-2.25, 0, 19],
						"1.375": [-6.25, 0, 35]
					},
					"scale": {
						"1.3333": [1, 1, 1],
						"1.3958": [0, 0, 0]
					}
				},
				"barrelcover_movingpart": {
					"rotation": {
						"0.8542": [0, 0, 0],
						"1.0208": [0, -87.5, 0],
						"2.75": [0, -87.5, 0],
						"2.9167": [0, 0, 0]
					}
				},
				"crarry": {
					"rotation": {
						"0.9583": [0, 0, 0],
						"1.0417": [-7, 0, 0],
						"1.1042": [-2, 0, 0],
						"1.1667": [-4, 0, 0],
						"1.2292": [0, 0, 0],
						"3.0417": [0, 0, 0],
						"3.1458": [-8, 0, 0],
						"3.2083": [-1, 0, 0],
						"3.25": [-3, 0, 0],
						"3.2917": [0, 0, 0]
					}
				}
			},
			"sound_effects": {
				"0.4375": {
					"effect": "whiterat:destroyer/destroyer_handling_3"
				},
				"0.8125": {
					"effect": "whiterat:destroyer/destroyer_open"
				},
				"1.0417": {
					"effect": "whiterat:destroyer/destroyer_exchangebarrel_1"
				},
				"1.7292": {
					"effect": "whiterat:destroyer/destroyer_exchangebarrel_2"
				},
				"2.3333": {
					"effect": "whiterat:destroyer/destroyer_exchangebarrel_3"
				},
				"2.75": {
					"effect": "whiterat:destroyer/destroyer_close"
				},
				"3.0417": {
					"effect": "whiterat:catrush/handing_3"
				},
				"3.4792": {
					"effect": "whiterat:destroyer/destroyer_handling_2"
				}
			}
		},
		"reload_tactical": {
			"animation_length": 4,
			"bones": {
				"rightHand": {
					"rotation": {
						"0.0": [84.32102, 14.82897, -180.27891],
						"0.5417": [84.32, 14.83, -180.28],
						"0.8542": [84.16348, 19.80481, -180.80531],
						"1.0208": [84.5007, -2.59281, -178.57614],
						"1.1667": [96.81036, -15.03094, -177.34921],
						"1.375": [96.81, -15.03, -177.35],
						"1.625": [66.80168, 14.76804, -173.83476],
						"1.9375": [115.48175, 24.44488, -192.45517],
						"2.0625": [105.56611, 42.27236, -206.75101],
						"2.3542": [99.73485, 20.40397, -213.04193],
						"2.75": [106.25181, 0.77094, -194.34351],
						"3.5": [84.32102, 14.82897, -180.27891]
					},
					"position": {
						"0.0": [-7.4125, -15.55, 3.35],
						"0.5417": [-7.41, -15.55, 3.35],
						"0.8542": [-9.41, -11.8, -2.65],
						"0.9167": [-12.78, -11.42, -3.77],
						"0.9792": [-14.51, -11.05, -7.3],
						"1.0208": [-14.41, -10.8, -9.65],
						"1.1667": [-16.41, -6.8, -5.65],
						"1.375": [-16.41, -4.8, 7.35],
						"1.625": [-11.41, -9.8, 13.35],
						"1.9375": [-12.41, -10.8, 0.35],
						"2.0625": [-13.41, -10.8, 2.35],
						"2.2708": [-10.41, -10.8, -4.65],
						"2.3958": [-11.41, -10.8, 2.35],
						"2.5625": [-10.41, -10.8, -2.65],
						"2.75": [-13.91, -11.8, -9.65],
						"2.8125": [-13.74, -11.47, -6.32],
						"2.875": [-11.57, -11.89, -3.24],
						"2.9375": [-10.41, -10.8, -2.65],
						"3.5": [-7.4125, -15.55, 3.35]
					},
					"scale": [1, 1.5, 1]
				},
				"leftHand": {
					"rotation": {
						"0.0": [135.7846, 3.02968, -257.62458],
						"0.1042": [127.53, -3.92, -248.27],
						"0.3125": [72.62, -3.03, -186.02],
						"0.4583": [42.67, -2.54, -152.06],
						"0.5417": [28.52527, -9.3111, -136.02418],
						"0.7917": [28.53, -9.31, -136.02],
						"1.0208": [52.42358, -8.78196, -126.91605],
						"1.4375": [52.42358, -8.78196, -126.91605],
						"1.6667": [28.52527, -9.3111, -136.02418],
						"3.0625": [28.52527, -9.3111, -136.02418],
						"3.1667": [41.93, -7.77, -151.22],
						"3.4583": [120.97, 1.32, -240.82],
						"3.5625": [135.7846, 3.02968, -257.62458]
					},
					"position": {
						"0.0": [6.4, -6.5825, -1.07],
						"0.0833": [6.63, -5.97, -1.07],
						"0.25": [12.39, -6.23, -1.07],
						"0.4375": [10.97, -10.86, -1.07],
						"0.5417": [9.4, -11.58, -1.07],
						"0.7917": [9.4, -11.58, -1.07],
						"1.0208": [9.4, -11.58, -1.07],
						"3.0625": [9.4, -11.58, -1.07],
						"3.1458": [11.15, -11.16, 0.93],
						"3.2292": [12.45, -8, 2.43],
						"3.3125": [11.75, -4.83, 1.93],
						"3.4583": [6.81, -5.27, -1.07],
						"3.5625": [6.4, -6.5825, -1.07]
					},
					"scale": [1, 1.5, 1]
				},
				"barrel": {
					"rotation": {
						"0.0": [0, 0, 0],
						"0.8542": [0, 0, 0],
						"1.0208": [0, -7.5, 0],
						"1.1458": [0, -7.5, 0],
						"1.25": [0, -15, 0],
						"1.625": [0, 0, 0],
						"1.9375": [0, -14, 0],
						"2.0625": [0, -23.5, 0],
						"2.1667": [0, -11.0475, 0],
						"2.2708": [0, -8.49, 0],
						"2.3958": [0, -8.49, 0],
						"2.5625": [0, -7.5, 0],
						"2.7708": [0, -7.5, 0],
						"2.9583": [0, 0, 0]
					},
					"position": {
						"1.0208": [0, 0, 0],
						"1.1458": [-0.5, 0, 6],
						"1.25": [-2.25, 0, 19],
						"1.375": [-6.25, 0, 35],
						"1.625": [-4, 0, 31],
						"1.9375": [-2.5, 0, 19],
						"2.0625": [-1.5, 0, 18],
						"2.2708": [-0.43, 0, 5.14],
						"2.3958": [-0.43, 0, 5.14],
						"2.5625": [0, 0, 0]
					},
					"scale": {
						"1.3333": [1, 1, 1],
						"1.3958": [0, 0, 0],
						"1.6042": [0, 0, 0],
						"1.625": [1, 1, 1]
					}
				},
				"root": {
					"rotation": {
						"0.0": [0, 0, 0],
						"0.1458": [-3.26, 5.34, 7.94],
						"0.3125": [-11.15, 16.54, 27.16],
						"0.375": [-19.9525, 23.02, 45.805],
						"0.4167": [-19.89, 27.34, 48.45],
						"0.4792": [-25.13, 33.81, 61.22],
						"0.5417": [-11.59906, 44.59488, 93.82568],
						"0.5833": [-14.37, 42.77, 89.65],
						"0.6667": [-28.24, 33.65, 68.79],
						"0.7917": [-31.06, 16.94, 63.85],
						"0.8542": [-40.73, -0.4575, 46.89],
						"0.8958": [-47.17, -8.82, 35.59],
						"0.9583": [-53.33996, -7.79841, 15.37778],
						"1.0208": [-55.95, 24.5175, 9.51],
						"1.0417": [-56.81939, 28.71141, 7.5488],
						"1.0833": [-56.84, 23.06, 11.31],
						"1.125": [-56.86, 17.41, 8.07],
						"1.2292": [-54.68449, 8.70443, 19.61255],
						"1.3125": [-56.99346, 14.42066, 20.31401],
						"1.4167": [-51.57, 16.52, 24.97],
						"1.6042": [-30.46, 34.13, 60.69],
						"1.6667": [-26.24, 37.65, 68.79],
						"2.0417": [-26.24, 36.76, 68.79],
						"2.2083": [-26.24, 25.52, 68.79],
						"2.25": [-28.615, 24.27, 71.165],
						"2.2917": [-25.44, 28.55, 68.79],
						"2.3542": [-24.24, 34.98, 68.79],
						"2.3958": [-26.24, 36.76, 68.79],
						"2.4583": [-26.24, 33.95, 68.79],
						"2.5": [-26.24, 30.67, 71.165],
						"2.5417": [-26.24, 27.39, 68.79],
						"2.625": [-26.24, 24.11, 68.79],
						"2.75": [-26.24, 28.33, 68.79],
						"2.875": [-31.17, 46.33, 64.07],
						"2.9375": [-32.58079, 51.47622, 62.71669],
						"2.9792": [-36.465, 46.1, 64.425],
						"3.0417": [-22.65, 18.58, 59.38],
						"3.1042": [-18.17, 8.24, 47.62],
						"3.2083": [7.31, 12.67, 41.02],
						"3.2917": [11.7, 6.43, 24.33],
						"3.3542": [11.265, 3.31, 15.99],
						"3.4375": [0.0175, 0.18, 7.64],
						"3.4792": [-16.22, 0.16, 6.62],
						"3.5417": [-27.7925, 0.12, 5.09],
						"3.625": [-18.18, 0.1, 4.07],
						"3.6875": [2.4275, 0.06, 2.55],
						"3.7292": [8.3475, 0.04, 1.53],
						"3.875": [0, 0, 0]
					},
					"position": {
						"0.0": [0, 0, 0],
						"0.1042": [0.23, 0, 0],
						"0.1875": [0.49, -0.25, 0],
						"0.2292": [0.62, -0.85, 0],
						"0.2917": [0.82, -4.5, 0],
						"0.375": [1.31, -5.4375, 0],
						"0.4583": [1.8, -5, 0],
						"0.5417": [2, -3.6875, 0],
						"0.6042": [2, -1.4375, 0],
						"0.7083": [2, 0, 0],
						"1.25": [2, 0, 0],
						"1.3958": [2, -0.83, 0.63],
						"1.4792": [2, -2.8925, 2.125],
						"1.5625": [2, -3.5625, 2.625],
						"1.625": [2, -3.6125, 1.425],
						"1.7083": [2, -4.75, 1],
						"1.7708": [2, -5.11, 1.07],
						"1.8542": [2, -5.42, 1.17],
						"1.9375": [2, -5.18, 1.43],
						"2.0208": [2, -4.35, 1.85],
						"2.0833": [2, -3.02, 2.02],
						"2.1875": [2, -1.98, 1.3],
						"2.25": [2, -1.63, 1.06],
						"2.3125": [2, -1.96, 1.35],
						"2.3958": [2, -2.77, 2.08],
						"2.4583": [2, -2.69, 1.97],
						"2.5833": [2, -1.8425, 1.11],
						"2.75": [2, -1.12, 0.62],
						"2.8125": [2, -1.435, 0.62],
						"2.8958": [2, -3.84, 1.12],
						"2.9375": [2, -4.12, 1.12],
						"2.9792": [2, -3.62, 1.12],
						"3.0208": [2, -2.12, 0.87],
						"3.0833": [1.6, -1.48, -0.22],
						"3.1458": [1.2, -1.85, -0.63],
						"3.2292": [0.66, -3.3125, 0.5],
						"3.2917": [0.6, -3.4725, 0.43],
						"3.375": [0.3, -3.0925, 0.09],
						"3.4583": [0.22, -1.57, 0.04],
						"3.5417": [0.16, 1.1725, 0],
						"3.5833": [0.14, 1.54, 0],
						"3.6667": [0.11, 0.655, 0],
						"3.875": [0, 0, 0]
					}
				},
				"barrel_light_illuminated": {
					"scale": 0
				},
				"barrelcover_movingpart": {
					"rotation": {
						"0.8542": [0, 0, 0],
						"1.0208": [0, -87.5, 0],
						"2.75": [0, -87.5, 0],
						"2.9167": [0, 0, 0]
					}
				},
				"camera": {
					"rotation": {
						"0.0": {
							"post": [0, 0, 0],
							"lerp_mode": "catmullrom"
						},
						"0.1042": {
							"post": [0, 0, 0.185],
							"lerp_mode": "catmullrom"
						},
						"0.2083": {
							"post": [0, 0, 1],
							"lerp_mode": "catmullrom"
						},
						"0.3333": {
							"post": [0, 0, 0],
							"lerp_mode": "catmullrom"
						},
						"0.5": {
							"post": [0, 0, 0],
							"lerp_mode": "catmullrom"
						},
						"0.5625": {
							"post": [0, 0, 1],
							"lerp_mode": "catmullrom"
						},
						"0.6042": {
							"post": [0, 0, -0.5625],
							"lerp_mode": "catmullrom"
						},
						"0.6875": {
							"post": [0, 0, 0],
							"lerp_mode": "catmullrom"
						},
						"0.7708": {
							"post": [0, 0, 0.29],
							"lerp_mode": "catmullrom"
						},
						"0.8542": {
							"post": [0, 0, 0],
							"lerp_mode": "catmullrom"
						},
						"0.9167": {
							"post": [0, 0, 0.355],
							"lerp_mode": "catmullrom"
						},
						"0.9792": {
							"post": [0, 0, 2],
							"lerp_mode": "catmullrom"
						},
						"1.0208": {
							"post": [0, 0, 0.3125],
							"lerp_mode": "catmullrom"
						},
						"1.0625": {
							"post": [0, 0, 0.7475],
							"lerp_mode": "catmullrom"
						},
						"1.1042": {
							"post": [0, 0, -0.5],
							"lerp_mode": "catmullrom"
						},
						"1.2083": {
							"post": [0, 0, 0.5],
							"lerp_mode": "catmullrom"
						},
						"1.25": {
							"post": [0, 0, 0],
							"lerp_mode": "catmullrom"
						},
						"1.4167": {
							"post": [0, 0, -0.02],
							"lerp_mode": "catmullrom"
						},
						"1.4792": {
							"post": [0, 0, 1],
							"lerp_mode": "catmullrom"
						},
						"1.5625": {
							"post": [0, 0, -0.02],
							"lerp_mode": "catmullrom"
						},
						"1.6042": {
							"post": [0, 0, 0.4175],
							"lerp_mode": "catmullrom"
						},
						"1.6667": {
							"post": [0, 0, -0.02],
							"lerp_mode": "catmullrom"
						},
						"1.8542": {
							"post": [0, 0, -0.02],
							"lerp_mode": "catmullrom"
						},
						"1.9583": {
							"post": [0, 0, 0.605],
							"lerp_mode": "catmullrom"
						},
						"2.0": {
							"post": [0, 0, -0.39],
							"lerp_mode": "catmullrom"
						},
						"2.0625": {
							"post": [0, 0, -0.02],
							"lerp_mode": "catmullrom"
						},
						"2.1667": {
							"post": [0, 0, 0],
							"lerp_mode": "catmullrom"
						},
						"2.2292": {
							"post": [0, 0, 1.98],
							"lerp_mode": "catmullrom"
						},
						"2.2917": {
							"post": [0, 0, -0.02],
							"lerp_mode": "catmullrom"
						},
						"2.3542": {
							"post": [0, 0, -1.02],
							"lerp_mode": "catmullrom"
						},
						"2.3958": {
							"post": [0, 0, -1.02],
							"lerp_mode": "catmullrom"
						},
						"2.4375": {
							"post": [0, 0, 0.98],
							"lerp_mode": "catmullrom"
						},
						"2.5": {
							"post": [0, 0, 0.1],
							"lerp_mode": "catmullrom"
						},
						"2.5208": {
							"post": [0, 0, -0.72],
							"lerp_mode": "catmullrom"
						},
						"2.5625": {
							"post": [0, 0, 0.355],
							"lerp_mode": "catmullrom"
						},
						"2.625": {
							"post": [0, 0, 0],
							"lerp_mode": "catmullrom"
						},
						"2.6875": {
							"post": [0, 0, -0.4575],
							"lerp_mode": "catmullrom"
						},
						"2.75": {
							"post": [0, 0, 0],
							"lerp_mode": "catmullrom"
						},
						"2.8333": {
							"post": [0, 0, 0.53],
							"lerp_mode": "catmullrom"
						},
						"2.875": {
							"post": [0, 0, -0.5125],
							"lerp_mode": "catmullrom"
						},
						"2.9167": {
							"post": [0, 0, 0.25],
							"lerp_mode": "catmullrom"
						},
						"2.9792": {
							"post": [0, 0, -0.3125],
							"lerp_mode": "catmullrom"
						},
						"3.0208": {
							"post": [0, 0, 0],
							"lerp_mode": "catmullrom"
						},
						"3.125": {
							"post": [0, 0, 0],
							"lerp_mode": "catmullrom"
						},
						"3.2083": {
							"post": [0, 0, 3],
							"lerp_mode": "catmullrom"
						},
						"3.3542": {
							"post": [0, 0, 0],
							"lerp_mode": "catmullrom"
						},
						"3.4375": {
							"post": [0, 0, 0.9375],
							"lerp_mode": "catmullrom"
						},
						"3.4792": {
							"post": [0, 0, 0.4375],
							"lerp_mode": "catmullrom"
						},
						"3.5417": {
							"post": [0, 0, 3.8125],
							"lerp_mode": "catmullrom"
						},
						"3.6042": {
							"post": [0, 0, -1],
							"lerp_mode": "catmullrom"
						},
						"3.6667": {
							"post": [0, 0, 1],
							"lerp_mode": "catmullrom"
						},
						"3.7292": {
							"post": [0, 0, -0.625],
							"lerp_mode": "catmullrom"
						},
						"3.8333": {
							"post": [0, 0, 0],
							"lerp_mode": "catmullrom"
						}
					}
				},
				"crarry": {
					"rotation": {
						"0.9583": [0, 0, 0],
						"1.0417": [-7, 0, 0],
						"1.1042": [-2, 0, 0],
						"1.1667": [-4, 0, 0],
						"1.2292": [0, 0, 0],
						"3.0417": [0, 0, 0],
						"3.1458": [-8, 0, 0],
						"3.2083": [-1, 0, 0],
						"3.25": [-3, 0, 0],
						"3.2917": [0, 0, 0]
					}
				}
			},
			"sound_effects": {
				"0.4375": {
					"effect": "whiterat:destroyer/destroyer_handling_3"
				},
				"0.8125": {
					"effect": "whiterat:destroyer/destroyer_open"
				},
				"1.0417": {
					"effect": "whiterat:destroyer/destroyer_exchangebarrel_1"
				},
				"1.7292": {
					"effect": "whiterat:destroyer/destroyer_exchangebarrel_2"
				},
				"2.3333": {
					"effect": "whiterat:destroyer/destroyer_exchangebarrel_3"
				},
				"2.75": {
					"effect": "whiterat:destroyer/destroyer_close"
				},
				"3.0417": {
					"effect": "whiterat:catrush/handing_3"
				},
				"3.4792": {
					"effect": "whiterat:destroyer/destroyer_handling_2"
				}
			}
		},
		"inspect": {
			"animation_length": 8.8125,
			"bones": {
				"rightHand": {
					"rotation": {
						"0.0": [84.32102, 14.82897, -180.27891],
						"1.9375": [84.32, 14.83, -180.28],
						"2.0833": [56.00553, 32.23328, -182.29631],
						"3.1667": [76.01, 32.23, -182.3],
						"3.3542": [109.32, 14.83, -180.28],
						"3.625": [109.32, 14.83, -180.28],
						"4.0833": [-74.45204, -81.35332, 19.22881],
						"6.3333": [-74.45204, -81.35332, 19.22881],
						"6.5833": [69.38428, -64.36827, -88.12582],
						"7.0": [84.32102, 14.82897, -180.27891]
					},
					"position": {
						"0.0": [-7.4125, -15.55, 3.35],
						"1.8125": [-7.41, -15.55, 3.35],
						"1.8542": [-7.82, -15.47, 3.96],
						"1.9375": [-9.87, -15.09, 7.04],
						"2.0417": [-8.62, -14.63, 10.73],
						"2.0833": [-8.41, -14.55, 11.35],
						"2.3125": [-8.41, -14.55, 11.35],
						"3.1667": [-8.41, -14.55, 11.35],
						"3.3542": [-9.41, -13.55, 3.35],
						"3.625": [-9.41, -13.55, 3.35],
						"3.7292": [-10.19, -20.72, 18.18],
						"3.8542": [-6.14, -16.03, 15.72],
						"3.8958": [-4.79, -14.46, 13.04],
						"4.0833": [-6.41, -13.55, 13.35],
						"6.3333": [-6.41, -13.55, 13.35],
						"6.5833": [-4.9775, -18.8, 14.6],
						"6.7708": [-15.0575, -16.46, 9.54],
						"7.0": [-7.4125, -15.55, 3.35]
					},
					"scale": [1, 1.5, 1]
				},
				"leftHand": {
					"rotation": {
						"0.0": [135.7846, 3.02968, -257.62458],
						"0.25": [129.28026, -10.86675, -272.07326],
						"0.3333": [121.59, -14.29, -271.13],
						"0.6667": [45.44, -48.18, -261.76],
						"0.75": [36.9745, -51.94313, -260.71926],
						"1.1458": [16.82, -10.07, -207.68],
						"1.25": [13.93959, -4.08488, -200.1038],
						"2.5": [13.94, -4.08, -200.1],
						"2.8333": [6.79386, -2.95971, -151.95817],
						"2.9583": [4.5636, -1.28822, -144.15172],
						"3.5": [-4.15757, 0.44139, -41.77493],
						"6.5": [12.86737, 5.47945, -33.94688],
						"6.9167": [27.97293, -8.4351, -56.63293],
						"7.0208": [33.69, -22.18, -67.61],
						"7.125": [47.04245, -54.26759, -93.21879],
						"7.1875": [72.76, -37.58, -133.425],
						"7.25": [98.47, -20.89, -205.39],
						"7.3125": [113.15864, -11.35744, -237.43468],
						"7.5": [135.7846, 3.02968, -257.62458],
						"8.5": [135.7846, 3.02968, -257.62458]
					},
					"position": {
						"0.0": [6.4, -6.5825, -1.07],
						"0.25": [6.4, -6.58, -1.07],
						"0.3542": [6.4, -6.25, -0.74],
						"0.6667": [6.4, -2.97, 2.54],
						"0.75": [6.4, -2.58, 2.93],
						"0.8542": [6.78, -3.58, 2.18],
						"1.1458": [8.99, -9.47, -2.24],
						"1.25": [9.4, -10.58, -3.07],
						"2.5": [9.4, -10.58, -3.07],
						"2.875": [9.4, -11.4, -3.07],
						"3.0": [12.4, -12.58, -3.07],
						"3.1875": [6.44, -15.58, -5.19],
						"3.5": [3.4, -13.58, -8.07],
						"6.5": [2.4, -11.58, -8.07],
						"6.9167": [6.4, -15.58, -6.07],
						"7.125": [11.76, -14.0025, 0.235],
						"7.3125": [13.58, -9.8225, 6.7125],
						"7.3958": [12.455, -3.7125, 8.08],
						"7.4583": [8.92, -3.03, 6.19],
						"7.5": [7.4, -2.5825, 4.93],
						"7.9583": [6.4, -6.5825, -1.07],
						"8.5": [6.4, -6.5825, -1.07]
					},
					"scale": [1, 1.5, 1]
				},
				"camera": {
					"rotation": {
						"0.0": {
							"post": [0, 0, 0],
							"lerp_mode": "catmullrom"
						},
						"0.4375": {
							"post": [0, 0, 0],
							"lerp_mode": "catmullrom"
						},
						"0.5833": {
							"post": [0, 0, -1.04],
							"lerp_mode": "catmullrom"
						},
						"0.7292": {
							"post": [0, 0, -4],
							"lerp_mode": "catmullrom"
						},
						"0.8125": {
							"post": [0, 0, -1.5],
							"lerp_mode": "catmullrom"
						},
						"0.875": {
							"post": [0, 0, -2],
							"lerp_mode": "catmullrom"
						},
						"0.9375": {
							"post": [0, 0, 0.9375],
							"lerp_mode": "catmullrom"
						},
						"1.0": {
							"post": [0, 0, 0],
							"lerp_mode": "catmullrom"
						},
						"1.1875": {
							"post": [0, 0, -1.05],
							"lerp_mode": "catmullrom"
						},
						"1.3542": {
							"post": [0, 0, -0.0303],
							"lerp_mode": "catmullrom"
						},
						"1.4583": {
							"post": [0, 0, 2.0064],
							"lerp_mode": "catmullrom"
						},
						"1.5208": {
							"post": [0, 0, 0.98805],
							"lerp_mode": "catmullrom"
						},
						"1.5625": {
							"post": [0, 0, 1.54135],
							"lerp_mode": "catmullrom"
						},
						"1.625": {
							"post": [0.25, 0, -0.49195],
							"lerp_mode": "catmullrom"
						},
						"1.6875": {
							"post": [2, 0, -0.0303],
							"lerp_mode": "catmullrom"
						},
						"1.875": {
							"post": [6.02, 0, 0.24],
							"lerp_mode": "catmullrom"
						},
						"2.0417": {
							"post": [10.7934, 0, -0.0875],
							"lerp_mode": "catmullrom"
						},
						"2.1458": {
							"post": [10.80215, 0, -2],
							"lerp_mode": "catmullrom"
						},
						"2.2083": {
							"post": [10.80507, 0, 0.55],
							"lerp_mode": "catmullrom"
						},
						"2.25": {
							"post": [10.79632, 0, -0.725],
							"lerp_mode": "catmullrom"
						},
						"2.3333": {
							"post": [10.78466, 0, -0.0875],
							"lerp_mode": "catmullrom"
						},
						"2.4375": {
							"post": [10.76424, 0, 0],
							"lerp_mode": "catmullrom"
						},
						"2.75": {
							"post": [10.4653, 0, 0],
							"lerp_mode": "catmullrom"
						},
						"2.8958": {
							"post": [10.4653, 0, 0.2436],
							"lerp_mode": "catmullrom"
						},
						"3.0": {
							"post": [10.4653, 0, 1.95],
							"lerp_mode": "catmullrom"
						},
						"3.0417": {
							"post": [10.4653, 0, -0.894],
							"lerp_mode": "catmullrom"
						},
						"3.0625": {
							"post": [10.4653, 0, 0.84795],
							"lerp_mode": "catmullrom"
						},
						"3.1042": {
							"post": [10.4653, 0, 0.49245],
							"lerp_mode": "catmullrom"
						},
						"3.1875": {
							"post": [10.4653, 0, 0.2436],
							"lerp_mode": "catmullrom"
						},
						"3.3125": {
							"post": [10.4653, 0, 1.3812],
							"lerp_mode": "catmullrom"
						},
						"3.3542": {
							"post": [10.4653, 0, -0.50295],
							"lerp_mode": "catmullrom"
						},
						"3.4167": {
							"post": [10.4653, 0, 0.2436],
							"lerp_mode": "catmullrom"
						},
						"3.7292": {
							"post": [10.4653, 0, 0],
							"lerp_mode": "catmullrom"
						},
						"3.8125": {
							"post": [10.4653, 0, 0.625],
							"lerp_mode": "catmullrom"
						},
						"3.875": {
							"post": [10.4653, 0, -0.5],
							"lerp_mode": "catmullrom"
						},
						"3.9583": {
							"post": [10.4653, 0, 0],
							"lerp_mode": "catmullrom"
						},
						"4.3333": {
							"post": [10.4653, 0, 0],
							"lerp_mode": "catmullrom"
						},
						"4.4792": {
							"post": [11.4307, 0, 0],
							"lerp_mode": "catmullrom"
						},
						"4.5833": {
							"post": [13.5025, 0, 0],
							"lerp_mode": "catmullrom"
						},
						"4.7917": {
							"post": [13.75, 0, 0],
							"lerp_mode": "catmullrom"
						},
						"5.0208": {
							"post": [13.75, 0, 0],
							"lerp_mode": "catmullrom"
						},
						"5.3542": {
							"post": [12.75, 0, 0],
							"lerp_mode": "catmullrom"
						},
						"5.5625": {
							"post": [13.24, 0, 0],
							"lerp_mode": "catmullrom"
						},
						"6.0": {
							"post": [7.2075, 0, -0.02],
							"lerp_mode": "catmullrom"
						},
						"6.375": {
							"post": [0, 0, 0],
							"lerp_mode": "catmullrom"
						},
						"6.4375": {
							"post": [-0.23, 0, 0.23],
							"lerp_mode": "catmullrom"
						},
						"6.5208": {
							"post": [0, 0, 3],
							"lerp_mode": "catmullrom"
						},
						"6.5833": {
							"post": [0, 0, 0],
							"lerp_mode": "catmullrom"
						},
						"6.625": {
							"post": [0, 0, 0.75],
							"lerp_mode": "catmullrom"
						},
						"6.6875": {
							"post": [0, 0, 0],
							"lerp_mode": "catmullrom"
						},
						"6.8542": {
							"post": [0, 0, 0],
							"lerp_mode": "catmullrom"
						},
						"6.9375": {
							"post": [0, 0, -0.5],
							"lerp_mode": "catmullrom"
						},
						"7.0": {
							"post": [0, 0, 1.75],
							"lerp_mode": "catmullrom"
						},
						"7.0833": {
							"post": [0, 0, 0],
							"lerp_mode": "catmullrom"
						},
						"7.1667": {
							"post": [0, 0, 2.69],
							"lerp_mode": "catmullrom"
						},
						"7.2708": {
							"post": [0, 0, 1.82],
							"lerp_mode": "catmullrom"
						},
						"7.4167": {
							"post": [5.125, 0, -4.31],
							"lerp_mode": "catmullrom"
						},
						"7.4583": {
							"post": [5.125, 0, -1.25],
							"lerp_mode": "catmullrom"
						},
						"7.5": {
							"post": [1.75, 0, 0],
							"lerp_mode": "catmullrom"
						},
						"7.5417": {
							"post": [-1.625, 0, -0.9375],
							"lerp_mode": "catmullrom"
						},
						"7.5833": {
							"post": [0, 0, 1.0625],
							"lerp_mode": "catmullrom"
						},
						"7.6458": {
							"post": [0, 0, 0.8125],
							"lerp_mode": "catmullrom"
						},
						"7.6875": {
							"post": [0, 0, 4.5],
							"lerp_mode": "catmullrom"
						},
						"7.7292": {
							"post": [0, 0, 2.3125],
							"lerp_mode": "catmullrom"
						},
						"7.7708": {
							"post": [0, 0, 1.5625],
							"lerp_mode": "catmullrom"
						},
						"7.8125": {
							"post": [0, 0, 0],
							"lerp_mode": "catmullrom"
						},
						"7.875": {
							"post": [0, 0, 0],
							"lerp_mode": "catmullrom"
						},
						"7.9375": {
							"post": [0, 0, -1.75],
							"lerp_mode": "catmullrom"
						},
						"7.9792": {
							"post": [0, 0, 0.6875],
							"lerp_mode": "catmullrom"
						},
						"8.0208": {
							"post": [0, 0, 0],
							"lerp_mode": "catmullrom"
						},
						"8.2708": {
							"post": [0, 0, 0],
							"lerp_mode": "catmullrom"
						},
						"8.3333": {
							"post": [0, 0, 1.4375],
							"lerp_mode": "catmullrom"
						},
						"8.3958": {
							"post": [0, 0, 0],
							"lerp_mode": "catmullrom"
						},
						"8.5625": {
							"post": [0, 0, -1.5625],
							"lerp_mode": "catmullrom"
						},
						"8.6875": {
							"post": [0, 0, 0],
							"lerp_mode": "catmullrom"
						}
					}
				},
				"root": {
					"rotation": {
						"0.0": [0, 0, 0],
						"0.1458": [-5.24, 5.17, 10.63],
						"0.25": [-12.3975, 9.53, 19.6],
						"0.3333": [-25.89, 13.02, 26.77],
						"0.4167": [-22.0275, 16.51, 42.45],
						"0.4792": [-23.71, 20.99, 44.5275],
						"0.5625": [-25.96, 26.96, 55.44],
						"0.6875": [-36.9525, 43.67, 77.5075],
						"0.7292": [-37.7575, 44.76, 79.7475],
						"0.8542": [-23.73942, 41.09831, 92.99656],
						"1.1042": [-41.99727, 39.95892, 92.55109],
						"1.4583": [-46.15859, 38.34478, 91.92002],
						"1.8542": [-58.3, 36.54, 91.21],
						"2.0208": [-74.1, 39.29, 74.7],
						"2.0625": [-75.85983, 40.70359, 72.86355],
						"2.1042": [-75.04, 40.01, 75.2],
						"2.1875": [-67.58247, 34.79354, 92.62735],
						"2.2292": [-74.1301, 37.01212, 83.50849],
						"2.5": [-78.10362, 33.59732, 90.06392],
						"2.625": [-78.1, 29.04, 88.48],
						"2.875": [-77.26607, 0.02069, 64.88499],
						"2.9583": [-78.76159, -7.18666, 77.14345],
						"3.0": [-74.71, -14.46, 72.92],
						"3.1042": [-50.41924, -58.06943, 47.57604],
						"3.2292": [0.99108, -68.70006, -8.37448],
						"3.3542": [46.98868, -60.31613, -57.66802],
						"3.5": [76.86556, -40.92002, -87.89541],
						"3.5625": [70.24, -40.92, -82.65],
						"3.6875": [77.75, -40.92, -87.9],
						"4.2292": [81.27, -40.92, -87.9],
						"4.3958": [81.83, -39.99, -87.99],
						"4.6875": [84.93, -32.81, -88.5],
						"4.8958": [85.74477, -33.44277, -88.63439],
						"5.4792": [89.9298, -40.92, -87.9],
						"5.8333": [91.2352, -57.92, -87.9],
						"6.3958": [94.37, -40.92, -87.9],
						"6.6042": [102.60234, -39.16778, -114.13252],
						"6.7917": [83.15, -37.89, -89.12],
						"6.9792": [-4.85, -30.77, -28.59],
						"7.0625": [-29.23, -28.96, -17.05],
						"7.1458": [-29.61133, -27.15933, -5.502],
						"7.2708": [-18.09, -24, 14.7],
						"7.3958": [26.18, -23.04, 19.32],
						"7.4792": [26.91, -21.04, 17.96],
						"7.5833": [-18.12, -18.53, 16.25],
						"7.7292": [-39.24, -10.06, 10.48],
						"7.875": [-10.57, -7.45, 7.75],
						"7.9375": [17.81824, -5.95118, 6.19647],
						"8.0625": [28.35, -3.71, 3.86],
						"8.25": [-1.12, -2.65, 2.76],
						"8.3542": [-10.95, -2.3, 2.39],
						"8.5": [-8.21, -1.72, 1.79],
						"8.6667": [-2.19, -0.46, 0.48],
						"8.8125": [0, 0, 0]
					},
					"position": {
						"0.0": [0, 0, 0],
						"0.1875": [0, 0.21, 0],
						"0.4792": [0, 0.95, 0],
						"0.6875": [0, 1.76, 0],
						"0.7292": [0, 1.5475, 0],
						"0.7917": [0, 0.375, 0],
						"0.9167": [-0.25, -0.31, -0.03],
						"1.0417": [-1.0525, -0.5625, -0.07],
						"1.3125": [-0.2125, -0.07, -0.19],
						"1.3542": [0.02, 0.515, -0.2],
						"1.4375": [1.1725, 2.81, -0.26],
						"1.5208": [1.99, 3.4375, -0.28],
						"1.5625": [2.23, 3.36, -0.31],
						"1.6458": [2.7, 2.2725, -0.38],
						"1.8125": [3.29, 2.23, -0.46],
						"1.8542": [3.56, 2.21, -0.5],
						"1.8958": [3.3825, 2.0225, -0.54],
						"2.0208": [3.62, 1.215, -0.65],
						"2.0625": [3.8175, 1.12, -0.69],
						"2.1875": [5.68, 2.06, -0.8],
						"2.3125": [6.47, 2, -0.92],
						"2.5": [7, 2, -1],
						"2.6875": [6.69, 2, -1],
						"2.875": [3.94, 3, -1],
						"2.9167": [3.96, 2.69, -1],
						"2.9583": [4.02, 1.54, -1],
						"3.0417": [4.08, -2.5, -1],
						"3.0833": [4.09, -3.5125, -1],
						"3.1667": [4.18, -3.7325, -1],
						"3.2292": [4.25, -2.4475, -1],
						"3.2917": [4.28, 1, -1],
						"3.3333": [4.25, 1.9425, -1],
						"3.375": [4.21, 1.49, -1],
						"3.4167": [4.08, 0.1125, -1],
						"3.4583": [4.04, 0.025, -1],
						"3.5": [4, 0.6875, -1],
						"3.6042": [4.06, 0.89, -1.04],
						"3.75": [4.25, 1.5, -1.15],
						"3.8542": [4.37, 1.4475, -1.22],
						"3.9167": [4.42, 1.71187, -1.25],
						"3.9792": [4.51, 2.23593, -1.31],
						"4.0208": [4.56, 2.29115, -1.34],
						"4.1875": [4.74, 1.77298, -1.45],
						"4.4583": [4.2275, 2, -1.63],
						"6.1667": [8.85, 2, -3.91],
						"6.3958": [9, 2, -4],
						"6.625": [8.39, -0.39, -5.86],
						"6.75": [8.04, -0.43, -5.58],
						"7.0": [5.79, 0.35, -3.83],
						"7.2708": [4.73, -1.51, -3],
						"7.4167": [4.48, -4.1075, -2.95],
						"7.5": [4.28, -3.9875, -2.9],
						"7.625": [3.89, -0.95, -2.64],
						"7.7292": [3.1, 0.49, -2.1],
						"7.7917": [2.63, 0.52, -1.78],
						"7.9167": [1.68, -1.66, -1.14],
						"8.0625": [1.18, -2.29, -0.8],
						"8.25": [0.54, 0.87, -0.36],
						"8.5": [0, 0, 0]
					}
				},
				"crarry": {
					"rotation": {
						"0.25": [0, 0, 0],
						"1.0": [-40, 0, 0],
						"7.5": [-40, 0, 0],
						"7.9583": [0, 0, 0]
					}
				}
			},
			"sound_effects": {
				"0.5833": {
					"effect": "whiterat:destroyer/destroyer_handling_3"
				},
				"1.3125": {
					"effect": "whiterat:catrush/handing_3"
				},
				"2.0833": {
					"effect": "whiterat:destroyer/destroyer_handling_1"
				},
				"3.1458": {
					"effect": "whiterat:destroyer/destroyer_handling_4"
				},
				"4.0": {
					"effect": "whiterat:catrush/handing_3"
				},
				"7.3333": {
					"effect": "whiterat:catrush/handing_1"
				},
				"7.7917": {
					"effect": "whiterat:destroyer/destroyer_handling_3"
				}
			}
		},
		"inspect_empty": {
			"animation_length": 8.8125,
			"bones": {
				"rightHand": {
					"rotation": {
						"0.0": [84.32102, 14.82897, -180.27891],
						"1.9375": [84.32, 14.83, -180.28],
						"2.0833": [56.00553, 32.23328, -182.29631],
						"3.1667": [76.01, 32.23, -182.3],
						"3.3542": [109.32, 14.83, -180.28],
						"3.625": [109.32, 14.83, -180.28],
						"4.0833": [-74.45204, -81.35332, 19.22881],
						"6.3333": [-74.45204, -81.35332, 19.22881],
						"6.5833": [69.38428, -64.36827, -88.12582],
						"7.0": [84.32102, 14.82897, -180.27891]
					},
					"position": {
						"0.0": [-7.4125, -15.55, 3.35],
						"1.8125": [-7.41, -15.55, 3.35],
						"1.8542": [-7.82, -15.47, 3.96],
						"1.9375": [-9.87, -15.09, 7.04],
						"2.0417": [-8.62, -14.63, 10.73],
						"2.0833": [-8.41, -14.55, 11.35],
						"2.3125": [-8.41, -14.55, 11.35],
						"3.1667": [-8.41, -14.55, 11.35],
						"3.3542": [-9.41, -13.55, 3.35],
						"3.625": [-9.41, -13.55, 3.35],
						"3.7292": [-10.19, -20.72, 18.18],
						"3.8542": [-6.14, -16.03, 15.72],
						"3.8958": [-4.79, -14.46, 13.04],
						"4.0833": [-6.41, -13.55, 13.35],
						"6.3333": [-6.41, -13.55, 13.35],
						"6.5833": [-4.9775, -18.8, 14.6],
						"6.7708": [-15.0575, -16.46, 9.54],
						"7.0": [-7.4125, -15.55, 3.35]
					},
					"scale": [1, 1.5, 1]
				},
				"leftHand": {
					"rotation": {
						"0.0": [135.7846, 3.02968, -257.62458],
						"0.25": [129.28026, -10.86675, -272.07326],
						"0.3333": [121.59, -14.29, -271.13],
						"0.6667": [45.44, -48.18, -261.76],
						"0.75": [36.9745, -51.94313, -260.71926],
						"1.1458": [16.82, -10.07, -207.68],
						"1.25": [13.93959, -4.08488, -200.1038],
						"2.5": [13.94, -4.08, -200.1],
						"2.8333": [6.79386, -2.95971, -151.95817],
						"2.9583": [4.5636, -1.28822, -144.15172],
						"3.5": [-4.15757, 0.44139, -41.77493],
						"6.5": [12.86737, 5.47945, -33.94688],
						"6.9167": [27.97293, -8.4351, -56.63293],
						"7.0208": [33.69, -22.18, -67.61],
						"7.125": [47.04245, -54.26759, -93.21879],
						"7.1875": [72.76, -37.58, -133.425],
						"7.25": [98.47, -20.89, -205.39],
						"7.3125": [113.15864, -11.35744, -237.43468],
						"7.5": [135.7846, 3.02968, -257.62458],
						"8.5": [135.7846, 3.02968, -257.62458]
					},
					"position": {
						"0.0": [6.4, -6.5825, -1.07],
						"0.25": [6.4, -6.58, -1.07],
						"0.3542": [6.4, -6.25, -0.74],
						"0.6667": [6.4, -2.97, 2.54],
						"0.75": [6.4, -2.58, 2.93],
						"0.8542": [6.78, -3.58, 2.18],
						"1.1458": [8.99, -9.47, -2.24],
						"1.25": [9.4, -10.58, -3.07],
						"2.5": [9.4, -10.58, -3.07],
						"2.875": [9.4, -11.4, -3.07],
						"3.0": [12.4, -12.58, -3.07],
						"3.1875": [6.44, -15.58, -5.19],
						"3.5": [3.4, -13.58, -8.07],
						"6.5": [2.4, -11.58, -8.07],
						"6.9167": [6.4, -15.58, -6.07],
						"7.125": [11.76, -14.0025, 0.235],
						"7.3125": [13.58, -9.8225, 6.7125],
						"7.3958": [12.455, -3.7125, 8.08],
						"7.4583": [8.92, -3.03, 6.19],
						"7.5": [7.4, -2.5825, 4.93],
						"7.9583": [6.4, -6.5825, -1.07],
						"8.5": [6.4, -6.5825, -1.07]
					},
					"scale": [1, 1.5, 1]
				},
				"root": {
					"rotation": {
						"0.0": [0, 0, 0],
						"0.1458": [-5.24, 5.17, 10.63],
						"0.25": [-12.3975, 9.53, 19.6],
						"0.3333": [-25.89, 13.02, 26.77],
						"0.4167": [-22.0275, 16.51, 42.45],
						"0.4792": [-23.71, 20.99, 44.5275],
						"0.5625": [-25.96, 26.96, 55.44],
						"0.6875": [-36.9525, 43.67, 77.5075],
						"0.7292": [-37.7575, 44.76, 79.7475],
						"0.8542": [-23.73942, 41.09831, 92.99656],
						"1.1042": [-41.99727, 39.95892, 92.55109],
						"1.4583": [-46.15859, 38.34478, 91.92002],
						"1.8542": [-58.3, 36.54, 91.21],
						"2.0208": [-74.1, 39.29, 74.7],
						"2.0625": [-75.85983, 40.70359, 72.86355],
						"2.1042": [-75.04, 40.01, 75.2],
						"2.1875": [-67.58247, 34.79354, 92.62735],
						"2.2292": [-74.1301, 37.01212, 83.50849],
						"2.5": [-78.10362, 33.59732, 90.06392],
						"2.625": [-78.1, 29.04, 88.48],
						"2.875": [-77.26607, 0.02069, 64.88499],
						"2.9583": [-78.76159, -7.18666, 77.14345],
						"3.0": [-74.71, -14.46, 72.92],
						"3.1042": [-50.41924, -58.06943, 47.57604],
						"3.2292": [0.99108, -68.70006, -8.37448],
						"3.3542": [46.98868, -60.31613, -57.66802],
						"3.5": [76.86556, -40.92002, -87.89541],
						"3.5625": [70.24, -40.92, -82.65],
						"3.6875": [77.75, -40.92, -87.9],
						"4.2292": [81.27, -40.92, -87.9],
						"4.3958": [81.83, -39.99, -87.99],
						"4.6875": [84.93, -32.81, -88.5],
						"4.8958": [85.74477, -33.44277, -88.63439],
						"5.4792": [89.9298, -40.92, -87.9],
						"5.8333": [91.2352, -57.92, -87.9],
						"6.3958": [94.37, -40.92, -87.9],
						"6.6042": [102.60234, -39.16778, -114.13252],
						"6.7917": [83.15, -37.89, -89.12],
						"6.9792": [-4.85, -30.77, -28.59],
						"7.0625": [-29.23, -28.96, -17.05],
						"7.1458": [-29.61133, -27.15933, -5.502],
						"7.2708": [-18.09, -24, 14.7],
						"7.3958": [26.18, -23.04, 19.32],
						"7.4792": [26.91, -21.04, 17.96],
						"7.5833": [-18.12, -18.53, 16.25],
						"7.7292": [-39.24, -10.06, 10.48],
						"7.875": [-10.57, -7.45, 7.75],
						"7.9375": [17.81824, -5.95118, 6.19647],
						"8.0625": [28.35, -3.71, 3.86],
						"8.25": [-1.12, -2.65, 2.76],
						"8.3542": [-10.95, -2.3, 2.39],
						"8.5": [-8.21, -1.72, 1.79],
						"8.6667": [-2.19, -0.46, 0.48],
						"8.8125": [0, 0, 0]
					},
					"position": {
						"0.0": [0, 0, 0],
						"0.1875": [0, 0.21, 0],
						"0.4792": [0, 0.95, 0],
						"0.6875": [0, 1.76, 0],
						"0.7292": [0, 1.5475, 0],
						"0.7917": [0, 0.375, 0],
						"0.9167": [-0.25, -0.31, -0.03],
						"1.0417": [-1.0525, -0.5625, -0.07],
						"1.3125": [-0.2125, -0.07, -0.19],
						"1.3542": [0.02, 0.515, -0.2],
						"1.4375": [1.1725, 2.81, -0.26],
						"1.5208": [1.99, 3.4375, -0.28],
						"1.5625": [2.23, 3.36, -0.31],
						"1.6458": [2.7, 2.2725, -0.38],
						"1.8125": [3.29, 2.23, -0.46],
						"1.8542": [3.56, 2.21, -0.5],
						"1.8958": [3.3825, 2.0225, -0.54],
						"2.0208": [3.62, 1.215, -0.65],
						"2.0625": [3.8175, 1.12, -0.69],
						"2.1875": [5.68, 2.06, -0.8],
						"2.3125": [6.47, 2, -0.92],
						"2.5": [7, 2, -1],
						"2.6875": [6.69, 2, -1],
						"2.875": [3.94, 3, -1],
						"2.9167": [3.96, 2.69, -1],
						"2.9583": [4.02, 1.54, -1],
						"3.0417": [4.08, -2.5, -1],
						"3.0833": [4.09, -3.5125, -1],
						"3.1667": [4.18, -3.7325, -1],
						"3.2292": [4.25, -2.4475, -1],
						"3.2917": [4.28, 1, -1],
						"3.3333": [4.25, 1.9425, -1],
						"3.375": [4.21, 1.49, -1],
						"3.4167": [4.08, 0.1125, -1],
						"3.4583": [4.04, 0.025, -1],
						"3.5": [4, 0.6875, -1],
						"3.6042": [4.06, 0.89, -1.04],
						"3.75": [4.25, 1.5, -1.15],
						"3.8542": [4.37, 1.4475, -1.22],
						"3.9167": [4.42, 1.71187, -1.25],
						"3.9792": [4.51, 2.23593, -1.31],
						"4.0208": [4.56, 2.29115, -1.34],
						"4.1875": [4.74, 1.77298, -1.45],
						"4.4583": [4.2275, 2, -1.63],
						"6.1667": [8.85, 2, -3.91],
						"6.3958": [9, 2, -4],
						"6.625": [8.39, -0.39, -5.86],
						"6.75": [8.04, -0.43, -5.58],
						"7.0": [5.79, 0.35, -3.83],
						"7.2708": [4.73, -1.51, -3],
						"7.4167": [4.48, -4.1075, -2.95],
						"7.5": [4.28, -3.9875, -2.9],
						"7.625": [3.89, -0.95, -2.64],
						"7.7292": [3.1, 0.49, -2.1],
						"7.7917": [2.63, 0.52, -1.78],
						"7.9167": [1.68, -1.66, -1.14],
						"8.0625": [1.18, -2.29, -0.8],
						"8.25": [0.54, 0.87, -0.36],
						"8.5": [0, 0, 0]
					}
				},
				"crarry": {
					"rotation": {
						"0.25": [0, 0, 0],
						"1.0": [-40, 0, 0],
						"7.5": [-40, 0, 0],
						"7.9583": [0, 0, 0]
					}
				},
				"barrel_front2": {
					"scale": 1.2
				},
				"camera": {
					"rotation": {
						"0.0": {
							"post": [0, 0, 0],
							"lerp_mode": "catmullrom"
						},
						"0.4375": {
							"post": [0, 0, 0],
							"lerp_mode": "catmullrom"
						},
						"0.5833": {
							"post": [0, 0, -1.04],
							"lerp_mode": "catmullrom"
						},
						"0.7292": {
							"post": [0, 0, -4],
							"lerp_mode": "catmullrom"
						},
						"0.8125": {
							"post": [0, 0, -1.5],
							"lerp_mode": "catmullrom"
						},
						"0.875": {
							"post": [0, 0, -2],
							"lerp_mode": "catmullrom"
						},
						"0.9375": {
							"post": [0, 0, 0.9375],
							"lerp_mode": "catmullrom"
						},
						"1.0": {
							"post": [0, 0, 0],
							"lerp_mode": "catmullrom"
						},
						"1.1875": {
							"post": [0, 0, -1.05],
							"lerp_mode": "catmullrom"
						},
						"1.3542": {
							"post": [0, 0, -0.0303],
							"lerp_mode": "catmullrom"
						},
						"1.4583": {
							"post": [0, 0, 2.0064],
							"lerp_mode": "catmullrom"
						},
						"1.5208": {
							"post": [0, 0, 0.98805],
							"lerp_mode": "catmullrom"
						},
						"1.5625": {
							"post": [0, 0, 1.54135],
							"lerp_mode": "catmullrom"
						},
						"1.625": {
							"post": [0.25, 0, -0.49195],
							"lerp_mode": "catmullrom"
						},
						"1.6875": {
							"post": [2, 0, -0.0303],
							"lerp_mode": "catmullrom"
						},
						"1.875": {
							"post": [6.02, 0, 0.24],
							"lerp_mode": "catmullrom"
						},
						"2.0417": {
							"post": [10.7934, 0, -0.0875],
							"lerp_mode": "catmullrom"
						},
						"2.1458": {
							"post": [10.80215, 0, -2],
							"lerp_mode": "catmullrom"
						},
						"2.2083": {
							"post": [10.80507, 0, 0.55],
							"lerp_mode": "catmullrom"
						},
						"2.25": {
							"post": [10.79632, 0, -0.725],
							"lerp_mode": "catmullrom"
						},
						"2.3333": {
							"post": [10.78466, 0, -0.0875],
							"lerp_mode": "catmullrom"
						},
						"2.4375": {
							"post": [10.76424, 0, 0],
							"lerp_mode": "catmullrom"
						},
						"2.75": {
							"post": [10.4653, 0, 0],
							"lerp_mode": "catmullrom"
						},
						"2.8958": {
							"post": [10.4653, 0, 0.2436],
							"lerp_mode": "catmullrom"
						},
						"3.0": {
							"post": [10.4653, 0, 1.95],
							"lerp_mode": "catmullrom"
						},
						"3.0417": {
							"post": [10.4653, 0, -0.894],
							"lerp_mode": "catmullrom"
						},
						"3.0625": {
							"post": [10.4653, 0, 0.84795],
							"lerp_mode": "catmullrom"
						},
						"3.1042": {
							"post": [10.4653, 0, 0.49245],
							"lerp_mode": "catmullrom"
						},
						"3.1875": {
							"post": [10.4653, 0, 0.2436],
							"lerp_mode": "catmullrom"
						},
						"3.3125": {
							"post": [10.4653, 0, 1.3812],
							"lerp_mode": "catmullrom"
						},
						"3.3542": {
							"post": [10.4653, 0, -0.50295],
							"lerp_mode": "catmullrom"
						},
						"3.4167": {
							"post": [10.4653, 0, 0.2436],
							"lerp_mode": "catmullrom"
						},
						"3.7292": {
							"post": [10.4653, 0, 0],
							"lerp_mode": "catmullrom"
						},
						"3.8125": {
							"post": [10.4653, 0, 0.625],
							"lerp_mode": "catmullrom"
						},
						"3.875": {
							"post": [10.4653, 0, -0.5],
							"lerp_mode": "catmullrom"
						},
						"3.9583": {
							"post": [10.4653, 0, 0],
							"lerp_mode": "catmullrom"
						},
						"4.3333": {
							"post": [10.4653, 0, 0],
							"lerp_mode": "catmullrom"
						},
						"4.4792": {
							"post": [11.4307, 0, 0],
							"lerp_mode": "catmullrom"
						},
						"4.5833": {
							"post": [13.5025, 0, 0],
							"lerp_mode": "catmullrom"
						},
						"4.7917": {
							"post": [13.75, 0, 0],
							"lerp_mode": "catmullrom"
						},
						"5.0208": {
							"post": [13.75, 0, 0],
							"lerp_mode": "catmullrom"
						},
						"5.3542": {
							"post": [12.75, 0, 0],
							"lerp_mode": "catmullrom"
						},
						"5.5625": {
							"post": [13.24, 0, 0],
							"lerp_mode": "catmullrom"
						},
						"6.0": {
							"post": [7.2075, 0, -0.02],
							"lerp_mode": "catmullrom"
						},
						"6.375": {
							"post": [0, 0, 0],
							"lerp_mode": "catmullrom"
						},
						"6.4375": {
							"post": [-0.23, 0, 0.23],
							"lerp_mode": "catmullrom"
						},
						"6.5208": {
							"post": [0, 0, 3],
							"lerp_mode": "catmullrom"
						},
						"6.5833": {
							"post": [0, 0, 0],
							"lerp_mode": "catmullrom"
						},
						"6.625": {
							"post": [0, 0, 0.75],
							"lerp_mode": "catmullrom"
						},
						"6.6875": {
							"post": [0, 0, 0],
							"lerp_mode": "catmullrom"
						},
						"6.8542": {
							"post": [0, 0, 0],
							"lerp_mode": "catmullrom"
						},
						"6.9375": {
							"post": [0, 0, -0.5],
							"lerp_mode": "catmullrom"
						},
						"7.0": {
							"post": [0, 0, 1.75],
							"lerp_mode": "catmullrom"
						},
						"7.0833": {
							"post": [0, 0, 0],
							"lerp_mode": "catmullrom"
						},
						"7.1667": {
							"post": [0, 0, 2.69],
							"lerp_mode": "catmullrom"
						},
						"7.2708": {
							"post": [0, 0, 1.82],
							"lerp_mode": "catmullrom"
						},
						"7.4167": {
							"post": [5.125, 0, -4.31],
							"lerp_mode": "catmullrom"
						},
						"7.4583": {
							"post": [5.125, 0, -1.25],
							"lerp_mode": "catmullrom"
						},
						"7.5": {
							"post": [1.75, 0, 0],
							"lerp_mode": "catmullrom"
						},
						"7.5417": {
							"post": [-1.625, 0, -0.9375],
							"lerp_mode": "catmullrom"
						},
						"7.5833": {
							"post": [0, 0, 1.0625],
							"lerp_mode": "catmullrom"
						},
						"7.6458": {
							"post": [0, 0, 0.8125],
							"lerp_mode": "catmullrom"
						},
						"7.6875": {
							"post": [0, 0, 4.5],
							"lerp_mode": "catmullrom"
						},
						"7.7292": {
							"post": [0, 0, 2.3125],
							"lerp_mode": "catmullrom"
						},
						"7.7708": {
							"post": [0, 0, 1.5625],
							"lerp_mode": "catmullrom"
						},
						"7.8125": {
							"post": [0, 0, 0],
							"lerp_mode": "catmullrom"
						},
						"7.875": {
							"post": [0, 0, 0],
							"lerp_mode": "catmullrom"
						},
						"7.9375": {
							"post": [0, 0, -1.75],
							"lerp_mode": "catmullrom"
						},
						"7.9792": {
							"post": [0, 0, 0.6875],
							"lerp_mode": "catmullrom"
						},
						"8.0208": {
							"post": [0, 0, 0],
							"lerp_mode": "catmullrom"
						},
						"8.2708": {
							"post": [0, 0, 0],
							"lerp_mode": "catmullrom"
						},
						"8.3333": {
							"post": [0, 0, 1.4375],
							"lerp_mode": "catmullrom"
						},
						"8.3958": {
							"post": [0, 0, 0],
							"lerp_mode": "catmullrom"
						},
						"8.5625": {
							"post": [0, 0, -1.5625],
							"lerp_mode": "catmullrom"
						},
						"8.6875": {
							"post": [0, 0, 0],
							"lerp_mode": "catmullrom"
						}
					}
				}
			},
			"sound_effects": {
				"0.5833": {
					"effect": "whiterat:destroyer/destroyer_handling_3"
				},
				"1.3125": {
					"effect": "whiterat:catrush/handing_3"
				},
				"2.0833": {
					"effect": "whiterat:destroyer/destroyer_handling_1"
				},
				"3.1458": {
					"effect": "whiterat:destroyer/destroyer_handling_4"
				},
				"4.0": {
					"effect": "whiterat:catrush/handing_3"
				},
				"7.3333": {
					"effect": "whiterat:catrush/handing_1"
				},
				"7.7917": {
					"effect": "whiterat:destroyer/destroyer_handling_3"
				}
			}
		}
	}
}