{
	"format_version": "1.12.0",
	"minecraft:geometry": [
		{
			"description": {
				"identifier": "geometry.model",
				"texture_width": 64,
				"texture_height": 64,
				"visible_bounds_width": 4,
				"visible_bounds_height": 5,
				"visible_bounds_offset": [0, 1.5, 0]
			},
			"bones": [
				{
					"name": "AllBody",
					"pivot": [0, 18, 0]
				},
				{
					"name": "body",
					"parent": "AllBody",
					"pivot": [0, 12.5, 2],
					"cubes": [
						{
							"origin": [-3, 10.25, -0.25],
							"size": [6, 4.5, 4.5],
							"pivot": [0, 12.5, 2],
							"rotation": [25, 0, 0],
							"uv": {
								"north": {"uv": [14, 14], "uv_size": [6, 4]},
								"east": {"uv": [10, 14], "uv_size": [4, 4]},
								"south": {"uv": [24, 14], "uv_size": [6, 4]},
								"west": {"uv": [20, 14], "uv_size": [4, 4]},
								"up": {"uv": [16, 0], "uv_size": [6, 4]},
								"down": {"uv": [7, 8], "uv_size": [6, -4]}
							}
						},
						{
							"origin": [-2.45, 9.96066, -1.64458],
							"size": [4.9, 3.2, 3.2],
							"pivot": [1.5, 11.56066, -0.04458],
							"rotation": [-20, 0, 0],
							"uv": {
								"north": {"uv": [38, 45], "uv_size": [4, 3]},
								"east": {"uv": [35, 45], "uv_size": [3, 3]},
								"south": {"uv": [45, 45], "uv_size": [4, 3]},
								"west": {"uv": [42, 45], "uv_size": [3, 3]},
								"up": {"uv": [38, 42], "uv_size": [4, 3]},
								"down": {"uv": [42, 45], "uv_size": [4, -3]}
							}
						}
					]
				},
				{
					"name": "LeftHandLocator",
					"parent": "body",
					"pivot": [1, 15.65, 3.75],
					"rotation": [12.5, 0, -2.5],
					"cubes": [
						{
							"origin": [-2, 13.65, -1.75],
							"size": [4, 2, 4],
							"uv": {}
						}
					]
				},
				{
					"name": "BodyUpper",
					"parent": "body",
					"pivot": [0, 12.75, -1.25],
					"cubes": [
						{
							"origin": [-2.75, 9.96373, -2.76008],
							"size": [5.5, 4, 3],
							"uv": {
								"north": {"uv": [30, 32], "uv_size": [5, 4]},
								"east": {"uv": [38, 32], "uv_size": [-3, 4]},
								"south": {"uv": [38, 32], "uv_size": [5, 4]},
								"west": {"uv": [35, 32], "uv_size": [3, 4]},
								"up": {"uv": [30, 29], "uv_size": [5, 3]},
								"down": {"uv": [35, 32], "uv_size": [5, -3]}
							}
						},
						{
							"origin": [-2.5, 9.90313, -2.85512],
							"size": [5, 3.5, 3.6136],
							"pivot": [2.5, 9.90313, 0.75848],
							"rotation": [22.98283, 0, 0],
							"uv": {
								"north": {"uv": [41, 39], "uv_size": [5, 3]},
								"east": {"uv": [49, 39], "uv_size": [-3, 3]},
								"south": {"uv": [49, 39], "uv_size": [5, 3]},
								"west": {"uv": [46, 39], "uv_size": [3, 3]},
								"up": {"uv": [41, 36], "uv_size": [5, 3]},
								"down": {"uv": [46, 39], "uv_size": [5, -3]}
							}
						}
					]
				},
				{
					"name": "breatheblock",
					"parent": "BodyUpper",
					"pivot": [0, 11.65127, -3.16264],
					"cubes": [
						{
							"origin": [-2.9, 6.6083, -5.31866],
							"size": [5.8, 2.95218, 1.96646],
							"pivot": [2.9, 9.56048, -5.31866],
							"rotation": [68.77291, 0, 0],
							"uv": {
								"north": {"uv": [18, 18], "uv_size": [6, 3]},
								"east": {"uv": [20, 21], "uv_size": [-2, 3]},
								"west": {"uv": [18, 21], "uv_size": [2, 3]},
								"down": {"uv": [9, 30], "uv_size": [5, -4]}
							}
						},
						{
							"origin": [-2.925, 11.89057, -6.07575],
							"size": [5.85, 2, 2.45],
							"pivot": [-2.9, 11.89057, -6.07575],
							"rotation": [-72, 0, 0],
							"uv": {
								"east": {"uv": [22.5, 21], "uv_size": [-2.5, 2]},
								"west": {"uv": [20, 21], "uv_size": [2.5, 2]},
								"down": {"uv": [12, 25], "uv_size": [6, -2.5]}
							}
						},
						{
							"origin": [-2.875, 13.55227, -6.11843],
							"size": [5.75, 3.75, 1.70438],
							"pivot": [2.9, 13.55227, -4.41405],
							"rotation": [-166.03017, 0, 0],
							"uv": {
								"north": {"uv": [4, 30], "uv_size": [5, 4]},
								"east": {"uv": [19.5, 24], "uv_size": [-1.5, 4]},
								"west": {"uv": [18, 24], "uv_size": [1.5, 4]},
								"down": {"uv": [12, 20], "uv_size": [6, -2]}
							}
						},
						{
							"origin": [-2.9, 11.89057, -8.42575],
							"size": [5.8, 1.175, 2.35],
							"pivot": [2.9, 11.89057, -6.07575],
							"rotation": [-135, 0, 0],
							"uv": {
								"east": {"uv": [22.5, 23], "uv_size": [-2.5, 1]},
								"west": {"uv": [20, 23], "uv_size": [2.5, 1]},
								"down": {"uv": [12, 22.5], "uv_size": [6, -2.5]}
							}
						}
					]
				},
				{
					"name": "neck",
					"parent": "BodyUpper",
					"pivot": [0, 12.75, -4.75],
					"cubes": [
						{
							"origin": [-1, 13.44264, -7.00185],
							"size": [2.5, 2.5, 4.25],
							"pivot": [0, 14.44264, -4.87685],
							"rotation": [-90, -45, 0],
							"uv": {
								"north": {"uv": [47, 33], "uv_size": [2, 2]},
								"east": {"uv": [43, 33], "uv_size": [4, 2]},
								"south": {"uv": [53, 33], "uv_size": [2, 2]},
								"west": {"uv": [49, 33], "uv_size": [4, 2]},
								"up": {"uv": [47, 29], "uv_size": [2, 4]},
								"down": {"uv": [49, 33], "uv_size": [2, -4]}
							}
						},
						{
							"origin": [-1.16966, 10.46819, -6.01496],
							"size": [2, 2, 2.5],
							"pivot": [-0.16966, 11.46819, -3.88996],
							"rotation": [-40.87142, -37.65917, -31.62487],
							"uv": {
								"north": {"uv": [48, 24], "uv_size": [2, 2]},
								"east": {"uv": [46, 24], "uv_size": [2, 2]},
								"south": {"uv": [52, 24], "uv_size": [2, 2]},
								"west": {"uv": [50, 24], "uv_size": [2, 2]},
								"up": {"uv": [48, 22], "uv_size": [2, 2]},
								"down": {"uv": [50, 24], "uv_size": [2, -2]}
							}
						}
					]
				},
				{
					"name": "Head",
					"parent": "neck",
					"pivot": [0, 15, -4.5],
					"cubes": [
						{
							"origin": [-1, 15.99324, -9.15995],
							"size": [2, 3.75, 5.7],
							"pivot": [1, 19.74324, -9.15995],
							"rotation": [0, 35, 0],
							"uv": {
								"west": {"uv": [44, 26], "uv_size": [5, 3]}
							}
						},
						{
							"origin": [-1, 15.99324, -9.15995],
							"size": [2, 3.75, 5.7],
							"pivot": [-1, 19.74324, -9.15995],
							"rotation": [0, -35, 0],
							"uv": {
								"east": {"uv": [49, 26], "uv_size": [-5, 3]}
							}
						},
						{
							"origin": [-1, 14.24324, -9.15995],
							"size": [2, 1.75, 5.7],
							"pivot": [1, 15.99324, -9.15995],
							"rotation": [29.83757, 19.20748, 60.16243],
							"uv": {
								"west": {"uv": [7, 47], "uv_size": [5, 1.5]}
							}
						},
						{
							"origin": [2.26939, 14.24324, -4.49078],
							"size": [2, 1.75, 1.7],
							"pivot": [4.26939, 15.99324, -4.49078],
							"rotation": [28.85298, -17.59362, 39.91197],
							"uv": {
								"west": {"uv": [24, 34], "uv_size": [2, 2]}
							}
						},
						{
							"origin": [-1, 19.74324, -9.15995],
							"size": [2, 3.25, 5.7],
							"pivot": [1, 19.74324, -9.15995],
							"rotation": [-20.43426, 31.79333, -22.96377],
							"uv": {
								"south": {"uv": [48, 13], "uv_size": [2, 3]},
								"west": {"uv": [40, 10], "uv_size": [5, 3]}
							}
						},
						{
							"origin": [-1, 14.24324, -9.15995],
							"size": [2, 1.75, 5.7],
							"pivot": [-1, 15.99324, -9.15995],
							"rotation": [29.83757, -19.20748, -60.16243],
							"uv": {
								"east": {"uv": [12, 47], "uv_size": [-5, 1.5]}
							}
						},
						{
							"origin": [-1, 19.74324, -9.15995],
							"size": [2, 3.25, 5.7],
							"pivot": [-1, 19.74324, -9.15995],
							"rotation": [-20.43426, -31.79333, 22.96377],
							"uv": {
								"east": {"uv": [48, 13], "uv_size": [-5, 3]},
								"south": {"uv": [50, 13], "uv_size": [-2, 3]}
							}
						},
						{
							"origin": [-1, 19.74324, -9.15995],
							"size": [2, 3.375, 5.5],
							"pivot": [1, 19.74324, -9.15995],
							"rotation": [-29.5, 0, 0],
							"uv": {
								"north": {"uv": [13, 1], "uv_size": [2, 3.5]}
							}
						},
						{
							"origin": [-4.25, 16, -4.5],
							"size": [2.5, 3.7, 2.3],
							"pivot": [-4.26939, 19.74324, -4.49078],
							"rotation": [0, 20, 0],
							"uv": {
								"east": {"uv": [45, 10], "uv_size": [2, 3]},
								"up": {"uv": [47, 8], "uv_size": [2, 2]}
							}
						},
						{
							"origin": [-1, 17.74324, -9.15995],
							"size": [2, 2, 5],
							"uv": {
								"north": {"uv": [5, 5], "uv_size": [2, 2]}
							}
						},
						{
							"origin": [-4.26939, 14.24324, -4.49078],
							"size": [2, 1.75, 1.7],
							"pivot": [-4.26939, 15.99324, -4.49078],
							"rotation": [28.85298, 17.59362, -39.91197],
							"uv": {
								"east": {"uv": [26, 34], "uv_size": [-2, 2]}
							}
						},
						{
							"origin": [1.75, 16, -4.5],
							"size": [2.5, 3.7, 2.3],
							"pivot": [4.26939, 19.74324, -4.49078],
							"rotation": [0, -20, 0],
							"uv": {
								"west": {"uv": [47, 10], "uv_size": [-2, 3]},
								"up": {"uv": [49, 8], "uv_size": [-2, 2]}
							}
						},
						{
							"origin": [0.16767, 15, -7.74478],
							"size": [2.9, 0, 4],
							"pivot": [3.06767, 15, -3.74478],
							"rotation": [0, 35, 0],
							"uv": {
								"down": {"uv": [28, 10.5], "uv_size": [-3, -4]}
							}
						},
						{
							"origin": [-1.6, 14.95752, -6.92427],
							"size": [0.7, 0, 1.8],
							"pivot": [-0.9, 14.95752, -6.92427],
							"rotation": [0, 90, 0],
							"uv": {
								"down": {"uv": [22, 6], "uv_size": [-1, -2]}
							}
						},
						{
							"origin": [-2.475, 22.68069, -9.62302],
							"size": [1.35, 0, 2.125],
							"pivot": [-1.125, 22.68069, -7.49802],
							"rotation": [-90.00001, 70, 89.99999],
							"uv": {
								"down": {"uv": [20, 6], "uv_size": [-1.5, -2]}
							}
						},
						{
							"origin": [-4.32265, 22.04886, -6.41541],
							"size": [5.225, 0, 2.75],
							"pivot": [-3.72265, 22.04886, -3.66541],
							"rotation": [-170.35319, 53.75268, -13.3783],
							"uv": {
								"down": {"uv": [18, 7.5], "uv_size": [-5, -3]}
							}
						},
						{
							"origin": [-0.90235, 22.04886, -6.41541],
							"size": [5.225, 0, 2.75],
							"pivot": [3.72265, 22.04886, -3.66541],
							"rotation": [-170.35319, -53.75268, 13.3783],
							"uv": {
								"down": {"uv": [13, 10.5], "uv_size": [5, -3]}
							}
						},
						{
							"origin": [-3.06767, 15.025, -7.74478],
							"size": [2.9, 0, 4],
							"pivot": [-3.06767, 15, -3.74478],
							"rotation": [0, -35, 0],
							"uv": {
								"down": {"uv": [25, 10.5], "uv_size": [3, -4]}
							}
						},
						{
							"origin": [-3.50733, 15.71266, -3.23217],
							"size": [6.95, 2.95859, 2],
							"pivot": [3.27131, 18.67125, -1.23217],
							"rotation": [-20.46262, 0, 0],
							"uv": {
								"east": {"uv": [27, 3], "uv_size": [-2, 3]},
								"south": {"uv": [32, 0], "uv_size": [-7, 3]},
								"west": {"uv": [27, 3], "uv_size": [-2, 3]}
							}
						},
						{
							"origin": [-3.07131, 14.17435, -2.66648],
							"size": [6.175, 1.725, 0.4],
							"pivot": [3.72869, 15.89935, -2.26648],
							"rotation": [-57.75, 0, 0],
							"uv": {
								"south": {"uv": [34, 6.5], "uv_size": [-6, 1.5]}
							}
						},
						{
							"origin": [-3.53233, 18.5, -4.34478],
							"size": [7, 3.7, 2],
							"pivot": [3.46767, 22.2, -2.34478],
							"rotation": [17.5, 0, 0],
							"uv": {
								"east": {"uv": [24, 0], "uv_size": [-2, 3.5]},
								"south": {"uv": [34, 3], "uv_size": [-7, 3.5]},
								"west": {"uv": [24, 0], "uv_size": [-2, 3.5]},
								"up": {"uv": [33, 18], "uv_size": [-7, 2]}
							}
						},
						{
							"origin": [-3.53233, 22.2, -2.34578],
							"size": [7, 2.6, 0],
							"pivot": [-3.53233, 22.2, -2.34478],
							"rotation": [62.5, 0, 0],
							"uv": {
								"south": {"uv": [47, 0], "uv_size": [-7, 2.5]}
							}
						}
					]
				},
				{
					"name": "RightHandLocator",
					"parent": "Head",
					"pivot": [0, 16.55, -7.3],
					"rotation": [17.5, 0, 0],
					"cubes": [
						{
							"origin": [-1.5, 16.02686, -11.64965],
							"size": [3, 1, 3],
							"uv": {}
						},
						{
							"origin": [-0.5, 15.02686, -19.64965],
							"size": [1, 3, 11],
							"uv": {}
						},
						{
							"origin": [-0.5, 13.02686, -10.14965],
							"size": [1, 4, 6],
							"uv": {}
						}
					]
				},
				{
					"name": "snout",
					"parent": "Head",
					"pivot": [0, 16.5, -8.75],
					"cubes": [
						{
							"origin": [-1, 16.1, -9.85],
							"size": [2, 1.725, 1.05],
							"pivot": [0, 17, -8.75],
							"rotation": [15, 0, 0],
							"uv": {
								"north": {"uv": [15, 34], "uv_size": [2, 1.725]},
								"east": {"uv": [9, 35], "uv_size": [1.05, 1.725]},
								"south": {"uv": [13, 35], "uv_size": [2, 1]},
								"west": {"uv": [17, 34], "uv_size": [1.05, 1.725]},
								"up": {"uv": [10, 34], "uv_size": [2, 1]},
								"down": {"uv": [12, 35], "uv_size": [2, -1]}
							}
						},
						{
							"origin": [-0.9, 15.84597, -9.57958],
							"size": [1.8, 2, 2.8],
							"pivot": [1, 15.84597, -9.57958],
							"rotation": [-18.5, 0, 0],
							"uv": {
								"east": {"uv": [37, 16], "uv_size": [-3, 2]},
								"west": {"uv": [34, 16], "uv_size": [3, 2]},
								"down": {"uv": [34, 16], "uv_size": [1.8, -3]}
							}
						}
					]
				},
				{
					"name": "earRight",
					"parent": "Head",
					"pivot": [-3.5, 20.02857, -4.43076],
					"rotation": [-7.97532, -19.82169, 2.71994],
					"cubes": [
						{
							"origin": [-4, 19.79364, -5.49575],
							"size": [1, 3.05, 2.6],
							"uv": {
								"north": {"uv": [45, 52], "uv_size": [1, 3]},
								"east": {"uv": [43, 52], "uv_size": [2, 3]},
								"south": {"uv": [48, 52], "uv_size": [1, 3]},
								"west": {"uv": [46, 52], "uv_size": [2, 3]},
								"up": {"uv": [45, 50], "uv_size": [1, 2]},
								"down": {"uv": [46, 52], "uv_size": [1, -2]}
							}
						},
						{
							"origin": [-4, 21.9223, -5.12144],
							"size": [0.9, 1.825, 1.85],
							"pivot": [-3.6, 22.8348, -4.19644],
							"rotation": [-45.10881, -0.00672, -7.06994],
							"uv": {
								"north": {"uv": [36, 4], "uv_size": [-1, 1]},
								"east": {"uv": [37, 3], "uv_size": [-1, 1]},
								"south": {"uv": [37, 4], "uv_size": [-1, 1]},
								"west": {"uv": [35, 3], "uv_size": [-1, 1]},
								"up": {"uv": [36, 3], "uv_size": [-1, 1]},
								"down": {"uv": [35, 5], "uv_size": [-1, -1]}
							}
						}
					]
				},
				{
					"name": "earLeft",
					"parent": "Head",
					"pivot": [3.5, 20.02857, -4.43076],
					"rotation": [-7.97532, 19.82169, -2.71994],
					"cubes": [
						{
							"origin": [3, 19.79364, -5.49575],
							"size": [1, 3.05, 2.6],
							"uv": {
								"north": {"uv": [46, 52], "uv_size": [-1, 3]},
								"east": {"uv": [48, 52], "uv_size": [-2, 3]},
								"south": {"uv": [49, 52], "uv_size": [-1, 3]},
								"west": {"uv": [45, 52], "uv_size": [-2, 3]},
								"up": {"uv": [46, 50], "uv_size": [-1, 2]},
								"down": {"uv": [47, 52], "uv_size": [-1, -2]}
							}
						},
						{
							"origin": [3.1, 21.9223, -5.12144],
							"size": [0.9, 1.825, 1.85],
							"pivot": [3.6, 22.8348, -4.19644],
							"rotation": [-45.10881, 0.00672, 7.06994],
							"uv": {
								"north": {"uv": [35, 4], "uv_size": [1, 1]},
								"east": {"uv": [34, 3], "uv_size": [1, 1]},
								"south": {"uv": [36, 4], "uv_size": [1, 1]},
								"west": {"uv": [36, 3], "uv_size": [1, 1]},
								"up": {"uv": [35, 3], "uv_size": [1, 1]},
								"down": {"uv": [34, 5], "uv_size": [1, -1]}
							}
						}
					]
				},
				{
					"name": "eyeLeft",
					"parent": "Head",
					"pivot": [2.73673, 19, -6.92819],
					"rotation": [0, 35, 0]
				},
				{
					"name": "Leftopen",
					"parent": "eyeLeft",
					"pivot": [2.63673, 17, -6.92819],
					"cubes": [
						{
							"origin": [2.71173, 16.5, -9.17819],
							"size": [0, 4, 3.5],
							"uv": {
								"north": {"uv": [3, 14], "uv_size": [0, 4]},
								"east": {"uv": [56.5, 0], "uv_size": [3, 4]},
								"south": {"uv": [6, 14], "uv_size": [0, 4]},
								"up": {"uv": [3, 11], "uv_size": [0, 3]},
								"down": {"uv": [3, 14], "uv_size": [0, -3]}
							}
						},
						{
							"origin": [2.67199, 18.84513, -8.19004],
							"size": [0, 0.85, 2.75],
							"pivot": [2.67199, 19.04513, -5.44004],
							"rotation": [-27.72228, 15.84157, 25.20971],
							"uv": {
								"north": {"uv": [3, 14], "uv_size": [0, 4]},
								"east": {"uv": [58, 8], "uv_size": [-3, 1]},
								"south": {"uv": [6, 14], "uv_size": [0, 4]},
								"up": {"uv": [3, 11], "uv_size": [0, 3]},
								"down": {"uv": [3, 14], "uv_size": [0, -3]}
							}
						},
						{
							"origin": [2.63673, 16.5, -9.17819],
							"size": [0, 4, 3.5],
							"uv": {
								"north": {"uv": [3, 14], "uv_size": [0, 4]},
								"east": {"uv": [61, 6.5], "uv_size": [3, 4]},
								"south": {"uv": [6, 14], "uv_size": [0, 4]},
								"up": {"uv": [3, 11], "uv_size": [0, 3]},
								"down": {"uv": [3, 14], "uv_size": [0, -3]}
							}
						}
					]
				},
				{
					"name": "Leftiris",
					"parent": "Leftopen",
					"pivot": [2.76173, 18.5, -7.42819],
					"cubes": [
						{
							"origin": [2.66173, 16.5, -9.17819],
							"size": [0, 4, 3.5],
							"uv": {
								"east": {"uv": [58, 6.5], "uv_size": [3, 4]}
							}
						}
					]
				},
				{
					"name": "Leftclose",
					"parent": "eyeLeft",
					"pivot": [2.73673, 17, -6.92819],
					"cubes": [
						{
							"origin": [2.68673, 16.5, -9.17819],
							"size": [0, 4, 3.5],
							"uv": {
								"north": {"uv": [3, 14], "uv_size": [0, 4]},
								"east": {"uv": [61, 10.5], "uv_size": [3, 4]},
								"south": {"uv": [6, 14], "uv_size": [0, 4]},
								"up": {"uv": [3, 11], "uv_size": [0, 3]},
								"down": {"uv": [3, 14], "uv_size": [0, -3]}
							}
						}
					]
				},
				{
					"name": "Leftouch",
					"parent": "eyeLeft",
					"pivot": [3.71173, 17, -6.92819],
					"cubes": [
						{
							"origin": [2.66173, 16.5, -9.17819],
							"size": [0, 4, 3.5],
							"uv": {
								"north": {"uv": [3, 14], "uv_size": [0, 4]},
								"east": {"uv": [58, 10.5], "uv_size": [3, 4]},
								"south": {"uv": [6, 14], "uv_size": [0, 4]},
								"up": {"uv": [3, 11], "uv_size": [0, 3]},
								"down": {"uv": [3, 14], "uv_size": [0, -3]}
							}
						}
					]
				},
				{
					"name": "eyeRight",
					"parent": "Head",
					"pivot": [-2.73673, 19, -6.92819],
					"rotation": [0, -35, 0]
				},
				{
					"name": "Rightopen",
					"parent": "eyeRight",
					"pivot": [-2.63673, 17, -6.92819],
					"cubes": [
						{
							"origin": [-2.63673, 16.5, -9.17819],
							"size": [0, 4, 3.5],
							"uv": {
								"north": {"uv": [3, 14], "uv_size": [0, 4]},
								"south": {"uv": [6, 14], "uv_size": [0, 4]},
								"west": {"uv": [64, 6.5], "uv_size": [-3, 4]},
								"up": {"uv": [3, 11], "uv_size": [0, 3]},
								"down": {"uv": [3, 14], "uv_size": [0, -3]}
							}
						},
						{
							"origin": [-2.67199, 18.84513, -8.19004],
							"size": [0, 0.85, 2.75],
							"pivot": [-2.67199, 19.04513, -5.44004],
							"rotation": [-27.72228, -15.84157, -25.20971],
							"uv": {
								"north": {"uv": [3, 14], "uv_size": [0, 4]},
								"south": {"uv": [6, 14], "uv_size": [0, 4]},
								"west": {"uv": [55, 8], "uv_size": [3, 1]},
								"up": {"uv": [3, 11], "uv_size": [0, 3]},
								"down": {"uv": [3, 14], "uv_size": [0, -3]}
							}
						},
						{
							"origin": [-2.68673, 16.5, -9.17819],
							"size": [0, 4, 3.5],
							"uv": {
								"north": {"uv": [3, 14], "uv_size": [0, 4]},
								"south": {"uv": [6, 14], "uv_size": [0, 4]},
								"west": {"uv": [59.5, 0], "uv_size": [-3, 4]},
								"up": {"uv": [3, 11], "uv_size": [0, 3]},
								"down": {"uv": [3, 14], "uv_size": [0, -3]}
							}
						}
					]
				},
				{
					"name": "Rightiris",
					"parent": "Rightopen",
					"pivot": [-2.76173, 18.5, -7.42819],
					"cubes": [
						{
							"origin": [-2.66173, 16.5, -9.17819],
							"size": [0, 4, 3.5],
							"uv": {
								"west": {"uv": [61, 6.5], "uv_size": [-3, 4]}
							}
						}
					]
				},
				{
					"name": "Rightclose",
					"parent": "eyeRight",
					"pivot": [-3.86173, 17, -6.92819],
					"cubes": [
						{
							"origin": [-2.66173, 16.5, -9.17819],
							"size": [0, 4, 3.5],
							"uv": {
								"north": {"uv": [3, 14], "uv_size": [0, 4]},
								"south": {"uv": [6, 14], "uv_size": [0, 4]},
								"west": {"uv": [64, 10.5], "uv_size": [-3, 4]},
								"up": {"uv": [3, 11], "uv_size": [0, 3]},
								"down": {"uv": [3, 14], "uv_size": [0, -3]}
							}
						}
					]
				},
				{
					"name": "Rightouch",
					"parent": "eyeRight",
					"pivot": [-3.81173, 17, -6.92819],
					"cubes": [
						{
							"origin": [-2.63673, 16.5, -9.17819],
							"size": [0, 4, 3.5],
							"uv": {
								"north": {"uv": [3, 14], "uv_size": [0, 4]},
								"south": {"uv": [6, 14], "uv_size": [0, 4]},
								"west": {"uv": [61, 10.5], "uv_size": [-3, 4]},
								"up": {"uv": [3, 11], "uv_size": [0, 3]},
								"down": {"uv": [3, 14], "uv_size": [0, -3]}
							}
						}
					]
				},
				{
					"name": "hairFornt",
					"parent": "Head",
					"pivot": [-0.05985, 24.04003, -5.79171],
					"cubes": [
						{
							"origin": [-0.05752, 24.12958, -5.13182],
							"size": [3.25, 0, 3],
							"pivot": [-0.05752, 24.13058, -5.13182],
							"rotation": [-29.0724, 8.53726, 12.37961],
							"uv": {
								"west": {"uv": [14, 10], "uv_size": [-2, 0]},
								"up": {"uv": [16, 55], "uv_size": [3.5, 3]}
							}
						},
						{
							"origin": [-3.19248, 24.12958, -5.13182],
							"size": [3.25, 0, 3],
							"pivot": [0.05752, 24.13058, -5.13182],
							"rotation": [-29.0724, -8.53726, -12.37961],
							"uv": {
								"east": {"uv": [12, 10], "uv_size": [2, 0]},
								"up": {"uv": [15.5, 58], "uv_size": [-3.5, 3]}
							}
						}
					]
				},
				{
					"name": "bangs",
					"parent": "hairFornt",
					"pivot": [-0.24998, 23.64605, -5.20792],
					"rotation": [59.89385, -8.36718, 7.42487],
					"cubes": [
						{
							"origin": [0.08418, 23.75667, -7.68786],
							"size": [3.25, 0, 3],
							"pivot": [0.08418, 23.75767, -4.68786],
							"rotation": [-48.99307, 14.79625, -8.16949],
							"uv": {
								"west": {"uv": [14, 10], "uv_size": [-2, 0]},
								"up": {"uv": [3.5, 57], "uv_size": [3.5, -3]}
							}
						},
						{
							"origin": [0.08418, 23.75667, -7.68786],
							"size": [3.25, 0, 3],
							"pivot": [0.08418, 23.75767, -4.68786],
							"rotation": [-41.79841, 27.57825, 4.69231],
							"uv": {
								"west": {"uv": [14, 10], "uv_size": [-2, 0]},
								"up": {"uv": [32, 62.5], "uv_size": [3.5, -3]}
							}
						},
						{
							"origin": [-0.73513, 25.92615, -10.59103],
							"size": [3.25, 0, 4],
							"pivot": [-0.73513, 25.92715, -6.59103],
							"rotation": [-21.25757, 12.85446, -6.76288],
							"uv": {
								"west": {"uv": [14, 10], "uv_size": [-2, 0]},
								"up": {"uv": [3.5, 57], "uv_size": [3.5, 4]}
							}
						},
						{
							"origin": [-3.26583, 23.75667, -7.68785],
							"size": [3.35, 0, 3],
							"pivot": [0.08417, 23.75767, -4.68785],
							"rotation": [-50.13062, -8.25828, -27.53011],
							"uv": {
								"west": {"uv": [14, 10], "uv_size": [-2, 0]},
								"up": {"uv": [0, 57], "uv_size": [3.5, -3]}
							}
						},
						{
							"origin": [-3.26583, 23.75667, -7.68785],
							"size": [3.35, 0, 3],
							"pivot": [0.08417, 23.75767, -4.68785],
							"rotation": [-45.55331, -25.04747, -43.2408],
							"uv": {
								"west": {"uv": [14, 10], "uv_size": [-2, 0]},
								"up": {"uv": [0, 57], "uv_size": [3.5, -3]}
							}
						},
						{
							"origin": [-4.35438, 26.77084, -11.0133],
							"size": [3.35, 0, 2.3],
							"pivot": [-1.00438, 26.77184, -8.7133],
							"rotation": [5.29512, -3.5874, -29.35824],
							"uv": {
								"west": {"uv": [14, 10], "uv_size": [-2, 0]},
								"up": {"uv": [0, 59.5], "uv_size": [3.5, 2.5]}
							}
						},
						{
							"origin": [-4.08514, 25.92615, -8.89103],
							"size": [3.35, 0, 2.3],
							"pivot": [-0.73514, 25.92715, -6.59103],
							"rotation": [-22.19244, -4.76258, -29.18322],
							"uv": {
								"west": {"uv": [14, 10], "uv_size": [-2, 0]},
								"up": {"uv": [0, 57], "uv_size": [3.5, 2.5]}
							}
						},
						{
							"origin": [-4.08514, 25.92615, -8.89103],
							"size": [3.35, 0, 2.3],
							"pivot": [-0.73514, 25.92715, -6.59103],
							"rotation": [-19.90027, -11.09138, -45.66612],
							"uv": {
								"west": {"uv": [14, 10], "uv_size": [-2, 0]},
								"up": {"uv": [0, 57], "uv_size": [3.5, 2.5]}
							}
						}
					]
				},
				{
					"name": "hairBack",
					"parent": "Head",
					"pivot": [0, 22.75, -5.5],
					"cubes": [
						{
							"origin": [0, 22.52646, -4.85222],
							"size": [3, 0, 2.75],
							"pivot": [0, 22.52746, -2.10222],
							"rotation": [-130.32558, 7.07071, 172.04983],
							"uv": {
								"north": {"uv": [32, 3], "uv_size": [4, 0]},
								"east": {"uv": [29, 3], "uv_size": [3, 0]},
								"south": {"uv": [39, 3], "uv_size": [4, 0]},
								"west": {"uv": [36, 3], "uv_size": [3, 0]},
								"up": {"uv": [13, 58], "uv_size": [-3, -3]},
								"down": {"uv": [36, 3], "uv_size": [4, -3]}
							}
						},
						{
							"origin": [-3, 22.52646, -4.85222],
							"size": [3, 0, 2.75],
							"pivot": [0, 22.52746, -2.10222],
							"rotation": [-130.45771, -8.22701, -175.02767],
							"uv": {
								"north": {"uv": [36, 3], "uv_size": [-4, 0]},
								"east": {"uv": [39, 3], "uv_size": [-3, 0]},
								"south": {"uv": [43, 3], "uv_size": [-4, 0]},
								"west": {"uv": [32, 3], "uv_size": [-3, 0]},
								"up": {"uv": [16, 58], "uv_size": [-3, -3]},
								"down": {"uv": [40, 3], "uv_size": [-4, -3]}
							}
						}
					]
				},
				{
					"name": "bone4",
					"parent": "hairBack",
					"pivot": [0, 17.8974, -2.27594]
				},
				{
					"name": "bone2",
					"parent": "bone4",
					"pivot": [0.57719, 20.6464, -1.16618],
					"rotation": [0, 0, 10],
					"cubes": [
						{
							"origin": [5.18544, 13.27543, -3.59476],
							"size": [5, 5.5, 0],
							"pivot": [5.18544, 18.77543, -3.59376],
							"rotation": [73.0116, 39.11948, 77.36041],
							"uv": {
								"south": {"uv": [7, 58.5], "uv_size": [5, 5.5]}
							}
						},
						{
							"origin": [2.18544, 13.27543, -3.59476],
							"size": [3, 5.5, 0],
							"pivot": [5.18544, 18.77543, -3.59376],
							"rotation": [42.95953, 49.33828, 40.1307],
							"uv": {
								"south": {"uv": [7, 53], "uv_size": [3, 5.5]}
							}
						}
					]
				},
				{
					"name": "bone3",
					"parent": "bone4",
					"pivot": [1.2, 17.8974, -1.62594],
					"cubes": [
						{
							"origin": [-1.75, 14.9974, -3.12594],
							"size": [5.1, 3.95, 1.7],
							"pivot": [-0.55, 17.1474, -2.12594],
							"rotation": [-16.2044, -14.67278, 12.35659],
							"uv": {
								"south": {"uv": [0, 14], "uv_size": [5, 4]},
								"west": {"uv": [0, 21], "uv_size": [1.5, 4]},
								"up": {"uv": [6.5, 12], "uv_size": [-5, -1.5]}
							}
						},
						{
							"origin": [-1.6465, 18.95711, -2.99369],
							"size": [4.1, 2.85, 1.7],
							"pivot": [-1.6465, 18.95711, -1.29369],
							"rotation": [18.31139, -10.18027, 14.60475],
							"uv": {
								"south": {"uv": [0, 18], "uv_size": [4, 3]},
								"west": {"uv": [0, 10], "uv_size": [1.5, 3]},
								"up": {"uv": [6, 10.5], "uv_size": [-4, -1.5]}
							}
						}
					]
				},
				{
					"name": "ahoge",
					"parent": "Head",
					"pivot": [0, 22.75, -5.5],
					"cubes": [
						{
							"origin": [-1, 23.75, -5.5],
							"size": [2, 2, 0],
							"uv": {
								"north": {"uv": [2, 7], "uv_size": [2, 2]},
								"east": {"uv": [0, 7], "uv_size": [0, 2]}
							}
						}
					]
				},
				{
					"name": "armRight",
					"parent": "BodyUpper",
					"pivot": [-1.75, 10, -2.5],
					"rotation": [0, 0, 2.5],
					"cubes": [
						{
							"origin": [-2.75, 5.5, -3.75],
							"size": [2, 4.5, 2],
							"pivot": [-1.75, 9.75, -2.75],
							"rotation": [0, -45, 0],
							"uv": {
								"north": {"uv": [31, 48], "uv_size": [2, 4]},
								"east": {"uv": [29, 48], "uv_size": [2, 4]},
								"south": {"uv": [35, 48], "uv_size": [2, 4]},
								"west": {"uv": [33, 48], "uv_size": [2, 4]},
								"up": {"uv": [31, 46], "uv_size": [2, 2]},
								"down": {"uv": [33, 48], "uv_size": [2, -2]}
							}
						}
					]
				},
				{
					"name": "elbowR",
					"parent": "armRight",
					"pivot": [-1.75, 5.5, -1.33579],
					"cubes": [
						{
							"origin": [-1.75, 3.75, -4.16421],
							"size": [1.5, 1.75, 1.5],
							"pivot": [-1.75, 5.5, -4.16421],
							"rotation": [61.45116, -26.23962, -40.41998],
							"uv": {
								"north": {"uv": [5, 49], "uv_size": [1, 1]},
								"east": {"uv": [4, 49], "uv_size": [1, 1]},
								"south": {"uv": [7, 49], "uv_size": [1, 1]},
								"west": {"uv": [6, 49], "uv_size": [1, 1]},
								"up": {"uv": [5, 48], "uv_size": [1, 1]},
								"down": {"uv": [6, 49], "uv_size": [1, -1]}
							}
						},
						{
							"origin": [-3.25, 3.7, -2.83579],
							"size": [1.5, 1.8, 1.5],
							"pivot": [-1.75, 5.5, -1.33579],
							"rotation": [-63.4512, -26.2396, 40.42],
							"uv": {
								"north": {"uv": [1, 46], "uv_size": [1, 1]},
								"east": {"uv": [0, 46], "uv_size": [1, 1]},
								"south": {"uv": [3, 46], "uv_size": [1, 1]},
								"west": {"uv": [2, 46], "uv_size": [1, 1]},
								"down": {"uv": [2, 46], "uv_size": [1, -1]}
							}
						}
					]
				},
				{
					"name": "armRightlower",
					"parent": "armRight",
					"pivot": [-1.75, 5.5, -2.8],
					"rotation": [-17.5, 0, 0],
					"cubes": [
						{
							"origin": [-2.85, 0.5, -3.85],
							"size": [2.2, 5, 2.2],
							"pivot": [-1.75, 5.5, -2.75],
							"rotation": [0, -45, 0],
							"uv": {
								"north": {"uv": [23, 46], "uv_size": [2, 5]},
								"east": {"uv": [21, 46], "uv_size": [2, 5]},
								"south": {"uv": [27, 46], "uv_size": [2, 5]},
								"west": {"uv": [25, 46], "uv_size": [2, 5]},
								"up": {"uv": [23, 44], "uv_size": [2, 2]},
								"down": {"uv": [25, 46], "uv_size": [2, -2]}
							}
						},
						{
							"origin": [-3.25, 0.5, -4.30563],
							"size": [1.5, 1.5, 1.6],
							"pivot": [-1.75, 0.5, -4.30563],
							"rotation": [-40.82774, 35.80709, 30.68432],
							"uv": {
								"north": {"uv": [32, 45], "uv_size": [1, 1]},
								"east": {"uv": [31, 45], "uv_size": [1, 1]},
								"south": {"uv": [34, 45], "uv_size": [1, 1]},
								"west": {"uv": [33, 45], "uv_size": [1, 1]},
								"up": {"uv": [32, 44], "uv_size": [1, 1]},
								"down": {"uv": [33, 45], "uv_size": [1, -1]}
							}
						}
					]
				},
				{
					"name": "righthandhoof",
					"parent": "armRightlower",
					"pivot": [-1.75, 1.1, -1.89437],
					"rotation": [17.5, 0, 0]
				},
				{
					"name": "bone",
					"parent": "righthandhoof",
					"pivot": [-1.75509, 0.97715, -2.73709],
					"rotation": [0, -45, 0],
					"cubes": [
						{
							"origin": [-3.13437, 0.06086, -4.12357],
							"size": [2.6, 0.5, 2.6],
							"uv": {
								"north": {"uv": [9, 4], "uv_size": [2, 0]},
								"east": {"uv": [7, 4], "uv_size": [2, 0]},
								"south": {"uv": [13, 4], "uv_size": [2, 0]},
								"west": {"uv": [11, 4], "uv_size": [2, 0]},
								"up": {"uv": [9, 2], "uv_size": [2, 2]},
								"down": {"uv": [11, 4], "uv_size": [2, -2]}
							}
						},
						{
							"origin": [-2.41555, 0.30004, -3.50074],
							"size": [1.35, 2, 1.3],
							"pivot": [-2.41555, 2.30004, -2.20074],
							"rotation": [19.8719, -5.07213, 20.62573],
							"uv": {
								"north": {"uv": [32, 53], "uv_size": [1, 2]},
								"east": {"uv": [31, 53], "uv_size": [1, 2]},
								"south": {"uv": [34, 53], "uv_size": [1, 2]},
								"west": {"uv": [33, 53], "uv_size": [1, 2]},
								"up": {"uv": [32, 52], "uv_size": [1, 1]},
								"down": {"uv": [33, 53], "uv_size": [1, -1]}
							}
						},
						{
							"origin": [-2.46586, -0.11686, -3.52227],
							"size": [1.35, 2, 1.3],
							"pivot": [-2.46586, 1.88314, -2.32227],
							"rotation": [-19.8719, 5.0721, 20.62573],
							"uv": {
								"north": {"uv": [28, 53], "uv_size": [1, 2]},
								"east": {"uv": [27, 53], "uv_size": [1, 2]},
								"south": {"uv": [30, 53], "uv_size": [1, 2]},
								"west": {"uv": [29, 53], "uv_size": [1, 2]},
								"up": {"uv": [28, 52], "uv_size": [1, 1]},
								"down": {"uv": [29, 53], "uv_size": [1, -1]}
							}
						},
						{
							"origin": [-2.18136, 0.02902, -3.0756],
							"size": [1.35, 2, 1.3],
							"pivot": [-1.38136, 1.02902, -2.3756],
							"rotation": [19.8719, 5.0721, -20.6257],
							"uv": {
								"north": {"uv": [16, 53], "uv_size": [1, 2]},
								"east": {"uv": [15, 53], "uv_size": [1, 2]},
								"south": {"uv": [18, 53], "uv_size": [1, 2]},
								"west": {"uv": [17, 53], "uv_size": [1, 2]},
								"up": {"uv": [16, 52], "uv_size": [1, 1]},
								"down": {"uv": [17, 53], "uv_size": [1, -1]}
							}
						},
						{
							"origin": [-2.47835, -0.50283, -3.61952],
							"size": [1.35, 2, 1.3],
							"pivot": [-2.22835, 1.49717, -2.41952],
							"rotation": [-19.8719, -5.07213, -20.6257],
							"uv": {
								"north": {"uv": [12, 53], "uv_size": [1, 2]},
								"east": {"uv": [11, 53], "uv_size": [1, 2]},
								"south": {"uv": [14, 53], "uv_size": [1, 2]},
								"west": {"uv": [13, 53], "uv_size": [1, 2]},
								"up": {"uv": [12, 52], "uv_size": [1, 1]},
								"down": {"uv": [13, 53], "uv_size": [1, -1]}
							}
						}
					]
				},
				{
					"name": "armLeft",
					"parent": "BodyUpper",
					"pivot": [1.75, 10, -2.5],
					"rotation": [0, 0, -2.5],
					"cubes": [
						{
							"origin": [0.75, 5.5, -3.75],
							"size": [2, 4.5, 2],
							"pivot": [1.75, 9.75, -2.75],
							"rotation": [0, 45, 0],
							"uv": {
								"north": {"uv": [48, 18], "uv_size": [2, 4]},
								"east": {"uv": [46, 18], "uv_size": [2, 4]},
								"south": {"uv": [52, 18], "uv_size": [2, 4]},
								"west": {"uv": [50, 18], "uv_size": [2, 4]},
								"up": {"uv": [48, 16], "uv_size": [2, 2]},
								"down": {"uv": [50, 18], "uv_size": [2, -2]}
							}
						}
					]
				},
				{
					"name": "elbowL",
					"parent": "armLeft",
					"pivot": [1.75, 5.5, -4.16421],
					"cubes": [
						{
							"origin": [1.75, 3.7, -2.83579],
							"size": [1.5, 1.8, 1.5],
							"pivot": [1.75, 5.5, -1.33579],
							"rotation": [-63.4512, 26.2396, -40.42],
							"uv": {
								"north": {"uv": [28, 45], "uv_size": [1, 1]},
								"east": {"uv": [27, 45], "uv_size": [1, 1]},
								"south": {"uv": [30, 45], "uv_size": [1, 1]},
								"west": {"uv": [29, 45], "uv_size": [1, 1]},
								"up": {"uv": [28, 44], "uv_size": [1, 1]},
								"down": {"uv": [29, 45], "uv_size": [1, -1]}
							}
						},
						{
							"origin": [0.25, 3.75, -4.16421],
							"size": [1.5, 1.75, 1.5],
							"pivot": [1.75, 5.5, -4.16421],
							"rotation": [61.45116, 26.23962, 40.41998],
							"uv": {
								"north": {"uv": [44, 32], "uv_size": [1, 1]},
								"east": {"uv": [43, 32], "uv_size": [1, 1]},
								"south": {"uv": [46, 32], "uv_size": [1, 1]},
								"west": {"uv": [45, 32], "uv_size": [1, 1]},
								"up": {"uv": [44, 31], "uv_size": [1, 1]},
								"down": {"uv": [45, 32], "uv_size": [1, -1]}
							}
						}
					]
				},
				{
					"name": "armLeftlower",
					"parent": "armLeft",
					"pivot": [1.75, 5.5, -2.8],
					"rotation": [-17.5, 0, 0],
					"cubes": [
						{
							"origin": [0.65, 0.75, -3.85],
							"size": [2.2, 4.75, 2.2],
							"pivot": [1.75, 5.5, -2.75],
							"rotation": [0, 45, 0],
							"uv": {
								"north": {"uv": [14, 48], "uv_size": [2, 4]},
								"east": {"uv": [12, 48], "uv_size": [2, 4]},
								"south": {"uv": [18, 48], "uv_size": [2, 4]},
								"west": {"uv": [16, 48], "uv_size": [2, 4]},
								"up": {"uv": [14, 46], "uv_size": [2, 2]},
								"down": {"uv": [16, 48], "uv_size": [2, -2]}
							}
						},
						{
							"origin": [1.75, 0.5, -4.30563],
							"size": [1.5, 1.5, 1.6],
							"pivot": [1.75, 0.5, -4.30563],
							"rotation": [-40.82774, -35.80709, -30.68432],
							"uv": {
								"north": {"uv": [1, 38], "uv_size": [1, 1]},
								"east": {"uv": [0, 38], "uv_size": [1, 1]},
								"south": {"uv": [3, 38], "uv_size": [1, 1]},
								"west": {"uv": [2, 38], "uv_size": [1, 1]},
								"up": {"uv": [1, 37], "uv_size": [1, 1]},
								"down": {"uv": [2, 38], "uv_size": [1, -1]}
							}
						}
					]
				},
				{
					"name": "lefthandhoof",
					"parent": "armLeftlower",
					"pivot": [1.75, 1.35, -1.89437],
					"rotation": [17.5, 0, 0],
					"cubes": [
						{
							"origin": [0.45, 0.06086, -4.1543],
							"size": [2.6, 0.75, 2.6],
							"pivot": [1.75, -0.18914, -2.8543],
							"rotation": [0, 45, 0],
							"uv": {
								"north": {"uv": [9, 2], "uv_size": [2, 0]},
								"east": {"uv": [7, 2], "uv_size": [2, 0]},
								"south": {"uv": [13, 0], "uv_size": [3, 1]},
								"west": {"uv": [11, 2], "uv_size": [2, 0]},
								"up": {"uv": [9, 0], "uv_size": [2, 2]},
								"down": {"uv": [11, 2], "uv_size": [2, -2]}
							}
						},
						{
							"origin": [1.25136, 0.55004, -4.12485],
							"size": [1.35, 2, 1.3],
							"pivot": [2.60136, 2.55004, -2.82485],
							"rotation": [-1.219, 46.1955, -30.4582],
							"uv": {
								"south": {"uv": [54, 46], "uv_size": [1, 2]},
								"west": {"uv": [53, 46], "uv_size": [1, 2]},
								"up": {"uv": [52, 45], "uv_size": [1, 1]}
							}
						},
						{
							"origin": [1.201, 0.13314, -4.14636],
							"size": [1.35, 2, 1.3],
							"pivot": [2.551, 2.13314, -2.94636],
							"rotation": [-37.955, 36.6322, -25.9283],
							"uv": {
								"north": {"uv": [52, 36], "uv_size": [1, 2]},
								"west": {"uv": [53, 36], "uv_size": [1, 2]},
								"up": {"uv": [52, 35], "uv_size": [1, 1]}
							}
						},
						{
							"origin": [1.19644, 0.27902, -2.91721],
							"size": [1.35, 2, 1.3],
							"pivot": [1.74644, 1.27902, -2.21721],
							"rotation": [37.9549, 36.6322, 25.9283],
							"uv": {
								"east": {"uv": [51, 30], "uv_size": [1, 2]},
								"south": {"uv": [54, 30], "uv_size": [1, 2]},
								"up": {"uv": [52, 29], "uv_size": [1, 1]}
							}
						},
						{
							"origin": [1.21429, -0.25283, -4.04718],
							"size": [1.35, 2, 1.3],
							"pivot": [2.31429, 1.74717, -2.84718],
							"rotation": [1.2189, 46.1955, 30.4581],
							"uv": {
								"north": {"uv": [52, 27], "uv_size": [1, 2]},
								"east": {"uv": [51, 27], "uv_size": [1, 2]},
								"up": {"uv": [52, 26], "uv_size": [1, 1]}
							}
						}
					]
				},
				{
					"name": "LeftWaistLocator",
					"parent": "BodyUpper",
					"pivot": [4, 12.75, -1.25],
					"rotation": [-15, 0, 0]
				},
				{
					"name": "RightWaistLocator",
					"parent": "BodyUpper",
					"pivot": [-4, 12.75, -1.25],
					"rotation": [-10, 0, 0]
				},
				{
					"name": "WingLeft",
					"parent": "BodyUpper",
					"pivot": [-3.32083, 12.09583, -1]
				},
				{
					"name": "WingLeftClosed",
					"parent": "WingLeft",
					"pivot": [-3.32083, 12.09583, -1],
					"rotation": [19.07628, -15.11134, 5.30163],
					"cubes": [
						{
							"origin": [-3.79583, 9.94583, 0.25],
							"size": [0.7125, 0.325, 3.625],
							"pivot": [-3.82083, 9.94583, 0.25],
							"rotation": [38.04487, 0, 0],
							"uv": {
								"east": {"uv": [63.5, 40], "uv_size": [-6, 0.5]},
								"west": {"uv": [63.5, 40], "uv_size": [-6, 0.5]},
								"down": {"uv": [56.5, 43], "uv_size": [1, -4.5]}
							}
						},
						{
							"origin": [-3.78333, 10.28061, -0.9299],
							"size": [0.6875, 3.4625, 3.95417],
							"uv": {
								"east": {"uv": [64, 34.5], "uv_size": [-5.5, 5.5]},
								"west": {"uv": [58.5, 34.5], "uv_size": [5.5, 5.5]}
							}
						},
						{
							"origin": [-3.83333, 9.94583, -2.125],
							"size": [0.7875, 3.7625, 2.375],
							"uv": {
								"east": {"uv": [58.5, 32], "uv_size": [-3, 4.5]},
								"up": {"uv": [61, 43.5], "uv_size": [1, -3]},
								"down": {"uv": [55.5, 43], "uv_size": [1, -3]}
							}
						},
						{
							"origin": [-3.82083, 13.70833, 0.25],
							"size": [0.75, 2.95306, 0.375],
							"pivot": [-3.82083, 13.70833, 0.25],
							"rotation": [-102.90138, 0, 0],
							"uv": {
								"north": {"uv": [55.5, 39], "uv_size": [-1, 4]},
								"east": {"uv": [55.5, 35], "uv_size": [-0.5, 4]},
								"west": {"uv": [55.5, 35], "uv_size": [-0.5, 4]},
								"up": {"uv": [60.5, 34], "uv_size": [1, -1]}
							}
						},
						{
							"origin": [-3.80833, 13.04899, 3.12851],
							"size": [0.7, 0.8625, 0.2875],
							"pivot": [-3.82083, 13.04899, 3.12851],
							"rotation": [179, 0, 0],
							"uv": {
								"north": {"uv": [56.5, 38.5], "uv_size": [-1, 1.5]},
								"east": {"uv": [62, 32.5], "uv_size": [-0.5, 1.5]},
								"west": {"uv": [58, 38.5], "uv_size": [-0.5, 1.5]}
							}
						},
						{
							"origin": [-3.80833, 10.98333, -3.4125],
							"size": [0.725, 1.8625, 1.4125],
							"uv": {
								"north": {"uv": [60, 40.5], "uv_size": [-1, 2.5]},
								"east": {"uv": [60.5, 32], "uv_size": [-1.5, 2]}
							}
						},
						{
							"origin": [-3.82083, 9.32083, -3.4125],
							"size": [0.75, 1.6625, 0.8],
							"pivot": [-3.82083, 10.98333, -3.4125],
							"rotation": [51.5, 0, 0],
							"uv": {
								"north": {"uv": [58.5, 40.5], "uv_size": [-1, 2.5]},
								"east": {"uv": [56.5, 36.5], "uv_size": [-1, 2]}
							}
						},
						{
							"origin": [-3.82083, 12.84583, -3.4125],
							"size": [0.75, 1.5625, 0.75],
							"pivot": [-3.82083, 12.84583, -3.4125],
							"rotation": [-56.75, 0, 0],
							"uv": {
								"north": {"uv": [61, 40.5], "uv_size": [-1, 2]},
								"east": {"uv": [57.5, 36.5], "uv_size": [-1, 2]}
							}
						}
					]
				},
				{
					"name": "WingLeftOpen",
					"parent": "WingLeft",
					"pivot": [-3.17291, 13.22467, -1.02159],
					"rotation": [42.5, 0, -85]
				},
				{
					"name": "WingLeftBottom",
					"parent": "WingLeftOpen",
					"pivot": [-2.671, 12.95984, -1.27401],
					"cubes": [
						{
							"origin": [-3.18975, 11.32859, -1.96151],
							"size": [0.125, 3.7625, 2.375],
							"pivot": [-2.671, 13.20984, -0.77401],
							"rotation": [42.5, 0, 0],
							"uv": {
								"east": {"uv": [34.5, 56], "uv_size": [-2, 3.5]},
								"west": {"uv": [57.5, 45], "uv_size": [2, 3.5]}
							}
						}
					]
				},
				{
					"name": "bone8",
					"parent": "WingLeftOpen",
					"pivot": [-3.146, 13.91437, -0.02298],
					"rotation": [-47.5, 0, 0]
				},
				{
					"name": "WingLeftMiddle",
					"parent": "bone8",
					"pivot": [-3.146, 13.91437, -0.02298],
					"rotation": [-7.5, 0, 0],
					"cubes": [
						{
							"origin": [-3.16475, 11.71886, -0.63273],
							"size": [0.0625, 5.125, 3.6625],
							"pivot": [-2.671, 13.88937, -0.02298],
							"rotation": [110, 0, 0],
							"uv": {
								"east": {"uv": [32, 55.5], "uv_size": [-4, 5]},
								"west": {"uv": [60, 43.5], "uv_size": [4, 5]}
							}
						}
					]
				},
				{
					"name": "WingLeftTop",
					"parent": "WingLeftMiddle",
					"pivot": [-3.171, 16.46437, -1.68548],
					"cubes": [
						{
							"origin": [-3.18975, 13.61265, -1.41658],
							"size": [0.125, 6.2625, 3.0125],
							"pivot": [-3.12725, 16.39422, -1.37358],
							"rotation": [100, 0, 0],
							"uv": {
								"east": {"uv": [60, 49], "uv_size": [-3, 6.5]},
								"west": {"uv": [57, 49], "uv_size": [3, 6.5]}
							}
						}
					]
				},
				{
					"name": "WingLeftTip",
					"parent": "WingLeftTop",
					"pivot": [-3.171, 19.26437, -1.68548],
					"rotation": [10, 0, 0]
				},
				{
					"name": "bone6",
					"parent": "WingLeftTip",
					"pivot": [-3.12725, 16.39422, -1.37358],
					"cubes": [
						{
							"origin": [-3.18975, 13.61265, 1.08342],
							"size": [0.125, 6.2625, 4.0125],
							"pivot": [-3.12725, 16.39422, -1.87358],
							"rotation": [90, 0, 0],
							"uv": {
								"east": {"uv": [64, 49], "uv_size": [-4, 6.5]},
								"west": {"uv": [60, 49], "uv_size": [4, 6.5]}
							}
						}
					]
				},
				{
					"name": "WingRight",
					"parent": "BodyUpper",
					"pivot": [3.32083, 12.09583, -1]
				},
				{
					"name": "WingRightClosed",
					"parent": "WingRight",
					"pivot": [3.32083, 12.09583, -1],
					"rotation": [19.07628, 15.11134, -5.30163],
					"cubes": [
						{
							"origin": [3.08333, 9.94583, 0.25],
							"size": [0.7125, 0.325, 3.625],
							"pivot": [3.82083, 9.94583, 0.25],
							"rotation": [38.04487, 0, 0],
							"uv": {
								"east": {"uv": [57.5, 40], "uv_size": [6, 0.5]},
								"west": {"uv": [57.5, 40], "uv_size": [6, 0.5]},
								"down": {"uv": [57.5, 43], "uv_size": [-1, -4.5]}
							}
						},
						{
							"origin": [3.09583, 10.28061, -0.9299],
							"size": [0.6875, 3.4625, 3.95417],
							"uv": {
								"east": {"uv": [64, 34.5], "uv_size": [-5.5, 5.5]},
								"west": {"uv": [58.5, 34.5], "uv_size": [5.5, 5.5]}
							}
						},
						{
							"origin": [3.04583, 9.94583, -2.125],
							"size": [0.7875, 3.7625, 2.375],
							"uv": {
								"west": {"uv": [55.5, 32], "uv_size": [3, 4.5]},
								"up": {"uv": [62, 43.5], "uv_size": [-1, -3]},
								"down": {"uv": [56.5, 43], "uv_size": [-1, -3]}
							}
						},
						{
							"origin": [3.07083, 13.70833, 0.25],
							"size": [0.75, 2.95306, 0.375],
							"pivot": [3.82083, 13.70833, 0.25],
							"rotation": [-102.90138, 0, 0],
							"uv": {
								"north": {"uv": [54.5, 39], "uv_size": [1, 4]},
								"east": {"uv": [55, 35], "uv_size": [0.5, 4]},
								"west": {"uv": [55, 35], "uv_size": [0.5, 4]},
								"up": {"uv": [61.5, 34], "uv_size": [-1, -1]}
							}
						},
						{
							"origin": [3.10833, 13.04899, 3.12851],
							"size": [0.7, 0.8625, 0.2875],
							"pivot": [3.82083, 13.04899, 3.12851],
							"rotation": [179, 0, 0],
							"uv": {
								"north": {"uv": [55.5, 38.5], "uv_size": [1, 1.5]},
								"east": {"uv": [57.5, 38.5], "uv_size": [0.5, 1.5]},
								"west": {"uv": [61.5, 32.5], "uv_size": [0.5, 1.5]}
							}
						},
						{
							"origin": [3.08333, 10.98333, -3.4125],
							"size": [0.725, 1.8625, 1.4125],
							"uv": {
								"north": {"uv": [59, 40.5], "uv_size": [1, 2.5]},
								"west": {"uv": [59, 32], "uv_size": [1.5, 2]}
							}
						},
						{
							"origin": [3.07083, 9.32083, -3.4125],
							"size": [0.75, 1.6625, 0.8],
							"pivot": [3.82083, 10.98333, -3.4125],
							"rotation": [51.5, 0, 0],
							"uv": {
								"north": {"uv": [57.5, 40.5], "uv_size": [1, 2.5]},
								"west": {"uv": [55.5, 36.5], "uv_size": [1, 2]}
							}
						},
						{
							"origin": [3.07083, 12.84583, -3.4125],
							"size": [0.75, 1.5625, 0.75],
							"pivot": [3.82083, 12.84583, -3.4125],
							"rotation": [-56.75, 0, 0],
							"uv": {
								"north": {"uv": [60, 40.5], "uv_size": [1, 2]},
								"west": {"uv": [56.5, 36.5], "uv_size": [1, 2]}
							}
						}
					]
				},
				{
					"name": "WingRightOpen",
					"parent": "WingRight",
					"pivot": [3.17291, 13.22467, -1.02159],
					"rotation": [42.5, 0, 85]
				},
				{
					"name": "WingRightBottom",
					"parent": "WingRightOpen",
					"pivot": [2.671, 12.95984, -1.27401],
					"cubes": [
						{
							"origin": [3.06475, 11.32859, -1.96151],
							"size": [0.125, 3.7625, 2.375],
							"pivot": [2.671, 13.20984, -0.77401],
							"rotation": [42.5, 0, 0],
							"uv": {
								"east": {"uv": [59.5, 45], "uv_size": [-2, 3.5]},
								"west": {"uv": [32.5, 56], "uv_size": [2, 3.5]}
							}
						}
					]
				},
				{
					"name": "Bone7",
					"parent": "WingRightOpen",
					"pivot": [3.146, 13.91437, -0.02298],
					"rotation": [-47.5, 0, 0]
				},
				{
					"name": "WingRightMiddle",
					"parent": "Bone7",
					"pivot": [3.146, 13.91437, -0.02298],
					"rotation": [-7.5, 0, 0],
					"cubes": [
						{
							"origin": [3.10225, 11.71886, -0.63273],
							"size": [0.0625, 5.125, 3.6625],
							"pivot": [2.671, 13.88937, -0.02298],
							"rotation": [110, 0, 0],
							"uv": {
								"east": {"uv": [64, 43.5], "uv_size": [-4, 5]},
								"west": {"uv": [28, 55.5], "uv_size": [4, 5]}
							}
						}
					]
				},
				{
					"name": "WingRightTop",
					"parent": "WingRightMiddle",
					"pivot": [3.171, 16.46437, -1.68548],
					"cubes": [
						{
							"origin": [3.06475, 13.61265, -1.41658],
							"size": [0.125, 6.2625, 3.0125],
							"pivot": [3.12725, 16.39422, -1.37358],
							"rotation": [100, 0, 0],
							"uv": {
								"east": {"uv": [60, 49], "uv_size": [-3, 6.5]},
								"west": {"uv": [57, 49], "uv_size": [3, 6.5]}
							}
						}
					]
				},
				{
					"name": "WingRightTip",
					"parent": "WingRightTop",
					"pivot": [3.171, 19.21437, -2.68548],
					"rotation": [10, 0, 0]
				},
				{
					"name": "bone5",
					"parent": "WingRightTip",
					"pivot": [3.12725, 16.14422, -1.87358],
					"rotation": [-10, 0, 0],
					"cubes": [
						{
							"origin": [3.06475, 13.36265, 1.08342],
							"size": [0.125, 6.2625, 4.0125],
							"pivot": [3.12725, 16.14422, -1.87358],
							"rotation": [100, 0, 0],
							"uv": {
								"east": {"uv": [64, 49], "uv_size": [-4, 6.5]},
								"west": {"uv": [60, 49], "uv_size": [4, 6.5]}
							}
						}
					]
				},
				{
					"name": "legRight",
					"parent": "body",
					"pivot": [-2, 12.5, 2.5],
					"rotation": [0, 0, 5],
					"cubes": [
						{
							"origin": [-3.7, 10.5, 0.5],
							"size": [3.4, 4, 4],
							"pivot": [-2, 12.5, 2.5],
							"rotation": [22.67458, 6.92618, 2.88419],
							"uv": {
								"north": {"uv": [18, 36], "uv_size": [3, 4]},
								"east": {"uv": [31, 40], "uv_size": [4, 4]},
								"south": {"uv": [19.5, 24], "uv_size": [3.5, 4]},
								"west": {"uv": [21, 36], "uv_size": [4, 4]},
								"up": {"uv": [18, 32], "uv_size": [3, 4]},
								"down": {"uv": [21, 36], "uv_size": [3, -4]}
							}
						},
						{
							"origin": [-3.5, 9.5, 2.2],
							"size": [2, 2, 3.1],
							"pivot": [-2.75, 9.5, 2.75],
							"rotation": [25.18908, 6.79382, 3.18458],
							"uv": {
								"north": {"uv": [21, 41], "uv_size": [-2, 3]},
								"east": {"uv": [21, 30], "uv_size": [-3, 2]},
								"south": {"uv": [30, 29.5], "uv_size": [-2, 2.5]},
								"west": {"uv": [19, 41], "uv_size": [-1, 3]},
								"up": {"uv": [21, 40], "uv_size": [-2, 1]},
								"down": {"uv": [30, 29.5], "uv_size": [-2, -3]}
							}
						},
						{
							"origin": [-3.76046, 10.45992, 1.255],
							"size": [0, 3.9, 2.9],
							"pivot": [-3.76046, 12.90992, 2.705],
							"rotation": [32.67458, 6.92618, 2.88419],
							"uv": {
								"east": {"uv": [64, 0], "uv_size": [-4.5, 6.5]}
							}
						}
					]
				},
				{
					"name": "LegrightBone1",
					"parent": "legRight",
					"pivot": [-2, 10.5, 3.25],
					"cubes": [
						{
							"origin": [-3, 7.5, 2.45],
							"size": [2, 3, 1.6],
							"pivot": [-2, 8.5, 3.25],
							"rotation": [25, 0, 0],
							"uv": {
								"north": {"uv": [21, 41], "uv_size": [-2, 3]},
								"east": {"uv": [22, 41], "uv_size": [-1, 3]},
								"south": {"uv": [24, 41], "uv_size": [-2, 3]},
								"west": {"uv": [19, 41], "uv_size": [-1, 3]},
								"up": {"uv": [21, 40], "uv_size": [-2, 1]},
								"down": {"uv": [23, 41], "uv_size": [-2, -1]}
							}
						},
						{
							"origin": [-2.95, 8.5, 2.95],
							"size": [1.9, 3, 1.6],
							"pivot": [-2, 9.5, 3.75],
							"rotation": [-15, 0, 0],
							"uv": {
								"east": {"uv": [0, 0], "uv_size": [1.5, 3]},
								"south": {"uv": [0, 7], "uv_size": [1.9, 3]},
								"west": {"uv": [3.5, 0], "uv_size": [1.5, 3]}
							}
						},
						{
							"origin": [-2.925, 10.53114, 2.99693],
							"size": [1.85, 2, 1.6],
							"pivot": [-2, 11.53114, 3.79693],
							"rotation": [37.5, 0, 0],
							"uv": {
								"north": {"uv": [35, 37], "uv_size": [1, 2]},
								"east": {"uv": [34, 37], "uv_size": [1, 2]},
								"south": {"uv": [37, 37], "uv_size": [1, 2]},
								"west": {"uv": [36, 37], "uv_size": [1, 2]},
								"up": {"uv": [35, 36], "uv_size": [1, 1]},
								"down": {"uv": [36, 37], "uv_size": [1, -1]}
							}
						},
						{
							"origin": [-2.975, 9.5, 1.95],
							"size": [1.95, 2, 1.6],
							"pivot": [-2, 10.5, 2.75],
							"rotation": [-5, 0, 0],
							"uv": {
								"north": {"uv": [21, 41], "uv_size": [-2, 3]},
								"east": {"uv": [22, 41], "uv_size": [-1, 3]},
								"south": {"uv": [24, 41], "uv_size": [-2, 3]},
								"west": {"uv": [19, 41], "uv_size": [-1, 3]},
								"up": {"uv": [21, 40], "uv_size": [-2, 1]},
								"down": {"uv": [23, 41], "uv_size": [-2, -1]}
							}
						}
					]
				},
				{
					"name": "LegrightBone2",
					"parent": "LegrightBone1",
					"pivot": [-2, 7.5, 4.25],
					"rotation": [17.5, 0, 0],
					"cubes": [
						{
							"origin": [-2.8, 3.73739, 3.02809],
							"size": [1.6, 4, 2.1],
							"pivot": [-2, 5.73739, 4.07809],
							"rotation": [0, 45, 0],
							"uv": {
								"north": {"uv": [3, 50], "uv_size": [-1, 4]},
								"east": {"uv": [5, 50], "uv_size": [-2, 4]},
								"south": {"uv": [6, 50], "uv_size": [-1, 4]},
								"west": {"uv": [2, 50], "uv_size": [-2, 4]},
								"up": {"uv": [3, 48], "uv_size": [-1, 2]},
								"down": {"uv": [4, 50], "uv_size": [-1, -2]}
							}
						}
					]
				},
				{
					"name": "LegrightBone3",
					"parent": "LegrightBone2",
					"pivot": [-2, 4.23739, 4.07809],
					"rotation": [-17.5, 0, 0],
					"cubes": [
						{
							"origin": [-2.9, 0.98739, 2.92809],
							"size": [1.8, 3.5, 2.3],
							"pivot": [-2, 1.48739, 4.07809],
							"rotation": [0, 45, 0],
							"uv": {
								"north": {"uv": [54, 13], "uv_size": [-1, 3]},
								"east": {"uv": [56, 13], "uv_size": [-2, 3]},
								"south": {"uv": [53, 10], "uv_size": [-1, 3]},
								"west": {"uv": [53, 13], "uv_size": [-2, 3]},
								"up": {"uv": [54, 11], "uv_size": [-1, 2]},
								"down": {"uv": [55, 13], "uv_size": [-1, -2]}
							}
						}
					]
				},
				{
					"name": "Legrighthoof4",
					"parent": "LegrightBone3",
					"pivot": [-1.9, 1.32553, 4.94034],
					"cubes": [
						{
							"origin": [-2.69644, 0.25455, 3.9175],
							"size": [1.35, 2, 1.3],
							"pivot": [-1.89644, 1.25455, 4.6175],
							"rotation": [37.9549, -36.6322, -25.9283],
							"uv": {
								"north": {"uv": [21, 52], "uv_size": [-1, 2]},
								"east": {"uv": [22, 52], "uv_size": [-1, 2]},
								"south": {"uv": [23, 52], "uv_size": [-1, 2]},
								"west": {"uv": [20, 52], "uv_size": [-1, 2]},
								"up": {"uv": [21, 51], "uv_size": [-1, 1]},
								"down": {"uv": [22, 52], "uv_size": [-1, -1]}
							}
						},
						{
							"origin": [-2.701, 0.10867, 2.68835],
							"size": [1.35, 2, 1.3],
							"pivot": [-2.701, 2.10867, 3.88835],
							"rotation": [-37.955, -36.6322, 25.9283],
							"uv": {
								"north": {"uv": [11, 43], "uv_size": [-1, 2]},
								"east": {"uv": [12, 43], "uv_size": [-1, 2]},
								"south": {"uv": [13, 43], "uv_size": [-1, 2]},
								"west": {"uv": [10, 43], "uv_size": [-1, 2]},
								"up": {"uv": [11, 42], "uv_size": [-1, 1]}
							}
						},
						{
							"origin": [-2.75136, 0.52557, 2.70986],
							"size": [1.35, 2, 1.3],
							"pivot": [-2.75136, 2.52557, 4.00986],
							"rotation": [-1.219, -46.1955, 30.4582],
							"uv": {
								"north": {"uv": [2, 43], "uv_size": [-1, 2]},
								"east": {"uv": [3, 43], "uv_size": [-1, 2]},
								"south": {"uv": [4, 43], "uv_size": [-1, 2]},
								"west": {"uv": [1, 43], "uv_size": [-1, 2]},
								"up": {"uv": [2, 42], "uv_size": [-1, 1]}
							}
						},
						{
							"origin": [-2.71429, -0.2773, 2.78753],
							"size": [1.35, 2, 1.3],
							"pivot": [-2.46429, 1.7227, 3.98753],
							"rotation": [1.2189, -46.1955, -30.4581],
							"uv": {
								"north": {"uv": [42, 30], "uv_size": [-1, 2]},
								"east": {"uv": [43, 30], "uv_size": [-1, 2]},
								"south": {"uv": [44, 30], "uv_size": [-1, 2]},
								"west": {"uv": [41, 30], "uv_size": [-1, 2]},
								"up": {"uv": [42, 29], "uv_size": [-1, 1]},
								"down": {"uv": [43, 30], "uv_size": [-1, -1]}
							}
						},
						{
							"origin": [-3.2, -0.21361, 2.68041],
							"size": [2.6, 1, 2.6],
							"pivot": [-1.9, -0.21361, 3.98041],
							"rotation": [0, -45, 0],
							"uv": {
								"north": {"uv": [54, 7], "uv_size": [-2, 1]},
								"east": {"uv": [56, 7], "uv_size": [-2, 1]},
								"south": {"uv": [58, 7], "uv_size": [-2, 1]},
								"west": {"uv": [52, 7], "uv_size": [-2, 1]},
								"up": {"uv": [54, 5], "uv_size": [-2, 2]},
								"down": {"uv": [56, 7], "uv_size": [-2, -2]}
							}
						}
					]
				},
				{
					"name": "legLeft",
					"parent": "body",
					"pivot": [2, 12.5, 2.5],
					"rotation": [0, 0, -5],
					"cubes": [
						{
							"origin": [0.3, 10.5, 0.5],
							"size": [3.4, 4, 4],
							"pivot": [2, 12.5, 2.5],
							"rotation": [22.67458, -6.92618, -2.88419],
							"uv": {
								"north": {"uv": [21, 36], "uv_size": [-3, 4]},
								"east": {"uv": [25, 36], "uv_size": [-4, 4]},
								"south": {"uv": [23, 24], "uv_size": [-3.5, 4]},
								"west": {"uv": [35, 40], "uv_size": [-4, 4]},
								"up": {"uv": [21, 32], "uv_size": [-3, 4]},
								"down": {"uv": [24, 36], "uv_size": [-3, -4]}
							}
						},
						{
							"origin": [1.5, 9.5, 2.2],
							"size": [2, 2, 3.1],
							"pivot": [2.75, 9.5, 2.75],
							"rotation": [25.18908, -6.79382, -3.18458],
							"uv": {
								"north": {"uv": [19, 41], "uv_size": [2, 3]},
								"east": {"uv": [18, 41], "uv_size": [1, 3]},
								"south": {"uv": [28, 29.5], "uv_size": [2, 2.5]},
								"west": {"uv": [18, 30], "uv_size": [3, 2]},
								"up": {"uv": [19, 40], "uv_size": [2, 1]},
								"down": {"uv": [28, 29.5], "uv_size": [2, -3]}
							}
						},
						{
							"origin": [3.76046, 10.45992, 1.255],
							"size": [0, 3.9, 2.9],
							"pivot": [3.76046, 12.90992, 2.705],
							"rotation": [32.67458, -6.92618, -2.88419],
							"uv": {
								"west": {"uv": [59.5, 0], "uv_size": [4.5, 6.5]}
							}
						}
					]
				},
				{
					"name": "LegleftBone1",
					"parent": "legLeft",
					"pivot": [2, 10.5, 3.25],
					"cubes": [
						{
							"origin": [1, 7.5, 2.45],
							"size": [2, 3, 1.6],
							"pivot": [2, 8.5, 3.25],
							"rotation": [25, 0, 0],
							"uv": {
								"north": {"uv": [19, 41], "uv_size": [2, 3]},
								"east": {"uv": [18, 41], "uv_size": [1, 3]},
								"south": {"uv": [22, 41], "uv_size": [2, 3]},
								"west": {"uv": [21, 41], "uv_size": [1, 3]},
								"up": {"uv": [19, 40], "uv_size": [2, 1]},
								"down": {"uv": [21, 41], "uv_size": [2, -1]}
							}
						},
						{
							"origin": [1.05, 8.5, 2.95],
							"size": [1.9, 3, 1.6],
							"pivot": [2, 9.5, 3.75],
							"rotation": [-15, 0, 0],
							"uv": {
								"east": {"uv": [5, 0], "uv_size": [-1.5, 3]},
								"south": {"uv": [1.9, 7], "uv_size": [-1.9, 3]},
								"west": {"uv": [1.5, 0], "uv_size": [-1.5, 3]}
							}
						},
						{
							"origin": [1.075, 10.53114, 2.99693],
							"size": [1.85, 2, 1.6],
							"pivot": [2, 11.53114, 3.79693],
							"rotation": [37.5, 0, 0],
							"uv": {
								"north": {"uv": [36, 37], "uv_size": [-1, 2]},
								"east": {"uv": [37, 37], "uv_size": [-1, 2]},
								"south": {"uv": [38, 37], "uv_size": [-1, 2]},
								"west": {"uv": [35, 37], "uv_size": [-1, 2]},
								"up": {"uv": [36, 36], "uv_size": [-1, 1]},
								"down": {"uv": [37, 37], "uv_size": [-1, -1]}
							}
						},
						{
							"origin": [1.025, 9.5, 1.95],
							"size": [1.95, 2, 1.6],
							"pivot": [2, 10.5, 2.75],
							"rotation": [-5, 0, 0],
							"uv": {
								"north": {"uv": [19, 41], "uv_size": [2, 3]},
								"east": {"uv": [18, 41], "uv_size": [1, 3]},
								"south": {"uv": [22, 41], "uv_size": [2, 3]},
								"west": {"uv": [21, 41], "uv_size": [1, 3]},
								"up": {"uv": [19, 40], "uv_size": [2, 1]},
								"down": {"uv": [21, 41], "uv_size": [2, -1]}
							}
						}
					]
				},
				{
					"name": "LegleftBone2",
					"parent": "LegleftBone1",
					"pivot": [2, 7.5, 4.25],
					"rotation": [17.5, 0, 0],
					"cubes": [
						{
							"origin": [1.2, 3.73739, 3.02809],
							"size": [1.6, 4, 2.1],
							"pivot": [2, 5.73739, 4.07809],
							"rotation": [0, -45, 0],
							"uv": {
								"north": {"uv": [2, 50], "uv_size": [1, 4]},
								"east": {"uv": [0, 50], "uv_size": [2, 4]},
								"south": {"uv": [5, 50], "uv_size": [1, 4]},
								"west": {"uv": [3, 50], "uv_size": [2, 4]},
								"up": {"uv": [2, 48], "uv_size": [1, 2]},
								"down": {"uv": [3, 50], "uv_size": [1, -2]}
							}
						}
					]
				},
				{
					"name": "LegleftBone3",
					"parent": "LegleftBone2",
					"pivot": [2, 4.23739, 4.07809],
					"rotation": [-17.5, 0, 0],
					"cubes": [
						{
							"origin": [1.1, 0.98739, 2.92809],
							"size": [1.8, 3.5, 2.3],
							"pivot": [2, 1.48739, 4.07809],
							"rotation": [0, -45, 0],
							"uv": {
								"north": {"uv": [53, 13], "uv_size": [1, 3]},
								"east": {"uv": [51, 13], "uv_size": [2, 3]},
								"south": {"uv": [52, 10], "uv_size": [1, 3]},
								"west": {"uv": [54, 13], "uv_size": [2, 3]},
								"up": {"uv": [53, 11], "uv_size": [1, 2]},
								"down": {"uv": [54, 13], "uv_size": [1, -2]}
							}
						}
					]
				},
				{
					"name": "Leglefthoof4",
					"parent": "LegleftBone3",
					"pivot": [1.9, 1.32553, 4.94034],
					"cubes": [
						{
							"origin": [1.34644, 0.25455, 3.9175],
							"size": [1.35, 2, 1.3],
							"pivot": [1.89644, 1.25455, 4.6175],
							"rotation": [37.9549, 36.6322, 25.9283],
							"uv": {
								"north": {"uv": [20, 52], "uv_size": [1, 2]},
								"east": {"uv": [19, 52], "uv_size": [1, 2]},
								"south": {"uv": [22, 52], "uv_size": [1, 2]},
								"west": {"uv": [21, 52], "uv_size": [1, 2]},
								"up": {"uv": [20, 51], "uv_size": [1, 1]},
								"down": {"uv": [21, 52], "uv_size": [1, -1]}
							}
						},
						{
							"origin": [1.351, 0.10867, 2.68835],
							"size": [1.35, 2, 1.3],
							"pivot": [2.701, 2.10867, 3.88835],
							"rotation": [-37.955, 36.6322, -25.9283],
							"uv": {
								"north": {"uv": [10, 43], "uv_size": [1, 2]},
								"east": {"uv": [9, 43], "uv_size": [1, 2]},
								"south": {"uv": [12, 43], "uv_size": [1, 2]},
								"west": {"uv": [11, 43], "uv_size": [1, 2]},
								"up": {"uv": [10, 42], "uv_size": [1, 1]}
							}
						},
						{
							"origin": [1.40136, 0.52557, 2.70986],
							"size": [1.35, 2, 1.3],
							"pivot": [2.75136, 2.52557, 4.00986],
							"rotation": [-1.219, 46.1955, -30.4582],
							"uv": {
								"north": {"uv": [1, 43], "uv_size": [1, 2]},
								"east": {"uv": [0, 43], "uv_size": [1, 2]},
								"south": {"uv": [3, 43], "uv_size": [1, 2]},
								"west": {"uv": [2, 43], "uv_size": [1, 2]},
								"up": {"uv": [1, 42], "uv_size": [1, 1]}
							}
						},
						{
							"origin": [1.36429, -0.2773, 2.78753],
							"size": [1.35, 2, 1.3],
							"pivot": [2.46429, 1.7227, 3.98753],
							"rotation": [1.2189, 46.1955, 30.4581],
							"uv": {
								"north": {"uv": [41, 30], "uv_size": [1, 2]},
								"east": {"uv": [40, 30], "uv_size": [1, 2]},
								"south": {"uv": [43, 30], "uv_size": [1, 2]},
								"west": {"uv": [42, 30], "uv_size": [1, 2]},
								"up": {"uv": [41, 29], "uv_size": [1, 1]},
								"down": {"uv": [42, 30], "uv_size": [1, -1]}
							}
						},
						{
							"origin": [0.6, -0.21361, 2.68041],
							"size": [2.6, 1, 2.6],
							"pivot": [1.9, -0.21361, 3.98041],
							"rotation": [0, 45, 0],
							"uv": {
								"north": {"uv": [52, 7], "uv_size": [2, 1]},
								"east": {"uv": [50, 7], "uv_size": [2, 1]},
								"south": {"uv": [56, 7], "uv_size": [2, 1]},
								"west": {"uv": [54, 7], "uv_size": [2, 1]},
								"up": {"uv": [52, 5], "uv_size": [2, 2]},
								"down": {"uv": [54, 7], "uv_size": [2, -2]}
							}
						}
					]
				},
				{
					"name": "tail",
					"parent": "body",
					"pivot": [0, 14.75, 3.5],
					"rotation": [20, 0, 0],
					"cubes": [
						{
							"origin": [0, 11.98606, 2.66121],
							"size": [0, 6, 6.25],
							"uv": {
								"east": {"uv": [57.5, 57], "uv_size": [6.5, 6]}
							}
						}
					]
				},
				{
					"name": "tail1",
					"parent": "tail",
					"pivot": [0, 14.48606, 7.53621],
					"rotation": [-37.5, 0, 0],
					"cubes": [
						{
							"origin": [-0.1, 11.48606, 6.41121],
							"size": [0, 7, 7.25],
							"uv": {
								"east": {"uv": [50.5, 56], "uv_size": [7, 7]}
							}
						}
					]
				},
				{
					"name": "tail2",
					"parent": "tail1",
					"pivot": [0, 13.48606, 11.03621],
					"rotation": [-62.5, 0, 0],
					"cubes": [
						{
							"origin": [0, 9.37046, 11.02325],
							"size": [0, 8, 6.25],
							"uv": {
								"east": {"uv": [43.5, 55.5], "uv_size": [6.5, 8]}
							}
						}
					]
				},
				{
					"name": "tail3",
					"parent": "tail2",
					"pivot": [0, 13.48606, 15.03621],
					"cubes": [
						{
							"origin": [0.1, 9.44126, 15.0357],
							"size": [0, 8, 8.25],
							"pivot": [0.1, 13.24546, 15.04825],
							"rotation": [2.5, 0, 0],
							"uv": {
								"east": {"uv": [35.5, 55.5], "uv_size": [8, 8]}
							}
						}
					]
				}
			]
		}
	]
}