{
	"format_version": "1.21.0",
	"minecraft:geometry": [
		{
			"description": {
				"identifier": "geometry.model",
				"texture_width": 64,
				"texture_height": 64,
				"visible_bounds_width": 7,
				"visible_bounds_height": 4,
				"visible_bounds_offset": [0, 1, 0]
			},
			"bones": [
				{
					"name": "AllBody",
					"pivot": [0, 18, 0]
				},
				{
					"name": "RightHandLocator",
					"parent": "AllBody",
					"pivot": [-9, 7.55, -10.3],
					"rotation": [-92.5, 45, 0],
					"cubes": [
						{
							"origin": [-10.5, 7.02686, -14.64965],
							"size": [3, 1, 3],
							"uv": {
								"north": {"uv": [36, 0], "uv_size": [3, 1]},
								"east": {"uv": [36, 0], "uv_size": [3, 1]},
								"south": {"uv": [36, 0], "uv_size": [3, 1]},
								"west": {"uv": [36, 0], "uv_size": [3, 1]},
								"up": {"uv": [39, 3], "uv_size": [-3, -3]},
								"down": {"uv": [39, 3], "uv_size": [-3, -3]}
							}
						},
						{
							"origin": [-9.5, 6.02686, -22.64965],
							"size": [1, 3, 11],
							"uv": {
								"north": {"uv": [36, 0], "uv_size": [3, 1]},
								"east": {"uv": [36, 0], "uv_size": [3, 1]},
								"south": {"uv": [36, 0], "uv_size": [3, 1]},
								"west": {"uv": [36, 0], "uv_size": [3, 1]},
								"up": {"uv": [39, 3], "uv_size": [-3, -3]},
								"down": {"uv": [39, 3], "uv_size": [-3, -3]}
							}
						},
						{
							"origin": [-9.5, 4.02686, -13.14965],
							"size": [1, 4, 6],
							"uv": {
								"north": {"uv": [36, 0], "uv_size": [3, 1]},
								"east": {"uv": [36, 0], "uv_size": [3, 1]},
								"south": {"uv": [36, 0], "uv_size": [3, 1]},
								"west": {"uv": [36, 0], "uv_size": [3, 1]},
								"up": {"uv": [39, 3], "uv_size": [-3, -3]},
								"down": {"uv": [39, 3], "uv_size": [-3, -3]}
							}
						}
					]
				},
				{
					"name": "shieldmagicR",
					"parent": "RightHandLocator",
					"pivot": [-9, 7.55, -14.7],
					"cubes": [
						{
							"origin": [-13, 0.55, -15.05],
							"size": [8, 14, 0],
							"uv": {
								"north": {"uv": [55, 17.5], "uv_size": [8, 14]}
							}
						},
						{
							"origin": [-13, 0.55, -16.05],
							"size": [8, 14, 0],
							"uv": {
								"north": {"uv": [63, 17.5], "uv_size": [-8, 14]}
							}
						}
					]
				},
				{
					"name": "itemmagicR",
					"parent": "RightHandLocator",
					"pivot": [-9, 7.55, -13.3],
					"cubes": [
						{
							"origin": [-13.2, 4.35, -13.9],
							"size": [8.4, 8.4, 0],
							"pivot": [-9, 7.55, -13.9],
							"rotation": [90, 0, 0],
							"uv": {
								"north": {"uv": [55, 36.5], "uv_size": [5.5, 5.5]}
							}
						}
					]
				},
				{
					"name": "toolsmagicR",
					"parent": "RightHandLocator",
					"pivot": [-9, 7.55, -13.3],
					"cubes": [
						{
							"origin": [-13.1, 0.9, -12.9],
							"size": [9.2, 17.3, 0],
							"pivot": [-9, 6.8, -12.9],
							"rotation": [90, 7.5, -90],
							"uv": {
								"north": {"uv": [55, 42], "uv_size": [4.5, 9]}
							}
						}
					]
				},
				{
					"name": "LeftHandLocator",
					"parent": "AllBody",
					"pivot": [9, 7.55, -10.3],
					"rotation": [-87.5, -45, 0],
					"cubes": [
						{
							"origin": [7.5, 7.02686, -14.64965],
							"size": [3, 1, 3],
							"uv": {
								"north": {"uv": [39, 0], "uv_size": [-3, 1]},
								"east": {"uv": [39, 0], "uv_size": [-3, 1]},
								"south": {"uv": [39, 0], "uv_size": [-3, 1]},
								"west": {"uv": [39, 0], "uv_size": [-3, 1]},
								"up": {"uv": [36, 3], "uv_size": [3, -3]},
								"down": {"uv": [36, 3], "uv_size": [3, -3]}
							}
						},
						{
							"origin": [8.5, 6.02686, -22.64965],
							"size": [1, 3, 11],
							"uv": {
								"north": {"uv": [39, 0], "uv_size": [-3, 1]},
								"east": {"uv": [39, 0], "uv_size": [-3, 1]},
								"south": {"uv": [39, 0], "uv_size": [-3, 1]},
								"west": {"uv": [39, 0], "uv_size": [-3, 1]},
								"up": {"uv": [36, 3], "uv_size": [3, -3]},
								"down": {"uv": [36, 3], "uv_size": [3, -3]}
							}
						},
						{
							"origin": [8.5, 4.02686, -13.14965],
							"size": [1, 4, 6],
							"uv": {
								"north": {"uv": [39, 0], "uv_size": [-3, 1]},
								"east": {"uv": [39, 0], "uv_size": [-3, 1]},
								"south": {"uv": [39, 0], "uv_size": [-3, 1]},
								"west": {"uv": [39, 0], "uv_size": [-3, 1]},
								"up": {"uv": [36, 3], "uv_size": [3, -3]},
								"down": {"uv": [36, 3], "uv_size": [3, -3]}
							}
						}
					]
				},
				{
					"name": "shieldmagicL",
					"parent": "LeftHandLocator",
					"pivot": [9, 7.55, -14.7],
					"cubes": [
						{
							"origin": [5, 0.55, -15.05],
							"size": [8, 14, 0],
							"uv": {
								"north": {"uv": [63, 17.5], "uv_size": [-8, 14]}
							}
						},
						{
							"origin": [5, 0.55, -16.05],
							"size": [8, 14, 0],
							"uv": {
								"north": {"uv": [55, 17.5], "uv_size": [8, 14]}
							}
						}
					]
				},
				{
					"name": "itemmagicL",
					"parent": "LeftHandLocator",
					"pivot": [9, 7.55, -13.3],
					"cubes": [
						{
							"origin": [4.8, 4.35, -13.9],
							"size": [8.4, 8.4, 0],
							"pivot": [9, 7.55, -13.9],
							"rotation": [90, 0, 0],
							"uv": {
								"north": {"uv": [60.5, 36.5], "uv_size": [-5.5, 5.5]}
							}
						}
					]
				},
				{
					"name": "toolsmagicL",
					"parent": "LeftHandLocator",
					"pivot": [9, 7.55, -13.3],
					"cubes": [
						{
							"origin": [3.9, 0.9, -12.9],
							"size": [9.2, 17.3, 0],
							"pivot": [9, 6.8, -12.9],
							"rotation": [90, -7.5, 90],
							"uv": {
								"north": {"uv": [59.5, 42], "uv_size": [-4.5, 9]}
							}
						}
					]
				},
				{
					"name": "body",
					"parent": "AllBody",
					"pivot": [0, 12.5, 2],
					"cubes": [
						{
							"origin": [-3, 10.25, -0.25],
							"size": [6, 4.5, 4.5],
							"pivot": [0, 12.5, 2],
							"rotation": [25, 0, 0],
							"uv": {
								"north": {"uv": [14, 14], "uv_size": [6, 4]},
								"east": {"uv": [10, 14], "uv_size": [4, 4]},
								"south": {"uv": [24, 14], "uv_size": [6, 4]},
								"west": {"uv": [20, 14], "uv_size": [4, 4]},
								"up": {"uv": [14, 10], "uv_size": [6, 4]},
								"down": {"uv": [20, 14], "uv_size": [6, -4]}
							}
						},
						{
							"origin": [-2.45, 9.96066, -1.64458],
							"size": [4.9, 3.2, 3.2],
							"pivot": [1.5, 11.56066, -0.04458],
							"rotation": [-20, 0, 0],
							"uv": {
								"north": {"uv": [38, 45], "uv_size": [4, 3]},
								"east": {"uv": [35, 45], "uv_size": [3, 3]},
								"south": {"uv": [45, 45], "uv_size": [4, 3]},
								"west": {"uv": [42, 45], "uv_size": [3, 3]},
								"up": {"uv": [38, 42], "uv_size": [4, 3]},
								"down": {"uv": [42, 45], "uv_size": [4, -3]}
							}
						}
					]
				},
				{
					"name": "BodyUpper",
					"parent": "body",
					"pivot": [0, 12.75, -1.25],
					"cubes": [
						{
							"origin": [-2.75, 9.96373, -2.76008],
							"size": [5.5, 4, 3],
							"uv": {
								"north": {"uv": [30, 32], "uv_size": [5, 4]},
								"east": {"uv": [27, 32], "uv_size": [3, 4]},
								"south": {"uv": [38, 32], "uv_size": [5, 4]},
								"west": {"uv": [35, 32], "uv_size": [3, 4]},
								"up": {"uv": [30, 29], "uv_size": [5, 3]},
								"down": {"uv": [35, 32], "uv_size": [5, -3]}
							}
						},
						{
							"origin": [-2.5, 9.86576, -2.64663],
							"size": [5, 3.5, 3.4],
							"pivot": [0, 9.8979, 0.6575],
							"rotation": [21.5, 0, 0],
							"uv": {
								"north": {"uv": [41, 39], "uv_size": [5, 3]},
								"east": {"uv": [38, 39], "uv_size": [3, 3]},
								"south": {"uv": [49, 39], "uv_size": [5, 3]},
								"west": {"uv": [46, 39], "uv_size": [3, 3]},
								"up": {"uv": [41, 36], "uv_size": [5, 3]},
								"down": {"uv": [46, 39], "uv_size": [5, -3]}
							}
						}
					]
				},
				{
					"name": "breatheblock",
					"parent": "BodyUpper",
					"pivot": [0, 11.65127, -3.16264],
					"cubes": [
						{
							"origin": [-2.9, 7.46566, -5.22812],
							"size": [5.8, 4.5, 4.5],
							"pivot": [0, 11, 0.25],
							"rotation": [-32.5, 0, 0],
							"uv": {
								"north": {"uv": [4, 30], "uv_size": [5, 4]},
								"east": {"uv": [0, 30], "uv_size": [4, 4]},
								"south": {"uv": [13, 30], "uv_size": [5, 4]},
								"west": {"uv": [9, 30], "uv_size": [4, 4]},
								"up": {"uv": [4, 26], "uv_size": [5, 4]},
								"down": {"uv": [9, 30], "uv_size": [5, -4]}
							}
						}
					]
				},
				{
					"name": "neck",
					"parent": "BodyUpper",
					"pivot": [0, 12.75, -4.75],
					"cubes": [
						{
							"origin": [-1, 13.44264, -7.00185],
							"size": [2.5, 2.5, 4.25],
							"pivot": [0, 14.44264, -4.87685],
							"rotation": [-90, -45, 0],
							"uv": {
								"north": {"uv": [47, 33], "uv_size": [2, 2]},
								"east": {"uv": [43, 33], "uv_size": [4, 2]},
								"south": {"uv": [53, 33], "uv_size": [2, 2]},
								"west": {"uv": [49, 33], "uv_size": [4, 2]},
								"up": {"uv": [47, 29], "uv_size": [2, 4]},
								"down": {"uv": [49, 33], "uv_size": [2, -4]}
							}
						},
						{
							"origin": [-1.16966, 10.46819, -6.01496],
							"size": [2, 2, 2.5],
							"pivot": [-0.16966, 11.46819, -3.88996],
							"rotation": [-40.87142, -37.65917, -31.62487],
							"uv": {
								"north": {"uv": [48, 24], "uv_size": [2, 2]},
								"east": {"uv": [46, 24], "uv_size": [2, 2]},
								"south": {"uv": [52, 24], "uv_size": [2, 2]},
								"west": {"uv": [50, 24], "uv_size": [2, 2]},
								"up": {"uv": [48, 22], "uv_size": [2, 2]},
								"down": {"uv": [50, 24], "uv_size": [2, -2]}
							}
						}
					]
				},
				{
					"name": "Head",
					"parent": "neck",
					"pivot": [0, 15, -4.5],
					"cubes": [
						{
							"origin": [-1, 15.99324, -9.15995],
							"size": [2, 3.75, 5.7],
							"pivot": [1, 19.74324, -9.15995],
							"rotation": [0, 35, 0],
							"uv": {
								"north": {"uv": [42, 26], "uv_size": [2, 3]},
								"east": {"uv": [37, 26], "uv_size": [5, 3]},
								"south": {"uv": [49, 26], "uv_size": [2, 3]},
								"west": {"uv": [44, 26], "uv_size": [5, 3]},
								"up": {"uv": [42, 21], "uv_size": [2, 5]},
								"down": {"uv": [44, 26], "uv_size": [2, -5]}
							}
						},
						{
							"origin": [-1, 14.24324, -9.15995],
							"size": [2, 1.75, 5.7],
							"pivot": [1, 15.99324, -9.15995],
							"rotation": [29.83757, 19.20748, 60.16243],
							"uv": {
								"north": {"uv": [5, 47], "uv_size": [2, 1]},
								"east": {"uv": [0, 47], "uv_size": [5, 1]},
								"south": {"uv": [12, 47], "uv_size": [2, 1]},
								"west": {"uv": [7, 47], "uv_size": [5, 1]},
								"up": {"uv": [5, 42], "uv_size": [2, 5]},
								"down": {"uv": [7, 47], "uv_size": [2, -5]}
							}
						},
						{
							"origin": [2.26939, 14.24324, -4.49078],
							"size": [2, 1.75, 1.7],
							"pivot": [4.26939, 15.99324, -4.49078],
							"rotation": [28.85298, -17.59362, 39.91197],
							"uv": {
								"north": {"uv": [31, 27], "uv_size": [2, 1]},
								"east": {"uv": [30, 27], "uv_size": [1, 1]},
								"south": {"uv": [34, 27], "uv_size": [2, 1]},
								"west": {"uv": [24, 32], "uv_size": [1.7, 1.75]},
								"up": {"uv": [31, 26], "uv_size": [2, 1]},
								"down": {"uv": [33, 27], "uv_size": [2, -1]}
							}
						},
						{
							"origin": [-1, 19.74324, -9.15995],
							"size": [2, 3.25, 5.7],
							"pivot": [1, 19.74324, -9.15995],
							"rotation": [-20.43426, 31.79333, -22.96377],
							"uv": {
								"north": {"uv": [41, 13], "uv_size": [2, 3]},
								"east": {"uv": [36, 13], "uv_size": [5, 3]},
								"south": {"uv": [48, 13], "uv_size": [2, 3]},
								"west": {"uv": [43, 13], "uv_size": [5, 3]},
								"up": {"uv": [41, 8], "uv_size": [2, 5]},
								"down": {"uv": [43, 13], "uv_size": [2, -5]}
							}
						},
						{
							"origin": [-1, 14.24324, -9.15995],
							"size": [2, 1.75, 5.7],
							"pivot": [-1, 15.99324, -9.15995],
							"rotation": [29.83757, -19.20748, -60.16243],
							"uv": {
								"north": {"uv": [7, 47], "uv_size": [-2, 1]},
								"east": {"uv": [12, 47], "uv_size": [-5, 1]},
								"south": {"uv": [14, 47], "uv_size": [-2, 1]},
								"west": {"uv": [5, 47], "uv_size": [-5, 1]},
								"up": {"uv": [7, 42], "uv_size": [-2, 5]},
								"down": {"uv": [9, 47], "uv_size": [-2, -5]}
							}
						},
						{
							"origin": [-1, 15.99324, -9.15995],
							"size": [2, 3.75, 5.7],
							"pivot": [-1, 19.74324, -9.15995],
							"rotation": [0, -35, 0],
							"uv": {
								"north": {"uv": [44, 26], "uv_size": [-2, 3]},
								"east": {"uv": [49, 26], "uv_size": [-5, 3]},
								"south": {"uv": [51, 26], "uv_size": [-2, 3]},
								"west": {"uv": [42, 26], "uv_size": [-5, 3]},
								"up": {"uv": [44, 21], "uv_size": [-2, 5]},
								"down": {"uv": [46, 26], "uv_size": [-2, -5]}
							}
						},
						{
							"origin": [-1, 19.74324, -9.15995],
							"size": [2, 3.25, 5.7],
							"pivot": [-1, 19.74324, -9.15995],
							"rotation": [-20.43426, -31.79333, 22.96377],
							"uv": {
								"north": {"uv": [43, 13], "uv_size": [-2, 3]},
								"east": {"uv": [48, 13], "uv_size": [-5, 3]},
								"south": {"uv": [50, 13], "uv_size": [-2, 3]},
								"west": {"uv": [41, 13], "uv_size": [-5, 3]},
								"up": {"uv": [43, 8], "uv_size": [-2, 5]},
								"down": {"uv": [45, 13], "uv_size": [-2, -5]}
							}
						},
						{
							"origin": [-1, 19.74324, -9.15995],
							"size": [2, 4, 5.5],
							"pivot": [1, 19.74324, -9.15995],
							"rotation": [-29.5, 0, 0],
							"uv": {
								"north": {"uv": [32, 8], "uv_size": [2, 4]},
								"east": {"uv": [27, 8], "uv_size": [5, 4]},
								"south": {"uv": [39, 8], "uv_size": [2, 4]},
								"west": {"uv": [34, 8], "uv_size": [5, 4]},
								"up": {"uv": [32, 3], "uv_size": [2, 5]},
								"down": {"uv": [34, 8], "uv_size": [2, -5]}
							}
						},
						{
							"origin": [-4.25, 16, -4.5],
							"size": [2.5, 3.7, 2.3],
							"pivot": [-4.26939, 19.74324, -4.49078],
							"rotation": [0, 20, 0],
							"uv": {
								"north": {"uv": [47, 10], "uv_size": [2, 3]},
								"east": {"uv": [45, 10], "uv_size": [2, 3]},
								"south": {"uv": [51, 10], "uv_size": [2, 3]},
								"west": {"uv": [49, 10], "uv_size": [2, 3]},
								"up": {"uv": [47, 8], "uv_size": [2, 2]},
								"down": {"uv": [49, 10], "uv_size": [2, -2]}
							}
						},
						{
							"origin": [-1, 17.74324, -9.15995],
							"size": [2, 2, 5],
							"uv": {
								"north": {"uv": [5, 5], "uv_size": [2, 2]},
								"east": {"uv": [0, 5], "uv_size": [5, 2]},
								"south": {"uv": [12, 5], "uv_size": [2, 2]},
								"west": {"uv": [7, 5], "uv_size": [5, 2]},
								"up": {"uv": [5, 0], "uv_size": [2, 5]},
								"down": {"uv": [7, 5], "uv_size": [2, -5]}
							}
						},
						{
							"origin": [-4.26939, 14.24324, -4.49078],
							"size": [2, 1.75, 1.7],
							"pivot": [-4.26939, 15.99324, -4.49078],
							"rotation": [28.85298, 17.59362, -39.91197],
							"uv": {
								"north": {"uv": [33, 27], "uv_size": [-2, 1]},
								"east": {"uv": [25.7, 32], "uv_size": [-1.7, 1.75]},
								"south": {"uv": [36, 27], "uv_size": [-2, 1]},
								"west": {"uv": [31, 27], "uv_size": [-1, 1]},
								"up": {"uv": [33, 26], "uv_size": [-2, 1]},
								"down": {"uv": [35, 27], "uv_size": [-2, -1]}
							}
						},
						{
							"origin": [1.75, 16, -4.5],
							"size": [2.5, 3.7, 2.3],
							"pivot": [4.26939, 19.74324, -4.49078],
							"rotation": [0, -20, 0],
							"uv": {
								"north": {"uv": [49, 10], "uv_size": [-2, 3]},
								"east": {"uv": [51, 10], "uv_size": [-2, 3]},
								"south": {"uv": [53, 10], "uv_size": [-2, 3]},
								"west": {"uv": [47, 10], "uv_size": [-2, 3]},
								"up": {"uv": [49, 8], "uv_size": [-2, 2]},
								"down": {"uv": [51, 10], "uv_size": [-2, -2]}
							}
						},
						{
							"origin": [-3.53233, 15.7, -4.34478],
							"size": [7, 6.5, 2],
							"uv": {
								"north": {"uv": [33, 20], "uv_size": [-7, 6]},
								"east": {"uv": [35, 20], "uv_size": [-2, 6]},
								"south": {"uv": [42, 20], "uv_size": [-7, 6]},
								"west": {"uv": [26, 20], "uv_size": [-2, 6]},
								"up": {"uv": [33, 18], "uv_size": [-7, 2]},
								"down": {"uv": [40, 20], "uv_size": [-7, -2]}
							}
						}
					]
				},
				{
					"name": "snout",
					"parent": "Head",
					"pivot": [0, 16.5, -8.75],
					"cubes": [
						{
							"origin": [-1, 16.1, -9.85],
							"size": [2, 1.725, 1.05],
							"pivot": [0, 17, -8.75],
							"rotation": [15, 0, 0],
							"uv": {
								"north": {"uv": [15, 34], "uv_size": [2, 1.725]},
								"east": {"uv": [9, 35], "uv_size": [1.05, 1.725]},
								"south": {"uv": [13, 35], "uv_size": [2, 1]},
								"west": {"uv": [17, 34], "uv_size": [1.05, 1.725]},
								"up": {"uv": [10, 34], "uv_size": [2, 1]},
								"down": {"uv": [12, 35], "uv_size": [2, -1]}
							}
						},
						{
							"origin": [-0.9, 15.84597, -9.57958],
							"size": [1.8, 2, 3],
							"pivot": [1, 15.84597, -9.57958],
							"rotation": [-17.5, 0, 0],
							"uv": {
								"north": {"uv": [33, 16], "uv_size": [1, 2]},
								"east": {"uv": [30, 16], "uv_size": [3, 2]},
								"south": {"uv": [37, 16], "uv_size": [1, 2]},
								"west": {"uv": [34, 16], "uv_size": [3, 2]},
								"up": {"uv": [33, 13], "uv_size": [1, 3]},
								"down": {"uv": [34, 16], "uv_size": [1.8, -3]}
							}
						}
					]
				},
				{
					"name": "earRight",
					"parent": "Head",
					"pivot": [-3.5, 20.02857, -4.43076],
					"rotation": [-7.97532, -19.82169, 2.71994],
					"cubes": [
						{
							"origin": [-4, 19.79364, -5.49575],
							"size": [1, 3.05, 2.6],
							"uv": {
								"north": {"uv": [45, 52], "uv_size": [1, 3]},
								"east": {"uv": [43, 52], "uv_size": [2, 3]},
								"south": {"uv": [48, 52], "uv_size": [1, 3]},
								"west": {"uv": [46, 52], "uv_size": [2, 3]},
								"up": {"uv": [45, 50], "uv_size": [1, 2]},
								"down": {"uv": [46, 52], "uv_size": [1, -2]}
							}
						},
						{
							"origin": [-4, 21.9223, -5.12144],
							"size": [0.9, 1.825, 1.85],
							"pivot": [-3.6, 22.8348, -4.19644],
							"rotation": [-45.10881, -0.00672, -7.06994],
							"uv": {
								"north": {"uv": [38, 4], "uv_size": [-1, 1]},
								"east": {"uv": [39, 4], "uv_size": [-1, 1]},
								"south": {"uv": [40, 4], "uv_size": [-1, 1]},
								"west": {"uv": [37, 4], "uv_size": [-1, 1]},
								"up": {"uv": [38, 3], "uv_size": [-1, 1]},
								"down": {"uv": [39, 4], "uv_size": [-1, -1]}
							}
						}
					]
				},
				{
					"name": "earLeft",
					"parent": "Head",
					"pivot": [3.5, 20.02857, -4.43076],
					"rotation": [-7.97532, 19.82169, -2.71994],
					"cubes": [
						{
							"origin": [3, 19.79364, -5.49575],
							"size": [1, 3.05, 2.6],
							"uv": {
								"north": {"uv": [46, 52], "uv_size": [-1, 3]},
								"east": {"uv": [48, 52], "uv_size": [-2, 3]},
								"south": {"uv": [49, 52], "uv_size": [-1, 3]},
								"west": {"uv": [45, 52], "uv_size": [-2, 3]},
								"up": {"uv": [46, 50], "uv_size": [-1, 2]},
								"down": {"uv": [47, 52], "uv_size": [-1, -2]}
							}
						},
						{
							"origin": [3.1, 21.9223, -5.12144],
							"size": [0.9, 1.825, 1.85],
							"pivot": [3.6, 22.8348, -4.19644],
							"rotation": [-45.10881, 0.00672, 7.06994],
							"uv": {
								"north": {"uv": [37, 4], "uv_size": [1, 1]},
								"east": {"uv": [36, 4], "uv_size": [1, 1]},
								"south": {"uv": [39, 4], "uv_size": [1, 1]},
								"west": {"uv": [38, 4], "uv_size": [1, 1]},
								"up": {"uv": [37, 3], "uv_size": [1, 1]},
								"down": {"uv": [38, 4], "uv_size": [1, -1]}
							}
						}
					]
				},
				{
					"name": "eyeLeft",
					"parent": "Head",
					"pivot": [2.73673, 19, -6.92819],
					"rotation": [0, 35, 0]
				},
				{
					"name": "Leftopen",
					"parent": "eyeLeft",
					"pivot": [2.63673, 17, -6.92819],
					"cubes": [
						{
							"origin": [2.71173, 16.5, -9.17819],
							"size": [0, 4, 3.5],
							"uv": {
								"north": {"uv": [3, 14], "uv_size": [0, 4]},
								"east": {"uv": [3, 10], "uv_size": [3, 4]},
								"south": {"uv": [6, 14], "uv_size": [0, 4]},
								"up": {"uv": [3, 11], "uv_size": [0, 3]},
								"down": {"uv": [3, 14], "uv_size": [0, -3]}
							}
						},
						{
							"origin": [2.63673, 16.5, -9.17819],
							"size": [0, 4, 3.5],
							"uv": {
								"north": {"uv": [3, 14], "uv_size": [0, 4]},
								"east": {"uv": [0, 14], "uv_size": [3, 4]},
								"south": {"uv": [6, 14], "uv_size": [0, 4]},
								"up": {"uv": [3, 11], "uv_size": [0, 3]},
								"down": {"uv": [3, 14], "uv_size": [0, -3]}
							}
						}
					]
				},
				{
					"name": "Leftiris",
					"parent": "Leftopen",
					"pivot": [2.76173, 18.5, -7.42819],
					"cubes": [
						{
							"origin": [2.66173, 16.5, -9.17819],
							"size": [0, 4, 3.5],
							"uv": {
								"east": {"uv": [3, 14], "uv_size": [3, 4]}
							}
						}
					]
				},
				{
					"name": "Leftclose",
					"parent": "eyeLeft",
					"pivot": [2.73673, 17, -6.92819],
					"cubes": [
						{
							"origin": [2.68673, 16.5, -9.17819],
							"size": [0, 4, 3.5],
							"uv": {
								"north": {"uv": [3, 14], "uv_size": [0, 4]},
								"east": {"uv": [0, 10], "uv_size": [3, 4]},
								"south": {"uv": [6, 14], "uv_size": [0, 4]},
								"up": {"uv": [3, 11], "uv_size": [0, 3]},
								"down": {"uv": [3, 14], "uv_size": [0, -3]}
							}
						}
					]
				},
				{
					"name": "Leftouch",
					"parent": "eyeLeft",
					"pivot": [3.71173, 17, -6.92819],
					"cubes": [
						{
							"origin": [2.66173, 16.5, -9.17819],
							"size": [0, 4, 3.5],
							"uv": {
								"north": {"uv": [3, 14], "uv_size": [0, 4]},
								"east": {"uv": [6, 10], "uv_size": [3, 4]},
								"south": {"uv": [6, 14], "uv_size": [0, 4]},
								"up": {"uv": [3, 11], "uv_size": [0, 3]},
								"down": {"uv": [3, 14], "uv_size": [0, -3]}
							}
						}
					]
				},
				{
					"name": "eyeRight",
					"parent": "Head",
					"pivot": [-2.73673, 19, -6.92819],
					"rotation": [0, -35, 0]
				},
				{
					"name": "Rightopen",
					"parent": "eyeRight",
					"pivot": [-2.63673, 17, -6.92819],
					"cubes": [
						{
							"origin": [-2.63673, 16.5, -9.17819],
							"size": [0, 4, 3.5],
							"uv": {
								"north": {"uv": [3, 14], "uv_size": [0, 4]},
								"south": {"uv": [6, 14], "uv_size": [0, 4]},
								"west": {"uv": [3, 14], "uv_size": [-3, 4]},
								"up": {"uv": [3, 11], "uv_size": [0, 3]},
								"down": {"uv": [3, 14], "uv_size": [0, -3]}
							}
						},
						{
							"origin": [-2.68673, 16.5, -9.17819],
							"size": [0, 4, 3.5],
							"uv": {
								"north": {"uv": [3, 14], "uv_size": [0, 4]},
								"south": {"uv": [6, 14], "uv_size": [0, 4]},
								"west": {"uv": [6, 10], "uv_size": [-3, 4]},
								"up": {"uv": [3, 11], "uv_size": [0, 3]},
								"down": {"uv": [3, 14], "uv_size": [0, -3]}
							}
						}
					]
				},
				{
					"name": "Rightiris",
					"parent": "Rightopen",
					"pivot": [-2.76173, 18.5, -7.42819],
					"cubes": [
						{
							"origin": [-2.66173, 16.5, -9.17819],
							"size": [0, 4, 3.5],
							"uv": {
								"west": {"uv": [6, 14], "uv_size": [-3, 4]}
							}
						}
					]
				},
				{
					"name": "Rightclose",
					"parent": "eyeRight",
					"pivot": [-3.86173, 17, -6.92819],
					"cubes": [
						{
							"origin": [-2.66173, 16.5, -9.17819],
							"size": [0, 4, 3.5],
							"uv": {
								"north": {"uv": [3, 14], "uv_size": [0, 4]},
								"south": {"uv": [6, 14], "uv_size": [0, 4]},
								"west": {"uv": [3, 10], "uv_size": [-3, 4]},
								"up": {"uv": [3, 11], "uv_size": [0, 3]},
								"down": {"uv": [3, 14], "uv_size": [0, -3]}
							}
						}
					]
				},
				{
					"name": "Rightouch",
					"parent": "eyeRight",
					"pivot": [-3.81173, 17, -6.92819],
					"cubes": [
						{
							"origin": [-2.63673, 16.5, -9.17819],
							"size": [0, 4, 3.5],
							"uv": {
								"north": {"uv": [3, 14], "uv_size": [0, 4]},
								"south": {"uv": [6, 14], "uv_size": [0, 4]},
								"west": {"uv": [9, 10], "uv_size": [-3, 4]},
								"up": {"uv": [3, 11], "uv_size": [0, 3]},
								"down": {"uv": [3, 14], "uv_size": [0, -3]}
							}
						}
					]
				},
				{
					"name": "hairFornt",
					"parent": "Head",
					"pivot": [-0.05985, 24.04003, -5.79171],
					"cubes": [
						{
							"origin": [0, 22.75, -8.5],
							"size": [4, 0, 3],
							"pivot": [0, 22.751, -8.5],
							"rotation": [24.73503, -6.30264, 10.74513],
							"uv": {
								"north": {"uv": [32, 3], "uv_size": [4, 0]},
								"east": {"uv": [29, 3], "uv_size": [3, 0]},
								"south": {"uv": [39, 3], "uv_size": [4, 0]},
								"west": {"uv": [36, 3], "uv_size": [3, 0]},
								"up": {"uv": [4, 61], "uv_size": [-4, -3]},
								"down": {"uv": [36, 3], "uv_size": [4, -3]}
							}
						},
						{
							"origin": [-4, 22.75, -8.5],
							"size": [4, 0, 3],
							"pivot": [0, 22.751, -8.5],
							"rotation": [24.73503, 6.30264, -10.74513],
							"uv": {
								"north": {"uv": [36, 3], "uv_size": [-4, 0]},
								"east": {"uv": [39, 3], "uv_size": [-3, 0]},
								"south": {"uv": [43, 3], "uv_size": [-4, 0]},
								"west": {"uv": [32, 3], "uv_size": [-3, 0]},
								"up": {"uv": [0, 61], "uv_size": [4, -3]},
								"down": {"uv": [40, 3], "uv_size": [-4, -3]}
							}
						}
					]
				},
				{
					"name": "bangs",
					"parent": "hairFornt",
					"pivot": [0, 22.75, -8.5],
					"rotation": [75, 0, 0],
					"cubes": [
						{
							"origin": [-2, 22.75, -10.5],
							"size": [4, 0, 2],
							"uv": {
								"north": {"uv": [14, 10], "uv_size": [4, 0]},
								"east": {"uv": [12, 10], "uv_size": [2, 0]},
								"south": {"uv": [20, 10], "uv_size": [4, 0]},
								"west": {"uv": [18, 10], "uv_size": [2, 0]},
								"up": {"uv": [8, 64], "uv_size": [-4, -2]},
								"down": {"uv": [18, 10], "uv_size": [4, -2]}
							}
						},
						{
							"origin": [2.18583, 22.4928, -10.51753],
							"size": [4, 0, 2],
							"pivot": [2.18583, 22.4938, -10.51753],
							"rotation": [-1.3378, -14.94159, 60.17544],
							"uv": {
								"north": {"uv": [14, 10], "uv_size": [4, 0]},
								"east": {"uv": [12, 10], "uv_size": [2, 0]},
								"south": {"uv": [20, 10], "uv_size": [4, 0]},
								"west": {"uv": [18, 10], "uv_size": [2, 0]},
								"up": {"uv": [4, 58], "uv_size": [-4, -2]},
								"down": {"uv": [18, 10], "uv_size": [4, -2]}
							}
						},
						{
							"origin": [-6.18583, 22.4928, -10.51753],
							"size": [4, 0, 2],
							"pivot": [-2.18583, 22.4938, -10.51753],
							"rotation": [-1.3378, 14.94159, -60.17544],
							"uv": {
								"north": {"uv": [18, 10], "uv_size": [-4, 0]},
								"east": {"uv": [20, 10], "uv_size": [-2, 0]},
								"south": {"uv": [24, 10], "uv_size": [-4, 0]},
								"west": {"uv": [14, 10], "uv_size": [-2, 0]},
								"up": {"uv": [0, 58], "uv_size": [4, -2]},
								"down": {"uv": [22, 10], "uv_size": [-4, -2]}
							}
						},
						{
							"origin": [-2, 22.75, -10.5],
							"size": [4, 0, 2],
							"uv": {
								"north": {"uv": [18, 10], "uv_size": [-4, 0]},
								"east": {"uv": [20, 10], "uv_size": [-2, 0]},
								"south": {"uv": [24, 10], "uv_size": [-4, 0]},
								"west": {"uv": [14, 10], "uv_size": [-2, 0]},
								"up": {"uv": [4, 64], "uv_size": [4, -2]},
								"down": {"uv": [22, 10], "uv_size": [-4, -2]}
							}
						}
					]
				},
				{
					"name": "hairBack",
					"parent": "Head",
					"pivot": [0, 22.75, -5.5],
					"cubes": [
						{
							"origin": [0, 23.52646, -2.60222],
							"size": [3, 0, 3],
							"pivot": [0, 23.52746, -2.60222],
							"rotation": [-170.23242, 2.15393, 167.68406],
							"uv": {
								"north": {"uv": [32, 3], "uv_size": [4, 0]},
								"east": {"uv": [29, 3], "uv_size": [3, 0]},
								"south": {"uv": [39, 3], "uv_size": [4, 0]},
								"west": {"uv": [36, 3], "uv_size": [3, 0]},
								"up": {"uv": [14, 64], "uv_size": [-3, -3]},
								"down": {"uv": [36, 3], "uv_size": [4, -3]}
							}
						},
						{
							"origin": [-3, 23.52646, -2.60222],
							"size": [3, 0, 3],
							"pivot": [0, 23.52746, -2.60222],
							"rotation": [-170.23242, -2.15393, -167.68406],
							"uv": {
								"north": {"uv": [36, 3], "uv_size": [-4, 0]},
								"east": {"uv": [39, 3], "uv_size": [-3, 0]},
								"south": {"uv": [43, 3], "uv_size": [-4, 0]},
								"west": {"uv": [32, 3], "uv_size": [-3, 0]},
								"up": {"uv": [11, 64], "uv_size": [3, -3]},
								"down": {"uv": [40, 3], "uv_size": [-4, -3]}
							}
						},
						{
							"origin": [0, 23.52646, -5.60222],
							"size": [3, 0, 3],
							"pivot": [0, 23.52746, -2.60222],
							"rotation": [-127.73802, 5.94383, 175.41783],
							"uv": {
								"north": {"uv": [32, 3], "uv_size": [4, 0]},
								"east": {"uv": [29, 3], "uv_size": [3, 0]},
								"south": {"uv": [39, 3], "uv_size": [4, 0]},
								"west": {"uv": [36, 3], "uv_size": [3, 0]},
								"up": {"uv": [14, 61], "uv_size": [-3, -3]},
								"down": {"uv": [36, 3], "uv_size": [4, -3]}
							}
						},
						{
							"origin": [-3, 23.52646, -5.60222],
							"size": [3, 0, 3],
							"pivot": [0, 23.52746, -2.60222],
							"rotation": [-127.73802, -5.94383, -175.41783],
							"uv": {
								"north": {"uv": [36, 3], "uv_size": [-4, 0]},
								"east": {"uv": [39, 3], "uv_size": [-3, 0]},
								"south": {"uv": [43, 3], "uv_size": [-4, 0]},
								"west": {"uv": [32, 3], "uv_size": [-3, 0]},
								"up": {"uv": [17, 64], "uv_size": [-3, -3]},
								"down": {"uv": [40, 3], "uv_size": [-4, -3]}
							}
						}
					]
				},
				{
					"name": "bone4",
					"parent": "hairBack",
					"pivot": [0, 21.1474, -0.77594],
					"cubes": [
						{
							"origin": [-3, 21.1464, -4.77594],
							"size": [3, 0, 4],
							"pivot": [0, 21.1474, -0.77594],
							"rotation": [-92.64452, -27.13937, 165.58565],
							"uv": {
								"north": {"uv": [36, 3], "uv_size": [-4, 0]},
								"east": {"uv": [39, 3], "uv_size": [-3, 0]},
								"south": {"uv": [43, 3], "uv_size": [-4, 0]},
								"west": {"uv": [32, 3], "uv_size": [-3, 0]},
								"up": {"uv": [20, 64], "uv_size": [-3, -3]},
								"down": {"uv": [40, 3], "uv_size": [-4, -3]}
							}
						},
						{
							"origin": [0, 21.1464, -5.77594],
							"size": [3, 0, 6],
							"pivot": [0, 21.1474, -0.77594],
							"rotation": [-92.41342, 12.82483, 163.84265],
							"uv": {
								"north": {"uv": [32, 3], "uv_size": [4, 0]},
								"east": {"uv": [29, 3], "uv_size": [3, 0]},
								"south": {"uv": [39, 3], "uv_size": [4, 0]},
								"west": {"uv": [36, 3], "uv_size": [3, 0]},
								"up": {"uv": [11, 64], "uv_size": [-3, -5]},
								"down": {"uv": [36, 3], "uv_size": [4, -3]}
							}
						}
					]
				},
				{
					"name": "bone2",
					"parent": "bone4",
					"pivot": [2.07745, 17.4975, -1.53735],
					"rotation": [0, 35, 0],
					"cubes": [
						{
							"origin": [0.90292, 17.41985, -4.87201],
							"size": [3, 0, 4],
							"pivot": [2.32745, 17.4975, -1.03735],
							"rotation": [-92.46274, -17.14924, 165.10523],
							"uv": {
								"north": {"uv": [36, 3], "uv_size": [-4, 0]},
								"east": {"uv": [39, 3], "uv_size": [-3, 0]},
								"south": {"uv": [43, 3], "uv_size": [-4, 0]},
								"west": {"uv": [32, 3], "uv_size": [-3, 0]},
								"up": {"uv": [20, 61], "uv_size": [-3, -3]},
								"down": {"uv": [40, 3], "uv_size": [-4, -3]}
							}
						}
					]
				},
				{
					"name": "bone3",
					"parent": "bone2",
					"pivot": [5.15515, 14.48901, -2.00469],
					"cubes": [
						{
							"origin": [1.57678, 13.58906, -5.0076],
							"size": [3, 0, 4],
							"pivot": [3.15515, 13.48901, -1.25469],
							"rotation": [-54.66429, -29.16665, 123.52607],
							"uv": {
								"north": {"uv": [36, 3], "uv_size": [-4, 0]},
								"east": {"uv": [39, 3], "uv_size": [-3, 0]},
								"south": {"uv": [43, 3], "uv_size": [-4, 0]},
								"west": {"uv": [32, 3], "uv_size": [-3, 0]},
								"up": {"uv": [17, 61], "uv_size": [-3, -3]},
								"down": {"uv": [40, 3], "uv_size": [-4, -3]}
							}
						}
					]
				},
				{
					"name": "ahoge",
					"parent": "Head",
					"pivot": [0, 22.75, -5.5],
					"cubes": [
						{
							"origin": [-1, 23.75, -5.5],
							"size": [2, 2, 0],
							"uv": {
								"north": {"uv": [0, 7], "uv_size": [2, 2]},
								"east": {"uv": [0, 7], "uv_size": [0, 2]}
							}
						}
					]
				},
				{
					"name": "horn",
					"parent": "Head",
					"pivot": [0, 24.17878, -8.75044],
					"rotation": [35, 0, 0],
					"cubes": [
						{
							"origin": [-0.4, 24.93456, -9.15044],
							"size": [0.8, 1, 0.8],
							"uv": {}
						},
						{
							"origin": [-0.4, 21.93456, -9.15044],
							"size": [0.8, 4, 0.8],
							"pivot": [0.4, 25.93456, -9.15044],
							"rotation": [-7.45744, -0.65182, -7.47178],
							"uv": {
								"north": {"uv": [5, 18], "uv_size": [0.8, 4]},
								"west": {"uv": [10, 18], "uv_size": [0.8, 4]},
								"up": {"uv": [12.8, 18.8], "uv_size": [-0.8, -0.8]}
							}
						},
						{
							"origin": [-0.37755, 21.83279, -9.14362],
							"size": [0.8, 4, 0.8],
							"pivot": [0.42245, 25.83279, -9.14362],
							"rotation": [7.4574, -0.65182, -7.47178],
							"uv": {
								"south": {"uv": [8, 18], "uv_size": [0.8, 4]},
								"west": {"uv": [7, 18], "uv_size": [0.8, 4]},
								"up": {"uv": [12.8, 18.8], "uv_size": [-0.8, -0.8]}
							}
						},
						{
							"origin": [-0.4114, 21.72642, -9.13452],
							"size": [0.8, 4, 0.8],
							"pivot": [0.3886, 25.72642, -9.13452],
							"rotation": [7.4574, -0.65182, 7.4718],
							"uv": {
								"east": {"uv": [6, 18], "uv_size": [0.8, 4]},
								"south": {"uv": [9, 18], "uv_size": [0.8, 4]},
								"up": {"uv": [12.8, 18.8], "uv_size": [-0.8, -0.8]}
							}
						},
						{
							"origin": [-0.40684, 21.83054, -9.14134],
							"size": [0.8, 4, 0.8],
							"pivot": [0.39316, 25.83054, -9.14134],
							"rotation": [-7.4574, -0.65182, 7.4718],
							"uv": {
								"north": {"uv": [4, 18], "uv_size": [0.8, 4]},
								"east": {"uv": [11, 18], "uv_size": [0.8, 4]},
								"up": {"uv": [12.8, 18.8], "uv_size": [-0.8, -0.8]}
							}
						}
					]
				},
				{
					"name": "hornmagic",
					"parent": "horn",
					"pivot": [0, 24.48456, -8.80044],
					"cubes": [
						{
							"origin": [-2, 22.48456, -8.80044],
							"size": [4, 5, 0],
							"uv": {
								"north": {"uv": [55, 31.5], "uv_size": [4, 5]}
							}
						},
						{
							"origin": [-2, 22.48456, -8.80044],
							"size": [4, 5, 0],
							"pivot": [0, 24.98456, -8.80044],
							"rotation": [0, 45, 0],
							"uv": {
								"north": {"uv": [55, 31.5], "uv_size": [4, 5]}
							}
						},
						{
							"origin": [-2, 22.48456, -8.80044],
							"size": [4, 5, 0],
							"pivot": [0, 24.98456, -8.80044],
							"rotation": [0, -45, 0],
							"uv": {
								"north": {"uv": [55, 31.5], "uv_size": [4, 5]}
							}
						}
					]
				},
				{
					"name": "armRight",
					"parent": "BodyUpper",
					"pivot": [-1.75, 10, -2.5],
					"rotation": [0, 0, 2.5],
					"cubes": [
						{
							"origin": [-2.75, 5.5, -3.75],
							"size": [2, 4.5, 2],
							"pivot": [-1.75, 9.75, -2.75],
							"rotation": [0, -45, 0],
							"uv": {
								"north": {"uv": [31, 48], "uv_size": [2, 4]},
								"east": {"uv": [29, 48], "uv_size": [2, 4]},
								"south": {"uv": [35, 48], "uv_size": [2, 4]},
								"west": {"uv": [33, 48], "uv_size": [2, 4]},
								"up": {"uv": [31, 46], "uv_size": [2, 2]},
								"down": {"uv": [33, 48], "uv_size": [2, -2]}
							}
						},
						{
							"origin": [-1.75, 3.75, -4.16421],
							"size": [1.5, 1.75, 1.5],
							"pivot": [-1.75, 5.5, -4.16421],
							"rotation": [61.45116, -26.23962, -40.41998],
							"uv": {
								"north": {"uv": [5, 49], "uv_size": [1, 1]},
								"east": {"uv": [4, 49], "uv_size": [1, 1]},
								"south": {"uv": [7, 49], "uv_size": [1, 1]},
								"west": {"uv": [6, 49], "uv_size": [1, 1]},
								"up": {"uv": [5, 48], "uv_size": [1, 1]},
								"down": {"uv": [6, 49], "uv_size": [1, -1]}
							}
						},
						{
							"origin": [-3.25, 3.7, -2.83579],
							"size": [1.5, 1.8, 1.5],
							"pivot": [-1.75, 5.5, -1.33579],
							"rotation": [-63.4512, -26.2396, 40.42],
							"uv": {
								"north": {"uv": [1, 46], "uv_size": [1, 1]},
								"east": {"uv": [0, 46], "uv_size": [1, 1]},
								"south": {"uv": [3, 46], "uv_size": [1, 1]},
								"west": {"uv": [2, 46], "uv_size": [1, 1]},
								"up": {"uv": [1, 45], "uv_size": [1, 1]},
								"down": {"uv": [2, 46], "uv_size": [1, -1]}
							}
						}
					]
				},
				{
					"name": "armRightlower",
					"parent": "armRight",
					"pivot": [-1.75, 5.5, -2.8],
					"rotation": [-17.5, 0, 0],
					"cubes": [
						{
							"origin": [-2.85, 0.5, -3.85],
							"size": [2.2, 5, 2.2],
							"pivot": [-1.75, 5.5, -2.75],
							"rotation": [0, -45, 0],
							"uv": {
								"north": {"uv": [23, 46], "uv_size": [2, 5]},
								"east": {"uv": [21, 46], "uv_size": [2, 5]},
								"south": {"uv": [27, 46], "uv_size": [2, 5]},
								"west": {"uv": [25, 46], "uv_size": [2, 5]},
								"up": {"uv": [23, 44], "uv_size": [2, 2]},
								"down": {"uv": [25, 46], "uv_size": [2, -2]}
							}
						},
						{
							"origin": [-3.25, 0.5, -4.30563],
							"size": [1.5, 1.5, 1.6],
							"pivot": [-1.75, 0.5, -4.30563],
							"rotation": [-40.82774, 35.80709, 30.68432],
							"uv": {
								"north": {"uv": [32, 45], "uv_size": [1, 1]},
								"east": {"uv": [31, 45], "uv_size": [1, 1]},
								"south": {"uv": [34, 45], "uv_size": [1, 1]},
								"west": {"uv": [33, 45], "uv_size": [1, 1]},
								"up": {"uv": [32, 44], "uv_size": [1, 1]},
								"down": {"uv": [33, 45], "uv_size": [1, -1]}
							}
						}
					]
				},
				{
					"name": "righthandhoof",
					"parent": "armRightlower",
					"pivot": [-1.75, 1.1, -1.89437],
					"rotation": [17.5, 0, 0]
				},
				{
					"name": "bone",
					"parent": "righthandhoof",
					"pivot": [-1.75509, 0.97715, -2.73709],
					"rotation": [0, -45, 0],
					"cubes": [
						{
							"origin": [-3.13437, 0.06086, -4.12357],
							"size": [2.6, 0.5, 2.6],
							"uv": {
								"north": {"uv": [9, 4], "uv_size": [2, 0]},
								"east": {"uv": [7, 4], "uv_size": [2, 0]},
								"south": {"uv": [13, 4], "uv_size": [2, 0]},
								"west": {"uv": [11, 4], "uv_size": [2, 0]},
								"up": {"uv": [9, 2], "uv_size": [2, 2]},
								"down": {"uv": [11, 4], "uv_size": [2, -2]}
							}
						},
						{
							"origin": [-2.41555, 0.30004, -3.50074],
							"size": [1.35, 2, 1.3],
							"pivot": [-2.41555, 2.30004, -2.20074],
							"rotation": [19.8719, -5.07213, 20.62573],
							"uv": {
								"north": {"uv": [32, 53], "uv_size": [1, 2]},
								"east": {"uv": [31, 53], "uv_size": [1, 2]},
								"south": {"uv": [34, 53], "uv_size": [1, 2]},
								"west": {"uv": [33, 53], "uv_size": [1, 2]},
								"up": {"uv": [32, 52], "uv_size": [1, 1]},
								"down": {"uv": [33, 53], "uv_size": [1, -1]}
							}
						},
						{
							"origin": [-2.46586, -0.11686, -3.52227],
							"size": [1.35, 2, 1.3],
							"pivot": [-2.46586, 1.88314, -2.32227],
							"rotation": [-19.8719, 5.0721, 20.62573],
							"uv": {
								"north": {"uv": [28, 53], "uv_size": [1, 2]},
								"east": {"uv": [27, 53], "uv_size": [1, 2]},
								"south": {"uv": [30, 53], "uv_size": [1, 2]},
								"west": {"uv": [29, 53], "uv_size": [1, 2]},
								"up": {"uv": [28, 52], "uv_size": [1, 1]},
								"down": {"uv": [29, 53], "uv_size": [1, -1]}
							}
						},
						{
							"origin": [-2.18136, 0.02902, -3.0756],
							"size": [1.35, 2, 1.3],
							"pivot": [-1.38136, 1.02902, -2.3756],
							"rotation": [19.8719, 5.0721, -20.6257],
							"uv": {
								"north": {"uv": [16, 53], "uv_size": [1, 2]},
								"east": {"uv": [15, 53], "uv_size": [1, 2]},
								"south": {"uv": [18, 53], "uv_size": [1, 2]},
								"west": {"uv": [17, 53], "uv_size": [1, 2]},
								"up": {"uv": [16, 52], "uv_size": [1, 1]},
								"down": {"uv": [17, 53], "uv_size": [1, -1]}
							}
						},
						{
							"origin": [-2.47835, -0.50283, -3.61952],
							"size": [1.35, 2, 1.3],
							"pivot": [-2.22835, 1.49717, -2.41952],
							"rotation": [-19.8719, -5.07213, -20.6257],
							"uv": {
								"north": {"uv": [12, 53], "uv_size": [1, 2]},
								"east": {"uv": [11, 53], "uv_size": [1, 2]},
								"south": {"uv": [14, 53], "uv_size": [1, 2]},
								"west": {"uv": [13, 53], "uv_size": [1, 2]},
								"up": {"uv": [12, 52], "uv_size": [1, 1]},
								"down": {"uv": [13, 53], "uv_size": [1, -1]}
							}
						}
					]
				},
				{
					"name": "armLeft",
					"parent": "BodyUpper",
					"pivot": [1.75, 10, -2.5],
					"rotation": [0, 0, -2.5],
					"cubes": [
						{
							"origin": [1.75, 3.7, -2.83579],
							"size": [1.5, 1.8, 1.5],
							"pivot": [1.75, 5.5, -1.33579],
							"rotation": [-63.4512, 26.2396, -40.42],
							"uv": {
								"north": {"uv": [28, 45], "uv_size": [1, 1]},
								"east": {"uv": [27, 45], "uv_size": [1, 1]},
								"south": {"uv": [30, 45], "uv_size": [1, 1]},
								"west": {"uv": [29, 45], "uv_size": [1, 1]},
								"up": {"uv": [28, 44], "uv_size": [1, 1]},
								"down": {"uv": [29, 45], "uv_size": [1, -1]}
							}
						},
						{
							"origin": [0.75, 5.5, -3.75],
							"size": [2, 4.5, 2],
							"pivot": [1.75, 9.75, -2.75],
							"rotation": [0, 45, 0],
							"uv": {
								"north": {"uv": [48, 18], "uv_size": [2, 4]},
								"east": {"uv": [46, 18], "uv_size": [2, 4]},
								"south": {"uv": [52, 18], "uv_size": [2, 4]},
								"west": {"uv": [50, 18], "uv_size": [2, 4]},
								"up": {"uv": [48, 16], "uv_size": [2, 2]},
								"down": {"uv": [50, 18], "uv_size": [2, -2]}
							}
						},
						{
							"origin": [0.25, 3.75, -4.16421],
							"size": [1.5, 1.75, 1.5],
							"pivot": [1.75, 5.5, -4.16421],
							"rotation": [61.45116, 26.23962, 40.41998],
							"uv": {
								"north": {"uv": [44, 32], "uv_size": [1, 1]},
								"east": {"uv": [43, 32], "uv_size": [1, 1]},
								"south": {"uv": [46, 32], "uv_size": [1, 1]},
								"west": {"uv": [45, 32], "uv_size": [1, 1]},
								"up": {"uv": [44, 31], "uv_size": [1, 1]},
								"down": {"uv": [45, 32], "uv_size": [1, -1]}
							}
						}
					]
				},
				{
					"name": "armLeftlower",
					"parent": "armLeft",
					"pivot": [1.75, 5.5, -2.8],
					"rotation": [-17.5, 0, 0],
					"cubes": [
						{
							"origin": [0.65, 0.75, -3.85],
							"size": [2.2, 4.75, 2.2],
							"pivot": [1.75, 5.5, -2.75],
							"rotation": [0, 45, 0],
							"uv": {
								"north": {"uv": [14, 48], "uv_size": [2, 4]},
								"east": {"uv": [12, 48], "uv_size": [2, 4]},
								"south": {"uv": [18, 48], "uv_size": [2, 4]},
								"west": {"uv": [16, 48], "uv_size": [2, 4]},
								"up": {"uv": [14, 46], "uv_size": [2, 2]},
								"down": {"uv": [16, 48], "uv_size": [2, -2]}
							}
						},
						{
							"origin": [1.75, 0.5, -4.30563],
							"size": [1.5, 1.5, 1.6],
							"pivot": [1.75, 0.5, -4.30563],
							"rotation": [-40.82774, -35.80709, -30.68432],
							"uv": {
								"north": {"uv": [1, 38], "uv_size": [1, 1]},
								"east": {"uv": [0, 38], "uv_size": [1, 1]},
								"south": {"uv": [3, 38], "uv_size": [1, 1]},
								"west": {"uv": [2, 38], "uv_size": [1, 1]},
								"up": {"uv": [1, 37], "uv_size": [1, 1]},
								"down": {"uv": [2, 38], "uv_size": [1, -1]}
							}
						}
					]
				},
				{
					"name": "lefthandhoof",
					"parent": "armLeftlower",
					"pivot": [1.75, 1.35, -1.89437],
					"rotation": [17.5, 0, 0],
					"cubes": [
						{
							"origin": [0.45, 0.06086, -4.1543],
							"size": [2.6, 0.75, 2.6],
							"pivot": [1.75, -0.18914, -2.8543],
							"rotation": [0, 45, 0],
							"uv": {
								"north": {"uv": [9, 2], "uv_size": [2, 0]},
								"east": {"uv": [7, 2], "uv_size": [2, 0]},
								"south": {"uv": [13, 1], "uv_size": [2.6, 0.75]},
								"west": {"uv": [11, 2], "uv_size": [2, 0]},
								"up": {"uv": [9, 0], "uv_size": [2, 2]},
								"down": {"uv": [11, 2], "uv_size": [2, -2]}
							}
						},
						{
							"origin": [1.25136, 0.55004, -4.12485],
							"size": [1.35, 2, 1.3],
							"pivot": [2.60136, 2.55004, -2.82485],
							"rotation": [-1.219, 46.1955, -30.4582],
							"uv": {
								"south": {"uv": [54, 46], "uv_size": [1, 2]},
								"west": {"uv": [53, 46], "uv_size": [1, 2]},
								"up": {"uv": [52, 45], "uv_size": [1, 1]}
							}
						},
						{
							"origin": [1.201, 0.13314, -4.14636],
							"size": [1.35, 2, 1.3],
							"pivot": [2.551, 2.13314, -2.94636],
							"rotation": [-37.955, 36.6322, -25.9283],
							"uv": {
								"north": {"uv": [52, 36], "uv_size": [1, 2]},
								"west": {"uv": [53, 36], "uv_size": [1, 2]},
								"up": {"uv": [52, 35], "uv_size": [1, 1]}
							}
						},
						{
							"origin": [1.19644, 0.27902, -2.91721],
							"size": [1.35, 2, 1.3],
							"pivot": [1.74644, 1.27902, -2.21721],
							"rotation": [37.9549, 36.6322, 25.9283],
							"uv": {
								"east": {"uv": [51, 30], "uv_size": [1, 2]},
								"south": {"uv": [54, 30], "uv_size": [1, 2]},
								"up": {"uv": [52, 29], "uv_size": [1, 1]}
							}
						},
						{
							"origin": [1.21429, -0.25283, -4.04718],
							"size": [1.35, 2, 1.3],
							"pivot": [2.31429, 1.74717, -2.84718],
							"rotation": [1.2189, 46.1955, 30.4581],
							"uv": {
								"north": {"uv": [52, 27], "uv_size": [1, 2]},
								"east": {"uv": [51, 27], "uv_size": [1, 2]},
								"up": {"uv": [52, 26], "uv_size": [1, 1]}
							}
						}
					]
				},
				{
					"name": "LeftWaistLocator",
					"parent": "BodyUpper",
					"pivot": [4, 12.75, -1.25],
					"rotation": [-15, 0, 0]
				},
				{
					"name": "RightWaistLocator",
					"parent": "BodyUpper",
					"pivot": [-4, 12.75, -1.25],
					"rotation": [-10, 0, 0]
				},
				{
					"name": "legLeft",
					"parent": "body",
					"pivot": [2, 12.5, 2.5],
					"rotation": [0, 0, -5],
					"cubes": [
						{
							"origin": [0.3, 10.5, 0.5],
							"size": [3.4, 4, 4],
							"pivot": [2, 12.5, 2.5],
							"rotation": [22.67458, -6.92618, -2.88419],
							"uv": {
								"north": {"uv": [28, 40], "uv_size": [3, 4]},
								"east": {"uv": [24, 40], "uv_size": [4, 4]},
								"south": {"uv": [35, 40], "uv_size": [3, 4]},
								"west": {"uv": [31, 40], "uv_size": [4, 4]},
								"up": {"uv": [28, 36], "uv_size": [3, 4]},
								"down": {"uv": [31, 40], "uv_size": [3, -4]}
							}
						},
						{
							"origin": [3.76046, 10.45992, 0.855],
							"size": [0, 3.9, 3.3],
							"pivot": [3.76046, 12.90992, 2.705],
							"rotation": [2.67458, -6.92618, -2.88419],
							"uv": {
								"west": {"uv": [58.5, 0], "uv_size": [5.5, 6.5]}
							}
						},
						{
							"origin": [1.5, 9.5, 2.2],
							"size": [2, 2, 3.1],
							"pivot": [2.75, 9.5, 2.75],
							"rotation": [25.18908, -6.79382, -3.18458],
							"uv": {
								"north": {"uv": [19, 41], "uv_size": [2, 3]},
								"east": {"uv": [18, 41], "uv_size": [1, 3]},
								"south": {"uv": [22, 41], "uv_size": [2, 3]},
								"west": {"uv": [21, 41], "uv_size": [1, 3]},
								"up": {"uv": [19, 40], "uv_size": [2, 1]},
								"down": {"uv": [21, 41], "uv_size": [2, -1]}
							}
						}
					]
				},
				{
					"name": "LegleftBone1",
					"parent": "legLeft",
					"pivot": [2, 10.5, 3.25],
					"cubes": [
						{
							"origin": [1, 7.5, 2.45],
							"size": [2, 3, 1.6],
							"pivot": [2, 8.5, 3.25],
							"rotation": [25, 0, 0],
							"uv": {
								"north": {"uv": [19, 41], "uv_size": [2, 3]},
								"east": {"uv": [18, 41], "uv_size": [1, 3]},
								"south": {"uv": [22, 41], "uv_size": [2, 3]},
								"west": {"uv": [21, 41], "uv_size": [1, 3]},
								"up": {"uv": [19, 40], "uv_size": [2, 1]},
								"down": {"uv": [21, 41], "uv_size": [2, -1]}
							}
						},
						{
							"origin": [1, 9.5, 1.95],
							"size": [2, 2, 1.6],
							"pivot": [2, 10.5, 2.75],
							"rotation": [-5, 0, 0],
							"uv": {
								"north": {"uv": [19, 41], "uv_size": [2, 3]},
								"east": {"uv": [18, 41], "uv_size": [1, 3]},
								"south": {"uv": [22, 41], "uv_size": [2, 3]},
								"west": {"uv": [21, 41], "uv_size": [1, 3]},
								"up": {"uv": [19, 40], "uv_size": [2, 1]},
								"down": {"uv": [21, 41], "uv_size": [2, -1]}
							}
						},
						{
							"origin": [1.05, 8.5, 2.95],
							"size": [1.9, 3, 1.6],
							"pivot": [2, 9.5, 3.75],
							"rotation": [-15, 0, 0],
							"uv": {
								"north": {"uv": [7, 15], "uv_size": [1, 3]},
								"east": {"uv": [6, 15], "uv_size": [1, 3]},
								"south": {"uv": [9, 15], "uv_size": [1, 3]},
								"west": {"uv": [8, 15], "uv_size": [1, 3]},
								"up": {"uv": [7, 14], "uv_size": [1, 1]},
								"down": {"uv": [8, 15], "uv_size": [1, -1]}
							}
						},
						{
							"origin": [1.075, 10.53114, 2.99693],
							"size": [1.85, 2, 1.6],
							"pivot": [2, 11.53114, 3.79693],
							"rotation": [37.5, 0, 0],
							"uv": {
								"north": {"uv": [24, 52], "uv_size": [1, 2]},
								"east": {"uv": [23, 52], "uv_size": [1, 2]},
								"south": {"uv": [26, 52], "uv_size": [1, 2]},
								"west": {"uv": [25, 52], "uv_size": [1, 2]},
								"up": {"uv": [24, 51], "uv_size": [1, 1]},
								"down": {"uv": [25, 52], "uv_size": [1, -1]}
							}
						}
					]
				},
				{
					"name": "LegleftBone2",
					"parent": "LegleftBone1",
					"pivot": [2, 7.5, 4.25],
					"rotation": [17.5, 0, 0],
					"cubes": [
						{
							"origin": [1.2, 3.73739, 3.02809],
							"size": [1.6, 4, 2.1],
							"pivot": [2, 5.73739, 4.07809],
							"rotation": [0, -45, 0],
							"uv": {
								"north": {"uv": [2, 50], "uv_size": [1, 4]},
								"east": {"uv": [0, 50], "uv_size": [2, 4]},
								"south": {"uv": [5, 50], "uv_size": [1, 4]},
								"west": {"uv": [3, 50], "uv_size": [2, 4]},
								"up": {"uv": [2, 48], "uv_size": [1, 2]},
								"down": {"uv": [3, 50], "uv_size": [1, -2]}
							}
						}
					]
				},
				{
					"name": "LegleftBone3",
					"parent": "LegleftBone2",
					"pivot": [2, 4.23739, 4.07809],
					"rotation": [-17.5, 0, 0],
					"cubes": [
						{
							"origin": [1.1, 0.98739, 2.92809],
							"size": [1.8, 3.5, 2.3],
							"pivot": [2, 1.48739, 4.07809],
							"rotation": [0, -45, 0],
							"uv": {
								"north": {"uv": [53, 13], "uv_size": [1, 3]},
								"east": {"uv": [51, 13], "uv_size": [2, 3]},
								"south": {"uv": [56, 13], "uv_size": [1, 3]},
								"west": {"uv": [54, 13], "uv_size": [2, 3]},
								"up": {"uv": [53, 11], "uv_size": [1, 2]},
								"down": {"uv": [54, 13], "uv_size": [1, -2]}
							}
						}
					]
				},
				{
					"name": "Leglefthoof",
					"parent": "LegleftBone3",
					"pivot": [1.9, 1.32553, 4.94034],
					"cubes": [
						{
							"origin": [1.34644, 0.25455, 3.9175],
							"size": [1.35, 2, 1.3],
							"pivot": [1.89644, 1.25455, 4.6175],
							"rotation": [37.9549, 36.6322, 25.9283],
							"uv": {
								"north": {"uv": [20, 52], "uv_size": [1, 2]},
								"east": {"uv": [19, 52], "uv_size": [1, 2]},
								"south": {"uv": [22, 52], "uv_size": [1, 2]},
								"west": {"uv": [21, 52], "uv_size": [1, 2]},
								"up": {"uv": [20, 51], "uv_size": [1, 1]},
								"down": {"uv": [21, 52], "uv_size": [1, -1]}
							}
						},
						{
							"origin": [1.351, 0.10867, 2.68835],
							"size": [1.35, 2, 1.3],
							"pivot": [2.701, 2.10867, 3.88835],
							"rotation": [-37.955, 36.6322, -25.9283],
							"uv": {
								"north": {"uv": [10, 43], "uv_size": [1, 2]},
								"east": {"uv": [9, 43], "uv_size": [1, 2]},
								"south": {"uv": [12, 43], "uv_size": [1, 2]},
								"west": {"uv": [11, 43], "uv_size": [1, 2]},
								"up": {"uv": [10, 42], "uv_size": [1, 1]}
							}
						},
						{
							"origin": [1.40136, 0.52557, 2.70986],
							"size": [1.35, 2, 1.3],
							"pivot": [2.75136, 2.52557, 4.00986],
							"rotation": [-1.219, 46.1955, -30.4582],
							"uv": {
								"north": {"uv": [1, 43], "uv_size": [1, 2]},
								"east": {"uv": [0, 43], "uv_size": [1, 2]},
								"south": {"uv": [3, 43], "uv_size": [1, 2]},
								"west": {"uv": [2, 43], "uv_size": [1, 2]},
								"up": {"uv": [1, 42], "uv_size": [1, 1]}
							}
						},
						{
							"origin": [1.36429, -0.2773, 2.78753],
							"size": [1.35, 2, 1.3],
							"pivot": [2.46429, 1.7227, 3.98753],
							"rotation": [1.2189, 46.1955, 30.4581],
							"uv": {
								"north": {"uv": [41, 30], "uv_size": [1, 2]},
								"east": {"uv": [40, 30], "uv_size": [1, 2]},
								"south": {"uv": [43, 30], "uv_size": [1, 2]},
								"west": {"uv": [42, 30], "uv_size": [1, 2]},
								"up": {"uv": [41, 29], "uv_size": [1, 1]},
								"down": {"uv": [42, 30], "uv_size": [1, -1]}
							}
						},
						{
							"origin": [0.6, -0.21361, 2.68041],
							"size": [2.6, 1, 2.6],
							"pivot": [1.9, -0.21361, 3.98041],
							"rotation": [0, 45, 0],
							"uv": {
								"north": {"uv": [52, 7], "uv_size": [2, 1]},
								"east": {"uv": [50, 7], "uv_size": [2, 1]},
								"south": {"uv": [56, 7], "uv_size": [2, 1]},
								"west": {"uv": [54, 7], "uv_size": [2, 1]},
								"up": {"uv": [52, 5], "uv_size": [2, 2]},
								"down": {"uv": [54, 7], "uv_size": [2, -2]}
							}
						}
					]
				},
				{
					"name": "legRight",
					"parent": "body",
					"pivot": [-2, 12.5, 2.5],
					"rotation": [0, 0, 5],
					"cubes": [
						{
							"origin": [-3.7, 10.5, 0.5],
							"size": [3.4, 4, 4],
							"pivot": [-2, 12.5, 2.5],
							"rotation": [22.67458, 6.92618, 2.88419],
							"uv": {
								"north": {"uv": [18, 36], "uv_size": [3, 4]},
								"east": {"uv": [14, 36], "uv_size": [4, 4]},
								"south": {"uv": [25, 36], "uv_size": [3, 4]},
								"west": {"uv": [21, 36], "uv_size": [4, 4]},
								"up": {"uv": [18, 32], "uv_size": [3, 4]},
								"down": {"uv": [21, 36], "uv_size": [3, -4]}
							}
						},
						{
							"origin": [-3.76046, 10.45992, 0.855],
							"size": [0, 3.9, 3.3],
							"pivot": [-3.76046, 12.90992, 2.705],
							"rotation": [2.67458, 6.92618, 2.88419],
							"uv": {
								"east": {"uv": [64, 0], "uv_size": [-5.5, 6.5]}
							}
						},
						{
							"origin": [-3.5, 9.5, 2.2],
							"size": [2, 2, 3.1],
							"pivot": [-2.75, 9.5, 2.75],
							"rotation": [25.18908, 6.79382, 3.18458],
							"uv": {
								"north": {"uv": [21, 41], "uv_size": [-2, 3]},
								"east": {"uv": [22, 41], "uv_size": [-1, 3]},
								"south": {"uv": [24, 41], "uv_size": [-2, 3]},
								"west": {"uv": [19, 41], "uv_size": [-1, 3]},
								"up": {"uv": [21, 40], "uv_size": [-2, 1]},
								"down": {"uv": [23, 41], "uv_size": [-2, -1]}
							}
						}
					]
				},
				{
					"name": "LegrightBone1",
					"parent": "legRight",
					"pivot": [-2, 10.5, 3.25],
					"cubes": [
						{
							"origin": [-3, 7.5, 2.45],
							"size": [2, 3, 1.6],
							"pivot": [-2, 8.5, 3.25],
							"rotation": [25, 0, 0],
							"uv": {
								"north": {"uv": [21, 41], "uv_size": [-2, 3]},
								"east": {"uv": [22, 41], "uv_size": [-1, 3]},
								"south": {"uv": [24, 41], "uv_size": [-2, 3]},
								"west": {"uv": [19, 41], "uv_size": [-1, 3]},
								"up": {"uv": [21, 40], "uv_size": [-2, 1]},
								"down": {"uv": [23, 41], "uv_size": [-2, -1]}
							}
						},
						{
							"origin": [-2.95, 8.5, 2.95],
							"size": [1.9, 3, 1.6],
							"pivot": [-2, 9.5, 3.75],
							"rotation": [-15, 0, 0],
							"uv": {
								"north": {"uv": [1, 1], "uv_size": [1, 3]},
								"east": {"uv": [0, 1], "uv_size": [1, 3]},
								"south": {"uv": [3, 1], "uv_size": [1, 3]},
								"west": {"uv": [2, 1], "uv_size": [1, 3]},
								"up": {"uv": [1, 0], "uv_size": [1, 1]},
								"down": {"uv": [2, 1], "uv_size": [1, -1]}
							}
						},
						{
							"origin": [-2.925, 10.53114, 2.99693],
							"size": [1.85, 2, 1.6],
							"pivot": [-2, 11.53114, 3.79693],
							"rotation": [37.5, 0, 0],
							"uv": {
								"north": {"uv": [35, 37], "uv_size": [1, 2]},
								"east": {"uv": [34, 37], "uv_size": [1, 2]},
								"south": {"uv": [37, 37], "uv_size": [1, 2]},
								"west": {"uv": [36, 37], "uv_size": [1, 2]},
								"up": {"uv": [35, 36], "uv_size": [1, 1]},
								"down": {"uv": [36, 37], "uv_size": [1, -1]}
							}
						},
						{
							"origin": [-3, 9.5, 1.95],
							"size": [2, 2, 1.6],
							"pivot": [-2, 10.5, 2.75],
							"rotation": [-5, 0, 0],
							"uv": {
								"north": {"uv": [21, 41], "uv_size": [-2, 3]},
								"east": {"uv": [22, 41], "uv_size": [-1, 3]},
								"south": {"uv": [24, 41], "uv_size": [-2, 3]},
								"west": {"uv": [19, 41], "uv_size": [-1, 3]},
								"up": {"uv": [21, 40], "uv_size": [-2, 1]},
								"down": {"uv": [23, 41], "uv_size": [-2, -1]}
							}
						}
					]
				},
				{
					"name": "LegrightBone2",
					"parent": "LegrightBone1",
					"pivot": [-2, 7.5, 4.25],
					"rotation": [17.5, 0, 0],
					"cubes": [
						{
							"origin": [-2.8, 3.73739, 3.02809],
							"size": [1.6, 4, 2.1],
							"pivot": [-2, 5.73739, 4.07809],
							"rotation": [0, 45, 0],
							"uv": {
								"north": {"uv": [3, 50], "uv_size": [-1, 4]},
								"east": {"uv": [5, 50], "uv_size": [-2, 4]},
								"south": {"uv": [6, 50], "uv_size": [-1, 4]},
								"west": {"uv": [2, 50], "uv_size": [-2, 4]},
								"up": {"uv": [3, 48], "uv_size": [-1, 2]},
								"down": {"uv": [4, 50], "uv_size": [-1, -2]}
							}
						}
					]
				},
				{
					"name": "LegrightBone3",
					"parent": "LegrightBone2",
					"pivot": [-2, 4.23739, 4.07809],
					"rotation": [-17.5, 0, 0],
					"cubes": [
						{
							"origin": [-2.9, 0.98739, 2.92809],
							"size": [1.8, 3.5, 2.3],
							"pivot": [-2, 1.48739, 4.07809],
							"rotation": [0, 45, 0],
							"uv": {
								"north": {"uv": [54, 13], "uv_size": [-1, 3]},
								"east": {"uv": [56, 13], "uv_size": [-2, 3]},
								"south": {"uv": [57, 13], "uv_size": [-1, 3]},
								"west": {"uv": [53, 13], "uv_size": [-2, 3]},
								"up": {"uv": [54, 11], "uv_size": [-1, 2]},
								"down": {"uv": [55, 13], "uv_size": [-1, -2]}
							}
						}
					]
				},
				{
					"name": "Legrighthoof4",
					"parent": "LegrightBone3",
					"pivot": [-1.9, 1.32553, 4.94034],
					"cubes": [
						{
							"origin": [-2.69644, 0.25455, 3.9175],
							"size": [1.35, 2, 1.3],
							"pivot": [-1.89644, 1.25455, 4.6175],
							"rotation": [37.9549, -36.6322, -25.9283],
							"uv": {
								"north": {"uv": [21, 52], "uv_size": [-1, 2]},
								"east": {"uv": [22, 52], "uv_size": [-1, 2]},
								"south": {"uv": [23, 52], "uv_size": [-1, 2]},
								"west": {"uv": [20, 52], "uv_size": [-1, 2]},
								"up": {"uv": [21, 51], "uv_size": [-1, 1]},
								"down": {"uv": [22, 52], "uv_size": [-1, -1]}
							}
						},
						{
							"origin": [-2.701, 0.10867, 2.68835],
							"size": [1.35, 2, 1.3],
							"pivot": [-2.701, 2.10867, 3.88835],
							"rotation": [-37.955, -36.6322, 25.9283],
							"uv": {
								"north": {"uv": [11, 43], "uv_size": [-1, 2]},
								"east": {"uv": [12, 43], "uv_size": [-1, 2]},
								"south": {"uv": [13, 43], "uv_size": [-1, 2]},
								"west": {"uv": [10, 43], "uv_size": [-1, 2]},
								"up": {"uv": [11, 42], "uv_size": [-1, 1]}
							}
						},
						{
							"origin": [-2.75136, 0.52557, 2.70986],
							"size": [1.35, 2, 1.3],
							"pivot": [-2.75136, 2.52557, 4.00986],
							"rotation": [-1.219, -46.1955, 30.4582],
							"uv": {
								"north": {"uv": [2, 43], "uv_size": [-1, 2]},
								"east": {"uv": [3, 43], "uv_size": [-1, 2]},
								"south": {"uv": [4, 43], "uv_size": [-1, 2]},
								"west": {"uv": [1, 43], "uv_size": [-1, 2]},
								"up": {"uv": [2, 42], "uv_size": [-1, 1]}
							}
						},
						{
							"origin": [-2.71429, -0.2773, 2.78753],
							"size": [1.35, 2, 1.3],
							"pivot": [-2.46429, 1.7227, 3.98753],
							"rotation": [1.2189, -46.1955, -30.4581],
							"uv": {
								"north": {"uv": [42, 30], "uv_size": [-1, 2]},
								"east": {"uv": [43, 30], "uv_size": [-1, 2]},
								"south": {"uv": [44, 30], "uv_size": [-1, 2]},
								"west": {"uv": [41, 30], "uv_size": [-1, 2]},
								"up": {"uv": [42, 29], "uv_size": [-1, 1]},
								"down": {"uv": [43, 30], "uv_size": [-1, -1]}
							}
						},
						{
							"origin": [-3.2, -0.21361, 2.68041],
							"size": [2.6, 1, 2.6],
							"pivot": [-1.9, -0.21361, 3.98041],
							"rotation": [0, -45, 0],
							"uv": {
								"north": {"uv": [54, 7], "uv_size": [-2, 1]},
								"east": {"uv": [56, 7], "uv_size": [-2, 1]},
								"south": {"uv": [58, 7], "uv_size": [-2, 1]},
								"west": {"uv": [52, 7], "uv_size": [-2, 1]},
								"up": {"uv": [54, 5], "uv_size": [-2, 2]},
								"down": {"uv": [56, 7], "uv_size": [-2, -2]}
							}
						}
					]
				},
				{
					"name": "tail",
					"parent": "body",
					"pivot": [0, 14.75, 3.5],
					"rotation": [20, 0, 0],
					"cubes": [
						{
							"origin": [0, 11.98606, 2.66121],
							"size": [0, 6, 6.25],
							"uv": {
								"east": {"uv": [57.58879, 57.01394], "uv_size": [6.25, 6]},
								"south": {"uv": [30, 26], "uv_size": [0, 6]},
								"up": {"uv": [24, 20], "uv_size": [0, 6]},
								"down": {"uv": [24, 26], "uv_size": [0, -6]}
							}
						}
					]
				},
				{
					"name": "tail1",
					"parent": "tail",
					"pivot": [0, 14.48606, 7.53621],
					"rotation": [-37.5, 0, 0],
					"cubes": [
						{
							"origin": [-0.1, 11.48606, 6.41121],
							"size": [0, 7, 7.25],
							"uv": {
								"east": {"uv": [50.33879, 56.01394], "uv_size": [7.25, 7]},
								"south": {"uv": [14, 7], "uv_size": [0, 7]},
								"up": {"uv": [7, 0], "uv_size": [0, 7]},
								"down": {"uv": [7, 7], "uv_size": [0, -7]}
							}
						}
					]
				},
				{
					"name": "tail2",
					"parent": "tail1",
					"pivot": [0, 13.48606, 11.03621],
					"rotation": [-62.5, 0, 0],
					"cubes": [
						{
							"origin": [0, 9.37046, 11.02325],
							"size": [0, 8, 6.25],
							"uv": {
								"north": {"uv": [18, 18], "uv_size": [0, 8]},
								"east": {"uv": [44.22675, 55.62954], "uv_size": [6.25, 8]},
								"south": {"uv": [24, 18], "uv_size": [0, 8]},
								"up": {"uv": [18, 12], "uv_size": [0, 6]},
								"down": {"uv": [18, 18], "uv_size": [0, -6]}
							}
						}
					]
				},
				{
					"name": "tail3",
					"parent": "tail2",
					"pivot": [0, 13.48606, 17.03621],
					"cubes": [
						{
							"origin": [0.1, 9.37046, 15.02325],
							"size": [0, 8, 8.25],
							"uv": {
								"north": {"uv": [6, 18], "uv_size": [0, 8]},
								"east": {"uv": [35.72675, 55.62954], "uv_size": [7.75, 8]},
								"south": {"uv": [12, 18], "uv_size": [0, 8]},
								"up": {"uv": [6, 12], "uv_size": [0, 6]},
								"down": {"uv": [6, 18], "uv_size": [0, -6]}
							}
						}
					]
				}
			]
		}
	]
}