{
  "ammo": "cyber_armorer:bullet_rifle",
  "rpm": 660,
  "bullet": {
    "life": 0.5,
    "bullet_amount": 1,
    "damage": 8,
    "tracer_count_interval": 0,
    "extra_damage": {
      "armor_ignore": 0.15,
      "head_shot_multiplier": 1.5,
      "damage_adjust": [
        {"distance": 33, "damage": 8},
        {"distance": 66, "damage": 7},
        {"distance": "infinite", "damage": 5.5}
      ]
    },
    "speed": 260,
    "gravity": 0,
    "knockback": 0.15,
    "friction": 0.05,
    "ignite": true,
    "ignite_entity_time": 6,
    "pierce": 1,
    "explosion": {
      "explode": true,
      "damage": 8,
      "radius": 1,
      "knockback": false,
      "delay": 30
    }
  },
  "ammo_amount": 50,
  "extended_mag_ammo_amount": [
    50,
    50,
    50
  ],
  "bolt": "open_bolt",
  "reload": {
    "type": "magazine",
    "feed": {
      "empty": 2.15,
      "tactical": 1.56
    },
    "cooldown": {
      "empty": 2.5,
      "tactical": 2.11
    }
  },
  "draw_time": 0.94,
  "put_away_time": 0.45,
  "aim_time": 0.2,
  "sprint_time": 0.21,
  "weight": 3.6,
  "movement_speed": {
    "base": 0.0,
    "aim": 0.0,
    "reload": 0.0
  },
  "crawl_recoil_multiplier": 0.5,
  "fire_mode": [
    "auto"
  ],
  "allow_attachment_types": [
    "muzzle",
    "scope"
  ],
  "recoil": {
    "pitch": [
      {"time": 0, "value": [0.4, 0.4]},
      {"time": 0.18, "value": [0.4, 0.4]},
      {"time": 0.3, "value": [-0.2, -0.2]},
      {"time": 0.45, "value": [0.015, 0.015]},
      {"time": 0.53, "value": [0, 0]}
    ],
    "yaw": [
      {"time": 0, "value": [-0.25, 0.25]},
      {"time": 0.25, "value": [0, 0]}
    ]
  },
  "inaccuracy": {
    "stand": 1.75,
    "move": 2.5,
    "sneak": 1.25,
    "lie": 0.75,
    "aim": 0.1
  },
  "melee": {
    "distance": 1,
    "cooldown": 0.7,
    "default": {
      "animation_type": "melee_stock",
      "distance": 3,
      "range_angle": 45,
      "damage": 6,
      "knockback": 0.6,
      "prep": 0.1
    }
  }
}