{
  "script": "cyber_armorer:grad_logic",
  "ammo": "cyber_armorer:bullet_sniper",
  "ammo_amount": 3,
  "extended_mag_ammo_amount": [
    3,
    3,
    3
  ],
  "bolt": "manual_action",
  "rpm": 150,
  "bullet": {
    "life": 0.9,
    "bullet_amount": 1,
    "damage": 100,
    "tracer_count_interval": 0,
    "extra_damage": {
      "armor_ignore": 0.80,
      "head_shot_multiplier": 2.9,
      "damage_adjust": [
        {"distance": 90, "damage": 100},
        {"distance": 180, "damage": 95},
        {"distance": "infinite", "damage": 90}
      ]
    },
    "speed": 420,
    "gravity": 0.15,
    "knockback": 0,
    "friction": 0.015,
    "ignite": false,
    "pierce": 2
  },
  "reload": {
    "type": "magazine",
    "feed": {
      "empty": 3.8,
      "tactical": 1.93
    },
    "cooldown": {
      "empty": 4.4,
      "tactical": 2.56
    }
  },
  "script_param": {
    "reload_feed": 1.93,
    "reload_cooldown": 2.56,
    "empty_feed": 3.8,
    "empty_cooldown": 4.4
  },
  "draw_time": 1,
  "put_away_time": 0.7,
  "aim_time": 0.25,
  "sprint_time": 0.2,
  "bolt_action_time": 1.5,
  "weight": 5.85,
  "movement_speed": {
    "base": 0,
    "aim": 0,
    "reload": 0
  },
  "crawl_recoil_multiplier": 0.25,
  "fire_mode": [
    "semi"
  ],
  "recoil": {
    "pitch": [
      {"time": 0, "value": [4, 4]},
      {"time": 0.32, "value": [4, 4]},
      {"time": 0.57, "value": [-0.5, -0.5]},
      {"time": 0.82, "value": [0.3, 0.3]},
      {"time": 1.17, "value": [0, 0]},
      {"time": 1.47, "value": [0, 0]}
    ],
    "yaw": [
      {"time": 0, "value": [-0.5, 0.5]},
      {"time": 0.32, "value": [-0.5, 0.5]},
      {"time": 0.57, "value": [0, 0]}
    ]
  },
  "inaccuracy": {
    "stand": 3,
    "move": 4,
    "sneak": 2.5,
    "lie": 1.5,
    "aim": 0.05
  },
  "melee": {
    "distance": 1,
    "cooldown": 0.7,
    "default": {
      "animation_type": "melee_stock",
      "distance": 3,
      "range_angle": 45,
      "damage": 6,
      "knockback": 0.6,
      "prep": 0.1
    }
  },
  "builtin_attachments": {
    "scope": "cyber_armorer:scope_01_overwatch"
  },
  "allow_attachment_types": [
  ]
}