{
  "script": "cyber_armorer:m2038_logic",
  "ammo": "cyber_armorer:bullet_buckshot",
  "rpm": 340,
  "bullet": {
    "life": 0.6,
    "bullet_amount": 6,
    "damage": 36,
    "tracer_count_interval": 0,
    "extra_damage": {
      "armor_ignore": 0.1,
      "head_shot_multiplier": 1.8,
      "damage_adjust": [
        {"distance": 12, "damage": 66},
        {"distance": 24, "damage": 45},
        {"distance": "infinite", "damage": 36}
      ]
    },
    "speed": 150,
    "gravity": 0.15,
    "knockback": 0.15,
    "friction": 0.05,
    "ignite": false,
    "pierce": 1
  },
  "ammo_amount": 7,
  "extended_mag_ammo_amount": [
    7,
    7,
    7
  ],
  "script_param": {
    "bolt_time": 0.42,
    "bolt_feed_time": 0.33,
    "intro_empty": 2.33,
    "intro": 0.25,
    "loop": 0.875,
    "ending": 0.375,
    "intro_empty_feed": 1.83,
    "loop_feed": 0.46
  },
  "bolt": "manual_action",
  "reload": {
    "type": "magazine",
    "feed": {
      "empty": 0.5,
      "tactical": 0.5
    },
    "cooldown": {
      "empty": 1,
      "tactical": 1
    }
  },
  "draw_time": 0.9,
  "put_away_time": 0.5,
  "bolt_action_time": 0.5,
  "aim_time": 0.2,
  "sprint_time": 0.21,
  "weight": 3.3,
  "movement_speed": {
    "base": 0.0,
    "aim": 0.0,
    "reload": 0.0
  },
  "crawl_recoil_multiplier": 0.5,
  "fire_mode": [
    "semi"
  ],
  "allow_attachment_types": [
    "extended_mag",
    "scope"
  ],
  "recoil": {
    "pitch": [
      {"time": 0, "value": [4.5, 4.5]},
      {"time": 0.1, "value": [4, 4]},
      {"time": 0.13, "value": [4.5, 4.5]},
      {"time": 0.4, "value": [-0.45, -0.45]},
      {"time": 0.53, "value": [0.0, 0.0]},
      {"time": 0.65, "value": [0, 0]},
      {"time": 0.7, "value": [0, 0]}
    ],
    "yaw": [
      {"time": 0, "value": [-1.5, 1.5]},
      {"time": 0.1, "value": [-1.5, 1.5]},
      {"time": 0.5, "value": [0.13, 0.13]},
      {"time": 0.65, "value": [0, 0]}
    ]
  },
  "inaccuracy": {
    "stand": 3,
    "move": 3,
    "sneak": 3,
    "lie": 3,
    "aim": 3
  },
  "melee": {
    "distance": 1,
    "cooldown": 0.7,
    "default": {
      "animation_type": "melee_stock",
      "distance": 3,
      "range_angle": 45,
      "damage": 6,
      "knockback": 0.6,
      "prep": 0.1
    }
  }
}