{
  "ammo": "cyber_armorer:bullet_pistol",
  "rpm": 1200,
  "bullet": {
    "life": 0.5,
    "bullet_amount": 1,
    "damage": 11,
    "tracer_count_interval": 0,
    "extra_damage": {
      "armor_ignore": 0.2,
      "head_shot_multiplier": 2,
      "damage_adjust": [
        {"distance": 24, "damage": 11},
        {"distance": 48, "damage": 10},
        {"distance": "infinite", "damage": 7}
      ]
    },
    "speed": 210,
    "gravity": 0,
    "knockback": 0.15,
    "friction": 0,
    "ignite": false,
    "ignite_entity_time": 4,
    "pierce": 1
  },
  "ammo_amount": 90,
  "extended_mag_ammo_amount": [
    90,
    90,
    90
  ],
  "bolt": "open_bolt",
  "reload": {
    "type": "magazine",
    "feed": {
      "empty": 1.63,
      "tactical": 1.63
    },
    "cooldown": {
      "empty": 2,
      "tactical": 2
    }
  },
  "draw_time": 0.64,
  "put_away_time": 0.37,
  "aim_time": 0.15,
  "sprint_time": 0.21,
  "weight": 2.5,
  "movement_speed": {
    "base": 0.0,
    "aim": 0.0,
    "reload": 0.0
  },
  "crawl_recoil_multiplier": 0.5,
  "fire_mode": [
    "auto"
  ],
  "allow_attachment_types": [
    "extended_mag",
    "muzzle",
    "scope"
  ],
  "recoil": {
    "pitch": [
      {"time": 0, "value": [1, 1]},
      {"time": 0.25, "value": [1, 1]},
      {"time": 0.4, "value": [-0.3, -0.3]},
      {"time": 0.6, "value": [0.05, 0.05]},
      {"time": 0.75, "value": [0, 0]}
    ],
    "yaw": [
      {"time": 0, "value": [-0.5, 0.5]},
      {"time": 0.4, "value": [0, 0]}
    ]
  },
  "inaccuracy": {
    "stand": 2,
    "move": 2.5,
    "sneak": 1.5,
    "lie": 1,
    "aim": 0.02
  },
  "melee": {
    "distance": 1,
    "cooldown": 0.7,
    "default": {
      "animation_type": "melee_stock",
      "distance": 3,
      "range_angle": 45,
      "damage": 6,
      "knockback": 0.6,
      "prep": 0.1
    }
  }
}