{
  "ammo": "cyber_armorer:bullet_pistol",
  "rpm": 300,
  "bullet": {
    "life": 0.6,
    "bullet_amount": 1,
    "damage": 12,
    "tracer_count_interval": 0,
    "extra_damage": {
      "armor_ignore": 0.1,
      "head_shot_multiplier": 4,
      "damage_adjust": [
        {"distance": 36, "damage": 12},
        {"distance": 72, "damage": 11},
        {"distance": "infinite", "damage": 10.5}
      ]
    },
    "speed": 210,
    "gravity": 0.15,
    "knockback": 0.15,
    "friction": 0.05,
    "ignite": false,
    "ignite_entity_time": 6,
    "pierce": 1
  },
  "ammo_amount": 9,
  "extended_mag_ammo_amount": [
    11,
    12,
    13
  ],
  "bolt": "closed_bolt",
  "reload": {
    "type": "magazine",
    "feed": {
      "empty": 2.13,
      "tactical": 1.17
    },
    "cooldown": {
      "empty": 2.66,
      "tactical": 1.75
    }
  },
  "draw_time": 0.54,
  "put_away_time": 0.5,
  "aim_time": 0.15,
  "sprint_time": 0.21,
  "weight": 1.43,
  "movement_speed": {
    "base": 0.0,
    "aim": 0.0,
    "reload": 0.0
  },
  "crawl_recoil_multiplier": 0.5,
  "fire_mode": [
    "semi"
  ],
  "allow_attachment_types": [
    "extended_mag",
    "scope"
  ],
  "recoil": {
    "pitch": [
      {"time": 0, "value": [0.3, 0.3]},
      {"time": 0.25, "value": [0.3, 0.3]},
      {"time": 0.4, "value": [-0.12, -0.12]},
      {"time": 0.6, "value": [0.01, 0.01]},
      {"time": 0.75, "value": [0, 0]}
    ],
    "yaw": [
      {"time": 0, "value": [-0.12, 0.12]},
      {"time": 0.4, "value": [0, 0]}
    ]
  },
  "inaccuracy": {
    "stand": 1,
    "move": 1.5,
    "sneak": 0.75,
    "lie": 0.5,
    "aim": 0.1
  }
}