{
  "ammo": "cyber_armorer:bullet_pistol",
  "rpm": 400,
  "bullet": {
    "life": 0.6,
    "bullet_amount": 1,
    "damage": 14,
    "tracer_count_interval": 0,
    "extra_damage": {
      "armor_ignore": 0.15,
      "head_shot_multiplier": 1.75,
      "damage_adjust": [
        {"distance": 36, "damage": 14},
        {"distance": 72, "damage": 13},
        {"distance": "infinite", "damage": 12}
      ]
    },
    "speed": 180,
    "gravity": 0.15,
    "knockback": 0.15,
    "friction": 0.05,
    "ignite": false,
    "ignite_entity_time": 5,
    "pierce": 1
  },
  "ammo_amount": 11,
  "extended_mag_ammo_amount": [
    13,
    15,
    16
  ],
  "bolt": "closed_bolt",
  "reload": {
    "type": "magazine",
    "feed": {
      "empty": 2.13,
      "tactical": 1.17
    },
    "cooldown": {
      "empty": 2.66,
      "tactical": 1.75
    }
  },
  "draw_time": 0.54,
  "put_away_time": 0.5,
  "aim_time": 0.15,
  "sprint_time": 0.21,
  "weight": 1.2,
  "movement_speed": {
    "base": 0.0,
    "aim": 0.0,
    "reload": 0.0
  },
  "crawl_recoil_multiplier": 0.5,
  "fire_mode": [
    "semi"
  ],
  "allow_attachment_types": [
    "muzzle",
    "extended_mag",
    "scope"
  ],
  "recoil": {
    "pitch": [
      {"time": 0, "value": [0.35, 0.35]},
      {"time": 0.25, "value": [0.35, 0.35]},
      {"time": 0.4, "value": [-0.15, -0.15]},
      {"time": 0.6, "value": [0.02, 0.02]},
      {"time": 0.75, "value": [0, 0]}
    ],
    "yaw": [
      {"time": 0, "value": [-0.15, 0.15]},
      {"time": 0.4, "value": [0, 0]}
    ]
  },
  "inaccuracy": {
    "stand": 1,
    "move": 1.5,
    "sneak": 0.75,
    "lie": 0.5,
    "aim": 0.1
  }
}