{
  "model": "eos:gun/elp_13_t3_geo",
  "texture": "eos:gun/uv/elp_13_t3",
  "lod": {
    "model": "eos:gun/lod/elp_13_t3",
    "texture": "eos:gun/lod/elp_13_t3"
  },
  "hud": "eos:gun/hud/elp_13_t3",
  "slot": "eos:gun/slot/elp_13_t3",
  "animation": "eos:elp_13_t3",
  "ammo_count_style": "percent",
  "use_default_animation": "pistol",
  "third_person_animation": "default",
  "transform": {
    "scale": {
      "thirdperson": [0.6, 0.6, 0.6],
      "ground": [0.6, 0.6, 0.6],
      "fixed": [1.2, 1.2, 1.2]
    }
  },
  "muzzle_flash": {
    "texture": "eos:flash/plasma_flash",
    "scale": 0.55
  },
  "shell": {
    "initial_velocity": [6.0, 5.0, 0.5],
    "random_velocity": [2, 1.5, 0.25],
    "acceleration": [0.0, -20, 0.0],
    "angular_velocity": [360, -720, 90],
    "living_time": 1.0
  },
  "sounds": {
    "reload_empty": "tacz:deagle/deagle_reload_empty",
    "reload_tactical": "tacz:deagle/deagle_reload_tactical",
    "inspect": "tacz:deagle/deagle_inspect",
    "inspect_empty": "tacz:deagle/deagle_inspect_empty",
    "draw": "tacz:deagle/deagle_draw",
    "shoot":"eos:eos_hg/elp_13_t3_shoot",
    "shoot_3p": "eos:eos_hg/elp_13_t3_shoot",
    "silence": "tacz:deagle/deagle_silence",
    "silence_3p": "tacz:deagle/deagle_silence_3p"
  },
  "offhand_show": {
    "pos": [4, 13, -1],
    "rotate": [-90, -35, 90],
    "scale": [0.5, 0.5, 0.5]
  },
  "hotbar_show": {
    "0": {
      "pos": [-5, 13, -1],
      "rotate": [-90, -35, 90],
      "scale": [0.5, 0.5, 0.5]
    }
  }
}