{
  // 默认的模型，在包目录下的 models 文件夹中寻找，不可为空
  "model": "eos:gun/elp_45_t3_geo",
  // 默认材质，不可为空
  "texture": "eos:gun/uv/elp_45_t3",
  // 低模
  "lod": {
    "model": "eos:gun/lod/elp_45_t3",
    "texture": "eos:gun/lod/elp_45_t3"
  },
  // GUI/HUD 界面的 2D 材质，在包目录下的 textures 文件夹中寻找，可为空，若为空，则对应位置不会渲染
  "hud": "eos:gun/hud/elp_45_t3",
  // GUI/HUD 界面的 2D 材质，在包目录下的 textures 文件夹中寻找，可为空
  // 若为空，则对应位置渲染改为：上述 hud + 代码着成红色
  // "hud_empty": "tacz:gun/hud/ak47_empty",
  // 背包/快捷栏等容器中槽位显示的 2D 材质，在包目录下的 textures 文件夹中寻找，不建议为空
  "slot": "eos:gun/slot/elp_45_t3",
  // 调用的动画名，会在包目录下的 animations 文件夹中寻找，不建议为空
  "animation": "eos:elp_45_t3",
  // 弹药计量样式，可选值：”normal“(显示实际值)、”percent“(显示百分比)，默认为”normal“
  "ammo_count_style": "percent",
  // 指定使用缺省动画，可为空。如果上文指定的动画文件里缺少某个动画，如 draw 动画，则会从缺省动画拷贝。
  // 值可为 rifle、pistol
  "use_default_animation": "rifle",
  // 第三人称动画，硬编码，只能选择已有类型，默认只有 default
  "transform": {
    // 暂时只有缩放需要在这里指定，旋转和位移使用模型内定位组。
    // 可以为空，若为空，则不缩放模型。
    "scale": {
      // 第三人称手部
      "thirdperson": [0.6, 0.6, 0.6],
      // 地面实体
      "ground": [0.6, 0.6, 0.6],
      // 展示框
      "fixed": [1.2, 1.2, 1.2]
    }
  },
  "muzzle_flash": {
    "texture": "eos:flash/plasma_flash",
    "scale": 1
  },
  "iron_zoom": 1.2,
  "shell": {
    "initial_velocity": [5, 2, 1],
    "random_velocity": [1, 1, 0.25],
    "acceleration": [0.0, -10, 0.0],
    "angular_velocity": [360, -1200, 90],
    "living_time": 1.0
  },
  "sounds": {
    "reload_empty": "eos:wa2000/wa2000_reload_empty",
    "reload_tactical": "eos:wa2000/wa2000_reload_tactical",
    "inspect": "eos:wa2000/wa2000_inspect",
    "inspect_empty": "eos:wa2000/wa2000_inspect_empty",
    "draw": "eos:wa2000/wa2000_draw",
    "shoot": "eos:eos_sr/elp_45_t3_shoot",
    "shoot_3p": "eos:eos_sr/elp_45_t3_shoot",
    "silence_3p": "eos:wa2000/wa2000_silence_3p",
    "bolt": "eos:wa2000/wa2000_bolt",
    "put_away": "eos:wa2000/wa2000_put_away",
    "melee_push": "eos:melee_stock/melee_stock_02",
    "melee_stock": "eos:melee_stock/melee_stock_03"
  },
  // 枪械模型上的文本显示
  "text_show": {
	    "ammo_count_text_show_pos": {
      // 文本缩放，默认大小对于 BlockBench 里的 1
      "scale": 0.2,
      // 对齐方式：right，center，left
      "align": "right",
      // 阴影
      "shadow": false,
      // 文本颜色
      "color": "#ffe980",
      // 亮度：1-15
      "light": 15,
      // 本地化，且支持PlaceholderAPI 风格的占位符
      // 目前仅支持两个：%player_name% %ammo_count%
      "text": "%ammo_count%"
    }
  },
  "offhand_show": {
    "pos": [-2, 20, 4],
    "rotate": [0, 0, 45],
    "scale": [0.5, 0.5, 0.5]
  },
  "hotbar_show": {
    "0": {
      "pos": [-4, 26, 3],
      "rotate": [-90, -5, -90],
      "scale": [0.5, 0.5, 0.5]
    }
  }
}