{
  "model": "eos:gun/eos_hg57_t2_geo",
  "texture": "eos:gun/uv/eos_hg57_t2",
  "lod": {
    "model": "eos:gun/lod/eos_hg57_t2",
    "texture": "eos:gun/lod/eos_hg57_t2"
  },
  "hud": "eos:gun/hud/eos_hg57_t2",
  "slot": "eos:gun/slot/eos_hg57_t2",
  "animation": "eos:eos_hg57_t2",
  "use_default_animation": "pistol",
  "third_person_animation": "default",
  "transform": {
    "scale": {
      "thirdperson": [0.6, 0.6, 0.6],
      "ground": [0.6, 0.6, 0.6],
      "fixed": [1.2, 1.2, 1.2]
    }
  },
  "muzzle_flash": {
    "texture": "tacz:flash/common_muzzle_flash",
    "scale": 0.55
  },
  "shell": {
    "initial_velocity": [6.0, 5.0, 0.5],
    "random_velocity": [2, 1.5, 0.25],
    "acceleration": [0.0, -20, 0.0],
    "angular_velocity": [360, -720, 90],
    "living_time": 1.0
  },
  "sounds": {
    "shoot": "eos:eos_hg/eos_hg_shoot2",
    "shoot_3p": "eos:eos_hg/eos_hg_shoot2",
    "silence": "tacz:cz75/cz75_silence",
    "silence_3p": "tacz:cz75/cz75_silence_3p"
  },
  "offhand_show": {
    "pos": [4, 13, -1],
    "rotate": [-90, -35, 90],
    "scale": [0.5, 0.5, 0.5]
  },
  "hotbar_show": {
    "0": {
      "pos": [-5, 13, -1],
      "rotate": [-90, -35, 90],
      "scale": [0.5, 0.5, 0.5]
    }
  }
}