{
	"format_version": "1.12.0",
	"minecraft:geometry": [
		{
			"description": {
				"identifier": "geometry.unknown",
				"texture_width": 32,
				"texture_height": 32,
				"visible_bounds_width": 2,
				"visible_bounds_height": 1.5,
				"visible_bounds_offset": [0, 0.25, 0]
			},
			"bones": [
				{
					"name": "bullet",
					"pivot": [0.9687, -0.40125, -16.5],
					"cubes": [
						{
							"origin": [-0.40125, -0.9687, -4.5],
							"size": [0.8025, 1.9374, 3.5],
							"pivot": [0, 0, -2.875],
							"rotation": [0, 0, 45],
							"uv": {
								"north": {"uv": [3, 5], "uv_size": [1, 2]},
								"south": {"uv": [3, 7], "uv_size": [1, 2]},
								"up": {"uv": [0, 0], "uv_size": [1, 3.5]},
								"down": {"uv": [1, 3.5], "uv_size": [1, -3.5]}
							}
						},
						{
							"origin": [-0.40125, -0.9687, -4.5],
							"size": [0.8025, 1.9374, 3.5],
							"uv": {
								"north": {"uv": [4, 7], "uv_size": [1, 2]},
								"south": {"uv": [5, 7], "uv_size": [1, 2]},
								"up": {"uv": [2, 0], "uv_size": [1, 3.5]},
								"down": {"uv": [3, 3.5], "uv_size": [1, -3.5]}
							}
						},
						{
							"origin": [-0.9687, -0.40125, -4.5],
							"size": [1.9374, 0.8025, 3.5],
							"pivot": [0, 0, -2.875],
							"rotation": [0, 0, 45],
							"uv": {
								"north": {"uv": [6, 7], "uv_size": [2, 1]},
								"east": {"uv": [0, 4], "uv_size": [3.5, 1]},
								"south": {"uv": [8, 0], "uv_size": [2, 1]},
								"west": {"uv": [4, 0], "uv_size": [3.5, 1]}
							}
						},
						{
							"origin": [-0.9687, -0.40125, -4.5],
							"size": [1.9374, 0.8025, 3.5],
							"uv": {
								"north": {"uv": [8, 1], "uv_size": [2, 1]},
								"east": {"uv": [4, 1], "uv_size": [3.5, 1]},
								"south": {"uv": [8, 2], "uv_size": [2, 1]},
								"west": {"uv": [4, 2], "uv_size": [3.5, 1]}
							}
						},
						{
							"origin": [0.9688, -0.02625, -3.3125],
							"size": [1.6249, 0.115, 0.4375],
							"pivot": [0, 0, -2.875],
							"rotation": [0, 0, -45],
							"uv": {
								"north": {"uv": [6, 14], "uv_size": [1.5, 0.5]},
								"east": {"uv": [2, 19], "uv_size": [0.5, 0.5]},
								"south": {"uv": [14, 6], "uv_size": [1.5, 0.5]},
								"west": {"uv": [19, 2], "uv_size": [0.5, 0.5]},
								"up": {"uv": [14, 7], "uv_size": [1.5, 0.5]},
								"down": {"uv": [8, 14.5], "uv_size": [1.5, -0.5]}
							}
						},
						{
							"origin": [0.9063, -0.08875, 2.0625],
							"size": [1.9374, 0.115, 0.625],
							"inflate": 0.001,
							"pivot": [0, 0, 2.5625],
							"rotation": [0, 0, 45],
							"uv": {
								"north": {"uv": [12, 2], "uv_size": [2, 0.5]},
								"east": {"uv": [6, 19], "uv_size": [0.5, 0.5]},
								"south": {"uv": [3, 12], "uv_size": [2, 0.5]},
								"west": {"uv": [19, 6], "uv_size": [0.5, 0.5]},
								"up": {"uv": [12, 3], "uv_size": [2, 0.5]},
								"down": {"uv": [12, 4.5], "uv_size": [2, -0.5]}
							}
						},
						{
							"origin": [0.09196, 1.99224, 2.0625],
							"size": [1.9374, 0.115, 0.625],
							"inflate": 0.001,
							"pivot": [2.02936, 1.99224, 2.0625],
							"rotation": [0, 0, -45],
							"uv": {
								"north": {"uv": [5, 12], "uv_size": [2, 0.5]},
								"east": {"uv": [7, 19], "uv_size": [0.5, 0.5]},
								"south": {"uv": [12, 5], "uv_size": [2, 0.5]},
								"west": {"uv": [19, 7], "uv_size": [0.5, 0.5]},
								"up": {"uv": [12, 6], "uv_size": [2, 0.5]},
								"down": {"uv": [7, 12.5], "uv_size": [2, -0.5]}
							}
						},
						{
							"origin": [-0.01387, 1.96523, 2.04618],
							"size": [2.07056, 0.115, 0.66263],
							"pivot": [2.00235, 1.96523, 2.00855],
							"rotation": [0, -20, -45],
							"uv": {
								"north": {"uv": [12, 7], "uv_size": [2, 0.5]},
								"east": {"uv": [8, 19], "uv_size": [0.5, 0.5]},
								"south": {"uv": [12, 8], "uv_size": [2, 0.5]},
								"west": {"uv": [19, 8], "uv_size": [0.5, 0.5]},
								"up": {"uv": [9, 12], "uv_size": [2, 0.5]},
								"down": {"uv": [12, 9.5], "uv_size": [2, -0.5]}
							}
						},
						{
							"origin": [-0.01387, -2.08023, 2.04618],
							"size": [2.07056, 0.115, 0.66263],
							"pivot": [2.00235, -1.96523, 2.00855],
							"rotation": [0, -20, 45],
							"uv": {
								"north": {"uv": [12, 10], "uv_size": [2, 0.5]},
								"east": {"uv": [9, 19], "uv_size": [0.5, 0.5]},
								"south": {"uv": [11, 12], "uv_size": [2, 0.5]},
								"west": {"uv": [19, 9], "uv_size": [0.5, 0.5]},
								"up": {"uv": [12, 11], "uv_size": [2, 0.5]},
								"down": {"uv": [0, 13.5], "uv_size": [2, -0.5]}
							}
						},
						{
							"origin": [-2.05669, -2.08023, 2.04618],
							"size": [2.07056, 0.115, 0.66263],
							"pivot": [-2.00235, -1.96523, 2.00855],
							"rotation": [0, 20, -45],
							"uv": {
								"north": {"uv": [14, 3], "uv_size": [2, 0.5]},
								"east": {"uv": [13, 19], "uv_size": [0.5, 0.5]},
								"south": {"uv": [4, 14], "uv_size": [2, 0.5]},
								"west": {"uv": [19, 13], "uv_size": [0.5, 0.5]},
								"up": {"uv": [14, 4], "uv_size": [2, 0.5]},
								"down": {"uv": [14, 5.5], "uv_size": [2, -0.5]}
							}
						},
						{
							"origin": [-2.8437, -0.08875, 2.0625],
							"size": [1.9374, 0.115, 0.625],
							"inflate": 0.001,
							"pivot": [0, 0, 2.5625],
							"rotation": [0, 0, -45],
							"uv": {
								"north": {"uv": [13, 12], "uv_size": [2, 0.5]},
								"east": {"uv": [12, 19], "uv_size": [0.5, 0.5]},
								"south": {"uv": [0, 14], "uv_size": [2, 0.5]},
								"west": {"uv": [19, 12], "uv_size": [0.5, 0.5]},
								"up": {"uv": [2, 14], "uv_size": [2, 0.5]},
								"down": {"uv": [14, 2.5], "uv_size": [2, -0.5]}
							}
						},
						{
							"origin": [-2.02936, 1.99224, 2.0625],
							"size": [1.9374, 0.115, 0.625],
							"inflate": 0.001,
							"pivot": [-2.02936, 1.99224, 2.0625],
							"rotation": [0, 0, 45],
							"uv": {
								"north": {"uv": [6, 13], "uv_size": [2, 0.5]},
								"east": {"uv": [11, 19], "uv_size": [0.5, 0.5]},
								"south": {"uv": [8, 13], "uv_size": [2, 0.5]},
								"west": {"uv": [19, 11], "uv_size": [0.5, 0.5]},
								"up": {"uv": [10, 13], "uv_size": [2, 0.5]},
								"down": {"uv": [12, 13.5], "uv_size": [2, -0.5]}
							}
						},
						{
							"origin": [-2.05669, 1.96523, 2.04618],
							"size": [2.07056, 0.115, 0.66263],
							"pivot": [-2.00235, 1.96523, 2.00855],
							"rotation": [0, 20, 45],
							"uv": {
								"north": {"uv": [13, 0], "uv_size": [2, 0.5]},
								"east": {"uv": [10, 19], "uv_size": [0.5, 0.5]},
								"south": {"uv": [13, 1], "uv_size": [2, 0.5]},
								"west": {"uv": [19, 10], "uv_size": [0.5, 0.5]},
								"up": {"uv": [2, 13], "uv_size": [2, 0.5]},
								"down": {"uv": [4, 13.5], "uv_size": [2, -0.5]}
							}
						},
						{
							"origin": [0.9688, -0.02625, -3.3125],
							"size": [1.6249, 0.115, 0.4375],
							"pivot": [0, 0, -2.875],
							"rotation": [0, 0, 45],
							"uv": {
								"north": {"uv": [14, 8], "uv_size": [1.5, 0.5]},
								"east": {"uv": [3, 19], "uv_size": [0.5, 0.5]},
								"south": {"uv": [14, 9], "uv_size": [1.5, 0.5]},
								"west": {"uv": [19, 3], "uv_size": [0.5, 0.5]},
								"up": {"uv": [10, 14], "uv_size": [1.5, 0.5]},
								"down": {"uv": [14, 10.5], "uv_size": [1.5, -0.5]}
							}
						},
						{
							"origin": [-2.5937, -0.08875, -3.3125],
							"size": [1.6249, 0.115, 0.4375],
							"pivot": [0, 0, -2.875],
							"rotation": [0, 0, -45],
							"uv": {
								"north": {"uv": [0, 15], "uv_size": [1.5, 0.5]},
								"east": {"uv": [5, 19], "uv_size": [0.5, 0.5]},
								"south": {"uv": [15, 0], "uv_size": [1.5, 0.5]},
								"west": {"uv": [19, 5], "uv_size": [0.5, 0.5]},
								"up": {"uv": [15, 1], "uv_size": [1.5, 0.5]},
								"down": {"uv": [2, 15.5], "uv_size": [1.5, -0.5]}
							}
						},
						{
							"origin": [-2.5937, -0.08875, -3.3125],
							"size": [1.6249, 0.115, 0.4375],
							"pivot": [0, 0, -2.875],
							"rotation": [0, 0, 45],
							"uv": {
								"north": {"uv": [14, 11], "uv_size": [1.5, 0.5]},
								"east": {"uv": [4, 19], "uv_size": [0.5, 0.5]},
								"south": {"uv": [12, 14], "uv_size": [1.5, 0.5]},
								"west": {"uv": [19, 4], "uv_size": [0.5, 0.5]},
								"up": {"uv": [14, 13], "uv_size": [1.5, 0.5]},
								"down": {"uv": [14, 14.5], "uv_size": [1.5, -0.5]}
							}
						},
						{
							"origin": [-0.37536, -0.9062, -1],
							"size": [0.75072, 1.8124, 3.6875],
							"pivot": [0, 0, -0.53125],
							"rotation": [0, 0, 45],
							"uv": {
								"up": {"uv": [4, 3], "uv_size": [1, 3.5]},
								"down": {"uv": [0, 8.5], "uv_size": [1, -3.5]}
							}
						},
						{
							"origin": [-0.37536, -0.9062, -1],
							"size": [0.75072, 1.8124, 3.6875],
							"uv": {
								"up": {"uv": [1, 5], "uv_size": [1, 3.5]},
								"down": {"uv": [2, 8.5], "uv_size": [1, -3.5]}
							}
						},
						{
							"origin": [-0.9062, -0.37536, -1],
							"size": [1.8124, 0.75072, 3.6875],
							"pivot": [0, 0, -0.53125],
							"rotation": [0, 0, 45],
							"uv": {
								"east": {"uv": [5, 3], "uv_size": [3.5, 1]},
								"west": {"uv": [5, 4], "uv_size": [3.5, 1]}
							}
						},
						{
							"origin": [-0.9062, -0.37536, -1],
							"size": [1.8124, 0.75072, 3.6875],
							"uv": {
								"east": {"uv": [5, 5], "uv_size": [3.5, 1]},
								"west": {"uv": [5, 6], "uv_size": [3.5, 1]}
							}
						},
						{
							"origin": [-0.9687, -0.40125, -0.0625],
							"size": [1.9374, 0.8025, 0.6875],
							"uv": {
								"north": {"uv": [6, 8], "uv_size": [2, 1]},
								"east": {"uv": [4, 15], "uv_size": [0.5, 1]},
								"south": {"uv": [8, 7], "uv_size": [2, 1]},
								"west": {"uv": [5, 15], "uv_size": [0.5, 1]}
							}
						},
						{
							"origin": [-0.9687, -0.40125, -0.0625],
							"size": [1.9374, 0.8025, 0.6875],
							"pivot": [0, 0, -2.875],
							"rotation": [0, 0, 45],
							"uv": {
								"north": {"uv": [8, 8], "uv_size": [2, 1]},
								"east": {"uv": [6, 15], "uv_size": [0.5, 1]},
								"south": {"uv": [0, 9], "uv_size": [2, 1]},
								"west": {"uv": [7, 15], "uv_size": [0.5, 1]}
							}
						},
						{
							"origin": [-0.40125, -0.9687, -0.0625],
							"size": [0.8025, 1.9374, 0.6875],
							"uv": {
								"north": {"uv": [2, 9], "uv_size": [1, 2]},
								"south": {"uv": [3, 9], "uv_size": [1, 2]},
								"up": {"uv": [8, 15], "uv_size": [1, 0.5]},
								"down": {"uv": [9, 15.5], "uv_size": [1, -0.5]}
							}
						},
						{
							"origin": [-0.40125, -0.9687, -0.0625],
							"size": [0.8025, 1.9374, 0.6875],
							"pivot": [0, 0, -2.875],
							"rotation": [0, 0, 45],
							"uv": {
								"north": {"uv": [9, 3], "uv_size": [1, 2]},
								"south": {"uv": [4, 9], "uv_size": [1, 2]},
								"up": {"uv": [10, 15], "uv_size": [1, 0.5]},
								"down": {"uv": [11, 15.5], "uv_size": [1, -0.5]}
							}
						},
						{
							"origin": [-0.40125, -0.9687, 0.9375],
							"size": [0.8025, 1.9374, 0.375],
							"uv": {
								"north": {"uv": [5, 9], "uv_size": [1, 2]},
								"south": {"uv": [9, 5], "uv_size": [1, 2]},
								"up": {"uv": [12, 15], "uv_size": [1, 0.5]},
								"down": {"uv": [15, 12.5], "uv_size": [1, -0.5]}
							}
						},
						{
							"origin": [-0.40125, -0.9687, 0.9375],
							"size": [0.8025, 1.9374, 0.375],
							"pivot": [0, 0, -2.1875],
							"rotation": [0, 0, 45],
							"uv": {
								"north": {"uv": [6, 9], "uv_size": [1, 2]},
								"south": {"uv": [7, 9], "uv_size": [1, 2]},
								"up": {"uv": [13, 15], "uv_size": [1, 0.5]},
								"down": {"uv": [14, 15.5], "uv_size": [1, -0.5]}
							}
						},
						{
							"origin": [-0.9687, -0.40125, 0.9375],
							"size": [1.9374, 0.8025, 0.375],
							"uv": {
								"north": {"uv": [8, 9], "uv_size": [2, 1]},
								"east": {"uv": [15, 15], "uv_size": [0.5, 1]},
								"south": {"uv": [0, 10], "uv_size": [2, 1]},
								"west": {"uv": [0, 16], "uv_size": [0.5, 1]}
							}
						},
						{
							"origin": [-0.9687, -0.40125, 0.9375],
							"size": [1.9374, 0.8025, 0.375],
							"pivot": [0, 0, -2.1875],
							"rotation": [0, 0, 45],
							"uv": {
								"north": {"uv": [10, 0], "uv_size": [2, 1]},
								"east": {"uv": [1, 16], "uv_size": [0.5, 1]},
								"south": {"uv": [10, 1], "uv_size": [2, 1]},
								"west": {"uv": [2, 16], "uv_size": [0.5, 1]}
							}
						},
						{
							"origin": [-0.40125, -0.9687, 2.6875],
							"size": [0.8025, 1.9374, 1.0625],
							"uv": {
								"north": {"uv": [10, 2], "uv_size": [1, 2]},
								"up": {"uv": [10, 9], "uv_size": [1, 1]},
								"down": {"uv": [10, 11], "uv_size": [1, -1]}
							}
						},
						{
							"origin": [-0.40125, -0.9687, 2.6875],
							"size": [0.8025, 1.9374, 1.0625],
							"pivot": [0, 0, -2.1875],
							"rotation": [0, 0, 45],
							"uv": {
								"north": {"uv": [10, 4], "uv_size": [1, 2]},
								"up": {"uv": [0, 11], "uv_size": [1, 1]},
								"down": {"uv": [1, 12], "uv_size": [1, -1]}
							}
						},
						{
							"origin": [-0.9687, -0.40125, 2.6875],
							"size": [1.9374, 0.8025, 1.0625],
							"uv": {
								"north": {"uv": [10, 6], "uv_size": [2, 1]},
								"east": {"uv": [2, 11], "uv_size": [1, 1]},
								"south": {"uv": [10, 7], "uv_size": [2, 1]},
								"west": {"uv": [11, 2], "uv_size": [1, 1]}
							}
						},
						{
							"origin": [-0.9687, -0.40125, 2.6875],
							"size": [1.9374, 0.8025, 1.0625],
							"inflate": 0.001,
							"pivot": [0, 0, -2.1875],
							"rotation": [0, 0, 45],
							"uv": {
								"north": {"uv": [8, 10], "uv_size": [2, 1]},
								"east": {"uv": [3, 11], "uv_size": [1, 1]},
								"south": {"uv": [10, 8], "uv_size": [2, 1]},
								"west": {"uv": [11, 3], "uv_size": [1, 1]}
							}
						},
						{
							"origin": [-0.42714, -1.0312, 3.75],
							"size": [0.85427, 0.8124, 0.125],
							"pivot": [0, 0, 3.8125],
							"rotation": [0, 0, 45],
							"uv": {
								"north": {"uv": [4, 11], "uv_size": [1, 1]},
								"south": {"uv": [11, 4], "uv_size": [1, 1]},
								"up": {"uv": [16, 2], "uv_size": [1, 0.5]},
								"down": {"uv": [3, 16.5], "uv_size": [1, -0.5]}
							}
						},
						{
							"origin": [-0.42714, -1.0312, 3.75],
							"size": [0.85427, 0.8124, 0.125],
							"inflate": 0.001,
							"uv": {
								"north": {"uv": [5, 11], "uv_size": [1, 1]},
								"south": {"uv": [11, 5], "uv_size": [1, 1]},
								"up": {"uv": [16, 3], "uv_size": [1, 0.5]},
								"down": {"uv": [4, 16.5], "uv_size": [1, -0.5]}
							}
						},
						{
							"origin": [-0.42714, 0.2188, 3.75],
							"size": [0.85427, 0.8124, 0.125],
							"pivot": [0, 0, 3.8125],
							"rotation": [0, 0, 45],
							"uv": {
								"north": {"uv": [6, 11], "uv_size": [1, 1]},
								"south": {"uv": [7, 11], "uv_size": [1, 1]},
								"up": {"uv": [16, 4], "uv_size": [1, 0.5]},
								"down": {"uv": [5, 16.5], "uv_size": [1, -0.5]}
							}
						},
						{
							"origin": [-0.42714, 0.2188, 3.75],
							"size": [0.85427, 0.8124, 0.125],
							"inflate": 0.001,
							"uv": {
								"north": {"uv": [8, 11], "uv_size": [1, 1]},
								"south": {"uv": [9, 11], "uv_size": [1, 1]},
								"up": {"uv": [16, 5], "uv_size": [1, 0.5]},
								"down": {"uv": [6, 16.5], "uv_size": [1, -0.5]}
							}
						},
						{
							"origin": [0.2188, -0.42714, 3.75],
							"size": [0.8124, 0.85427, 0.125],
							"pivot": [0, 0, 3.8125],
							"rotation": [0, 0, 45],
							"uv": {
								"north": {"uv": [11, 9], "uv_size": [1, 1]},
								"east": {"uv": [16, 6], "uv_size": [0.5, 1]},
								"south": {"uv": [10, 11], "uv_size": [1, 1]},
								"west": {"uv": [7, 16], "uv_size": [0.5, 1]}
							}
						},
						{
							"origin": [0.2188, -0.42714, 3.75],
							"size": [0.8124, 0.85427, 0.125],
							"inflate": 0.0015,
							"uv": {
								"north": {"uv": [11, 10], "uv_size": [1, 1]},
								"east": {"uv": [16, 7], "uv_size": [0.5, 1]},
								"south": {"uv": [11, 11], "uv_size": [1, 1]},
								"west": {"uv": [8, 16], "uv_size": [0.5, 1]}
							}
						},
						{
							"origin": [-1.0312, -0.42714, 3.75],
							"size": [0.8124, 0.85427, 0.125],
							"pivot": [0, 0, 3.8125],
							"rotation": [0, 0, 45],
							"uv": {
								"north": {"uv": [0, 12], "uv_size": [1, 1]},
								"east": {"uv": [16, 8], "uv_size": [0.5, 1]},
								"south": {"uv": [12, 0], "uv_size": [1, 1]},
								"west": {"uv": [9, 16], "uv_size": [0.5, 1]}
							}
						},
						{
							"origin": [-1.0312, -0.42714, 3.75],
							"size": [0.8124, 0.85427, 0.125],
							"inflate": 0.0015,
							"uv": {
								"north": {"uv": [1, 12], "uv_size": [1, 1]},
								"east": {"uv": [16, 9], "uv_size": [0.5, 1]},
								"south": {"uv": [12, 1], "uv_size": [1, 1]},
								"west": {"uv": [10, 16], "uv_size": [0.5, 1]}
							}
						},
						{
							"origin": [-0.40125, 0.5313, -5.11553],
							"size": [0.8025, 0.4374, 0.61553],
							"pivot": [-0.40125, 0.9687, -4.5],
							"rotation": [23.5, 0, 0],
							"uv": {
								"north": {"uv": [16, 10], "uv_size": [1, 0.5]},
								"east": {"uv": [4, 17], "uv_size": [0.5, 0.5]},
								"south": {"uv": [11, 16], "uv_size": [1, 0.5]},
								"west": {"uv": [17, 4], "uv_size": [0.5, 0.5]},
								"up": {"uv": [16, 11], "uv_size": [1, 0.5]},
								"down": {"uv": [12, 16.5], "uv_size": [1, -0.5]}
							}
						},
						{
							"origin": [-0.9687, -0.40125, -5.11756],
							"size": [0.4374, 0.8025, 0.61756],
							"pivot": [-0.9687, 0.40125, -4.5],
							"rotation": [0, -23.5, 0],
							"uv": {
								"north": {"uv": [16, 12], "uv_size": [0.5, 1]},
								"east": {"uv": [13, 16], "uv_size": [0.5, 1]},
								"south": {"uv": [16, 13], "uv_size": [0.5, 1]},
								"west": {"uv": [14, 16], "uv_size": [0.5, 1]},
								"up": {"uv": [5, 17], "uv_size": [0.5, 0.5]},
								"down": {"uv": [17, 5.5], "uv_size": [0.5, -0.5]}
							}
						},
						{
							"origin": [-0.96777, 0.57537, -5.09056],
							"size": [0.43647, 0.45482, 0.59056],
							"inflate": 0.002,
							"pivot": [-0.9687, 0.40125, -4.5],
							"rotation": [0, -17, 45],
							"uv": {
								"north": {"uv": [6, 17], "uv_size": [0.5, 0.5]},
								"east": {"uv": [17, 6], "uv_size": [0.5, 0.5]},
								"south": {"uv": [7, 17], "uv_size": [0.5, 0.5]},
								"west": {"uv": [17, 7], "uv_size": [0.5, 0.5]},
								"up": {"uv": [8, 17], "uv_size": [0.5, 0.5]},
								"down": {"uv": [17, 8.5], "uv_size": [0.5, -0.5]}
							}
						},
						{
							"origin": [-0.9687, 0.40125, -5.11754],
							"size": [0.4374, 0.16738, 0.61754],
							"pivot": [-0.9687, 0.40125, -4.5],
							"rotation": [-16, -17, 45],
							"uv": {
								"east": {"uv": [9, 17], "uv_size": [0.5, 0.5]},
								"south": {"uv": [17, 9], "uv_size": [0.5, 0.5]},
								"west": {"uv": [10, 17], "uv_size": [0.5, 0.5]},
								"up": {"uv": [17, 10], "uv_size": [0.5, 0.5]}
							}
						},
						{
							"origin": [-0.40218, 0.558, -5.06448],
							"size": [0.4374, 0.16662, 0.61553],
							"pivot": [-0.40125, 0.72326, -5.06448],
							"rotation": [16.25, -17, 45],
							"uv": {
								"north": {"uv": [11, 17], "uv_size": [0.5, 0.5]},
								"east": {"uv": [17, 11], "uv_size": [0.5, 0.5]},
								"south": {"uv": [12, 17], "uv_size": [0.5, 0.5]},
								"up": {"uv": [17, 12], "uv_size": [0.5, 0.5]},
								"down": {"uv": [13, 17.5], "uv_size": [0.5, -0.5]}
							}
						},
						{
							"origin": [-0.03522, 0.558, -5.06448],
							"size": [0.4374, 0.16662, 0.61553],
							"pivot": [0.40125, 0.72326, -5.06448],
							"rotation": [16.25, 17, -45],
							"uv": {
								"north": {"uv": [17, 13], "uv_size": [0.5, 0.5]},
								"south": {"uv": [14, 17], "uv_size": [0.5, 0.5]},
								"west": {"uv": [17, 14], "uv_size": [0.5, 0.5]},
								"up": {"uv": [15, 17], "uv_size": [0.5, 0.5]},
								"down": {"uv": [17, 15.5], "uv_size": [0.5, -0.5]}
							}
						},
						{
							"origin": [0.5313, 0.40125, -5.11754],
							"size": [0.4374, 0.16738, 0.61754],
							"pivot": [0.9687, 0.40125, -4.5],
							"rotation": [-16, 17, -45],
							"uv": {
								"east": {"uv": [16, 17], "uv_size": [0.5, 0.5]},
								"south": {"uv": [17, 16], "uv_size": [0.5, 0.5]},
								"west": {"uv": [17, 17], "uv_size": [0.5, 0.5]},
								"up": {"uv": [0, 18], "uv_size": [0.5, 0.5]}
							}
						},
						{
							"origin": [0.5313, 0.57537, -5.09056],
							"size": [0.43647, 0.45482, 0.59056],
							"inflate": 0.002,
							"pivot": [0.9687, 0.40125, -4.5],
							"rotation": [0, 17, -45],
							"uv": {
								"north": {"uv": [18, 0], "uv_size": [0.5, 0.5]},
								"east": {"uv": [1, 18], "uv_size": [0.5, 0.5]},
								"south": {"uv": [18, 1], "uv_size": [0.5, 0.5]},
								"west": {"uv": [2, 18], "uv_size": [0.5, 0.5]},
								"up": {"uv": [18, 2], "uv_size": [0.5, 0.5]},
								"down": {"uv": [3, 18.5], "uv_size": [0.5, -0.5]}
							}
						},
						{
							"origin": [-0.40995, -0.40125, -5.12884],
							"size": [0.81615, 0.8025, 0.62884],
							"uv": {
								"north": {"uv": [2, 12], "uv_size": [1, 1]},
								"east": {"uv": [16, 14], "uv_size": [0.5, 1]},
								"west": {"uv": [15, 16], "uv_size": [0.5, 1]},
								"up": {"uv": [16, 15], "uv_size": [1, 0.5]},
								"down": {"uv": [16, 16.5], "uv_size": [1, -0.5]}
							}
						},
						{
							"origin": [-0.9687, -0.56863, -5.11754],
							"size": [0.4374, 0.16738, 0.61754],
							"pivot": [-0.9687, -0.40125, -4.5],
							"rotation": [16, -17, -45],
							"uv": {
								"east": {"uv": [18, 3], "uv_size": [0.5, 0.5]},
								"south": {"uv": [4, 18], "uv_size": [0.5, 0.5]},
								"west": {"uv": [18, 4], "uv_size": [0.5, 0.5]},
								"down": {"uv": [5, 18.5], "uv_size": [0.5, -0.5]}
							}
						},
						{
							"origin": [-0.96777, -1.03019, -5.09056],
							"size": [0.43647, 0.45482, 0.59056],
							"inflate": 0.002,
							"pivot": [-0.9687, -0.40125, -4.5],
							"rotation": [0, -17, -45],
							"uv": {
								"north": {"uv": [18, 5], "uv_size": [0.5, 0.5]},
								"east": {"uv": [6, 18], "uv_size": [0.5, 0.5]},
								"south": {"uv": [18, 6], "uv_size": [0.5, 0.5]},
								"west": {"uv": [7, 18], "uv_size": [0.5, 0.5]},
								"up": {"uv": [18, 7], "uv_size": [0.5, 0.5]},
								"down": {"uv": [8, 18.5], "uv_size": [0.5, -0.5]}
							}
						},
						{
							"origin": [-0.40218, -0.72462, -5.06448],
							"size": [0.4374, 0.16662, 0.61553],
							"pivot": [-0.40125, -0.72326, -5.06448],
							"rotation": [-16.25, -17, -45],
							"uv": {
								"north": {"uv": [18, 8], "uv_size": [0.5, 0.5]},
								"east": {"uv": [9, 18], "uv_size": [0.5, 0.5]},
								"south": {"uv": [18, 9], "uv_size": [0.5, 0.5]},
								"up": {"uv": [10, 18], "uv_size": [0.5, 0.5]},
								"down": {"uv": [18, 10.5], "uv_size": [0.5, -0.5]}
							}
						},
						{
							"origin": [0.5313, -0.56863, -5.11754],
							"size": [0.4374, 0.16738, 0.61754],
							"pivot": [0.9687, -0.40125, -4.5],
							"rotation": [16, 17, 45],
							"uv": {
								"east": {"uv": [11, 18], "uv_size": [0.5, 0.5]},
								"south": {"uv": [18, 11], "uv_size": [0.5, 0.5]},
								"west": {"uv": [12, 18], "uv_size": [0.5, 0.5]},
								"down": {"uv": [18, 12.5], "uv_size": [0.5, -0.5]}
							}
						},
						{
							"origin": [-0.03522, -0.72462, -5.06448],
							"size": [0.4374, 0.16662, 0.61553],
							"pivot": [0.40125, -0.72326, -5.06448],
							"rotation": [-16.25, 17, 45],
							"uv": {
								"north": {"uv": [13, 18], "uv_size": [0.5, 0.5]},
								"south": {"uv": [18, 13], "uv_size": [0.5, 0.5]},
								"west": {"uv": [14, 18], "uv_size": [0.5, 0.5]},
								"up": {"uv": [18, 14], "uv_size": [0.5, 0.5]},
								"down": {"uv": [15, 18.5], "uv_size": [0.5, -0.5]}
							}
						},
						{
							"origin": [-0.40125, -0.9687, -5.11553],
							"size": [0.8025, 0.4374, 0.61553],
							"pivot": [-0.40125, -0.9687, -4.5],
							"rotation": [-23.5, 0, 0],
							"uv": {
								"north": {"uv": [0, 17], "uv_size": [1, 0.5]},
								"east": {"uv": [18, 15], "uv_size": [0.5, 0.5]},
								"south": {"uv": [17, 0], "uv_size": [1, 0.5]},
								"west": {"uv": [16, 18], "uv_size": [0.5, 0.5]},
								"up": {"uv": [1, 17], "uv_size": [1, 0.5]},
								"down": {"uv": [17, 1.5], "uv_size": [1, -0.5]}
							}
						},
						{
							"origin": [0.5313, -1.03019, -5.09056],
							"size": [0.43647, 0.45482, 0.59056],
							"inflate": 0.002,
							"pivot": [0.9687, -0.40125, -4.5],
							"rotation": [0, 17, 45],
							"uv": {
								"north": {"uv": [18, 16], "uv_size": [0.5, 0.5]},
								"east": {"uv": [17, 18], "uv_size": [0.5, 0.5]},
								"south": {"uv": [18, 17], "uv_size": [0.5, 0.5]},
								"west": {"uv": [18, 18], "uv_size": [0.5, 0.5]},
								"up": {"uv": [0, 19], "uv_size": [0.5, 0.5]},
								"down": {"uv": [19, 0.5], "uv_size": [0.5, -0.5]}
							}
						},
						{
							"origin": [0.5313, -0.40125, -5.11756],
							"size": [0.4374, 0.8025, 0.61756],
							"pivot": [0.9687, -0.40125, -4.5],
							"rotation": [0, 23.5, 0],
							"uv": {
								"north": {"uv": [2, 17], "uv_size": [0.5, 1]},
								"east": {"uv": [17, 2], "uv_size": [0.5, 1]},
								"south": {"uv": [3, 17], "uv_size": [0.5, 1]},
								"west": {"uv": [17, 3], "uv_size": [0.5, 1]},
								"up": {"uv": [1, 19], "uv_size": [0.5, 0.5]},
								"down": {"uv": [19, 1.5], "uv_size": [0.5, -0.5]}
							}
						}
					]
				}
			]
		}
	]
}