{
  "ammo": "tacz:308",
  "ammo_amount": 10,
  "bolt": "closed_bolt",
  "rpm": 300,
  "bullet": {
    "life": 16,
    "bullet_amount": 1,
    "damage": 45,
    "tracer_count_interval": 0,
    "extra_damage": {
      "armor_ignore": 0.5,
      "head_shot_multiplier": 2,
      "damage_adjust": [
        {"distance": 60, "damage": 45},
        {"distance": 120, "damage": 40},
        {"distance": "infinite", "damage": 35}
      ]
    },
    "speed": 900,
    "gravity": 0.15,
    "knockback": 0,
    "friction": 0.01,
    "ignite": false,
    "pierce": 30,
    "explosion": {
      "explode": false,
      "damage": 28,
      "radius": 0.75,
      "knockback": true,
      "delay": 1
    }
  },
  "reload": {
    "type": "magazine",
    "feed": {
      "empty": 4.2,
      "tactical": 4.2
    },
    "cooldown": {
      "empty": 4.5,
      "tactical": 4.5
    }
  },
  "draw_time": 1.2,
  "put_away_time": 1.2,
  "aim_time": 0.4,
  "sprint_time": 0.4,
  "weight": 5.1,
  "movement_speed": {
    "base": 0.0,
    "aim": -0.15,
    "reload": -0.1
  },
  "crawl_recoil_multiplier": 0.2,
  "fire_mode": [
    "semi",
    "auto"
  ],
  "fire_mode_adjust": {
    "auto": {
      // 加算，全自动模式的开火数值调整，如无调整可不写
      "damage": 0,
      "rpm": 250,
      "speed": 0,
      "knockback": 0,
      "armor_ignore": 0,
      "head_shot_multiplier": 0,
      "aim_inaccuracy": 0,
      "other_inaccuracy": 0
    }
  },
  "recoil": {
    "pitch": [
      {"time": 0, "value": [6, 6]},
      {"time": 0.05, "value": [5, 5]},
      {"time": 0.25, "value": [4, 4]},
      {"time": 0.5, "value": [-0.2, -0.2]},
      {"time": 0.7, "value": [0.15, 0.25]},
      {"time": 0.9, "value": [0, 0]}
    ],
    "yaw": [
      {"time": 0, "value": [-0.5, 0.35]},
      {"time": 0.05, "value": [-0.5, 0.35]},
      {"time": 0.25, "value": [0, 0]}
    ]
  },
  "inaccuracy": {
    "stand": 6,
    "move": 7.5,
    "sneak": 5.25,
    "lie": 5,
    "aim": 0.05
  },
  // 近战相关
  "melee": {
    // 枪械距离参数，用来延升近战攻击范围
    // 会与刺刀等配件的距离做加和
    "distance": 1,
    // 使用时的冷却时间
    "cooldown": 0.65,
    // 默认近战数据，会被配件的数据替换掉
    "default": {
      // 动画类型：没有枪托的为 melee_push，有枪托的为 melee_stock
      "animation_type": "melee_stock",
      // 刺刀距离参数，枪械里还有个刺刀攻击距离参数，两者做加和
      "distance": 1.25,
      // 刺刀范围角度
      "range_angle": 30,
      // 伤害值
      "damage": 2,
      // 击退效果
      "knockback": 0.6,
      // 前摇时长，单位：秒
      "prep": 0.1
    }
  },
  "builtin_attachments": {
    "scope": "whiterat:winered_scope"
  },
  "exclusive_attachments": {
  }
}