{
	"pack_name": "{maid_pack.ponies.name}",
	"author": ["triggerfingers", "tiffbu"],
	"description": ["{maid_pack.ponies.desc}"],
	"icon": "ponies:textures/maid_icon.png",
	"version": "1.0.2",
	"date": "2024-07-07",
	"model_list": [
		{
			"model_id": "ponies:apple_jack",
			"is_gecko": true,
			"render_entity_scale": 1.1,
			"model": "ponies:models/entity/apple_jack.json",
			"animation": ["ponies:animation/apple_jack.main.animation.json", "ponies:animation/apple_jack.condition.animation.json"],
			"texture": "ponies:textures/entity/apple_jack.png",
			"description": ["{model.ponies.apple_jack.desc}"],
			"show_backpack": false,
			"show_custom_head": false
		},
		{
			"model_id": "ponies:twilight_sparkle",
			"is_gecko": true,
			"render_entity_scale": 1.1,
			"model": "ponies:models/entity/twilight_sparkle.json",
			"animation": ["ponies:animation/twilight_sparkle.main.animation.json", "ponies:animation/twilight_sparkle.condition.animation.json"],
			"description": ["{model.ponies.twilight_sparkle.desc}"],
			"texture": "ponies:textures/entity/twilight_sparkle.png",
			"show_backpack": false,
			"show_custom_head": false
		},
		{
			"model_id": "ponies:rainbow_dash",
			"is_gecko": true,
			"render_entity_scale": 1.1,
			"model": "ponies:models/entity/rainbow_dash.json",
			"animation": ["ponies:animation/rainbow_dash.main.animation.json", "ponies:animation/rainbow_dash.condition.animation.json"],
			"description": ["{model.ponies.rainbow_dash.desc}"],
			"texture": "ponies:textures/entity/rainbow_dash.png",
			"show_backpack": false,
			"show_custom_head": false
		}
	]
}