{
  "materials": [
    {
      "item": {
        "type": "forge:partial_nbt",
        "item": "tacz:attachment",
        "nbt": {
          "AttachmentId": "eos:magazine_t2_3"
        }
      },
      "count": 1
    },
    {
      "item": {
        "type": "forge:partial_nbt",
        "item": "tacz:ammo",
        "nbt": {
          "AmmoId": "eos:alloy"
        }
      },
      "count": 3
    }
  ],
  "result": {
    "type": "attachment",
    "id": "eos:magazine_t2_4"
  },
  "type": "tacz:gun_smith_table_crafting"
}