{
	"format_version": "1.8.0",
	"animations": {
		"static_idle": {
			"loop": true,
			"bones": {
				"lefthand": {
					"rotation": {
						"0.0": {
							"post": [139.63414, 29.55652, -241.07646],
							"lerp_mode": "catmullrom"
						}
					},
					"position": {
						"0.0": {
							"post": [14.93773, -16.84077, 5.8077],
							"lerp_mode": "catmullrom"
						}
					},
					"scale": {
						"0.0": {
							"post": [1, 1.5, 1],
							"lerp_mode": "catmullrom"
						}
					}
				},
				"righthand": {
					"rotation": [132.0155, -10.86574, -172.1234],
					"position": [-6.54356, -16.53106, -1.80066],
					"scale": {
						"0.0": {
							"post": [1, 1.5, 1],
							"lerp_mode": "catmullrom"
						}
					}
				},
				"knife_and_righthand": {
					"rotation": [53.12854, -0.25452, 6.3287],
					"position": [-3.76845, 0.45059, 1.4003]
				},
				"camera": {
					"rotation": [0, 0, 0],
					"position": [0, 0, 0]
				}
			}
		},
		"idle": {
			"loop": true,
			"animation_length": 9.5833,
			"bones": {
				"knife_and_righthand": {
					"rotation": {
						"0.0": {
							"post": [0, 0, 0],
							"lerp_mode": "catmullrom"
						},
						"1.25": {
							"post": [-0.15944, 0.17969, 0.17029],
							"lerp_mode": "catmullrom"
						},
						"2.2333": {
							"post": [-0.05157, 0.06999, -0.21121],
							"lerp_mode": "catmullrom"
						},
						"2.7667": {
							"post": [0.16578, 0.00024, 0.065],
							"lerp_mode": "catmullrom"
						},
						"3.5667": {
							"post": [-0.39783, 0.04688, 0.17967],
							"lerp_mode": "catmullrom"
						},
						"4.4167": {
							"post": [-0.36232, -0.07016, -0.03604],
							"lerp_mode": "catmullrom"
						},
						"5.0833": {
							"post": [0.26074, -0.87774, 0.61278],
							"lerp_mode": "catmullrom"
						},
						"6.15": {
							"post": [-0.43727, 0.20677, -0.27151],
							"lerp_mode": "catmullrom"
						},
						"8.1": {
							"post": [-0.1692, -0.03362, -0.10301],
							"lerp_mode": "catmullrom"
						},
						"9.55": {
							"post": [0, 0, 0],
							"lerp_mode": "catmullrom"
						}
					},
					"position": {
						"0.0": {
							"post": [0, 0, 0],
							"lerp_mode": "catmullrom"
						},
						"0.95": {
							"post": [-0.04937, 0.05344, 0.17156],
							"lerp_mode": "catmullrom"
						},
						"1.8833": {
							"post": [-0.00937, -0.02056, 0.20156],
							"lerp_mode": "catmullrom"
						},
						"2.4167": {
							"post": [-0.00937, 0.0075, 0.12156],
							"lerp_mode": "catmullrom"
						},
						"2.85": {
							"post": [-0.00937, -0.00656, 0.01375],
							"lerp_mode": "catmullrom"
						},
						"3.35": {
							"post": [-0.00937, -0.00156, 0.00156],
							"lerp_mode": "catmullrom"
						},
						"3.8833": {
							"post": [0.03063, -0.09062, 0.02844],
							"lerp_mode": "catmullrom"
						},
						"4.95": {
							"post": [-0.00602, -0.15632, 0.07514],
							"lerp_mode": "catmullrom"
						},
						"6.1": {
							"post": [-0.00937, 0.12344, 0.00156],
							"lerp_mode": "catmullrom"
						},
						"7.7": {
							"post": [-0.02137, 0.02344, 0.00156],
							"lerp_mode": "catmullrom"
						},
						"9.55": {
							"post": [0, 0, 0],
							"lerp_mode": "catmullrom"
						}
					}
				}
			}
		},
		"melee_1": {
			"animation_length": 1.15,
			"bones": {
				"lefthand": {
					"rotation": {
						"0.0": {
							"post": [139.63414, 29.55652, -241.07646],
							"lerp_mode": "catmullrom"
						}
					},
					"position": {
						"0.0": {
							"post": [14.93773, -16.84077, 5.8077],
							"lerp_mode": "catmullrom"
						}
					},
					"scale": {
						"0.0": {
							"post": [1, 1.5, 1],
							"lerp_mode": "catmullrom"
						}
					}
				},
				"righthand": {
					"rotation": {
						"0.0": {
							"post": [132.0155, -10.86574, -172.1234],
							"lerp_mode": "catmullrom"
						},
						"0.0667": {
							"post": [135.94784, 3.84625, -193.95889],
							"lerp_mode": "catmullrom"
						},
						"0.1167": {
							"post": [83.50776, 13.469, -183.6597],
							"lerp_mode": "catmullrom"
						},
						"0.2": {
							"post": [84.97997, -3.75144, -178.32878],
							"lerp_mode": "catmullrom"
						},
						"0.3167": {
							"post": [112.68543, -8.69071, -200.42434],
							"lerp_mode": "catmullrom"
						},
						"0.4": {
							"post": [105.02918, -8.69071, -200.42434],
							"lerp_mode": "catmullrom"
						},
						"0.4167": {
							"post": [87.23875, -8.2408, -180.20244],
							"lerp_mode": "catmullrom"
						},
						"0.45": {
							"post": [92.44188, -8.2408, -180.20244],
							"lerp_mode": "catmullrom"
						},
						"0.4833": {
							"post": [140.22313, -8.2408, -180.20244],
							"lerp_mode": "catmullrom"
						},
						"0.55": {
							"post": [132.0155, -10.86574, -172.1234],
							"lerp_mode": "catmullrom"
						}
					},
					"position": [-6.54356, -16.53106, -1.80066],
					"scale": {
						"0.0": {
							"post": [1, 1.5, 1],
							"lerp_mode": "catmullrom"
						}
					}
				},
				"knife_and_righthand": {
					"rotation": {
						"0.0": {
							"post": [53.12854, -0.25452, 6.3287],
							"lerp_mode": "catmullrom"
						},
						"0.0667": {
							"post": [74.2806, 30.30253, 98.50832],
							"lerp_mode": "catmullrom"
						},
						"0.1167": {
							"post": [69.0141, 56.62864, 180.50225],
							"lerp_mode": "catmullrom"
						},
						"0.2": {
							"post": [10.78996, 75.42348, 113.7249],
							"lerp_mode": "catmullrom"
						},
						"0.25": {
							"post": [-21.12, 73.43844, 63.71],
							"lerp_mode": "catmullrom"
						},
						"0.2667": {
							"post": [-53.52554, 62.79343, 33.03851],
							"lerp_mode": "catmullrom"
						},
						"0.3167": {
							"post": [-54.09846, -3.95445, 5.18642],
							"lerp_mode": "catmullrom"
						},
						"0.4": {
							"post": [-66.91396, -6.624, -3.28208],
							"lerp_mode": "catmullrom"
						},
						"0.4167": {
							"post": [-3.74238, -15.8955, -39.27851],
							"lerp_mode": "catmullrom"
						},
						"0.45": {
							"post": [75.22131, 5.88716, -62.60631],
							"lerp_mode": "catmullrom"
						},
						"0.4833": {
							"post": [131.91616, -13.43327, -54.97841],
							"lerp_mode": "catmullrom"
						},
						"0.55": {
							"post": [118.96678, -58.86763, -1.15118],
							"lerp_mode": "catmullrom"
						},
						"0.8": {
							"post": [79.01782, -18.26823, 2.93952],
							"lerp_mode": "catmullrom"
						},
						"0.9167": {
							"post": [50.3456, -8.02782, 15.52637],
							"lerp_mode": "catmullrom"
						},
						"1.0333": {
							"post": [53.08184, 1.14941, 11.52695],
							"lerp_mode": "catmullrom"
						},
						"1.15": {
							"post": [53.12854, -0.25452, 6.3287],
							"lerp_mode": "catmullrom"
						}
					},
					"position": {
						"0.0": {
							"post": [-3.76845, 0.45059, 1.4003],
							"lerp_mode": "catmullrom"
						},
						"0.0667": {
							"post": [-7.40959, 3.01506, 0.71852],
							"lerp_mode": "catmullrom"
						},
						"0.1167": {
							"post": [-10.13397, 11.75914, 1.10298],
							"lerp_mode": "catmullrom"
						},
						"0.2": {
							"post": [-12.58024, 14.67092, 3.44994],
							"lerp_mode": "catmullrom"
						},
						"0.2667": {
							"post": [-15.45517, 13.9763, 3.75174],
							"lerp_mode": "catmullrom"
						},
						"0.3167": {
							"post": [-13.98157, 14.51507, 4.72874],
							"lerp_mode": "catmullrom"
						},
						"0.4": {
							"post": [-9.78799, 14.88433, 2.09068],
							"lerp_mode": "catmullrom"
						},
						"0.4167": {
							"post": [5.37581, -2.28902, -4.43109],
							"lerp_mode": "catmullrom"
						},
						"0.45": {
							"post": [23.20635, -13.868, -0.89944],
							"lerp_mode": "catmullrom"
						},
						"0.4833": {
							"post": [26.66711, -25.78686, 4.61423],
							"lerp_mode": "catmullrom"
						},
						"0.55": {
							"post": [4.19575, -21.87673, 8.77051],
							"lerp_mode": "catmullrom"
						},
						"0.8": {
							"post": [-0.51993, -6.49752, 1.35196],
							"lerp_mode": "catmullrom"
						},
						"0.9167": {
							"post": [-3.84103, -1.30732, -1.7153],
							"lerp_mode": "catmullrom"
						},
						"1.0333": {
							"post": [-3.76845, 0.45059, 1.68155],
							"lerp_mode": "catmullrom"
						},
						"1.15": {
							"post": [-3.76845, 0.45059, 1.4003],
							"lerp_mode": "catmullrom"
						}
					}
				},
				"camera": {
					"rotation": {
						"0.0": {
							"post": [0, 0, 0],
							"lerp_mode": "catmullrom"
						},
						"0.05": {
							"post": [-0.30469, 0.33594, 0.16406],
							"lerp_mode": "catmullrom"
						},
						"0.1333": {
							"post": [-0.75625, 0.86719, 0.35938],
							"lerp_mode": "catmullrom"
						},
						"0.25": {
							"post": [-1.03937, 1.11719, 0.58594],
							"lerp_mode": "catmullrom"
						},
						"0.4": {
							"post": [-1.08625, 1.00781, 0.59375],
							"lerp_mode": "catmullrom"
						},
						"0.4167": {
							"post": [0.37188, -0.64844, 1.09375],
							"lerp_mode": "catmullrom"
						},
						"0.4667": {
							"post": [-0.19156, 0.02344, -0.42969],
							"lerp_mode": "catmullrom"
						},
						"0.5167": {
							"post": [0.17156, -0.41406, 0.48438],
							"lerp_mode": "catmullrom"
						},
						"0.6": {
							"post": [0.18906, -0.46094, -0.08594],
							"lerp_mode": "catmullrom"
						},
						"0.6833": {
							"post": [-0.26062, -0.21875, 0.00781],
							"lerp_mode": "catmullrom"
						},
						"0.7667": {
							"post": [-0.37812, -0.01562, -0.07812],
							"lerp_mode": "catmullrom"
						},
						"0.8167": {
							"post": [-0.2625, 0.0625, -0.17969],
							"lerp_mode": "catmullrom"
						},
						"0.9167": {
							"post": [-0.04094, 0.00781, -0.24219],
							"lerp_mode": "catmullrom"
						},
						"1.0": {
							"post": [0.02781, -0.02344, -0.16406],
							"lerp_mode": "catmullrom"
						},
						"1.0833": {
							"post": [0.03719, 0.02344, 0],
							"lerp_mode": "catmullrom"
						},
						"1.15": {
							"post": [0, 0, 0],
							"lerp_mode": "catmullrom"
						}
					},
					"position": [0, 0, 0]
				}
			},
			"sound_effects": {
				"0.4": {
					"effect": "ab_wt:melee/frost_moon/frost_moon_melee_1"
				}
			}
		},
		"melee_2": {
			"animation_length": 1.1833,
			"bones": {
				"lefthand": {
					"rotation": {
						"0.0": {
							"post": [139.63414, 29.55652, -241.07646],
							"lerp_mode": "catmullrom"
						}
					},
					"position": {
						"0.0": {
							"post": [14.93773, -16.84077, 5.8077],
							"lerp_mode": "catmullrom"
						}
					},
					"scale": {
						"0.0": {
							"post": [1, 1.5, 1],
							"lerp_mode": "catmullrom"
						}
					}
				},
				"righthand": {
					"rotation": {
						"0.0": {
							"post": [132.0155, -10.86574, -172.1234],
							"lerp_mode": "catmullrom"
						},
						"0.0833": {
							"post": [105.73285, -2.2076, -169.64791],
							"lerp_mode": "catmullrom"
						},
						"0.2167": {
							"post": [39.73285, -2.2076, -169.64791],
							"lerp_mode": "catmullrom"
						},
						"0.2833": {
							"post": [51.73285, -2.2076, -169.64791],
							"lerp_mode": "catmullrom"
						},
						"0.3167": {
							"post": [88.73285, -2.2076, -169.64791],
							"lerp_mode": "catmullrom"
						},
						"0.3667": {
							"post": [114.73285, -2.2076, -169.64791],
							"lerp_mode": "catmullrom"
						},
						"0.3833": {
							"post": [115.2334, -11.27611, -173.89641],
							"lerp_mode": "catmullrom"
						},
						"0.4": {
							"post": [110.30543, -12.21419, -174.25025],
							"lerp_mode": "catmullrom"
						},
						"0.4333": {
							"post": [131.57864, -23.47385, -184.61386],
							"lerp_mode": "catmullrom"
						},
						"0.5": {
							"post": [135.91934, -3.81449, -169.80136],
							"lerp_mode": "catmullrom"
						},
						"0.55": {
							"post": [137.30543, -12.21419, -174.25025],
							"lerp_mode": "catmullrom"
						},
						"0.65": {
							"post": [150.05183, -17.32435, -188.84131],
							"lerp_mode": "catmullrom"
						},
						"0.8333": {
							"post": [132.0155, -10.86574, -172.1234],
							"lerp_mode": "catmullrom"
						}
					},
					"position": [-6.54356, -16.53106, -1.80066],
					"scale": {
						"0.0": {
							"post": [1, 1.5, 1],
							"lerp_mode": "catmullrom"
						}
					}
				},
				"knife_and_righthand": {
					"rotation": {
						"0.0": {
							"post": [53.12854, -0.25452, 6.3287],
							"lerp_mode": "catmullrom"
						},
						"0.0833": {
							"post": [8.16011, -26.0657, -68.16057],
							"lerp_mode": "catmullrom"
						},
						"0.2167": {
							"post": [-38.02457, -77.22764, -87.48458],
							"lerp_mode": "catmullrom"
						},
						"0.2833": {
							"post": [-76.52466, -78.98657, -63.67927],
							"lerp_mode": "catmullrom"
						},
						"0.3167": {
							"post": [-78.95593, -63.16087, -0.62269],
							"lerp_mode": "catmullrom"
						},
						"0.3667": {
							"post": [-39.40048, -37.09921, 87.68259],
							"lerp_mode": "catmullrom"
						},
						"0.3833": {
							"post": [-24.39129, -9.96166, 111.03314],
							"lerp_mode": "catmullrom"
						},
						"0.4": {
							"post": [-17.54829, 2.45671, 113.22398],
							"lerp_mode": "catmullrom"
						},
						"0.4333": {
							"post": [65.32252, 24.33383, 142.00331],
							"lerp_mode": "catmullrom"
						},
						"0.5": {
							"post": [125.73243, 5.06071, 155.0667],
							"lerp_mode": "catmullrom"
						},
						"0.55": {
							"post": [148.33696, 14.09857, 144.49108],
							"lerp_mode": "catmullrom"
						},
						"0.65": {
							"post": [156.67383, 1.50666, 69.03798],
							"lerp_mode": "catmullrom"
						},
						"0.8333": {
							"post": [78.31469, -9.53386, 25.4239],
							"lerp_mode": "catmullrom"
						},
						"0.95": {
							"post": [50.3456, -8.02782, 15.52637],
							"lerp_mode": "catmullrom"
						},
						"1.0667": {
							"post": [53.08184, 1.14941, 11.52695],
							"lerp_mode": "catmullrom"
						},
						"1.1833": {
							"post": [53.12854, -0.25452, 6.3287],
							"lerp_mode": "catmullrom"
						}
					},
					"position": {
						"0.0": {
							"post": [-3.76845, 0.45059, 1.4003],
							"lerp_mode": "catmullrom"
						},
						"0.0833": {
							"post": [-1.79052, -0.59078, 1.18045],
							"lerp_mode": "catmullrom"
						},
						"0.2167": {
							"post": [14.55544, -4.29252, 2.33984],
							"lerp_mode": "catmullrom"
						},
						"0.2833": {
							"post": [22.1862, -7.52317, 2.96864],
							"lerp_mode": "catmullrom"
						},
						"0.3667": {
							"post": [26.98511, -9.60347, 1.07303],
							"lerp_mode": "catmullrom"
						},
						"0.3833": {
							"post": [26.98511, -9.60347, 1.07303],
							"lerp_mode": "catmullrom"
						},
						"0.4": {
							"post": [10.8656, -5.21667, 0.89624],
							"lerp_mode": "catmullrom"
						},
						"0.4333": {
							"post": [-2.0293, 6.5003, -0.53648],
							"lerp_mode": "catmullrom"
						},
						"0.5": {
							"post": [-17.27535, 12.79522, 0.53704],
							"lerp_mode": "catmullrom"
						},
						"0.55": {
							"post": [-24.05158, 9.07792, 4.45173],
							"lerp_mode": "catmullrom"
						},
						"0.65": {
							"post": [-20.64578, -5.49136, 15.85368],
							"lerp_mode": "catmullrom"
						},
						"0.8333": {
							"post": [-5.44961, -4.48971, 1.35196],
							"lerp_mode": "catmullrom"
						},
						"0.95": {
							"post": [-3.84103, -1.30732, -1.7153],
							"lerp_mode": "catmullrom"
						},
						"1.0667": {
							"post": [-3.76845, 0.45059, 1.68155],
							"lerp_mode": "catmullrom"
						},
						"1.1833": {
							"post": [-3.76845, 0.45059, 1.4003],
							"lerp_mode": "catmullrom"
						}
					}
				},
				"camera": {
					"rotation": {
						"0.0": {
							"post": [0, 0, 0],
							"lerp_mode": "catmullrom"
						},
						"0.0833": {
							"post": [0.48438, 0.125, -0.14062],
							"lerp_mode": "catmullrom"
						},
						"0.2": {
							"post": [1.21812, -0.23437, -0.42187],
							"lerp_mode": "catmullrom"
						},
						"0.4": {
							"post": [1.15188, -0.27344, -0.67969],
							"lerp_mode": "catmullrom"
						},
						"0.45": {
							"post": [-0.42625, 0.53906, 0.90625],
							"lerp_mode": "catmullrom"
						},
						"0.4833": {
							"post": [-1.29937, 0.25781, -1.46875],
							"lerp_mode": "catmullrom"
						},
						"0.6333": {
							"post": [-0.72969, -0.25781, 0.35156],
							"lerp_mode": "catmullrom"
						},
						"0.7167": {
							"post": [0.03313, -0.13281, -0.24219],
							"lerp_mode": "catmullrom"
						},
						"0.8333": {
							"post": [0.19438, 0.09375, 0.07813],
							"lerp_mode": "catmullrom"
						},
						"0.9667": {
							"post": [0.15844, 0.10156, -0.08594],
							"lerp_mode": "catmullrom"
						},
						"1.0833": {
							"post": [-0.02, -0.03125, 0.00781],
							"lerp_mode": "catmullrom"
						},
						"1.1833": {
							"post": [0, 0, 0],
							"lerp_mode": "catmullrom"
						}
					},
					"position": [0, 0, 0]
				}
			},
			"sound_effects": {
				"0.3667": {
					"effect": "ab_wt:melee/frost_moon/frost_moon_melee_2"
				}
			}
		},
		"melee_3": {
			"animation_length": 1.7,
			"bones": {
				"lefthand": {
					"rotation": {
						"0.0": {
							"post": [139.63414, 29.55652, -241.07646],
							"lerp_mode": "catmullrom"
						},
						"0.0833": {
							"post": [136.5044, -0.7277, -237.61757],
							"lerp_mode": "catmullrom"
						},
						"0.2": {
							"post": [135.69442, 26.78218, -263.2668],
							"lerp_mode": "catmullrom"
						},
						"0.5": {
							"post": [134.61844, 23.83022, -258.66709],
							"lerp_mode": "catmullrom"
						},
						"0.5333": {
							"post": [165.65502, -11.67823, -244.58915],
							"lerp_mode": "catmullrom"
						},
						"0.6": {
							"post": [161.23352, -15.46905, -239.28329],
							"lerp_mode": "catmullrom"
						},
						"0.6167": {
							"post": [161.74059, 8.27514, -247.18023],
							"lerp_mode": "catmullrom"
						},
						"0.7": {
							"post": [139.63414, 29.55652, -241.07646],
							"lerp_mode": "catmullrom"
						}
					},
					"position": {
						"0.0": {
							"post": [14.93773, -16.84077, 5.8077],
							"lerp_mode": "catmullrom"
						},
						"0.0833": {
							"post": [16.14319, -17.70278, -0.82101],
							"lerp_mode": "catmullrom"
						},
						"0.1167": {
							"post": [12.70538, -14.46636, -4.46223],
							"lerp_mode": "catmullrom"
						},
						"0.2": {
							"post": [11.03458, -13.33575, -6.98015],
							"lerp_mode": "catmullrom"
						},
						"0.5": {
							"post": [10.81264, -13.17588, -7.41782],
							"lerp_mode": "catmullrom"
						},
						"0.5333": {
							"post": [7.41279, -14.96866, -1.46167],
							"lerp_mode": "catmullrom"
						},
						"0.6": {
							"post": [7.64414, -16.39708, -3.10004],
							"lerp_mode": "catmullrom"
						},
						"0.6167": {
							"post": [11.2347, -22.13116, -6.6051],
							"lerp_mode": "catmullrom"
						},
						"0.6333": {
							"post": [13.01357, -21.27665, -2.95692],
							"lerp_mode": "catmullrom"
						},
						"0.7": {
							"post": [14.93773, -16.84077, 5.8077],
							"lerp_mode": "catmullrom"
						}
					},
					"scale": {
						"0.0": {
							"post": [1, 1.5, 1],
							"lerp_mode": "catmullrom"
						}
					}
				},
				"righthand": {
					"rotation": {
						"0.0": {
							"post": [132.0155, -10.86574, -172.1234],
							"lerp_mode": "catmullrom"
						},
						"0.1": {
							"post": [128.23574, -20.67413, -184.54099],
							"lerp_mode": "catmullrom"
						},
						"0.2": {
							"post": [80.79439, 3.53572, -193.206],
							"lerp_mode": "catmullrom"
						},
						"0.2833": {
							"post": [69.96944, 26.55617, -197.63362],
							"lerp_mode": "catmullrom"
						},
						"0.5": {
							"post": [121.39913, 26.55617, -197.63362],
							"lerp_mode": "catmullrom"
						},
						"0.5333": {
							"post": [167.80929, 19.05255, -182.80749],
							"lerp_mode": "catmullrom"
						},
						"0.55": {
							"post": [167.80929, 19.05255, -182.80749],
							"lerp_mode": "catmullrom"
						},
						"0.6": {
							"post": [169.85365, 8.86025, -184.25596],
							"lerp_mode": "catmullrom"
						},
						"0.65": {
							"post": [167.48586, 47.52637, -180.69564],
							"lerp_mode": "catmullrom"
						},
						"0.7167": {
							"post": [102.3405, 23.76288, -180.80409],
							"lerp_mode": "catmullrom"
						},
						"1.0167": {
							"post": [108.85365, 8.86025, -184.25596],
							"lerp_mode": "catmullrom"
						},
						"1.1": {
							"post": [160.08389, 27.31766, -183.18173],
							"lerp_mode": "catmullrom"
						},
						"1.1833": {
							"post": [152.65402, -3.52952, -198.6961],
							"lerp_mode": "catmullrom"
						},
						"1.2667": {
							"post": [151.57738, 1.28817, -198.48936],
							"lerp_mode": "catmullrom"
						},
						"1.3667": {
							"post": [132.0155, -10.86574, -172.1234],
							"lerp_mode": "catmullrom"
						}
					},
					"position": [-6.54356, -16.53106, -1.80066],
					"scale": {
						"0.0": {
							"post": [1, 1.5, 1],
							"lerp_mode": "catmullrom"
						}
					}
				},
				"knife_and_righthand": {
					"rotation": {
						"0.0": {
							"post": [53.12854, -0.25452, 6.3287],
							"lerp_mode": "catmullrom"
						},
						"0.1": {
							"post": [77.12001, 7.9866, 50.11072],
							"lerp_mode": "catmullrom"
						},
						"0.2": {
							"post": [86.7195, 15.77026, 80.93093],
							"lerp_mode": "catmullrom"
						},
						"0.2833": {
							"post": [87.23006, 15.54328, 97.61305],
							"lerp_mode": "catmullrom"
						},
						"0.5": {
							"post": [87.23006, 15.54328, 100.99586],
							"lerp_mode": "catmullrom"
						},
						"0.5333": {
							"post": [84.18286, 15.64624, 105.25072],
							"lerp_mode": "catmullrom"
						},
						"0.5833": {
							"post": [87.20583, 15.50687, 113.76313],
							"lerp_mode": "catmullrom"
						},
						"0.7167": {
							"post": [75.53554, -9.32276, -86.86711],
							"lerp_mode": "catmullrom"
						},
						"0.7833": {
							"post": [77.85395, -16.90733, -102.41963],
							"lerp_mode": "catmullrom"
						},
						"1.0167": {
							"post": [74.25776, -14.14268, -85.51131],
							"lerp_mode": "catmullrom"
						},
						"1.1": {
							"post": [76.60683, -27.38319, -17.77114],
							"lerp_mode": "catmullrom"
						},
						"1.1667": {
							"post": [70.05279, -27.27283, 33.54565],
							"lerp_mode": "catmullrom"
						},
						"1.25": {
							"post": [62.02865, -20.74807, 39.7117],
							"lerp_mode": "catmullrom"
						},
						"1.35": {
							"post": [57.80688, -8.20573, 28.47859],
							"lerp_mode": "catmullrom"
						},
						"1.4667": {
							"post": [55.13467, 1.26124, 12.32325],
							"lerp_mode": "catmullrom"
						},
						"1.5833": {
							"post": [53.08184, -0.05371, 8.73789],
							"lerp_mode": "catmullrom"
						},
						"1.7": {
							"post": [53.12854, -0.25452, 6.3287],
							"lerp_mode": "catmullrom"
						}
					},
					"position": {
						"0.0": {
							"post": [-3.76845, 0.45059, 1.4003],
							"lerp_mode": "catmullrom"
						},
						"0.1": {
							"post": [-8.50786, -2.50182, 5.86799],
							"lerp_mode": "catmullrom"
						},
						"0.2": {
							"post": [-12.67948, -5.44724, 10.64118],
							"lerp_mode": "catmullrom"
						},
						"0.2833": {
							"post": [-12.67948, -5.44724, 10.64118],
							"lerp_mode": "catmullrom"
						},
						"0.5": {
							"post": [-11.21073, -3.97849, 5.02399],
							"lerp_mode": "catmullrom"
						},
						"0.5333": {
							"post": [-2.63695, 2.47127, -12.79675],
							"lerp_mode": "catmullrom"
						},
						"0.5833": {
							"post": [-3.64361, 2.98184, -9.90882],
							"lerp_mode": "catmullrom"
						},
						"0.6333": {
							"post": [1.91, 2.21156, -5.74],
							"lerp_mode": "catmullrom"
						},
						"0.7167": {
							"post": [10.69572, 1.99373, 2.63672],
							"lerp_mode": "catmullrom"
						},
						"0.75": {
							"post": [11.70156, 2.08844, 4.21938],
							"lerp_mode": "catmullrom"
						},
						"0.8": {
							"post": [10.29688, 1.59, 3.32219],
							"lerp_mode": "catmullrom"
						},
						"1.0167": {
							"post": [10.83014, 1.67494, 4.50993],
							"lerp_mode": "catmullrom"
						},
						"1.1": {
							"post": [5.9942, -2.81725, 2.11149],
							"lerp_mode": "catmullrom"
						},
						"1.1667": {
							"post": [1.63725, -4.55819, -0.48897],
							"lerp_mode": "catmullrom"
						},
						"1.2667": {
							"post": [-4.91497, -3.86479, -1.70833],
							"lerp_mode": "catmullrom"
						},
						"1.35": {
							"post": [-5.20743, -3.13814, 0.74259],
							"lerp_mode": "catmullrom"
						},
						"1.4667": {
							"post": [-4.93478, -1.82295, 1.48783],
							"lerp_mode": "catmullrom"
						},
						"1.5833": {
							"post": [-3.76845, 0.36465, 1.50968],
							"lerp_mode": "catmullrom"
						},
						"1.7": {
							"post": [-3.76845, 0.45059, 1.4003],
							"lerp_mode": "catmullrom"
						}
					}
				},
				"camera": {
					"rotation": {
						"0.0": {
							"post": [0, 0, 0],
							"lerp_mode": "catmullrom"
						},
						"0.1": {
							"post": [1.00781, 0.28906, -0.25],
							"lerp_mode": "catmullrom"
						},
						"0.2167": {
							"post": [1.52063, 0.5, -0.57812],
							"lerp_mode": "catmullrom"
						},
						"0.5": {
							"post": [1.38156, 0.47656, -0.6875],
							"lerp_mode": "catmullrom"
						},
						"0.55": {
							"post": [-0.32625, -0.17969, 0.88281],
							"lerp_mode": "catmullrom"
						},
						"0.6": {
							"post": [-0.40594, -0.32406, 0.65969],
							"lerp_mode": "catmullrom"
						},
						"0.6333": {
							"post": [0.18094, -0.90625, -0.92969],
							"lerp_mode": "catmullrom"
						},
						"0.7167": {
							"post": [-0.17406, -0.98812, 0.46156],
							"lerp_mode": "catmullrom"
						},
						"0.8167": {
							"post": [0.28, -0.99156, -0.44062],
							"lerp_mode": "catmullrom"
						},
						"1.1333": {
							"post": [0.28438, -0.48437, -0.05469],
							"lerp_mode": "catmullrom"
						},
						"1.2667": {
							"post": [0.1475, -0.00781, 0.10156],
							"lerp_mode": "catmullrom"
						},
						"1.45": {
							"post": [-0.07156, -0.03906, -0.01562],
							"lerp_mode": "catmullrom"
						},
						"1.6333": {
							"post": [0, 0, 0],
							"lerp_mode": "catmullrom"
						}
					},
					"position": [0, 0, 0]
				}
			},
			"sound_effects": {
				"0.4833": {
					"effect": "ab_wt:melee/frost_moon/frost_moon_melee_1"
				}
			}
		},
		"draw": {
			"animation_length": 0.9667,
			"bones": {
				"lefthand": {
					"rotation": {
						"0.0": {
							"post": [139.63414, 29.55652, -241.07646],
							"lerp_mode": "catmullrom"
						}
					},
					"position": {
						"0.0": {
							"post": [14.93773, -16.84077, 5.8077],
							"lerp_mode": "catmullrom"
						}
					},
					"scale": {
						"0.0": {
							"post": [1, 1.5, 1],
							"lerp_mode": "catmullrom"
						}
					}
				},
				"righthand": {
					"rotation": {
						"0.0": {
							"post": [45.85129, -47.49205, -211.34761],
							"lerp_mode": "catmullrom"
						},
						"0.1167": {
							"post": [44.17825, -98.69448, -166.77016],
							"lerp_mode": "catmullrom"
						},
						"0.1667": {
							"post": [-34.17274, -71.60454, -82.11866],
							"lerp_mode": "catmullrom"
						},
						"0.2333": {
							"post": [74.44, -4.21, -161.03],
							"lerp_mode": "catmullrom"
						},
						"0.2833": {
							"post": [100.04219, 32.42685, -164.02087],
							"lerp_mode": "catmullrom"
						},
						"0.45": [132.0155, -10.86574, -172.1234]
					},
					"position": {
						"0.0": {
							"post": [9.0727, -13.18177, 5.54964],
							"lerp_mode": "catmullrom"
						},
						"0.1": {
							"post": [-6.83422, -15.8221, -0.24444],
							"lerp_mode": "catmullrom"
						},
						"0.1667": {
							"post": [-6.83955, -16.7174, -0.40311],
							"lerp_mode": "catmullrom"
						},
						"0.2333": {
							"post": [-6.7292, -16.64522, -0.3327],
							"lerp_mode": "catmullrom"
						},
						"0.2833": {
							"post": [-6.50529, -16.64549, -1.1822],
							"lerp_mode": "catmullrom"
						},
						"0.45": [-6.54356, -16.53106, -1.80066]
					},
					"scale": {
						"0.0": {
							"post": [1, 1.5, 1],
							"lerp_mode": "catmullrom"
						}
					}
				},
				"knife_and_righthand": {
					"rotation": {
						"0.1": {
							"pre": [-77.97, -13.66, 173.84],
							"post": [-77.97, -13.66, 173.84],
							"lerp_mode": "catmullrom"
						},
						"0.1667": {
							"post": [-69.99191, 3.02742, 175.7901],
							"lerp_mode": "catmullrom"
						},
						"0.2333": {
							"post": [-49.95418, 36.36949, 101.83642],
							"lerp_mode": "catmullrom"
						},
						"0.2833": {
							"post": [-41.32494, 55.84528, 79.12155],
							"lerp_mode": "catmullrom"
						},
						"0.35": {
							"post": [-31.10381, 42.88635, 57.75646],
							"lerp_mode": "catmullrom"
						},
						"0.4": {
							"post": [-16.16772, 31.35905, 45.41626],
							"lerp_mode": "catmullrom"
						},
						"0.5167": {
							"post": [23.81239, -1.99236, 31.24362],
							"lerp_mode": "catmullrom"
						},
						"0.6167": {
							"post": [44.04126, -9.4323, 16.93171],
							"lerp_mode": "catmullrom"
						},
						"0.7333": {
							"post": [50.3456, -4.3872, 11.03419],
							"lerp_mode": "catmullrom"
						},
						"0.85": {
							"post": [53.08184, 1.14941, 8.83164],
							"lerp_mode": "catmullrom"
						},
						"0.9667": {
							"post": [53.12854, -0.25452, 6.3287],
							"lerp_mode": "catmullrom"
						}
					},
					"position": {
						"0.1": {
							"pre": [10.21904, -11.32304, 4.14532],
							"post": [10.21904, -11.32304, 4.14532],
							"lerp_mode": "catmullrom"
						},
						"0.1667": {
							"post": [12.33829, -1.26974, -5.3956],
							"lerp_mode": "catmullrom"
						},
						"0.2333": {
							"post": [9.7309, 2.54758, -10.5081],
							"lerp_mode": "catmullrom"
						},
						"0.2833": {
							"post": [2.94103, 2.88036, -11.26618],
							"lerp_mode": "catmullrom"
						},
						"0.35": {
							"post": [-3.79774, -0.39342, -9.82212],
							"lerp_mode": "catmullrom"
						},
						"0.4": {
							"post": [-5.77023, -2.76355, -8.77704],
							"lerp_mode": "catmullrom"
						},
						"0.5167": {
							"post": [-6.91125, -3.39066, -3.69732],
							"lerp_mode": "catmullrom"
						},
						"0.6167": {
							"post": [-6.26993, -3.10689, -2.53866],
							"lerp_mode": "catmullrom"
						},
						"0.7333": {
							"post": [-3.84103, -1.30732, -0.3403],
							"lerp_mode": "catmullrom"
						},
						"0.85": {
							"post": [-3.76845, 0.45059, 0.78312],
							"lerp_mode": "catmullrom"
						},
						"0.9667": {
							"post": [-3.76845, 0.45059, 1.4003],
							"lerp_mode": "catmullrom"
						}
					}
				},
				"camera": {
					"rotation": {
						"0.0": {
							"post": [0, 0, 0],
							"lerp_mode": "catmullrom"
						},
						"0.1": {
							"post": [0.21875, -0.36812, 0.02344],
							"lerp_mode": "catmullrom"
						},
						"0.1833": {
							"post": [-0.02344, -0.43375, 1.03906],
							"lerp_mode": "catmullrom"
						},
						"0.2833": {
							"post": [-0.34375, -0.11094, -0.19531],
							"lerp_mode": "catmullrom"
						},
						"0.4167": {
							"post": [-0.57031, 0.17438, -0.49219],
							"lerp_mode": "catmullrom"
						},
						"0.5333": {
							"post": [-0.41406, 0.14031, -0.23437],
							"lerp_mode": "catmullrom"
						},
						"0.5833": {
							"post": [-0.27656, 0.10938, -0.15625],
							"lerp_mode": "catmullrom"
						},
						"0.6333": {
							"post": [-0.16875, 0.0625, -0.17969],
							"lerp_mode": "catmullrom"
						},
						"0.7333": {
							"post": [-0.04094, 0.00781, -0.24219],
							"lerp_mode": "catmullrom"
						},
						"0.8167": {
							"post": [0.02781, -0.02344, -0.16406],
							"lerp_mode": "catmullrom"
						},
						"0.9": {
							"post": [0.03719, 0.02344, 0],
							"lerp_mode": "catmullrom"
						},
						"0.9667": {
							"post": [0, 0, 0],
							"lerp_mode": "catmullrom"
						}
					}
				}
			},
			"sound_effects": {
				"0.0167": {
					"effect": "ab_wt:melee/frost_moon/frost_moon_draw"
				}
			}
		},
		"1put_away": {
			"animation_length": 0.6833,
			"bones": {
				"lefthand": {
					"rotation": {
						"0.0": {
							"post": [139.63414, 29.55652, -241.07646],
							"lerp_mode": "catmullrom"
						}
					},
					"position": {
						"0.0": {
							"post": [14.93773, -16.84077, 5.8077],
							"lerp_mode": "catmullrom"
						}
					},
					"scale": {
						"0.0": {
							"post": [1, 1.5, 1],
							"lerp_mode": "catmullrom"
						}
					}
				},
				"righthand": {
					"rotation": {
						"0.0": {
							"post": [132.0155, -10.86574, -172.1234],
							"lerp_mode": "catmullrom"
						},
						"0.0833": {
							"post": [133.78991, -18.20434, -179.14849],
							"lerp_mode": "catmullrom"
						},
						"0.2": {
							"post": [150.3826, -54.77082, -237.73953],
							"lerp_mode": "catmullrom"
						},
						"0.3": {
							"post": [185.5052, -62.5777, -333.10302],
							"lerp_mode": "catmullrom"
						},
						"0.3833": {
							"post": [209.59844, -66.26, -351.17],
							"lerp_mode": "catmullrom"
						},
						"0.4667": {
							"post": [234.18232, -69.94846, -369.22948],
							"lerp_mode": "catmullrom"
						},
						"0.5833": {
							"post": [292.18232, -69.94846, -369.22948],
							"lerp_mode": "catmullrom"
						}
					},
					"position": {
						"0.0": {
							"post": [-6.54356, -16.53106, -1.80066],
							"lerp_mode": "catmullrom"
						},
						"0.2": {
							"post": [-6.54, -16.53, -1.8],
							"lerp_mode": "catmullrom"
						},
						"0.3": {
							"post": [-5.78252, -16.62346, -0.69379],
							"lerp_mode": "catmullrom"
						},
						"0.4667": {
							"post": [-5.71838, -16.47828, -0.13993],
							"lerp_mode": "catmullrom"
						},
						"0.5833": {
							"post": [-4.97619, -15.37672, -0.81962],
							"lerp_mode": "catmullrom"
						},
						"0.6833": {
							"post": [-1.43733, -11.39924, -3.85983],
							"lerp_mode": "catmullrom"
						}
					},
					"scale": {
						"0.0": {
							"post": [1, 1.5, 1],
							"lerp_mode": "catmullrom"
						}
					}
				},
				"knife_and_righthand": {
					"rotation": {
						"0.0": {
							"post": [53.12854, -0.25452, 6.3287],
							"lerp_mode": "catmullrom"
						},
						"0.0833": {
							"post": [46.30714, -9.07993, 45.16841],
							"lerp_mode": "catmullrom"
						},
						"0.2": {
							"post": [14.02337, -6.49718, 130.66931],
							"lerp_mode": "catmullrom"
						},
						"0.3": {
							"post": [-57.20285, 3.02742, 175.7901],
							"lerp_mode": "catmullrom"
						},
						"0.4667": {
							"post": [-75.62074, 4.9087, 181.67052],
							"lerp_mode": "catmullrom"
						},
						"0.5833": {
							"post": [-77.97, 3.5275, 173.84],
							"lerp_mode": "catmullrom"
						}
					},
					"position": {
						"0.0": {
							"post": [-3.76845, 0.45059, 1.4003],
							"lerp_mode": "catmullrom"
						},
						"0.0833": {
							"post": [-2.27, 0.45, -0.18594],
							"lerp_mode": "catmullrom"
						},
						"0.2": {
							"post": [4.4175, 0.45, -3.33062],
							"lerp_mode": "catmullrom"
						},
						"0.3": {
							"post": [10.92423, 0.29276, -6.34091],
							"lerp_mode": "catmullrom"
						},
						"0.4667": {
							"post": [11.94881, -0.25359, -9.13183],
							"lerp_mode": "catmullrom"
						},
						"0.5833": {
							"post": [11.53404, -4.09187, 1.29316],
							"lerp_mode": "catmullrom"
						}
					}
				},
				"camera": {
					"rotation": {
						"0.0": {
							"post": [0, 0, 0],
							"lerp_mode": "catmullrom"
						},
						"0.0833": {
							"post": [0.14844, -0.17187, -0.05469],
							"lerp_mode": "catmullrom"
						},
						"0.1833": {
							"post": [0.21094, -0.36531, -0.16406],
							"lerp_mode": "catmullrom"
						},
						"0.3": {
							"post": [0.21094, -0.36187, -0.20312],
							"lerp_mode": "catmullrom"
						},
						"0.4833": {
							"post": [0.10938, -0.45219, 0.19531],
							"lerp_mode": "catmullrom"
						},
						"0.5833": {
							"post": [0.42969, 0.12188, -0.3125],
							"lerp_mode": "catmullrom"
						},
						"0.6833": {
							"post": [0, 0, 0],
							"lerp_mode": "catmullrom"
						}
					},
					"position": [0, 0, 0]
				}
			}
		},
		"inspect": {
			"animation_length": 8.3167,
			"bones": {
				"lefthand": {
					"rotation": {
						"0.0": {
							"post": [139.63414, 29.55652, -241.07646],
							"lerp_mode": "catmullrom"
						},
						"4.7667": {
							"post": [139.63, 29.56, -241.08],
							"lerp_mode": "catmullrom"
						},
						"4.9833": {
							"post": [121.28, 48.56, -263.2],
							"lerp_mode": "catmullrom"
						},
						"5.1167": {
							"post": [95.93459, 67.56551, -285.31045],
							"lerp_mode": "catmullrom"
						},
						"5.3833": {
							"post": [102.42454, 67.02893, -275.02768],
							"lerp_mode": "catmullrom"
						},
						"5.95": {
							"post": [85.42, 67.03, -275.03],
							"lerp_mode": "catmullrom"
						},
						"6.2667": {
							"post": [73.42, 67.03, -275.03],
							"lerp_mode": "catmullrom"
						},
						"6.3333": {
							"post": [36.60681, 63.28282, -315.28825],
							"lerp_mode": "catmullrom"
						},
						"6.5": {
							"post": [139.63, 29.56, -241.08],
							"lerp_mode": "catmullrom"
						}
					},
					"position": {
						"0.0": {
							"post": [14.93773, -16.84077, 5.8077],
							"lerp_mode": "catmullrom"
						},
						"4.7667": {
							"post": [14.94, -16.84, 5.81],
							"lerp_mode": "catmullrom"
						},
						"4.9833": {
							"post": [19.87136, -18.02146, -0.30363],
							"lerp_mode": "catmullrom"
						},
						"5.1167": {
							"post": [10.28468, -10.945, -4.10469],
							"lerp_mode": "catmullrom"
						},
						"5.3833": {
							"post": [9.88719, -11.5289, -3.9155],
							"lerp_mode": "catmullrom"
						},
						"5.95": {
							"post": [19.65101, -11.29966, -5.18867],
							"lerp_mode": "catmullrom"
						},
						"6.1167": {
							"post": [21.9768, -12.07006, -4.8516],
							"lerp_mode": "catmullrom"
						},
						"6.2": {
							"post": [22.6756, -12.21679, -4.70725],
							"lerp_mode": "catmullrom"
						},
						"6.2667": {
							"post": [23.8977, -11.86195, -4.79487],
							"lerp_mode": "catmullrom"
						},
						"6.3333": {
							"post": [27.21485, -14.32265, -2.70068],
							"lerp_mode": "catmullrom"
						},
						"6.4": {
							"post": [26.50182, -19.91886, 2.31597],
							"lerp_mode": "catmullrom"
						},
						"6.5": {
							"post": [14.94, -16.84, 5.81],
							"lerp_mode": "catmullrom"
						}
					},
					"scale": {
						"0.0": {
							"post": [1, 1.5, 1],
							"lerp_mode": "catmullrom"
						}
					}
				},
				"righthand": {
					"rotation": {
						"0.1": [132.0155, -10.86574, -172.1234],
						"0.25": [114.69755, -6.3284, -169.99833],
						"0.4": [111.58221, -2.61011, -168.51901],
						"1.6167": [111.58221, -2.61011, -168.51901],
						"1.7": [103.58221, -2.61011, -168.51901],
						"1.8333": [98.74171, -2.00745, -172.47658],
						"1.9833": [83.74171, -2.00745, -172.47658],
						"2.1167": [78.74, -2.01, -172.48],
						"3.5333": [78.74, -2.01, -172.48],
						"3.6333": [74.51, -1.79, -172.16],
						"3.7667": [74.51, -1.79, -172.16],
						"3.8333": [172.16297, -1.52813, -171.79232],
						"4.1667": [144.69917, -0.85476, -170.84685],
						"4.7667": [144.69917, -0.85476, -170.84685],
						"5.1167": [97.69917, -0.85476, -170.84685],
						"6.45": [97.69917, -0.85476, -170.84685],
						"6.6167": [121.77729, 7.96966, -176.14871],
						"6.6667": {
							"pre": [167.80929, 19.05255, -182.80749],
							"post": [167.80929, 19.05255, -182.80749],
							"lerp_mode": "catmullrom"
						},
						"6.6833": {
							"post": [167.80929, 19.05255, -182.80749],
							"lerp_mode": "catmullrom"
						},
						"6.7167": {
							"post": [169.85365, 8.86025, -184.25596],
							"lerp_mode": "catmullrom"
						},
						"7.15": {
							"post": [169.85, 8.86, -184.26],
							"lerp_mode": "catmullrom"
						},
						"7.2833": {
							"post": [102.85, 8.86, -184.26],
							"lerp_mode": "catmullrom"
						},
						"7.5167": {
							"post": [107.29161, -17.09604, -186.7872],
							"lerp_mode": "catmullrom"
						},
						"7.8833": {
							"post": [152.67, -12.09, -174.18],
							"lerp_mode": "catmullrom"
						},
						"7.9667": {
							"post": [132.0155, -10.86574, -172.1234],
							"lerp_mode": "catmullrom"
						}
					},
					"position": {
						"0.1": [-6.54356, -16.53106, -1.80066],
						"1.8333": [-6.54, -16.53, -1.8],
						"1.9833": [-6.50798, -16.46207, -1.14806],
						"7.2833": [-6.50798, -16.46207, -1.14806],
						"7.9667": [-6.54356, -16.53106, -1.80066]
					},
					"scale": {
						"0.0": {
							"post": [1, 1.5, 1],
							"lerp_mode": "catmullrom"
						}
					}
				},
				"knife_and_righthand": {
					"rotation": {
						"0.0": {
							"post": [53.12854, -0.25452, 6.3287],
							"lerp_mode": "catmullrom"
						},
						"0.1": {
							"post": [41.53036, 14.13789, 33.39691],
							"lerp_mode": "catmullrom"
						},
						"0.25": {
							"post": [32.2309, 39.98842, 72.72984],
							"lerp_mode": "catmullrom"
						},
						"0.4": {
							"post": [36.91597, 63.8459, 98.26735],
							"lerp_mode": "catmullrom"
						},
						"0.5833": {
							"post": [34.07768, 57.91469, 99.90121],
							"lerp_mode": "catmullrom"
						},
						"0.75": {
							"post": [31.38866, 52.63728, 97.07933],
							"lerp_mode": "catmullrom"
						},
						"0.9333": {
							"post": [28.5836, 48.58641, 91.98307],
							"lerp_mode": "catmullrom"
						},
						"1.2167": {
							"post": [26.1225, 44.41094, 88.17031],
							"lerp_mode": "catmullrom"
						},
						"1.6167": {
							"post": [24.1325, 43.65219, 74.82469],
							"lerp_mode": "catmullrom"
						},
						"1.7": {
							"post": [29.03673, 23.12547, 51.86589],
							"lerp_mode": "catmullrom"
						},
						"1.8333": {
							"post": [37.23339, -19.01554, -6.19317],
							"lerp_mode": "catmullrom"
						},
						"1.9833": {
							"post": [48.41077, -66.07156, -87.941],
							"lerp_mode": "catmullrom"
						},
						"2.1167": {
							"post": [47.69156, -74.79656, -101.82281],
							"lerp_mode": "catmullrom"
						},
						"2.2833": {
							"post": [35.71462, -70.58447, -91.68606],
							"lerp_mode": "catmullrom"
						},
						"2.4833": {
							"post": [34.17831, -72.38051, -85.83324],
							"lerp_mode": "catmullrom"
						},
						"2.6833": {
							"post": [34.82063, -72.38, -85.83],
							"lerp_mode": "catmullrom"
						},
						"2.9667": {
							"post": [29.23573, -69.82064, -80.98601],
							"lerp_mode": "catmullrom"
						},
						"3.35": {
							"post": [30.53261, -69.82064, -80.98601],
							"lerp_mode": "catmullrom"
						},
						"3.5333": {
							"post": [32.44426, -73.30743, -87.21398],
							"lerp_mode": "catmullrom"
						},
						"3.6333": {
							"post": [19.44426, -73.30743, -87.21398],
							"lerp_mode": "catmullrom"
						},
						"3.7667": {
							"post": [5.57441, -62.86957, -86.5809],
							"lerp_mode": "catmullrom"
						},
						"3.8333": {
							"post": [121.69751, -51.66071, -9.71264],
							"lerp_mode": "catmullrom"
						},
						"3.9333": {
							"post": [124.93332, -30.86266, 12.60795],
							"lerp_mode": "catmullrom"
						},
						"4.0": {
							"post": [107.11429, 40.58259, -13.8541],
							"lerp_mode": "catmullrom"
						},
						"4.0833": {
							"post": [94.91615, 15.15061, 4.50787],
							"lerp_mode": "catmullrom"
						},
						"4.1667": {
							"post": [60.79657, -0.30551, 0.28331],
							"lerp_mode": "catmullrom"
						},
						"4.2667": {
							"post": [59.79702, -0.67123, 1.64732],
							"lerp_mode": "catmullrom"
						},
						"4.4": {
							"post": [59.79136, 0.69729, 2.01113],
							"lerp_mode": "catmullrom"
						},
						"4.7667": {
							"post": [51.21323, 0.69729, 0.44863],
							"lerp_mode": "catmullrom"
						},
						"5.0": {
							"post": [22.71903, 24.87993, 52.04841],
							"lerp_mode": "catmullrom"
						},
						"5.1167": {
							"post": [14.84369, 48.31953, 89.241],
							"lerp_mode": "catmullrom"
						},
						"5.3833": {
							"post": [10.72651, 56.89765, 97.81912],
							"lerp_mode": "catmullrom"
						},
						"5.95": {
							"post": [9.27318, 61.01512, 97.3279],
							"lerp_mode": "catmullrom"
						},
						"6.2667": {
							"post": [10.27, 61.02, 97.33],
							"lerp_mode": "catmullrom"
						},
						"6.3333": {
							"post": [45.27, 61.02, 97.33],
							"lerp_mode": "catmullrom"
						},
						"6.4": {
							"post": [90.27, 61.02, 97.33],
							"lerp_mode": "catmullrom"
						},
						"6.45": {
							"post": [147.27, 61.02, 97.33],
							"lerp_mode": "catmullrom"
						},
						"6.5333": {
							"post": [130.77, 26.99, 116.53],
							"lerp_mode": "catmullrom"
						},
						"6.6167": {
							"post": [80.59252, -4.52491, 132.34199],
							"lerp_mode": "catmullrom"
						},
						"6.6667": {
							"post": [84.18286, 15.64624, 105.25072],
							"lerp_mode": "catmullrom"
						},
						"6.7": {
							"post": [87.20583, 15.50687, 113.76313],
							"lerp_mode": "catmullrom"
						},
						"6.7667": {
							"post": [87.31133, 14.05321, 106.5672],
							"lerp_mode": "catmullrom"
						},
						"6.9333": {
							"post": [83.28789, 11.03758, 96.01251],
							"lerp_mode": "catmullrom"
						},
						"7.0333": {
							"post": [77.47685, 6.95975, 79.41822],
							"lerp_mode": "catmullrom"
						},
						"7.15": {
							"post": [46.9699, -9.06276, 83.24559],
							"lerp_mode": "catmullrom"
						},
						"7.2833": {
							"post": [-48.71942, 4.84943, 92.65517],
							"lerp_mode": "catmullrom"
						},
						"7.3333": {
							"post": [-60.30352, 9.03445, 91.46818],
							"lerp_mode": "catmullrom"
						},
						"7.3833": {
							"post": [-61.00848, 9.1385, 92.65517],
							"lerp_mode": "catmullrom"
						},
						"7.4833": {
							"post": [-57.885, 5.75719, 92.66],
							"lerp_mode": "catmullrom"
						},
						"7.5333": {
							"post": [42.55842, 18.56759, 104.12367],
							"lerp_mode": "catmullrom"
						},
						"7.5667": {
							"post": [90.26145, 10.79573, 106.84338],
							"lerp_mode": "catmullrom"
						},
						"7.6333": {
							"post": [148.7, 10.48, 97.82563],
							"lerp_mode": "catmullrom"
						},
						"7.8": {
							"post": [156.67383, 1.50666, 69.03798],
							"lerp_mode": "catmullrom"
						},
						"7.9667": {
							"post": [78.31469, -9.53386, 25.4239],
							"lerp_mode": "catmullrom"
						},
						"8.0833": {
							"post": [50.3456, -8.02782, 15.52637],
							"lerp_mode": "catmullrom"
						},
						"8.2": {
							"post": [53.08184, 1.14941, 11.52695],
							"lerp_mode": "catmullrom"
						},
						"8.3167": {
							"post": [53.12854, -0.25452, 6.3287],
							"lerp_mode": "catmullrom"
						}
					},
					"position": {
						"0.0": {
							"post": [-3.76845, 0.45059, 1.4003],
							"lerp_mode": "catmullrom"
						},
						"0.1333": {
							"post": [-3.10723, 0.3937, 0.45845],
							"lerp_mode": "catmullrom"
						},
						"0.3": {
							"post": [-3.03859, 1.46432, 2.03413],
							"lerp_mode": "catmullrom"
						},
						"0.4667": {
							"post": [-4.34308, 1.41007, 2.25096],
							"lerp_mode": "catmullrom"
						},
						"0.6333": {
							"post": [-5.12724, 1.13121, 2.42608],
							"lerp_mode": "catmullrom"
						},
						"0.75": {
							"post": [-5.76495, 0.97257, 2.25096],
							"lerp_mode": "catmullrom"
						},
						"0.9833": {
							"post": [-6.36651, 0.69914, 2.25096],
							"lerp_mode": "catmullrom"
						},
						"1.35": {
							"post": [-7.67508, -0.04907, 2.89569],
							"lerp_mode": "catmullrom"
						},
						"1.65": {
							"post": [-7.47502, -0.63925, 2.95245],
							"lerp_mode": "catmullrom"
						},
						"1.75": {
							"post": [-4.30922, -1.09793, 2.89331],
							"lerp_mode": "catmullrom"
						},
						"1.8667": {
							"post": [2.6278, -1.07351, 3.34699],
							"lerp_mode": "catmullrom"
						},
						"2.0167": {
							"post": [8.30153, 0.97098, 2.63606],
							"lerp_mode": "catmullrom"
						},
						"2.15": {
							"post": [8.81306, 0.25462, 2.85768],
							"lerp_mode": "catmullrom"
						},
						"2.3333": {
							"post": [8.32116, 0.10967, 2.87159],
							"lerp_mode": "catmullrom"
						},
						"2.5167": {
							"post": [8.29591, -0.18433, 2.96379],
							"lerp_mode": "catmullrom"
						},
						"2.7": {
							"post": [8.54333, -0.41337, 2.91838],
							"lerp_mode": "catmullrom"
						},
						"3.0": {
							"post": [9.26453, -0.67064, 3.1504],
							"lerp_mode": "catmullrom"
						},
						"3.3833": {
							"post": [9.97994, -1.03079, 3.23994],
							"lerp_mode": "catmullrom"
						},
						"3.5333": {
							"post": [9.81765, -0.21669, 3.01361],
							"lerp_mode": "catmullrom"
						},
						"3.6333": {
							"post": [7.73535, 1.67243, 2.46299],
							"lerp_mode": "catmullrom"
						},
						"3.7667": {
							"post": [7.08368, 2.24672, 2.46058],
							"lerp_mode": "catmullrom"
						},
						"3.8333": {
							"post": [8.58327, -10.02531, 1.09615],
							"lerp_mode": "catmullrom"
						},
						"3.9333": {
							"post": [8.23682, -15.25744, 4.36723],
							"lerp_mode": "catmullrom"
						},
						"4.0": {
							"post": [3.94351, -15.95238, -0.1344],
							"lerp_mode": "catmullrom"
						},
						"4.1667": {
							"post": [2.69439, -0.92599, -0.2594],
							"lerp_mode": "catmullrom"
						},
						"4.3167": {
							"post": [2.55506, -0.98261, -0.30148],
							"lerp_mode": "catmullrom"
						},
						"4.4833": {
							"post": [2.6186, -0.93908, -0.27387],
							"lerp_mode": "catmullrom"
						},
						"4.85": {
							"post": [2.6186, -0.93908, -0.27387],
							"lerp_mode": "catmullrom"
						},
						"5.0": {
							"post": [-0.29, 1.06867, -1.67075],
							"lerp_mode": "catmullrom"
						},
						"5.1167": {
							"post": [-1.44603, 4.17442, -3.13214],
							"lerp_mode": "catmullrom"
						},
						"5.3833": {
							"post": [-2.19603, 4.17442, -3.13214],
							"lerp_mode": "catmullrom"
						},
						"5.95": {
							"post": [-6.5769, 4.49175, -2.66292],
							"lerp_mode": "catmullrom"
						},
						"6.2667": {
							"post": [-8.20767, 4.46726, -2.5325],
							"lerp_mode": "catmullrom"
						},
						"6.3333": {
							"post": [-17.8755, -0.11471, 0.67149],
							"lerp_mode": "catmullrom"
						},
						"6.4": {
							"post": [-29.05686, -10.51878, 0.15805],
							"lerp_mode": "catmullrom"
						},
						"6.45": {
							"post": [-29.99021, -23.58776, 7.39788],
							"lerp_mode": "catmullrom"
						},
						"6.5333": {
							"post": [-19.83184, -23.19823, 20.18422],
							"lerp_mode": "catmullrom"
						},
						"6.6167": {
							"post": [-10.73189, 1.30035, 7.56414],
							"lerp_mode": "catmullrom"
						},
						"6.6667": {
							"post": [-2.63695, 2.47127, -12.79675],
							"lerp_mode": "catmullrom"
						},
						"6.7": {
							"post": [-3.64361, 2.98184, -9.90882],
							"lerp_mode": "catmullrom"
						},
						"6.7667": {
							"post": [-3.62464, 2.69951, -7.69211],
							"lerp_mode": "catmullrom"
						},
						"6.9333": {
							"post": [-3.62464, 1.28545, -6.59055],
							"lerp_mode": "catmullrom"
						},
						"7.0333": {
							"post": [-4.39574, -2.51447, 0.38411],
							"lerp_mode": "catmullrom"
						},
						"7.15": {
							"post": [-3.23141, -8.62992, 4.74416],
							"lerp_mode": "catmullrom"
						},
						"7.2833": {
							"post": [10.95576, 0.23229, 6.78258],
							"lerp_mode": "catmullrom"
						},
						"7.3833": {
							"post": [13.26509, 1.16657, 7.51123],
							"lerp_mode": "catmullrom"
						},
						"7.4833": {
							"post": [12.93557, 0.67062, 8.53886],
							"lerp_mode": "catmullrom"
						},
						"7.5333": {
							"post": [-8.94087, 5.14077, -3.40366],
							"lerp_mode": "catmullrom"
						},
						"7.5667": {
							"post": [-19.57922, 3.8987, 9.07811],
							"lerp_mode": "catmullrom"
						},
						"7.6333": {
							"post": [-32.85524, -4.98314, 26.66044],
							"lerp_mode": "catmullrom"
						},
						"7.8": {
							"post": [-20.64578, -5.49136, 15.85368],
							"lerp_mode": "catmullrom"
						},
						"7.9667": {
							"post": [-5.44961, -4.48971, 1.35196],
							"lerp_mode": "catmullrom"
						},
						"8.0833": {
							"post": [-3.84103, -1.30732, -1.7153],
							"lerp_mode": "catmullrom"
						},
						"8.2": {
							"post": [-3.76845, 0.45059, 1.68155],
							"lerp_mode": "catmullrom"
						},
						"8.3167": {
							"post": [-3.76845, 0.45059, 1.4003],
							"lerp_mode": "catmullrom"
						}
					}
				},
				"camera": {
					"rotation": {
						"0.0": {
							"post": [0, 0, 0],
							"lerp_mode": "catmullrom"
						},
						"0.1": {
							"post": [0.29688, -0.07812, 0.125],
							"lerp_mode": "catmullrom"
						},
						"0.2833": {
							"post": [0.90156, -0.30469, 0.27344],
							"lerp_mode": "catmullrom"
						},
						"0.4333": {
							"post": [1.20469, -0.47656, 0.32031],
							"lerp_mode": "catmullrom"
						},
						"0.5833": {
							"post": [1.405, -0.64844, 0.24219],
							"lerp_mode": "catmullrom"
						},
						"0.7667": {
							"post": [1.57219, -0.65625, 0.23438],
							"lerp_mode": "catmullrom"
						},
						"0.9167": {
							"post": [1.61563, -0.64844, 0.23438],
							"lerp_mode": "catmullrom"
						},
						"1.4": {
							"post": [1.53531, -0.51562, 0.25781],
							"lerp_mode": "catmullrom"
						},
						"1.6667": {
							"post": [1.45969, -0.17969, 0.23438],
							"lerp_mode": "catmullrom"
						},
						"1.85": {
							"post": [1.42469, 0.14844, -0.03906],
							"lerp_mode": "catmullrom"
						},
						"2.0167": {
							"post": [1.57406, 0.47656, -0.14844],
							"lerp_mode": "catmullrom"
						},
						"2.2167": {
							"post": [1.85125, 0.78906, -0.22656],
							"lerp_mode": "catmullrom"
						},
						"2.45": {
							"post": [1.98281, 0.77344, -0.36719],
							"lerp_mode": "catmullrom"
						},
						"2.7": {
							"post": [2.01125, 0.73438, -0.33594],
							"lerp_mode": "catmullrom"
						},
						"2.95": {
							"post": [2.06469, 0.69531, -0.32812],
							"lerp_mode": "catmullrom"
						},
						"3.2167": {
							"post": [2.00531, 0.65625, -0.35156],
							"lerp_mode": "catmullrom"
						},
						"3.4333": {
							"post": [1.9475, 0.73438, -0.20312],
							"lerp_mode": "catmullrom"
						},
						"3.6167": {
							"post": [1.59063, 0.60938, 0.14063],
							"lerp_mode": "catmullrom"
						},
						"3.75": {
							"post": [1.465, 0.99219, -0.17969],
							"lerp_mode": "catmullrom"
						},
						"3.8333": {
							"post": [2.58719, -0.14062, 0.38281],
							"lerp_mode": "catmullrom"
						},
						"3.9333": {
							"post": [2.58281, -0.10937, -0.41406],
							"lerp_mode": "catmullrom"
						},
						"4.0667": {
							"post": [2.66, 0.125, 0.14063],
							"lerp_mode": "catmullrom"
						},
						"4.2167": {
							"post": [2.94313, -0.05469, 0],
							"lerp_mode": "catmullrom"
						},
						"4.35": {
							"post": [2.87156, 0.03125, 0.08594],
							"lerp_mode": "catmullrom"
						},
						"4.5333": {
							"post": [2.91875, 0.03125, 0],
							"lerp_mode": "catmullrom"
						},
						"4.7833": {
							"post": [2.97469, 0.09375, 0.125],
							"lerp_mode": "catmullrom"
						},
						"4.95": {
							"post": [2.86063, 0.21875, 0.05469],
							"lerp_mode": "catmullrom"
						},
						"5.1833": {
							"post": [2.68031, 0.25, 0.09375],
							"lerp_mode": "catmullrom"
						},
						"5.3": {
							"post": [2.59406, 0.3125, 0.125],
							"lerp_mode": "catmullrom"
						},
						"5.5667": {
							"post": [2.64469, -0.35937, -0.10156],
							"lerp_mode": "catmullrom"
						},
						"5.8833": {
							"post": [2.73375, -0.52344, 0.10156],
							"lerp_mode": "catmullrom"
						},
						"6.1667": {
							"post": [2.70656, -0.50781, 0.10156],
							"lerp_mode": "catmullrom"
						},
						"6.3167": {
							"post": [3.71, 0.6875, 0.71875],
							"lerp_mode": "catmullrom"
						},
						"6.45": {
							"post": [3.28469, 0.75781, 0.26563],
							"lerp_mode": "catmullrom"
						},
						"6.55": {
							"post": [3.46469, 0.92188, 0.24219],
							"lerp_mode": "catmullrom"
						},
						"6.65": {
							"post": [1.41313, -0.9375, -0.73437],
							"lerp_mode": "catmullrom"
						},
						"6.7333": {
							"post": [2.08188, -0.16406, 0.80469],
							"lerp_mode": "catmullrom"
						},
						"6.8667": {
							"post": [1.96281, -0.34375, -0.19531],
							"lerp_mode": "catmullrom"
						},
						"7.0667": {
							"post": [2.15531, -0.35937, -0.26562],
							"lerp_mode": "catmullrom"
						},
						"7.2833": {
							"post": [2.66781, -0.46094, 0.50781],
							"lerp_mode": "catmullrom"
						},
						"7.4667": {
							"post": [3.01375, -0.625, 0.85156],
							"lerp_mode": "catmullrom"
						},
						"7.5167": {
							"post": [0.76, 1.50781, -1.08594],
							"lerp_mode": "catmullrom"
						},
						"7.6167": {
							"post": [1.02219, 1.78125, 0.70313],
							"lerp_mode": "catmullrom"
						},
						"7.7333": {
							"post": [0.57969, 0.22656, -0.26562],
							"lerp_mode": "catmullrom"
						},
						"7.85": {
							"post": [0.31438, -0.13281, -0.24219],
							"lerp_mode": "catmullrom"
						},
						"7.9667": {
							"post": [0.19438, 0.09375, 0.07813],
							"lerp_mode": "catmullrom"
						},
						"8.1": {
							"post": [0.15844, 0.10156, -0.08594],
							"lerp_mode": "catmullrom"
						},
						"8.2167": {
							"post": [-0.02, -0.03125, 0.00781],
							"lerp_mode": "catmullrom"
						},
						"8.3167": {
							"post": [0, 0, 0],
							"lerp_mode": "catmullrom"
						}
					}
				}
			}
		}
	}
}