{
  "ammo": "rainbow:40cpr",
  "rpm": 400,
  "bullet": {
    "life": 0.7,
    "bullet_amount": 1,
    "damage": 15,
    "tracer_count_interval": 0,
    "extra_damage": {
      "armor_ignore": 0.25,
      "head_shot_multiplier": 1.5,
      "damage_adjust": [
        {"distance": 0.5, "damage": 13.5},
        {"distance": 14.5, "damage": 13},
        {"distance": 29.5, "damage": 12},
        {"distance": 49.5, "damage": 11},
        {"distance": "infinite", "damage": 9}
      ]
    },
    "speed": 400,
    "gravity": 0.0245,
    "knockback": 0,
    "friction": 0.012,
    "ignite": false,
    "pierce": 3
  },
  "weight": 1.7,
  "movement_speed": {
    "base": 0.0,
    "aim": -0.1,
    "reload": 0
  },
  "ammo_amount": 10,
  "extended_mag_ammo_amount": [
    12,
    14,
    16
  ],
  "bolt": "closed_bolt",
  "reload": {
    "type": "magazine",
    "feed": {
      "empty": 1.33,
      "tactical": 1
    },
    "cooldown": {
      "empty": 1.875,
      "tactical": 1.625
    }
  },
  "draw_time": 0.35,
  "put_away_time": 0.33,
  "aim_time": 0.14,
  "sprint_time": 0.14,
  "fire_mode": [
    "semi"
  ],
  "allow_attachment_types": [
    "scope",
    "laser",
    "grip",
    "extended_mag"
  ],
  "recoil": {
    "pitch": [
      {"time": 0, "value": [0.95, 0.95]},
      {"time": 0.4, "value": [0.95, 0.95]},
      {"time": 0.65, "value": [-0.225, -0.225]},
      {"time": 0.85, "value": [0.125, 0.125]},
      {"time": 1.1, "value": [0, 0]},
      {"time": 1.2, "value": [0, 0]}
    ],
    "yaw": [
      {"time": 0, "value": [-0.3, 0.3]},
      {"time": 0.5, "value": [0, 0]}
    ]
  },
  "inaccuracy": {
    "stand": 3.25,
    "move": 4,
    "sneak": 2.5,
    "lie": 1.5,
    "aim": 0.1
  }
}