{
  "model": "bf1:gun/obrez_geo",
  "texture": "bf1:gun/uv/obrez",
  "lod": {
    "model": "bf1:gun/lod/obrez_lod",
    "texture": "bf1:gun/lod/obrez_lod"
  },
  "hud": "bf1:gun/hud/obrez",
  "slot": "bf1:gun/slot/obrez",
  "animation": "bf1:obrez",
  "use_default_animation": "pistol",
  "player_animator_3rd": "tacz:pistol_default.player_animation",
  "transform": {
    "scale": {
      "thirdperson": [0.6, 0.6, 0.6],
      "ground": [0.6, 0.6, 0.6],
      "fixed": [1.2, 1.2, 1.2]
    }
  },
  "shell": {
    "initial_velocity": [8.0, 5.0, -0.5],
    "random_velocity": [2.5, 1.5, 0.25],
    "acceleration": [0.0, -20, 0.0],
    "angular_velocity": [720, -1280, 90],
    "living_time": 1.0
  },
  "muzzle_flash": {
    "texture": "bf1:flash/ring",
    "scale": 4
  },
  "sounds": {
    "shoot": "bf1:martini/martini_shoot",
    "shoot_3p": "tacz:deagle/deagle_shoot_3p",
    "silence": "bf1:martini/martini_silence",
    "silence_3p": "bf1:martini/martini_silence_3p",
    "bolt": "bf1:obrez/bolt",
    "inspect_empty": "bf1:vo/request_ammo",
    "draw": "tacz:deagle/deagle_draw",
    
    "head_hit": "bf1:head_hit",
    "flesh_hit": "bf1:flesh_hit",
    "kill": "bf1:kill"
  },
  "offhand_show": {
    "pos": [4, 13, -2],
    "rotate": [-90, -35, 90],
    "scale": [0.5, 0.5, 0.5]
  },
  "hotbar_show": {
    "0": {
      "pos": [-5, 13, -2],
      "rotate": [-90, -35, 90],
      "scale": [0.5, 0.5, 0.5]
    }
  },
  "state_machine": "bf1:clip_state_machine",
  "state_machine_param": {
    "bolt_shell_ejecting_time": 0.17,
    "intro_shell_ejecting_time": 0.4
  }
}