{
  "materials": [
    {
      "item": {
        "tag": "minecraft:logs"
      },
      "count": 16
    },
    {
      "item": {
        "tag": "forge:ingots/iron"
      },
      "count": 32
    },
    {
      "item": {
        "tag": "forge:ingots/copper"
      },
      "count": 12
    },
    {
      "item": {
        "tag": "forge:rods/blaze"
      },
      "count": 6
    }
  ],
  "result": {
    "type": "gun",
    "id": "bf1:rsc1917"
  },
  "type": "tacz:gun_smith_table_crafting"
}