{
	"format_version": "1.8.0",
	"animations": {
		"death": {
			"animation_length": 1,
			"bones": {
				"Leftopen": {
					"scale": [1, 0, 1]
				},
				"Rightopen": {
					"scale": [1, 0, 1]
				},
				"Rightouch": {
					"scale": [1, 0, 1]
				},
				"Leftouch": {
					"scale": [1, 0, 1]
				},
				"body": {
					"rotation": {
						"0.0": [0, 0, 0],
						"0.5": [0, 0, 90]
					},
					"position": {
						"0.0": [0, 0, 0],
						"0.25": [7.5, -2.5, 0],
						"0.5": [11, -9, 0]
					}
				}
			}
		},
		"idle": {
			"loop": true,
			"animation_length": 1.5,
			"bones": {
				"Head": {
					"rotation": {
						"0.0": {
							"post": [5, 0, 0],
							"lerp_mode": "catmullrom"
						},
						"0.75": {
							"post": [0, 0, 0],
							"lerp_mode": "catmullrom"
						},
						"1.5": {
							"post": [5, 0, 0],
							"lerp_mode": "catmullrom"
						}
					},
					"position": {
						"0.0": {
							"post": [0, -0.22, 0],
							"lerp_mode": "catmullrom"
						},
						"0.5": {
							"post": [0, 0, 0],
							"lerp_mode": "catmullrom"
						},
						"1.0833": {
							"post": [0, -0.5, 0],
							"lerp_mode": "catmullrom"
						},
						"1.5": {
							"post": [0, -0.22, 0],
							"lerp_mode": "catmullrom"
						}
					}
				},
				"body": {
					"position": {
						"0.0": {
							"post": [0, 0, 0],
							"lerp_mode": "catmullrom"
						},
						"0.3333": {
							"post": [-0.00814, -0.0409, 0],
							"lerp_mode": "catmullrom"
						},
						"0.5833": {
							"post": [-0.003, -0.22407, 0],
							"lerp_mode": "catmullrom"
						},
						"0.75": {
							"post": [0, -0.3, 0],
							"lerp_mode": "catmullrom"
						},
						"0.9583": {
							"post": [0, -0.28645, 0],
							"lerp_mode": "catmullrom"
						},
						"1.2917": {
							"post": [0, -0.06792, 0],
							"lerp_mode": "catmullrom"
						},
						"1.5": {
							"post": [0, 0, 0],
							"lerp_mode": "catmullrom"
						}
					}
				},
				"upper": {
					"rotation": {
						"0.0": {
							"post": [-1.79, 0, 0],
							"lerp_mode": "catmullrom"
						},
						"0.0417": {
							"post": [-1.96217, 0, 0],
							"lerp_mode": "catmullrom"
						},
						"0.0833": {
							"post": [-2.39058, 0, 0],
							"lerp_mode": "catmullrom"
						},
						"0.125": {
							"post": [-2.50959, 0, 0],
							"lerp_mode": "catmullrom"
						},
						"0.1667": {
							"post": [-2.5, 0, 0],
							"lerp_mode": "catmullrom"
						},
						"0.5833": {
							"post": [-1.87375, 0, 0],
							"lerp_mode": "catmullrom"
						},
						"0.875": {
							"post": [-0.30114, 0, 0],
							"lerp_mode": "catmullrom"
						},
						"1.0": {
							"post": [0, 0, 0],
							"lerp_mode": "catmullrom"
						},
						"1.4167": {
							"post": [-1.48451, 0, 0],
							"lerp_mode": "catmullrom"
						},
						"1.5": {
							"post": [-1.79, 0, 0],
							"lerp_mode": "catmullrom"
						}
					},
					"scale": {
						"0.0": {
							"post": [1.01, 1.025, 1.04],
							"lerp_mode": "catmullrom"
						},
						"0.5417": {
							"post": [1.0013, 1.00264, 1.00423],
							"lerp_mode": "catmullrom"
						},
						"0.75": {
							"post": [1, 1, 1],
							"lerp_mode": "catmullrom"
						},
						"1.2917": {
							"post": [1.0087, 1.01796, 1.02874],
							"lerp_mode": "catmullrom"
						},
						"1.5": {
							"post": [1.01, 1.025, 1.04],
							"lerp_mode": "catmullrom"
						}
					}
				},
				"armRight": {
					"rotation": {
						"0.25": {
							"pre": [0, 0, 0],
							"post": [0, 0, 0],
							"lerp_mode": "catmullrom"
						},
						"0.5833": {
							"post": [2.5, 0, 0],
							"lerp_mode": "catmullrom"
						},
						"1.0": {
							"post": [2.5, 0, 0],
							"lerp_mode": "catmullrom"
						},
						"1.5": {
							"post": [0, 0, 0],
							"lerp_mode": "catmullrom"
						}
					},
					"position": {
						"0.0": {
							"post": [0, 0, 0],
							"lerp_mode": "catmullrom"
						},
						"0.3333": {
							"post": [0, 0.0409, 0],
							"lerp_mode": "catmullrom"
						},
						"0.5833": {
							"post": [-0.003, 0.22407, 0],
							"lerp_mode": "catmullrom"
						},
						"0.75": {
							"post": [0, 0.3, 0],
							"lerp_mode": "catmullrom"
						},
						"0.9583": {
							"post": [0, 0.28645, 0],
							"lerp_mode": "catmullrom"
						},
						"1.2917": {
							"post": [0, 0.06792, 0],
							"lerp_mode": "catmullrom"
						},
						"1.5": {
							"post": [0, 0, 0],
							"lerp_mode": "catmullrom"
						}
					}
				},
				"armRightlower": {
					"rotation": {
						"0.25": {
							"pre": [0, 0, 0],
							"post": [0, 0, 0],
							"lerp_mode": "catmullrom"
						},
						"0.5833": {
							"post": [-5, 0, 0],
							"lerp_mode": "catmullrom"
						},
						"1.0": {
							"post": [-5, 0, 0],
							"lerp_mode": "catmullrom"
						},
						"1.5": {
							"post": [0, 0, 0],
							"lerp_mode": "catmullrom"
						}
					}
				},
				"armLeft": {
					"rotation": {
						"0.25": {
							"pre": [0, 0, 0],
							"post": [0, 0, 0],
							"lerp_mode": "catmullrom"
						},
						"0.5833": {
							"post": [2.5, 0, 0],
							"lerp_mode": "catmullrom"
						},
						"1.0": {
							"post": [2.5, 0, 0],
							"lerp_mode": "catmullrom"
						},
						"1.5": {
							"post": [0, 0, 0],
							"lerp_mode": "catmullrom"
						}
					},
					"position": {
						"0.0": {
							"post": [0, 0, 0],
							"lerp_mode": "catmullrom"
						},
						"0.3333": {
							"post": [0, 0.0409, 0],
							"lerp_mode": "catmullrom"
						},
						"0.5833": {
							"post": [-0.003, 0.22407, 0],
							"lerp_mode": "catmullrom"
						},
						"0.75": {
							"post": [0, 0.3, 0],
							"lerp_mode": "catmullrom"
						},
						"0.9583": {
							"post": [0, 0.28645, 0],
							"lerp_mode": "catmullrom"
						},
						"1.2917": {
							"post": [0, 0.06792, 0],
							"lerp_mode": "catmullrom"
						},
						"1.5": {
							"post": [0, 0, 0],
							"lerp_mode": "catmullrom"
						}
					}
				},
				"armLeftlower": {
					"rotation": {
						"0.25": {
							"pre": [0, 0, 0],
							"post": [0, 0, 0],
							"lerp_mode": "catmullrom"
						},
						"0.5833": {
							"post": [-5, 0, 0],
							"lerp_mode": "catmullrom"
						},
						"1.0": {
							"post": [-5, 0, 0],
							"lerp_mode": "catmullrom"
						},
						"1.5": {
							"post": [0, 0, 0],
							"lerp_mode": "catmullrom"
						}
					}
				},
				"LegleftBone1": {
					"position": {
						"0.0": {
							"post": [0, 0, 0],
							"lerp_mode": "catmullrom"
						},
						"0.3333": {
							"post": [0, 0.0409, 0],
							"lerp_mode": "catmullrom"
						},
						"0.5833": {
							"post": [-0.003, 0.22407, 0],
							"lerp_mode": "catmullrom"
						},
						"0.75": {
							"post": [0, 0.3, 0],
							"lerp_mode": "catmullrom"
						},
						"0.9583": {
							"post": [0, 0.28645, 0],
							"lerp_mode": "catmullrom"
						},
						"1.2917": {
							"post": [0, 0.06792, 0],
							"lerp_mode": "catmullrom"
						},
						"1.5": {
							"post": [0, 0, 0],
							"lerp_mode": "catmullrom"
						}
					}
				},
				"LegrightBone1": {
					"position": {
						"0.0": {
							"post": [0, 0, 0],
							"lerp_mode": "catmullrom"
						},
						"0.3333": {
							"post": [0, 0.0409, 0],
							"lerp_mode": "catmullrom"
						},
						"0.5833": {
							"post": [-0.003, 0.22407, 0],
							"lerp_mode": "catmullrom"
						},
						"0.75": {
							"post": [0, 0.3, 0],
							"lerp_mode": "catmullrom"
						},
						"0.9583": {
							"post": [0, 0.28645, 0],
							"lerp_mode": "catmullrom"
						},
						"1.2917": {
							"post": [0, 0.06792, 0],
							"lerp_mode": "catmullrom"
						},
						"1.5": {
							"post": [0, 0, 0],
							"lerp_mode": "catmullrom"
						}
					}
				}
			}
		},
		"jump": {
			"loop": true,
			"bones": {
				"Rightouch": {
					"scale": [1, 0, 1]
				},
				"Leftouch": {
					"scale": [1, 0, 1]
				}
			}
		},
		"run": {
			"loop": true,
			"animation_length": 0.75,
			"bones": {
				"body": {
					"rotation": {
						"0.0": {
							"post": [0, 0, -2.5],
							"lerp_mode": "catmullrom"
						},
						"0.375": {
							"post": [0, 0, 2.5],
							"lerp_mode": "catmullrom"
						},
						"0.75": {
							"post": [0, 0, -2.5],
							"lerp_mode": "catmullrom"
						}
					},
					"position": {
						"0.0": {
							"post": [0, -1, 0],
							"lerp_mode": "catmullrom"
						},
						"0.25": {
							"post": [0, 0.5, 0],
							"lerp_mode": "catmullrom"
						},
						"0.375": {
							"post": [0, -1, 0],
							"lerp_mode": "catmullrom"
						},
						"0.625": {
							"post": [0, 0.5, 0],
							"lerp_mode": "catmullrom"
						},
						"0.75": {
							"post": [0, -1, 0],
							"lerp_mode": "catmullrom"
						}
					},
					"scale": {
						"0.0": {
							"post": [1, 1, 1],
							"lerp_mode": "catmullrom"
						},
						"0.75": {
							"post": [1, 1, 1],
							"lerp_mode": "catmullrom"
						}
					}
				},
				"BodyUpper": {
					"rotation": {
						"0.0": {
							"post": [0, 0, 5],
							"lerp_mode": "catmullrom"
						},
						"0.375": {
							"post": [0, 0, -5],
							"lerp_mode": "catmullrom"
						},
						"0.75": {
							"post": [0, 0, 5],
							"lerp_mode": "catmullrom"
						}
					}
				},
				"neck": {
					"rotation": {
						"0.0": {
							"post": [0, 0, 0],
							"lerp_mode": "catmullrom"
						},
						"0.2083": {
							"post": [5, 0, 0],
							"lerp_mode": "catmullrom"
						},
						"0.375": {
							"post": [0, 0, 0],
							"lerp_mode": "catmullrom"
						},
						"0.5833": {
							"post": [5, 0, 0],
							"lerp_mode": "catmullrom"
						},
						"0.75": {
							"post": [0, 0, 0],
							"lerp_mode": "catmullrom"
						}
					}
				},
				"armRight": {
					"rotation": {
						"0.0": {
							"post": [17.5, 0, 0],
							"lerp_mode": "catmullrom"
						},
						"0.2083": {
							"post": [-40, 0, 0],
							"lerp_mode": "catmullrom"
						},
						"0.375": {
							"post": [-27.5, 0, 0],
							"lerp_mode": "catmullrom"
						},
						"0.75": {
							"post": [17.5, 0, 0],
							"lerp_mode": "catmullrom"
						}
					}
				},
				"armRightlower": {
					"rotation": {
						"0.0": {
							"post": [52.5, 0, 0],
							"lerp_mode": "catmullrom"
						},
						"0.2083": {
							"post": [86.25, 0, 0],
							"lerp_mode": "catmullrom"
						},
						"0.375": {
							"post": [10, 0, 0],
							"lerp_mode": "catmullrom"
						},
						"0.6667": {
							"post": [-2.5, 0, 0],
							"lerp_mode": "catmullrom"
						},
						"0.75": {
							"post": [52.5, 0, 0],
							"lerp_mode": "catmullrom"
						}
					}
				},
				"righthandhoof": {
					"rotation": {
						"0.0": {
							"post": [30, 0, 0],
							"lerp_mode": "catmullrom"
						},
						"0.375": {
							"post": [0, 0, 0],
							"lerp_mode": "catmullrom"
						},
						"0.5833": {
							"post": [-6.67, 0, 0],
							"lerp_mode": "catmullrom"
						},
						"0.75": {
							"post": [30, 0, 0],
							"lerp_mode": "catmullrom"
						}
					}
				},
				"armLeft": {
					"rotation": {
						"0.0": {
							"post": [-27.5, 0, 0],
							"lerp_mode": "catmullrom"
						},
						"0.375": {
							"post": [17.5, 0, 0],
							"lerp_mode": "catmullrom"
						},
						"0.5833": {
							"post": [-40, 0, 0],
							"lerp_mode": "catmullrom"
						},
						"0.75": {
							"post": [-27.5, 0, 0],
							"lerp_mode": "catmullrom"
						}
					}
				},
				"armLeftlower": {
					"rotation": {
						"0.0": {
							"post": [10, 0, 0],
							"lerp_mode": "catmullrom"
						},
						"0.2917": {
							"post": [-2.5, 0, 0],
							"lerp_mode": "catmullrom"
						},
						"0.375": {
							"post": [52.5, 0, 0],
							"lerp_mode": "catmullrom"
						},
						"0.5833": {
							"post": [86.25, 0, 0],
							"lerp_mode": "catmullrom"
						},
						"0.75": {
							"post": [10, 0, 0],
							"lerp_mode": "catmullrom"
						}
					}
				},
				"lefthandhoof": {
					"rotation": {
						"0.0": {
							"post": [17.5, 0, 0],
							"lerp_mode": "catmullrom"
						},
						"0.2083": {
							"post": [-6.67, 0, 0],
							"lerp_mode": "catmullrom"
						},
						"0.375": {
							"post": [30, 0, 0],
							"lerp_mode": "catmullrom"
						},
						"0.75": {
							"post": [17.5, 0, 0],
							"lerp_mode": "catmullrom"
						}
					}
				},
				"Head": {
					"rotation": {
						"0.0": {
							"post": [0, 0, -4.04],
							"lerp_mode": "catmullrom"
						},
						"0.0833": {
							"post": [0, 0, -7.5],
							"lerp_mode": "catmullrom"
						},
						"0.4583": {
							"post": [0, 0, 7.5],
							"lerp_mode": "catmullrom"
						},
						"0.75": {
							"post": [0, 0, -4.04],
							"lerp_mode": "catmullrom"
						}
					}
				},
				"legLeft": {
					"rotation": {
						"0.0": {
							"post": [35, 0, 0],
							"lerp_mode": "catmullrom"
						},
						"0.2083": {
							"post": [-18.75, 0, 0],
							"lerp_mode": "catmullrom"
						},
						"0.375": {
							"post": [-52.5, 0, 0],
							"lerp_mode": "catmullrom"
						},
						"0.75": {
							"post": [35, 0, 0],
							"lerp_mode": "catmullrom"
						}
					},
					"position": {
						"0.0": {
							"post": [0, -0.36, 0],
							"lerp_mode": "catmullrom"
						},
						"0.1667": {
							"post": [0, 0, 0],
							"lerp_mode": "catmullrom"
						},
						"0.4583": {
							"post": [0, -1, 0],
							"lerp_mode": "catmullrom"
						},
						"0.75": {
							"post": [0, -0.36, 0],
							"lerp_mode": "catmullrom"
						}
					}
				},
				"LegleftBone1": {
					"rotation": {
						"0.0": {
							"post": [0, 0, 0],
							"lerp_mode": "catmullrom"
						},
						"0.2083": {
							"post": [85, 0, 0],
							"lerp_mode": "catmullrom"
						},
						"0.375": {
							"post": [105, 0, 0],
							"lerp_mode": "catmullrom"
						},
						"0.4583": {
							"post": [70, 0, 0],
							"lerp_mode": "catmullrom"
						},
						"0.5833": {
							"post": [21, 0, 0],
							"lerp_mode": "catmullrom"
						},
						"0.75": {
							"post": [0, 0, 0],
							"lerp_mode": "catmullrom"
						}
					}
				},
				"LegleftBone2": {
					"rotation": {
						"0.0": {
							"post": [0, 0, 0],
							"lerp_mode": "catmullrom"
						},
						"0.2083": {
							"post": [-91.25, 0, 0],
							"lerp_mode": "catmullrom"
						},
						"0.375": {
							"post": [-102.5, 0, 0],
							"lerp_mode": "catmullrom"
						},
						"0.4583": {
							"post": [-75.42, 0, 0],
							"lerp_mode": "catmullrom"
						},
						"0.5833": {
							"post": [-18.75, 0, 0],
							"lerp_mode": "catmullrom"
						},
						"0.75": {
							"post": [0, 0, 0],
							"lerp_mode": "catmullrom"
						}
					}
				},
				"LegleftBone3": {
					"rotation": {
						"0.0": {
							"post": [5, 0, 0],
							"lerp_mode": "catmullrom"
						},
						"0.375": {
							"post": [27.5, 0, 0],
							"lerp_mode": "catmullrom"
						},
						"0.75": {
							"post": [0, 0, 0],
							"lerp_mode": "catmullrom"
						}
					}
				},
				"Leglefthoof": {
					"rotation": {
						"0.0": {
							"post": [35, 0, 0],
							"lerp_mode": "catmullrom"
						},
						"0.2083": {
							"post": [51.88, 0, 0],
							"lerp_mode": "catmullrom"
						},
						"0.375": {
							"post": [-7.5, 0, 0],
							"lerp_mode": "catmullrom"
						},
						"0.4583": {
							"post": [15.28, 0, 0],
							"lerp_mode": "catmullrom"
						},
						"0.5833": {
							"post": [-6.67, 0, 0],
							"lerp_mode": "catmullrom"
						},
						"0.75": {
							"post": [52.5, 0, 0],
							"lerp_mode": "catmullrom"
						}
					}
				},
				"legRight": {
					"rotation": {
						"0.0": {
							"post": [-52.5, 0, 0],
							"lerp_mode": "catmullrom"
						},
						"0.375": {
							"post": [35, 0, 0],
							"lerp_mode": "catmullrom"
						},
						"0.5833": {
							"post": [-18.75, 0, 0],
							"lerp_mode": "catmullrom"
						},
						"0.75": {
							"post": [-52.5, 0, 0],
							"lerp_mode": "catmullrom"
						}
					},
					"position": {
						"0.0": {
							"post": [0, -0.84, 0],
							"lerp_mode": "catmullrom"
						},
						"0.0417": {
							"post": [0, -1, 0],
							"lerp_mode": "catmullrom"
						},
						"0.3333": {
							"post": [0, -0.36, 0],
							"lerp_mode": "catmullrom"
						},
						"0.6667": {
							"post": [0, -1, 0],
							"lerp_mode": "catmullrom"
						},
						"0.75": {
							"post": [0, -0.84, 0],
							"lerp_mode": "catmullrom"
						}
					}
				},
				"LegrightBone1": {
					"rotation": {
						"0.0": {
							"post": [93.33, 0, 0],
							"lerp_mode": "catmullrom"
						},
						"0.0417": {
							"post": [70, 0, 0],
							"lerp_mode": "catmullrom"
						},
						"0.1667": {
							"post": [21, 0, 0],
							"lerp_mode": "catmullrom"
						},
						"0.3333": {
							"post": [0, 0, 0],
							"lerp_mode": "catmullrom"
						},
						"0.5417": {
							"post": [85, 0, 0],
							"lerp_mode": "catmullrom"
						},
						"0.7083": {
							"post": [105, 0, 0],
							"lerp_mode": "catmullrom"
						},
						"0.75": {
							"post": [93.33, 0, 0],
							"lerp_mode": "catmullrom"
						}
					}
				},
				"LegrightBone2": {
					"rotation": {
						"0.0": {
							"post": [-93.47, 0, 0],
							"lerp_mode": "catmullrom"
						},
						"0.0417": {
							"post": [-75.42, 0, 0],
							"lerp_mode": "catmullrom"
						},
						"0.1667": {
							"post": [-18.75, 0, 0],
							"lerp_mode": "catmullrom"
						},
						"0.3333": {
							"post": [0, 0, 0],
							"lerp_mode": "catmullrom"
						},
						"0.5417": {
							"post": [-91.25, 0, 0],
							"lerp_mode": "catmullrom"
						},
						"0.7083": {
							"post": [-102.5, 0, 0],
							"lerp_mode": "catmullrom"
						},
						"0.75": {
							"post": [-93.47, 0, 0],
							"lerp_mode": "catmullrom"
						}
					}
				},
				"LegrightBone3": {
					"rotation": {
						"0.0": {
							"post": [27.5, 0, 0],
							"lerp_mode": "catmullrom"
						},
						"0.375": {
							"post": [5, 0, 0],
							"lerp_mode": "catmullrom"
						},
						"0.75": {
							"post": [27.5, 0, 0],
							"lerp_mode": "catmullrom"
						}
					}
				},
				"tail": {
					"rotation": {
						"0.0": {
							"post": [0.82764, -11.82676, 4.07609],
							"lerp_mode": "catmullrom"
						},
						"0.0833": {
							"post": [-5.33761, -9.05478, 4.26175],
							"lerp_mode": "catmullrom"
						},
						"0.2917": {
							"post": [7.45376, 4.88119, -1.08482],
							"lerp_mode": "catmullrom"
						},
						"0.375": {
							"post": [0.82764, 11.82676, -4.07609],
							"lerp_mode": "catmullrom"
						},
						"0.4583": {
							"post": [-5.08377, 4.53051, -2.11751],
							"lerp_mode": "catmullrom"
						},
						"0.6667": {
							"post": [7.45376, -4.88119, 1.08482],
							"lerp_mode": "catmullrom"
						},
						"0.75": {
							"post": [0.82764, -11.82676, 4.07609],
							"lerp_mode": "catmullrom"
						}
					}
				},
				"tail1": {
					"rotation": {
						"0.0": {
							"post": [5.25, -7.2, 2.08],
							"lerp_mode": "catmullrom"
						},
						"0.0833": {
							"post": [0.82764, -11.82676, 4.07609],
							"lerp_mode": "catmullrom"
						},
						"0.1667": {
							"post": [-5.33761, -9.05478, 4.26175],
							"lerp_mode": "catmullrom"
						},
						"0.3333": {
							"post": [7.45376, 4.88119, -1.08482],
							"lerp_mode": "catmullrom"
						},
						"0.4583": {
							"post": [0.82764, 11.82676, -4.07609],
							"lerp_mode": "catmullrom"
						},
						"0.5417": {
							"post": [-5.08377, 4.53051, -2.11751],
							"lerp_mode": "catmullrom"
						},
						"0.7083": {
							"post": [7.45376, -4.88119, 1.08482],
							"lerp_mode": "catmullrom"
						},
						"0.75": {
							"post": [5.25, -7.2, 2.08],
							"lerp_mode": "catmullrom"
						}
					}
				},
				"tail2": {
					"rotation": {
						"0.0": {
							"post": [5.17003, 1.43622, 12.11875],
							"lerp_mode": "catmullrom"
						},
						"0.0417": {
							"post": [7.12405, -3.15282, 5.78834],
							"lerp_mode": "catmullrom"
						},
						"0.125": {
							"post": [-7.11638, -10.69574, 6.34943],
							"lerp_mode": "catmullrom"
						},
						"0.2083": {
							"post": [-5.33761, -9.05478, 4.26175],
							"lerp_mode": "catmullrom"
						},
						"0.4167": {
							"post": [6.93758, 1.40332, -10.47617],
							"lerp_mode": "catmullrom"
						},
						"0.5": {
							"post": [-7.86238, 8.38662, -10.84686],
							"lerp_mode": "catmullrom"
						},
						"0.5833": {
							"post": [-5.08377, 4.53051, -2.11751],
							"lerp_mode": "catmullrom"
						},
						"0.75": {
							"post": [5.17003, 1.43622, 12.11875],
							"lerp_mode": "catmullrom"
						}
					}
				},
				"tail3": {
					"rotation": {
						"0.0": {
							"post": [3.54318, 19.96479, 1.21116],
							"lerp_mode": "catmullrom"
						},
						"0.0833": {
							"post": [7.67995, 12.39135, 1.6575],
							"lerp_mode": "catmullrom"
						},
						"0.25": {
							"post": [-32.57673, -9.96156, 0.88045],
							"lerp_mode": "catmullrom"
						},
						"0.4583": {
							"post": [8.11003, -22.29711, -3.09472],
							"lerp_mode": "catmullrom"
						},
						"0.625": {
							"post": [-25.07673, 9.96156, -0.88045],
							"lerp_mode": "catmullrom"
						},
						"0.75": {
							"post": [3.54318, 19.96479, 1.21116],
							"lerp_mode": "catmullrom"
						}
					}
				},
				"Rightouch": {
					"scale": {
						"0.0": {
							"post": [1, 0, 1],
							"lerp_mode": "catmullrom"
						}
					}
				},
				"Leftouch": {
					"scale": {
						"0.0": {
							"post": [1, 0, 1],
							"lerp_mode": "catmullrom"
						}
					}
				}
			}
		},
		"walk": {
			"loop": true,
			"animation_length": 0.75,
			"bones": {
				"body": {
					"rotation": {
						"0.0": {
							"post": [0, 0, -2.5],
							"lerp_mode": "catmullrom"
						},
						"0.375": {
							"post": [0, 0, 2.5],
							"lerp_mode": "catmullrom"
						},
						"0.75": {
							"post": [0, 0, -2.5],
							"lerp_mode": "catmullrom"
						}
					},
					"position": {
						"0.0": {
							"post": [0, -1, 0],
							"lerp_mode": "catmullrom"
						},
						"0.25": {
							"post": [0, 0.5, 0],
							"lerp_mode": "catmullrom"
						},
						"0.375": {
							"post": [0, -1, 0],
							"lerp_mode": "catmullrom"
						},
						"0.625": {
							"post": [0, 0.5, 0],
							"lerp_mode": "catmullrom"
						},
						"0.75": {
							"post": [0, -1, 0],
							"lerp_mode": "catmullrom"
						}
					},
					"scale": {
						"0.0": {
							"post": [1, 1, 1],
							"lerp_mode": "catmullrom"
						},
						"0.75": {
							"post": [1, 1, 1],
							"lerp_mode": "catmullrom"
						}
					}
				},
				"BodyUpper": {
					"rotation": {
						"0.0": {
							"post": [0, 0, 5],
							"lerp_mode": "catmullrom"
						},
						"0.375": {
							"post": [0, 0, -5],
							"lerp_mode": "catmullrom"
						},
						"0.75": {
							"post": [0, 0, 5],
							"lerp_mode": "catmullrom"
						}
					}
				},
				"neck": {
					"rotation": {
						"0.0": {
							"post": [0, 0, 0],
							"lerp_mode": "catmullrom"
						},
						"0.2083": {
							"post": [5, 0, 0],
							"lerp_mode": "catmullrom"
						},
						"0.375": {
							"post": [0, 0, 0],
							"lerp_mode": "catmullrom"
						},
						"0.5833": {
							"post": [5, 0, 0],
							"lerp_mode": "catmullrom"
						},
						"0.75": {
							"post": [0, 0, 0],
							"lerp_mode": "catmullrom"
						}
					}
				},
				"armRight": {
					"rotation": {
						"0.0": {
							"post": [17.5, 0, 0],
							"lerp_mode": "catmullrom"
						},
						"0.2083": {
							"post": [-40, 0, 0],
							"lerp_mode": "catmullrom"
						},
						"0.375": {
							"post": [-27.5, 0, 0],
							"lerp_mode": "catmullrom"
						},
						"0.75": {
							"post": [17.5, 0, 0],
							"lerp_mode": "catmullrom"
						}
					}
				},
				"armRightlower": {
					"rotation": {
						"0.0": {
							"post": [52.5, 0, 0],
							"lerp_mode": "catmullrom"
						},
						"0.2083": {
							"post": [86.25, 0, 0],
							"lerp_mode": "catmullrom"
						},
						"0.375": {
							"post": [10, 0, 0],
							"lerp_mode": "catmullrom"
						},
						"0.6667": {
							"post": [-2.5, 0, 0],
							"lerp_mode": "catmullrom"
						},
						"0.75": {
							"post": [52.5, 0, 0],
							"lerp_mode": "catmullrom"
						}
					}
				},
				"righthandhoof": {
					"rotation": {
						"0.0": {
							"post": [30, 0, 0],
							"lerp_mode": "catmullrom"
						},
						"0.375": {
							"post": [0, 0, 0],
							"lerp_mode": "catmullrom"
						},
						"0.5833": {
							"post": [-6.67, 0, 0],
							"lerp_mode": "catmullrom"
						},
						"0.75": {
							"post": [30, 0, 0],
							"lerp_mode": "catmullrom"
						}
					}
				},
				"armLeft": {
					"rotation": {
						"0.0": {
							"post": [-27.5, 0, 0],
							"lerp_mode": "catmullrom"
						},
						"0.375": {
							"post": [17.5, 0, 0],
							"lerp_mode": "catmullrom"
						},
						"0.5833": {
							"post": [-40, 0, 0],
							"lerp_mode": "catmullrom"
						},
						"0.75": {
							"post": [-27.5, 0, 0],
							"lerp_mode": "catmullrom"
						}
					}
				},
				"armLeftlower": {
					"rotation": {
						"0.0": {
							"post": [10, 0, 0],
							"lerp_mode": "catmullrom"
						},
						"0.2917": {
							"post": [-2.5, 0, 0],
							"lerp_mode": "catmullrom"
						},
						"0.375": {
							"post": [52.5, 0, 0],
							"lerp_mode": "catmullrom"
						},
						"0.5833": {
							"post": [86.25, 0, 0],
							"lerp_mode": "catmullrom"
						},
						"0.75": {
							"post": [10, 0, 0],
							"lerp_mode": "catmullrom"
						}
					}
				},
				"lefthandhoof": {
					"rotation": {
						"0.0": {
							"post": [17.5, 0, 0],
							"lerp_mode": "catmullrom"
						},
						"0.2083": {
							"post": [-6.67, 0, 0],
							"lerp_mode": "catmullrom"
						},
						"0.375": {
							"post": [30, 0, 0],
							"lerp_mode": "catmullrom"
						},
						"0.75": {
							"post": [17.5, 0, 0],
							"lerp_mode": "catmullrom"
						}
					}
				},
				"Head": {
					"rotation": {
						"0.0": {
							"post": [0, 0, -4.04],
							"lerp_mode": "catmullrom"
						},
						"0.0833": {
							"post": [0, 0, -7.5],
							"lerp_mode": "catmullrom"
						},
						"0.4583": {
							"post": [0, 0, 7.5],
							"lerp_mode": "catmullrom"
						},
						"0.75": {
							"post": [0, 0, -4.04],
							"lerp_mode": "catmullrom"
						}
					}
				},
				"legLeft": {
					"rotation": {
						"0.0": {
							"post": [35, 0, 0],
							"lerp_mode": "catmullrom"
						},
						"0.2083": {
							"post": [-18.75, 0, 0],
							"lerp_mode": "catmullrom"
						},
						"0.375": {
							"post": [-52.5, 0, 0],
							"lerp_mode": "catmullrom"
						},
						"0.75": {
							"post": [35, 0, 0],
							"lerp_mode": "catmullrom"
						}
					},
					"position": {
						"0.0": {
							"post": [0, -0.36, 0],
							"lerp_mode": "catmullrom"
						},
						"0.1667": {
							"post": [0, 0, 0],
							"lerp_mode": "catmullrom"
						},
						"0.4583": {
							"post": [0, -1, 0],
							"lerp_mode": "catmullrom"
						},
						"0.75": {
							"post": [0, -0.36, 0],
							"lerp_mode": "catmullrom"
						}
					}
				},
				"LegleftBone1": {
					"rotation": {
						"0.0": {
							"post": [0, 0, 0],
							"lerp_mode": "catmullrom"
						},
						"0.2083": {
							"post": [85, 0, 0],
							"lerp_mode": "catmullrom"
						},
						"0.375": {
							"post": [105, 0, 0],
							"lerp_mode": "catmullrom"
						},
						"0.4583": {
							"post": [70, 0, 0],
							"lerp_mode": "catmullrom"
						},
						"0.5833": {
							"post": [21, 0, 0],
							"lerp_mode": "catmullrom"
						},
						"0.75": {
							"post": [0, 0, 0],
							"lerp_mode": "catmullrom"
						}
					}
				},
				"LegleftBone2": {
					"rotation": {
						"0.0": {
							"post": [0, 0, 0],
							"lerp_mode": "catmullrom"
						},
						"0.2083": {
							"post": [-91.25, 0, 0],
							"lerp_mode": "catmullrom"
						},
						"0.375": {
							"post": [-102.5, 0, 0],
							"lerp_mode": "catmullrom"
						},
						"0.4583": {
							"post": [-75.42, 0, 0],
							"lerp_mode": "catmullrom"
						},
						"0.5833": {
							"post": [-18.75, 0, 0],
							"lerp_mode": "catmullrom"
						},
						"0.75": {
							"post": [0, 0, 0],
							"lerp_mode": "catmullrom"
						}
					}
				},
				"LegleftBone3": {
					"rotation": {
						"0.0": {
							"post": [5, 0, 0],
							"lerp_mode": "catmullrom"
						},
						"0.375": {
							"post": [27.5, 0, 0],
							"lerp_mode": "catmullrom"
						},
						"0.75": {
							"post": [0, 0, 0],
							"lerp_mode": "catmullrom"
						}
					}
				},
				"Leglefthoof": {
					"rotation": {
						"0.0": {
							"post": [35, 0, 0],
							"lerp_mode": "catmullrom"
						},
						"0.2083": {
							"post": [51.88, 0, 0],
							"lerp_mode": "catmullrom"
						},
						"0.375": {
							"post": [-7.5, 0, 0],
							"lerp_mode": "catmullrom"
						},
						"0.4583": {
							"post": [15.28, 0, 0],
							"lerp_mode": "catmullrom"
						},
						"0.5833": {
							"post": [-6.67, 0, 0],
							"lerp_mode": "catmullrom"
						},
						"0.75": {
							"post": [52.5, 0, 0],
							"lerp_mode": "catmullrom"
						}
					}
				},
				"legRight": {
					"rotation": {
						"0.0": {
							"post": [-52.5, 0, 0],
							"lerp_mode": "catmullrom"
						},
						"0.375": {
							"post": [35, 0, 0],
							"lerp_mode": "catmullrom"
						},
						"0.5833": {
							"post": [-18.75, 0, 0],
							"lerp_mode": "catmullrom"
						},
						"0.75": {
							"post": [-52.5, 0, 0],
							"lerp_mode": "catmullrom"
						}
					},
					"position": {
						"0.0": {
							"post": [0, -0.84, 0],
							"lerp_mode": "catmullrom"
						},
						"0.0417": {
							"post": [0, -1, 0],
							"lerp_mode": "catmullrom"
						},
						"0.3333": {
							"post": [0, -0.36, 0],
							"lerp_mode": "catmullrom"
						},
						"0.6667": {
							"post": [0, -1, 0],
							"lerp_mode": "catmullrom"
						},
						"0.75": {
							"post": [0, -0.84, 0],
							"lerp_mode": "catmullrom"
						}
					}
				},
				"LegrightBone1": {
					"rotation": {
						"0.0": {
							"post": [93.33, 0, 0],
							"lerp_mode": "catmullrom"
						},
						"0.0417": {
							"post": [70, 0, 0],
							"lerp_mode": "catmullrom"
						},
						"0.1667": {
							"post": [21, 0, 0],
							"lerp_mode": "catmullrom"
						},
						"0.3333": {
							"post": [0, 0, 0],
							"lerp_mode": "catmullrom"
						},
						"0.5417": {
							"post": [85, 0, 0],
							"lerp_mode": "catmullrom"
						},
						"0.7083": {
							"post": [105, 0, 0],
							"lerp_mode": "catmullrom"
						},
						"0.75": {
							"post": [93.33, 0, 0],
							"lerp_mode": "catmullrom"
						}
					}
				},
				"LegrightBone2": {
					"rotation": {
						"0.0": {
							"post": [-93.47, 0, 0],
							"lerp_mode": "catmullrom"
						},
						"0.0417": {
							"post": [-75.42, 0, 0],
							"lerp_mode": "catmullrom"
						},
						"0.1667": {
							"post": [-18.75, 0, 0],
							"lerp_mode": "catmullrom"
						},
						"0.3333": {
							"post": [0, 0, 0],
							"lerp_mode": "catmullrom"
						},
						"0.5417": {
							"post": [-91.25, 0, 0],
							"lerp_mode": "catmullrom"
						},
						"0.7083": {
							"post": [-102.5, 0, 0],
							"lerp_mode": "catmullrom"
						},
						"0.75": {
							"post": [-93.47, 0, 0],
							"lerp_mode": "catmullrom"
						}
					}
				},
				"LegrightBone3": {
					"rotation": {
						"0.0": {
							"post": [27.5, 0, 0],
							"lerp_mode": "catmullrom"
						},
						"0.375": {
							"post": [5, 0, 0],
							"lerp_mode": "catmullrom"
						},
						"0.75": {
							"post": [27.5, 0, 0],
							"lerp_mode": "catmullrom"
						}
					}
				},
				"tail": {
					"rotation": {
						"0.0": {
							"post": [0.82764, -11.82676, 4.07609],
							"lerp_mode": "catmullrom"
						},
						"0.0833": {
							"post": [-5.33761, -9.05478, 4.26175],
							"lerp_mode": "catmullrom"
						},
						"0.2917": {
							"post": [7.45376, 4.88119, -1.08482],
							"lerp_mode": "catmullrom"
						},
						"0.375": {
							"post": [0.82764, 11.82676, -4.07609],
							"lerp_mode": "catmullrom"
						},
						"0.4583": {
							"post": [-5.08377, 4.53051, -2.11751],
							"lerp_mode": "catmullrom"
						},
						"0.6667": {
							"post": [7.45376, -4.88119, 1.08482],
							"lerp_mode": "catmullrom"
						},
						"0.75": {
							"post": [0.82764, -11.82676, 4.07609],
							"lerp_mode": "catmullrom"
						}
					}
				},
				"tail1": {
					"rotation": {
						"0.0": {
							"post": [5.25, -7.2, 2.08],
							"lerp_mode": "catmullrom"
						},
						"0.0833": {
							"post": [0.82764, -11.82676, 4.07609],
							"lerp_mode": "catmullrom"
						},
						"0.1667": {
							"post": [-5.33761, -9.05478, 4.26175],
							"lerp_mode": "catmullrom"
						},
						"0.3333": {
							"post": [7.45376, 4.88119, -1.08482],
							"lerp_mode": "catmullrom"
						},
						"0.4583": {
							"post": [0.82764, 11.82676, -4.07609],
							"lerp_mode": "catmullrom"
						},
						"0.5417": {
							"post": [-5.08377, 4.53051, -2.11751],
							"lerp_mode": "catmullrom"
						},
						"0.7083": {
							"post": [7.45376, -4.88119, 1.08482],
							"lerp_mode": "catmullrom"
						},
						"0.75": {
							"post": [5.25, -7.2, 2.08],
							"lerp_mode": "catmullrom"
						}
					}
				},
				"tail2": {
					"rotation": {
						"0.0": {
							"post": [5.17003, 1.43622, 12.11875],
							"lerp_mode": "catmullrom"
						},
						"0.0417": {
							"post": [7.12405, -3.15282, 5.78834],
							"lerp_mode": "catmullrom"
						},
						"0.125": {
							"post": [-7.11638, -10.69574, 6.34943],
							"lerp_mode": "catmullrom"
						},
						"0.2083": {
							"post": [-5.33761, -9.05478, 4.26175],
							"lerp_mode": "catmullrom"
						},
						"0.4167": {
							"post": [6.93758, 1.40332, -10.47617],
							"lerp_mode": "catmullrom"
						},
						"0.5": {
							"post": [-7.86238, 8.38662, -10.84686],
							"lerp_mode": "catmullrom"
						},
						"0.5833": {
							"post": [-5.08377, 4.53051, -2.11751],
							"lerp_mode": "catmullrom"
						},
						"0.75": {
							"post": [5.17003, 1.43622, 12.11875],
							"lerp_mode": "catmullrom"
						}
					}
				},
				"Rightouch": {
					"scale": {
						"0.0": {
							"post": [1, 0, 1],
							"lerp_mode": "catmullrom"
						}
					}
				},
				"Leftouch": {
					"scale": {
						"0.0": {
							"post": [1, 0, 1],
							"lerp_mode": "catmullrom"
						}
					}
				}
			}
		},
		"sleep": {
			"loop": true,
			"bones": {
				"body": {
					"rotation": [-92.5, -90, 0],
					"position": [-3, -3, -4]
				},
				"BodyUpper": {
					"rotation": [24.66569, 4.20854, -9.07947]
				},
				"neck": {
					"rotation": [62.13918, 8.86042, -4.65468]
				},
				"Head": {
					"rotation": [13.2593, 21.66818, -5.26519]
				},
				"Leftopen": {
					"scale": [1, 0, 1]
				},
				"Leftclose": {
					"scale": 1
				},
				"eyeRight": {
					"scale": 1
				},
				"Rightopen": {
					"scale": [1, 0, 1]
				},
				"Rightclose": {
					"scale": 1
				},
				"armRight": {
					"rotation": [10, 0, -25]
				},
				"armRightlower": {
					"rotation": [-60, 0, 0]
				},
				"bone": {
					"rotation": [27.5, 0, 0]
				},
				"armLeft": {
					"rotation": [39.02504, -9.57658, 11.59948]
				},
				"armLeftlower": {
					"rotation": [-72.5, 0, 0]
				},
				"legLeft": {
					"rotation": [45, 0, 0]
				},
				"LegleftBone1": {
					"rotation": [35, 0, 0]
				},
				"LegleftBone2": {
					"rotation": [-50, 0, 0]
				},
				"LegleftBone3": {
					"rotation": [25, 0, 0]
				},
				"Leglefthoof": {
					"rotation": [35, 0, 0]
				},
				"legRight": {
					"rotation": [21.97262, 24.82343, -11.43072]
				},
				"LegrightBone1": {
					"rotation": [45, 0, 0]
				},
				"LegrightBone2": {
					"rotation": [-55, 0, 0]
				},
				"LegrightBone3": {
					"rotation": [30, 0, 0]
				},
				"Legrighthoof4": {
					"rotation": [15, 0, 0]
				},
				"tail": {
					"rotation": [37.39621, 14.42052, 23.4066]
				},
				"tail1": {
					"rotation": [60.44484, 42.74723, 50.03608]
				},
				"tail2": {
					"rotation": [87.27358, -0.69471, 3.16243]
				},
				"tail3": {
					"rotation": [0, -62.5, 0]
				},
				"Rightouch": {
					"scale": [1, 0, 1]
				},
				"Leftouch": {
					"scale": [1, 0, 1]
				}
			}
		},
		"swim_stand": {
			"loop": true,
			"animation_length": 1.25,
			"bones": {
				"body": {
					"position": {
						"0.0": {
							"post": [0, -3.75, 0],
							"lerp_mode": "catmullrom"
						},
						"0.625": {
							"post": [0, -4.25, 0],
							"lerp_mode": "catmullrom"
						},
						"1.25": {
							"post": [0, -3.75, 0],
							"lerp_mode": "catmullrom"
						}
					}
				},
				"armRight": {
					"rotation": {
						"0.0": {
							"post": [26.69458, 6.86379, -13.36965],
							"lerp_mode": "catmullrom"
						},
						"0.25": {
							"post": [-49.15271, 3.43189, -6.68482],
							"lerp_mode": "catmullrom"
						},
						"0.625": {
							"post": [-5, 0, 0],
							"lerp_mode": "catmullrom"
						},
						"0.7083": {
							"post": [7.5, 0, 0],
							"lerp_mode": "catmullrom"
						},
						"0.9167": {
							"post": [48.34729, 3.43189, -6.68482],
							"lerp_mode": "catmullrom"
						},
						"1.25": {
							"post": [26.69458, 6.86379, -13.36965],
							"lerp_mode": "catmullrom"
						}
					},
					"position": {
						"0.0": {
							"post": [-0.5, 1, -1],
							"lerp_mode": "catmullrom"
						},
						"0.625": {
							"post": [0, 0, 0],
							"lerp_mode": "catmullrom"
						},
						"0.7083": {
							"post": [0, 0, 0],
							"lerp_mode": "catmullrom"
						},
						"1.25": {
							"post": [-0.5, 1, -1],
							"lerp_mode": "catmullrom"
						}
					}
				},
				"armRightlower": {
					"rotation": {
						"0.0": {
							"post": [-125, 0, 0],
							"lerp_mode": "catmullrom"
						},
						"0.25": {
							"post": [-6.25, 0, 0],
							"lerp_mode": "catmullrom"
						},
						"0.625": {
							"post": [22.5, 0, 0],
							"lerp_mode": "catmullrom"
						},
						"0.7083": {
							"post": [22.5, 0, 0],
							"lerp_mode": "catmullrom"
						},
						"0.9167": {
							"post": [-81.25, 0, 0],
							"lerp_mode": "catmullrom"
						},
						"1.25": {
							"post": [-125, 0, 0],
							"lerp_mode": "catmullrom"
						}
					}
				},
				"righthandhoof": {
					"rotation": {
						"0.0": {
							"post": [77.5, 0, 0],
							"lerp_mode": "catmullrom"
						},
						"0.2917": {
							"post": [2.5, 0, 0],
							"lerp_mode": "catmullrom"
						},
						"0.625": {
							"post": [54.17, 0, 0],
							"lerp_mode": "catmullrom"
						},
						"1.25": {
							"post": [77.5, 0, 0],
							"lerp_mode": "catmullrom"
						}
					}
				},
				"armLeft": {
					"rotation": {
						"0.0": {
							"post": [-5, 0, 0],
							"lerp_mode": "catmullrom"
						},
						"0.0417": {
							"post": [7.5, 0, 0],
							"lerp_mode": "catmullrom"
						},
						"0.25": {
							"post": [48.34729, -3.43189, 6.68482],
							"lerp_mode": "catmullrom"
						},
						"0.5833": {
							"post": [26.69458, -6.86379, 13.36965],
							"lerp_mode": "catmullrom"
						},
						"0.625": {
							"post": [26.69458, -6.86379, 13.36965],
							"lerp_mode": "catmullrom"
						},
						"0.875": {
							"post": [-49.15271, -3.43189, 6.68482],
							"lerp_mode": "catmullrom"
						},
						"1.25": {
							"post": [-5, 0, 0],
							"lerp_mode": "catmullrom"
						}
					},
					"position": {
						"0.0": {
							"post": [0, 0, 0],
							"lerp_mode": "catmullrom"
						},
						"0.0417": {
							"post": [0, 0, 0],
							"lerp_mode": "catmullrom"
						},
						"0.5833": {
							"post": [0.5, 1, -1],
							"lerp_mode": "catmullrom"
						},
						"0.625": {
							"post": [0.5, 1, -1],
							"lerp_mode": "catmullrom"
						},
						"1.25": {
							"post": [0, 0, 0],
							"lerp_mode": "catmullrom"
						}
					}
				},
				"armLeftlower": {
					"rotation": {
						"0.0": {
							"post": [22.5, 0, 0],
							"lerp_mode": "catmullrom"
						},
						"0.0417": {
							"post": [22.5, 0, 0],
							"lerp_mode": "catmullrom"
						},
						"0.25": {
							"post": [-81.25, 0, 0],
							"lerp_mode": "catmullrom"
						},
						"0.5833": {
							"post": [-125, 0, 0],
							"lerp_mode": "catmullrom"
						},
						"0.625": {
							"post": [-125, 0, 0],
							"lerp_mode": "catmullrom"
						},
						"0.875": {
							"post": [-6.25, 0, 0],
							"lerp_mode": "catmullrom"
						},
						"1.25": {
							"post": [22.5, 0, 0],
							"lerp_mode": "catmullrom"
						}
					}
				},
				"lefthandhoof": {
					"rotation": {
						"0.0": {
							"post": [54.17, 0, 0],
							"lerp_mode": "catmullrom"
						},
						"0.625": {
							"post": [77.5, 0, 0],
							"lerp_mode": "catmullrom"
						},
						"0.9167": {
							"post": [2.5, 0, 0],
							"lerp_mode": "catmullrom"
						},
						"1.25": {
							"post": [54.17, 0, 0],
							"lerp_mode": "catmullrom"
						}
					}
				},
				"legLeft": {
					"rotation": {
						"0.0": {
							"post": [-56.77923, -8.39114, -5.45915],
							"lerp_mode": "catmullrom"
						},
						"0.25": {
							"post": [3.73577, 0.3266, -4.98935],
							"lerp_mode": "catmullrom"
						},
						"0.5833": {
							"post": [-36.63399, -4.49177, -6.01233],
							"lerp_mode": "catmullrom"
						},
						"0.875": {
							"post": [-82.47168, -4.95712, -0.65426],
							"lerp_mode": "catmullrom"
						},
						"1.2083": {
							"post": [-69.29787, -4.67864, -1.76559],
							"lerp_mode": "catmullrom"
						},
						"1.25": {
							"post": [-56.77923, -8.39114, -5.45915],
							"lerp_mode": "catmullrom"
						}
					}
				},
				"LegleftBone1": {
					"rotation": {
						"0.0": {
							"post": [4.38, 0, 0],
							"lerp_mode": "catmullrom"
						},
						"0.25": {
							"post": [-22.5, 0, 0],
							"lerp_mode": "catmullrom"
						},
						"0.5833": {
							"post": [91.25, 0, 0],
							"lerp_mode": "catmullrom"
						},
						"0.875": {
							"post": [125, 0, 0],
							"lerp_mode": "catmullrom"
						},
						"1.25": {
							"post": [4.38, 0, 0],
							"lerp_mode": "catmullrom"
						}
					}
				},
				"LegleftBone2": {
					"rotation": {
						"0.0": {
							"post": [-20.63, 0, 0],
							"lerp_mode": "catmullrom"
						},
						"0.25": {
							"post": [27.5, 0, 0],
							"lerp_mode": "catmullrom"
						},
						"0.5833": {
							"post": [-88.75, 0, 0],
							"lerp_mode": "catmullrom"
						},
						"0.875": {
							"post": [-130, 0, 0],
							"lerp_mode": "catmullrom"
						},
						"1.25": {
							"post": [-20.63, 0, 0],
							"lerp_mode": "catmullrom"
						}
					}
				},
				"LegleftBone3": {
					"rotation": {
						"0.0": {
							"post": [26.11, 0, 0],
							"lerp_mode": "catmullrom"
						},
						"0.25": {
							"post": [27.5, 0, 0],
							"lerp_mode": "catmullrom"
						},
						"0.5833": {
							"post": [22.5, 0, 0],
							"lerp_mode": "catmullrom"
						},
						"1.25": {
							"post": [26.11, 0, 0],
							"lerp_mode": "catmullrom"
						}
					}
				},
				"Leglefthoof": {
					"rotation": {
						"0.0": {
							"post": [32.5, 0, 0],
							"lerp_mode": "catmullrom"
						},
						"0.2917": {
							"post": [50, 0, 0],
							"lerp_mode": "catmullrom"
						},
						"0.9167": {
							"post": [12.5, 0, 0],
							"lerp_mode": "catmullrom"
						},
						"1.25": {
							"post": [32.5, 0, 0],
							"lerp_mode": "catmullrom"
						}
					}
				},
				"legRight": {
					"rotation": {
						"0.0": {
							"post": [-36.63399, 4.49177, 6.01233],
							"lerp_mode": "catmullrom"
						},
						"0.25": {
							"post": [-82.47168, 4.95712, 0.65426],
							"lerp_mode": "catmullrom"
						},
						"0.625": {
							"post": [-56.77923, 8.39114, 5.45915],
							"lerp_mode": "catmullrom"
						},
						"0.875": {
							"post": [3.73577, -0.3266, 4.98935],
							"lerp_mode": "catmullrom"
						},
						"1.2083": {
							"post": [-36.63399, 4.49177, 6.01233],
							"lerp_mode": "catmullrom"
						}
					}
				},
				"LegrightBone1": {
					"rotation": {
						"0.0": {
							"post": [91.25, 0, 0],
							"lerp_mode": "catmullrom"
						},
						"0.25": {
							"post": [125, 0, 0],
							"lerp_mode": "catmullrom"
						},
						"0.5833": {
							"post": [33.75, 0, 0],
							"lerp_mode": "catmullrom"
						},
						"0.625": {
							"post": [4.38, 0, 0],
							"lerp_mode": "catmullrom"
						},
						"0.875": {
							"post": [-22.5, 0, 0],
							"lerp_mode": "catmullrom"
						},
						"1.2083": {
							"post": [91.25, 0, 0],
							"lerp_mode": "catmullrom"
						}
					}
				},
				"LegrightBone2": {
					"rotation": {
						"0.0": {
							"post": [-88.75, 0, 0],
							"lerp_mode": "catmullrom"
						},
						"0.25": {
							"post": [-130, 0, 0],
							"lerp_mode": "catmullrom"
						},
						"0.625": {
							"post": [-20.63, 0, 0],
							"lerp_mode": "catmullrom"
						},
						"0.875": {
							"post": [27.5, 0, 0],
							"lerp_mode": "catmullrom"
						},
						"1.2083": {
							"post": [-88.75, 0, 0],
							"lerp_mode": "catmullrom"
						}
					}
				},
				"LegrightBone3": {
					"rotation": {
						"0.0": {
							"post": [22.5, 0, 0],
							"lerp_mode": "catmullrom"
						},
						"0.625": {
							"post": [26.11, 0, 0],
							"lerp_mode": "catmullrom"
						},
						"0.875": {
							"post": [27.5, 0, 0],
							"lerp_mode": "catmullrom"
						},
						"1.2083": {
							"post": [22.5, 0, 0],
							"lerp_mode": "catmullrom"
						}
					}
				},
				"Legrighthoof4": {
					"rotation": {
						"0.0": {
							"post": [77.5, 0, 0],
							"lerp_mode": "catmullrom"
						},
						"0.2917": {
							"post": [2.5, 0, 0],
							"lerp_mode": "catmullrom"
						},
						"0.625": {
							"post": [54.17, 0, 0],
							"lerp_mode": "catmullrom"
						}
					}
				},
				"tail1": {
					"rotation": {
						"0.0": {
							"post": [-16.4, 0, 0],
							"lerp_mode": "catmullrom"
						},
						"0.25": {
							"post": [-18, 0, 0],
							"lerp_mode": "catmullrom"
						},
						"0.875": {
							"post": [-14, 0, 0],
							"lerp_mode": "catmullrom"
						},
						"1.25": {
							"post": [-16.4, 0, 0],
							"lerp_mode": "catmullrom"
						}
					}
				},
				"tail2": {
					"rotation": {
						"0.0": {
							"post": [46.92998, 3.64565, -70.03144],
							"lerp_mode": "catmullrom"
						},
						"0.625": {
							"post": [46.78967, -8.395, -66.66481],
							"lerp_mode": "catmullrom"
						},
						"1.25": {
							"post": [46.92998, 3.64565, -70.03144],
							"lerp_mode": "catmullrom"
						}
					}
				},
				"tail3": {
					"rotation": {
						"0.0": {
							"post": [0, 34.64, 0],
							"lerp_mode": "catmullrom"
						},
						"0.25": {
							"post": [0, 42.5, 0],
							"lerp_mode": "catmullrom"
						},
						"0.8333": {
							"post": [0, 15, 0],
							"lerp_mode": "catmullrom"
						},
						"1.25": {
							"post": [0, 34.64, 0],
							"lerp_mode": "catmullrom"
						}
					}
				}
			}
		},
		"attacked": {
			"loop": true,
			"bones": {
				"Leftopen": {
					"scale": [1, 0, 1]
				},
				"Leftclose": {
					"scale": [1, 0, 1]
				},
				"Rightopen": {
					"scale": [1, 0, 1]
				},
				"Rightclose": {
					"scale": [1, 0, 1]
				},
				"Rightouch": {
					"scale": 1
				},
				"Leftouch": {
					"scale": 1
				}
			}
		},
		"pre_parallel0": {
			"animation_length": 3,
			"bones": {
				"Leftopen": {
					"scale": {
						"0.0": [1, 1, 1],
						"0.5": [1, 1, 1],
						"0.5417": [1, 0, 1],
						"0.625": [1, 0, 1],
						"0.6667": [1, 1, 1]
					}
				},
				"Leftclose": {
					"scale": {
						"0.0": [1, 0, 1],
						"0.5": [1, 0, 1],
						"0.5417": [1, 1, 1],
						"0.625": [1, 1, 1],
						"0.6667": [1, 0, 1]
					}
				},
				"Rightopen": {
					"scale": {
						"0.0": [1, 1, 1],
						"0.5": [1, 1, 1],
						"0.5417": [1, 0, 1],
						"0.625": [1, 0, 1],
						"0.6667": [1, 1, 1]
					}
				},
				"Rightclose": {
					"scale": {
						"0.0": [1, 0, 1],
						"0.5": [1, 0, 1],
						"0.5417": [1, 1, 1],
						"0.625": [1, 1, 1],
						"0.6667": [1, 0, 1]
					}
				},
				"Rightouch": {
					"scale": [1, 0, 1]
				},
				"Leftouch": {
					"scale": [1, 0, 1]
				}
			}
		},
		"pre_parallel2": {
			"animation_length": 10,
			"bones": {
				"neck": {
					"rotation": {
						"0.0": [0, 0, 0],
						"0.4583": [0, -10, 0],
						"2.4167": [0, -10, 0],
						"2.8333": [-2.81797, 27.47162, -1.30078],
						"4.625": [-2.81797, 27.47162, -1.30078],
						"4.9583": [0, 0, 0]
					}
				},
				"Head": {
					"rotation": {
						"0.0": [2.5, 0, 0],
						"0.0417": [0.984, -1.00809, 0.19383],
						"0.0833": [-0.28874, -4.65759, 0.72337],
						"0.125": [-1.18216, -11.20486, 1.5329],
						"0.1667": [-1.74453, -17.75213, 2.58775],
						"0.2083": [-2.0261, -21.40163, 3.87202],
						"0.25": [-2.06754, -22.40972, 5.40961],
						"0.2917": [-2.08323, -22.51887, 7.53342],
						"0.3333": [-2.31227, -23.01812, 9.07254],
						"0.375": [-2.86449, -23.98636, 10.14984],
						"0.4167": [-3.86978, -24.48562, 10.79386],
						"0.4583": [-4.62934, -24.59477, 11.00966],
						"1.0": [-4.62934, -24.59477, 11.00966],
						"1.5417": [-4.62934, -24.59477, 11.00966],
						"2.0833": [-4.62934, -24.59477, 11.00966],
						"2.4167": [-4.62934, -24.59477, 11.00966],
						"2.4583": [1.32842, -23.61282, 10.52482],
						"2.5": [3.50967, -17.31952, 8.96098],
						"2.5417": [4.41097, -11.02622, 6.0599],
						"2.5833": [4.69059, -10.04427, 1.09772],
						"2.625": [4.63039, -8.62117, -0.59403],
						"2.6667": [4.30297, -3.90619, -2.052],
						"2.7083": [3.64192, 3.70819, -3.28668],
						"2.75": [2.54991, 11.32256, -4.26818],
						"2.7917": [0.89571, 16.03755, -4.93878],
						"2.8333": [-0.90906, 17.46065, -5.1972],
						"3.375": [-0.90906, 17.46065, -5.1972],
						"3.9167": [-0.90906, 17.46065, -5.1972],
						"4.4583": [-0.90906, 17.46065, -5.1972],
						"4.625": [-0.90906, 17.46065, -5.1972],
						"4.6667": [-0.43645, 16.58507, -4.93658],
						"4.7083": [0.10893, 14.5054, -4.31756],
						"4.75": [0.65375, 11.76619, -3.50223],
						"4.8333": [1.68911, 5.69446, -1.69497],
						"4.875": [2.14931, 2.95525, -0.87964],
						"4.9167": [2.52122, 0.87558, -0.26062],
						"4.9583": [2.5, 0, 0]
					}
				}
			}
		},
		"pre_parallel3": {
			"animation_length": 5,
			"bones": {
				"earRight": {
					"rotation": {
						"0.0": [0, 0, 0],
						"1.5417": [0, 0, 0],
						"1.625": [37.24267, -30.59779, -83.81602],
						"1.7083": [0, 0, 0],
						"1.7917": [37.24267, -30.59779, -83.81602],
						"1.875": [0, 0, 0]
					}
				},
				"earLeft": {
					"rotation": {
						"3.0": [0, 0, 0],
						"3.0833": [-18.98558, 53.44638, 14.24782],
						"3.1667": [0, 0, 0]
					}
				}
			}
		},
		"pre_parallel4": {
			"animation_length": 5,
			"bones": {
				"earRight": {
					"rotation": [0, 0, 0]
				},
				"shieldmagicR": {
					"scale": 0
				},
				"hornmagic": {
					"scale": 0
				},
				"shieldmagicL": {
					"scale": 0
				},
				"itemmagicR": {
					"scale": 0
				}
			}
		},
		"pre_parallel5": {
			"animation_length": 0.0417,
			"bones": {
				"LeftWaistLocator": {
					"scale": 0.65
				},
				"RightWaistLocator": {
					"scale": 0.65
				}
			}
		},
		"sit": {
			"animation_length": 3.0417,
			"bones": {
				"body": {
					"rotation": [-65, 0, 0],
					"position": [0, -7, 0]
				},
				"BodyUpper": {
					"rotation": {
						"0.0": [-10, 0, 0],
						"1.5": [-10.5, 0, 0],
						"2.9583": [-10, 0, 0]
					}
				},
				"neck": {
					"rotation": [80, 0, 0],
					"position": [0, -0.5, 0]
				},
				"armRight": {
					"rotation": [74.9453, 4.82922, -1.29717],
					"position": [0, 0, -1]
				},
				"armLeft": {
					"rotation": [74.9453, -4.82922, 1.29717],
					"position": [0, 0, -1]
				},
				"legLeft": {
					"rotation": [10.03793, -0.43399, -9.99067]
				},
				"LegleftBone1": {
					"rotation": [77.5, 0, 0]
				},
				"LegleftBone2": {
					"rotation": [-143.43866, -12.2403, 8.73739]
				},
				"LegleftBone3": {
					"rotation": [30, 0, 0]
				},
				"Leglefthoof": {
					"rotation": [60, 0, 0]
				},
				"legRight": {
					"rotation": [22.19157, -3.81024, 9.25249]
				},
				"LegrightBone1": {
					"rotation": [79.00203, 22.74008, 28.74861]
				},
				"LegrightBone2": {
					"rotation": [-148.17815, -9.54385, 8.11019]
				},
				"LegrightBone3": {
					"rotation": [27.5, 0, 0]
				},
				"Legrighthoof4": {
					"rotation": [72.5, 0, 0]
				},
				"tail": {
					"rotation": [-7.19639, -23.21202, 20.46904]
				},
				"tail1": {
					"rotation": [-16.45782, -29.921, 25.00297]
				},
				"tail2": {
					"rotation": [14.03231, -17.49616, -0.66326]
				},
				"breatheblock": {
					"position": {
						"0.0": [0, 0, 0],
						"1.5": [0, -0.05, -0.1],
						"3.0417": [0, 0, 0]
					},
					"scale": {
						"0.0": [1, 1, 1],
						"1.5": [1, 1.05, 1.05],
						"3.0417": [1, 1, 1]
					}
				}
			}
		},
		"chair": {
			"animation_length": 3.0417,
			"bones": {
				"DownBody": {
					"rotation": [-65, 0, 0],
					"position": [0, -7, 0]
				},
				"BodyUpper": {
					"rotation": {
						"0.0": [-10, 0, 0],
						"1.5": [-10.5, 0, 0],
						"2.9583": [-10, 0, 0]
					}
				},
				"neck": {
					"rotation": [80, 0, 0],
					"position": [0, -0.5, 0]
				},
				"armRight": {
					"rotation": [74.9453, 4.82922, -1.29717],
					"position": [0, 0, -1]
				},
				"armLeft": {
					"rotation": [74.9453, -4.82922, 1.29717],
					"position": [0, 0, -1]
				},
				"legLeft": {
					"rotation": [10.03793, -0.43399, -9.99067]
				},
				"LegleftBone1": {
					"rotation": [77.5, 0, 0]
				},
				"LegleftBone2": {
					"rotation": [-143.43866, -12.2403, 8.73739]
				},
				"LegleftBone3": {
					"rotation": [30, 0, 0]
				},
				"Leglefthoof": {
					"rotation": [60, 0, 0]
				},
				"legRight": {
					"rotation": [22.19157, -3.81024, 9.25249]
				},
				"LegrightBone1": {
					"rotation": [79.00203, 22.74008, 28.74861]
				},
				"LegrightBone2": {
					"rotation": [-148.17815, -9.54385, 8.11019]
				},
				"LegrightBone3": {
					"rotation": [27.5, 0, 0]
				},
				"Legrighthoof4": {
					"rotation": [72.5, 0, 0]
				},
				"tail": {
					"rotation": [-7.19639, -23.21202, 20.46904]
				},
				"tail1": {
					"rotation": [-16.45782, -29.921, 25.00297]
				},
				"tail2": {
					"rotation": [14.03231, -17.49616, -0.66326]
				},
				"breatheblock": {
					"position": {
						"0.0": [0, 0, 0],
						"1.5": [0, -0.05, -0.1],
						"3.0417": [0, 0, 0]
					},
					"scale": {
						"0.0": [1, 1, 1],
						"1.5": [1, 1.05, 1.05],
						"3.0417": [1, 1, 1]
					}
				},
				"tail3": {
					"rotation": [-37.5, 0, 0]
				},
				"body": {
					"rotation": [-65, 0, 0],
					"position": [0, -7, 0]
				}
			}
		},
		"boat": {
			"animation_length": 3.0417,
			"bones": {
				"DownBody": {
					"rotation": [-65, 0, 0],
					"position": [0, -7, 0]
				},
				"BodyUpper": {
					"rotation": {
						"0.0": [-10, 0, 0],
						"1.5": [-10.5, 0, 0],
						"2.9583": [-10, 0, 0]
					}
				},
				"neck": {
					"rotation": [80, 0, 0],
					"position": [0, -0.5, 0]
				},
				"armRight": {
					"rotation": [74.9453, 4.82922, -1.29717],
					"position": [0, 0, -1]
				},
				"armLeft": {
					"rotation": [74.9453, -4.82922, 1.29717],
					"position": [0, 0, -1]
				},
				"legLeft": {
					"rotation": [10.03793, -0.43399, -9.99067]
				},
				"LegleftBone1": {
					"rotation": [77.5, 0, 0]
				},
				"LegleftBone2": {
					"rotation": [-143.43866, -12.2403, 8.73739]
				},
				"LegleftBone3": {
					"rotation": [30, 0, 0]
				},
				"Leglefthoof": {
					"rotation": [60, 0, 0]
				},
				"legRight": {
					"rotation": [22.19157, -3.81024, 9.25249]
				},
				"LegrightBone1": {
					"rotation": [79.00203, 22.74008, 28.74861]
				},
				"LegrightBone2": {
					"rotation": [-148.17815, -9.54385, 8.11019]
				},
				"LegrightBone3": {
					"rotation": [27.5, 0, 0]
				},
				"Legrighthoof4": {
					"rotation": [72.5, 0, 0]
				},
				"tail": {
					"rotation": [-7.19639, -23.21202, 20.46904]
				},
				"tail1": {
					"rotation": [-16.45782, -29.921, 25.00297]
				},
				"tail2": {
					"rotation": [14.03231, -17.49616, -0.66326]
				},
				"breatheblock": {
					"position": {
						"0.0": [0, 0, 0],
						"1.5": [0, -0.05, -0.1],
						"3.0417": [0, 0, 0]
					},
					"scale": {
						"0.0": [1, 1, 1],
						"0.75": [1, 1.12, 1.03],
						"1.5": [1, 1.05, 1.05],
						"3.0417": [1, 1, 1]
					}
				},
				"tail3": {
					"rotation": [-19.50074, 20.48608, -2.11878]
				},
				"body": {
					"rotation": [-65, 0, 0],
					"position": [0, -7, 0]
				}
			}
		},
		"gomoku": {
			"animation_length": 3.0417,
			"bones": {
				"body": {
					"rotation": [-65, 0, 0],
					"position": [0, -7, 0]
				},
				"BodyUpper": {
					"rotation": {
						"0.0": [-10, 0, 0],
						"1.5": [-10.5, 0, 0],
						"2.9583": [-10, 0, 0]
					}
				},
				"breatheblock": {
					"position": {
						"0.0": [0, 0, 0],
						"1.5": [0, -0.05, -0.1],
						"3.0417": [0, 0, 0]
					},
					"scale": {
						"0.0": [1, 1, 1],
						"1.5": [1, 1.05, 1.05],
						"3.0417": [1, 1, 1]
					}
				},
				"neck": {
					"rotation": [80, 0, 0]
				},
				"armRight": {
					"rotation": [74.9453, 4.82922, -1.29717],
					"position": [0, 0, -1]
				},
				"armLeft": {
					"rotation": [74.9453, -4.82922, 1.29717],
					"position": [0, 0, -1]
				},
				"legLeft": {
					"rotation": [10.03793, -0.43399, -9.99067]
				},
				"LegleftBone1": {
					"rotation": [77.5, 0, 0]
				},
				"LegleftBone2": {
					"rotation": [-143.43866, -12.2403, 8.73739]
				},
				"LegleftBone3": {
					"rotation": [30, 0, 0]
				},
				"Leglefthoof": {
					"rotation": [60, 0, 0]
				},
				"legRight": {
					"rotation": [22.19157, -3.81024, 9.25249]
				},
				"LegrightBone1": {
					"rotation": [79.00203, 22.74008, 28.74861]
				},
				"LegrightBone2": {
					"rotation": [-148.17815, -9.54385, 8.11019]
				},
				"LegrightBone3": {
					"rotation": [27.5, 0, 0]
				},
				"Legrighthoof4": {
					"rotation": [72.5, 0, 0]
				},
				"tail": {
					"rotation": [-7.19639, -23.21202, 20.46904]
				},
				"tail1": {
					"rotation": [-16.45782, -29.921, 25.00297]
				},
				"tail2": {
					"rotation": [14.03231, -17.49616, -0.66326]
				}
			}
		},
		"bookshelf": {
			"animation_length": 3.0417,
			"bones": {
				"body": {
					"rotation": [-65, 0, 0],
					"position": [0, -7, 0]
				},
				"BodyUpper": {
					"rotation": {
						"0.0": [-10, 0, 0],
						"1.5": [-10.5, 0, 0],
						"2.9583": [-10, 0, 0]
					}
				},
				"breatheblock": {
					"position": {
						"0.0": [0, 0, 0],
						"1.5": [0, -0.05, -0.1],
						"3.0417": [0, 0, 0]
					},
					"scale": {
						"0.0": [1, 1, 1],
						"1.5": [1, 1.05, 1.05],
						"3.0417": [1, 1, 1]
					}
				},
				"neck": {
					"rotation": [80, 0, 0]
				},
				"armRight": {
					"rotation": [74.9453, 4.82922, -1.29717],
					"position": [0, 0, -1]
				},
				"armLeft": {
					"rotation": [74.9453, -4.82922, 1.29717],
					"position": [0, 0, -1]
				},
				"legLeft": {
					"rotation": [10.03793, -0.43399, -9.99067]
				},
				"LegleftBone1": {
					"rotation": [77.5, 0, 0]
				},
				"LegleftBone2": {
					"rotation": [-143.43866, -12.2403, 8.73739]
				},
				"LegleftBone3": {
					"rotation": [30, 0, 0]
				},
				"Leglefthoof": {
					"rotation": [60, 0, 0]
				},
				"legRight": {
					"rotation": [22.19157, -3.81024, 9.25249]
				},
				"LegrightBone1": {
					"rotation": [79.00203, 22.74008, 28.74861]
				},
				"LegrightBone2": {
					"rotation": [-148.17815, -9.54385, 8.11019]
				},
				"LegrightBone3": {
					"rotation": [27.5, 0, 0]
				},
				"Legrighthoof4": {
					"rotation": [72.5, 0, 0]
				},
				"tail": {
					"rotation": [-7.19639, -23.21202, 20.46904]
				},
				"tail1": {
					"rotation": [-16.45782, -29.921, 25.00297]
				},
				"tail2": {
					"rotation": [14.03231, -17.49616, -0.66326]
				}
			}
		},
		"computer": {
			"animation_length": 3.0417,
			"bones": {
				"body": {
					"rotation": [-65, 0, 0],
					"position": [0, -7, 0]
				},
				"BodyUpper": {
					"rotation": {
						"0.0": [-10, 0, 0],
						"1.5": [-10.5, 0, 0],
						"2.9583": [-10, 0, 0]
					}
				},
				"breatheblock": {
					"position": {
						"0.0": [0, 0, 0],
						"1.5": [0, -0.05, -0.1],
						"3.0417": [0, 0, 0]
					},
					"scale": {
						"0.0": [1, 1, 1],
						"1.5": [1, 1.05, 1.05],
						"3.0417": [1, 1, 1]
					}
				},
				"neck": {
					"rotation": [80, 0, 0]
				},
				"armRight": {
					"rotation": [74.9453, 4.82922, -1.29717],
					"position": [0, 0, -1]
				},
				"armLeft": {
					"rotation": [74.9453, -4.82922, 1.29717],
					"position": [0, 0, -1]
				},
				"legLeft": {
					"rotation": [10.03793, -0.43399, -9.99067]
				},
				"LegleftBone1": {
					"rotation": [77.5, 0, 0]
				},
				"LegleftBone2": {
					"rotation": [-143.43866, -12.2403, 8.73739]
				},
				"LegleftBone3": {
					"rotation": [30, 0, 0]
				},
				"Leglefthoof": {
					"rotation": [60, 0, 0]
				},
				"legRight": {
					"rotation": [22.19157, -3.81024, 9.25249]
				},
				"LegrightBone1": {
					"rotation": [79.00203, 22.74008, 28.74861]
				},
				"LegrightBone2": {
					"rotation": [-148.17815, -9.54385, 8.11019]
				},
				"LegrightBone3": {
					"rotation": [27.5, 0, 0]
				},
				"Legrighthoof4": {
					"rotation": [72.5, 0, 0]
				},
				"tail": {
					"rotation": [-7.19639, -23.21202, 20.46904]
				},
				"tail1": {
					"rotation": [-16.45782, -29.921, 25.00297]
				},
				"tail2": {
					"rotation": [14.03231, -17.49616, -0.66326]
				}
			}
		},
		"keyboard": {
			"animation_length": 3.0417,
			"bones": {
				"body": {
					"rotation": [-65, 0, 0],
					"position": [0, -7, 0]
				},
				"BodyUpper": {
					"rotation": {
						"0.0": [-10, 0, 0],
						"1.5": [-10.5, 0, 0],
						"2.9583": [-10, 0, 0]
					}
				},
				"breatheblock": {
					"position": {
						"0.0": [0, 0, 0],
						"1.5": [0, -0.05, -0.1],
						"3.0417": [0, 0, 0]
					},
					"scale": {
						"0.0": [1, 1, 1],
						"1.5": [1, 1.05, 1.05],
						"3.0417": [1, 1, 1]
					}
				},
				"neck": {
					"rotation": [80, 0, 0]
				},
				"armRight": {
					"rotation": [74.9453, 4.82922, -1.29717],
					"position": [0, 0, -1]
				},
				"armLeft": {
					"rotation": [74.9453, -4.82922, 1.29717],
					"position": [0, 0, -1]
				},
				"legLeft": {
					"rotation": [10.03793, -0.43399, -9.99067]
				},
				"LegleftBone1": {
					"rotation": [77.5, 0, 0]
				},
				"LegleftBone2": {
					"rotation": [-143.43866, -12.2403, 8.73739]
				},
				"LegleftBone3": {
					"rotation": [30, 0, 0]
				},
				"Leglefthoof": {
					"rotation": [60, 0, 0]
				},
				"legRight": {
					"rotation": [22.19157, -3.81024, 9.25249]
				},
				"LegrightBone1": {
					"rotation": [79.00203, 22.74008, 28.74861]
				},
				"LegrightBone2": {
					"rotation": [-148.17815, -9.54385, 8.11019]
				},
				"LegrightBone3": {
					"rotation": [27.5, 0, 0]
				},
				"Legrighthoof4": {
					"rotation": [72.5, 0, 0]
				},
				"tail": {
					"rotation": [-7.19639, -23.21202, 20.46904]
				},
				"tail1": {
					"rotation": [-8.25164, -11.94505, 2.56853]
				},
				"tail2": {
					"rotation": [12.12679, 7.47228, 20.39417]
				},
				"tail3": {
					"rotation": [0, 15, 5]
				}
			}
		},
		"use_mainhand": {
			"animation_length": 0.1667,
			"bones": {
				"Head": {
					"rotation": {
						"0.0": [30, 0, 0],
						"0.1667": [0, 0, 0]
					}
				}
			}
		},
		"swing_hand": {
			"animation_length": 0.1667,
			"bones": {
				"Head": {
					"rotation": {
						"0.0": [30, 0, 0],
						"0.1667": [0, 0, 0]
					}
				}
			}
		},
		"use_offhand": {
			"animation_length": 0.3333,
			"bones": {
				"armLeft": {
					"rotation": {
						"0.0": [-19.44093, -5.73576, -11.12501],
						"0.1667": [-27.5, 0, 0],
						"0.3333": [-20.20884, 1.1089, 7.69403]
					}
				}
			}
		},
		"pre_parallel1": {
			"animation_length": 9.9583,
			"bones": {
				"LeftEyeP": {
					"position": {
						"0.0": [0, 0, 0],
						"5.125": [0, 0, 0],
						"5.25": [0, 0, 0.75],
						"7.4167": [0, 0, 0.75],
						"7.5417": [0, -0.25, 0],
						"9.8333": [0, -0.25, 0],
						"9.9583": [0, 0, 0]
					}
				},
				"RightEyeP": {
					"position": {
						"0.0": [0, 0, 0],
						"5.125": [0, 0, 0],
						"5.25": [0, 0.25, 0],
						"7.4167": [0, 0.25, 0],
						"7.5417": [0, -0.25, 0.75],
						"9.8333": [0, -0.25, 0.75],
						"9.9583": [0, 0, 0]
					}
				}
			}
		}
	}
}