{
	"format_version": "1.8.0",
	"animations": {
		"death": {
			"animation_length": 1,
			"bones": {
				"Leftopen": {
					"scale": [1, 0, 1]
				},
				"Rightopen": {
					"scale": [1, 0, 1]
				},
				"Rightouch": {
					"scale": [1, 0, 1]
				},
				"Leftouch": {
					"scale": [1, 0, 1]
				},
				"body": {
					"rotation": {
						"0.0": [0, 0, 0],
						"0.5": [0, 0, 90]
					},
					"position": {
						"0.0": [0, 0, 0],
						"0.25": [7.5, -2.5, 0],
						"0.5": [11, -9, 0]
					}
				}
			}
		},
		"idle": {
			"loop": true,
			"animation_length": 0.5,
			"bones": {
				"body": {
					"rotation": {
						"0.0": {
							"post": [-10, 0, 0],
							"lerp_mode": "catmullrom"
						}
					},
					"position": {
						"0.0": {
							"post": [0, 0, 0],
							"lerp_mode": "catmullrom"
						},
						"0.25": {
							"post": [0, 0.8, 0],
							"lerp_mode": "catmullrom"
						},
						"0.5": {
							"post": [0, 0, 0],
							"lerp_mode": "catmullrom"
						}
					}
				},
				"upper": {
					"rotation": {
						"0.0": {
							"post": [-1.79, 0, 0],
							"lerp_mode": "catmullrom"
						},
						"0.0208": {
							"post": [-1.96217, 0, 0],
							"lerp_mode": "catmullrom"
						},
						"0.0313": {
							"post": [-2.39058, 0, 0],
							"lerp_mode": "catmullrom"
						},
						"0.0417": {
							"post": [-2.50959, 0, 0],
							"lerp_mode": "catmullrom"
						},
						"0.0521": {
							"post": [-2.5, 0, 0],
							"lerp_mode": "catmullrom"
						},
						"0.1875": {
							"post": [-1.87375, 0, 0],
							"lerp_mode": "catmullrom"
						},
						"0.2813": {
							"post": [-0.30114, 0, 0],
							"lerp_mode": "catmullrom"
						},
						"0.3333": {
							"post": [0, 0, 0],
							"lerp_mode": "catmullrom"
						},
						"0.4688": {
							"post": [-1.48451, 0, 0],
							"lerp_mode": "catmullrom"
						},
						"0.5": {
							"post": [-1.79, 0, 0],
							"lerp_mode": "catmullrom"
						}
					},
					"scale": {
						"0.0": {
							"post": [1.01, 1.025, 1.04],
							"lerp_mode": "catmullrom"
						},
						"0.1771": {
							"post": [1.0013, 1.00264, 1.00423],
							"lerp_mode": "catmullrom"
						},
						"0.25": {
							"post": [1, 1, 1],
							"lerp_mode": "catmullrom"
						},
						"0.4271": {
							"post": [1.0087, 1.01796, 1.02874],
							"lerp_mode": "catmullrom"
						},
						"0.5": {
							"post": [1.01, 1.025, 1.04],
							"lerp_mode": "catmullrom"
						}
					}
				},
				"armRight": {
					"rotation": {
						"0.0": {
							"post": [-92.15, 2.5, -0.11],
							"lerp_mode": "catmullrom"
						},
						"0.1354": {
							"post": [-91.25238, 2.49762, -0.10912],
							"lerp_mode": "catmullrom"
						},
						"0.3646": {
							"post": [-95.0578, 2.49749, -0.10907],
							"lerp_mode": "catmullrom"
						},
						"0.4896": {
							"post": [-92.15, 2.5, -0.11],
							"lerp_mode": "catmullrom"
						}
					},
					"position": {
						"0.0": {
							"post": [0, -1.25, 0],
							"lerp_mode": "catmullrom"
						}
					}
				},
				"armRightlower": {
					"rotation": {
						"0.0": {
							"post": [114.33, 7.44, 0.98],
							"lerp_mode": "catmullrom"
						},
						"0.1354": {
							"post": [115.26687, 7.43547, 0.98448],
							"lerp_mode": "catmullrom"
						},
						"0.3333": {
							"post": [113.56397, 7.43547, 0.98448],
							"lerp_mode": "catmullrom"
						},
						"0.5": {
							"post": [114.33, 7.44, 0.98],
							"lerp_mode": "catmullrom"
						}
					}
				},
				"armLeft": {
					"rotation": {
						"0.0": {
							"post": [-92.15, 2.5, -0.11],
							"lerp_mode": "catmullrom"
						},
						"0.1354": {
							"post": [-91.25238, 2.49762, -0.10912],
							"lerp_mode": "catmullrom"
						},
						"0.3646": {
							"post": [-95.0578, 2.49749, -0.10907],
							"lerp_mode": "catmullrom"
						},
						"0.4896": {
							"post": [-92.15, 2.5, -0.11],
							"lerp_mode": "catmullrom"
						}
					},
					"position": {
						"0.0": {
							"post": [0, -1.25, 0],
							"lerp_mode": "catmullrom"
						}
					}
				},
				"armLeftlower": {
					"rotation": {
						"0.0": {
							"post": [114.33, -7.44, -0.98],
							"lerp_mode": "catmullrom"
						},
						"0.1354": {
							"post": [115.26687, -7.43547, -0.98448],
							"lerp_mode": "catmullrom"
						},
						"0.3333": {
							"post": [113.56397, -7.43547, -0.98448],
							"lerp_mode": "catmullrom"
						},
						"0.5": {
							"post": [114.33, -7.44, -0.98],
							"lerp_mode": "catmullrom"
						}
					}
				},
				"AllBody": {
					"position": {
						"0.0": {
							"post": [0, 6, 0],
							"lerp_mode": "catmullrom"
						}
					}
				},
				"neck": {
					"rotation": {
						"0.0": {
							"post": [10, 0, 0],
							"lerp_mode": "catmullrom"
						}
					}
				},
				"righthandhoof": {
					"rotation": {
						"0.0": {
							"post": [55, 0, 0],
							"lerp_mode": "catmullrom"
						}
					},
					"position": {
						"0.0": {
							"post": [0, -0.25, -0.25],
							"lerp_mode": "catmullrom"
						}
					}
				},
				"lefthandhoof": {
					"rotation": {
						"0.0": {
							"post": [55, 0, 0],
							"lerp_mode": "catmullrom"
						}
					},
					"position": {
						"0.0": {
							"post": [0, -0.25, -0.25],
							"lerp_mode": "catmullrom"
						}
					}
				},
				"WingLeftClosed": {
					"scale": {
						"0.0": {
							"post": [0, 0, 0],
							"lerp_mode": "catmullrom"
						}
					}
				},
				"WingLeftOpen": {
					"rotation": {
						"0.0": {
							"post": [0, 0, 72.5],
							"lerp_mode": "catmullrom"
						},
						"0.0417": {
							"post": [0, 0, 42.92],
							"lerp_mode": "catmullrom"
						},
						"0.1667": {
							"post": [0, 0, -55.83],
							"lerp_mode": "catmullrom"
						},
						"0.25": {
							"post": [0, 0, -82.5],
							"lerp_mode": "catmullrom"
						},
						"0.3646": {
							"post": [0, 0, 32.5],
							"lerp_mode": "catmullrom"
						},
						"0.5": {
							"post": [0, 0, 72.5],
							"lerp_mode": "catmullrom"
						}
					},
					"scale": 1
				},
				"WingLeftTop": {
					"rotation": {
						"0.0": {
							"post": [0, 0, 0],
							"lerp_mode": "catmullrom"
						},
						"0.0833": {
							"post": [0, 0, 12.5],
							"lerp_mode": "catmullrom"
						},
						"0.1667": {
							"post": [0, 0, 30],
							"lerp_mode": "catmullrom"
						},
						"0.25": {
							"post": [0, 0, 0],
							"lerp_mode": "catmullrom"
						},
						"0.3646": {
							"post": [0, 0, -65],
							"lerp_mode": "catmullrom"
						},
						"0.4375": {
							"post": [0, 0, -26.39],
							"lerp_mode": "catmullrom"
						},
						"0.5": {
							"post": [0, 0, 0],
							"lerp_mode": "catmullrom"
						}
					}
				},
				"legRight": {
					"rotation": {
						"0.0": {
							"post": [-29.83, -4.98, -8.68],
							"lerp_mode": "catmullrom"
						},
						"0.1354": {
							"post": [-29.37165, -4.98093, -8.6822],
							"lerp_mode": "catmullrom"
						},
						"0.4167": {
							"post": [-31.37165, -4.98093, -8.6822],
							"lerp_mode": "catmullrom"
						},
						"0.5": {
							"post": [-29.83, -4.98, -8.68],
							"lerp_mode": "catmullrom"
						}
					}
				},
				"LegrightBone1": {
					"rotation": {
						"0.0": {
							"post": [66.75, 0, 0],
							"lerp_mode": "catmullrom"
						},
						"0.1771": {
							"post": [62.5, 0, 0],
							"lerp_mode": "catmullrom"
						},
						"0.4167": {
							"post": [67.5, 0, 0],
							"lerp_mode": "catmullrom"
						},
						"0.5": {
							"post": [66.75, 0, 0],
							"lerp_mode": "catmullrom"
						}
					}
				},
				"LegrightBone2": {
					"rotation": {
						"0.0": {
							"post": [-60.37, 0, 0],
							"lerp_mode": "catmullrom"
						},
						"0.1354": {
							"post": [-59.37165, 0, 0],
							"lerp_mode": "catmullrom"
						},
						"0.3542": {
							"post": [-61.37165, 0, 0],
							"lerp_mode": "catmullrom"
						},
						"0.5": {
							"post": [-60.37, 0, 0],
							"lerp_mode": "catmullrom"
						}
					}
				},
				"LegrightBone3": {
					"rotation": {
						"0.0": {
							"post": [22.5, 0, 0],
							"lerp_mode": "catmullrom"
						}
					}
				},
				"Legrighthoof4": {
					"rotation": {
						"0.0": {
							"post": [35, 0, 0],
							"lerp_mode": "catmullrom"
						}
					},
					"position": {
						"0.0": {
							"post": [-0.3, 0, -0.2],
							"lerp_mode": "catmullrom"
						}
					}
				},
				"legLeft": {
					"rotation": {
						"0.0": {
							"post": [-30.37, 4.98, 8.68],
							"lerp_mode": "catmullrom"
						},
						"0.1354": {
							"post": [-29.37165, 4.98093, 8.6822],
							"lerp_mode": "catmullrom"
						},
						"0.3542": {
							"post": [-31.37165, 4.98093, 8.6822],
							"lerp_mode": "catmullrom"
						},
						"0.5": {
							"post": [-30.37, 4.98, 8.68],
							"lerp_mode": "catmullrom"
						}
					}
				},
				"LegleftBone1": {
					"rotation": {
						"0.0": {
							"post": [66.75, 0, 0],
							"lerp_mode": "catmullrom"
						},
						"0.1771": {
							"post": [62.5, 0, 0],
							"lerp_mode": "catmullrom"
						},
						"0.4167": {
							"post": [67.5, 0, 0],
							"lerp_mode": "catmullrom"
						},
						"0.5": {
							"post": [66.75, 0, 0],
							"lerp_mode": "catmullrom"
						}
					}
				},
				"LegleftBone2": {
					"rotation": {
						"0.0": {
							"post": [-60.37, 0, 0],
							"lerp_mode": "catmullrom"
						},
						"0.1354": {
							"post": [-59.37165, 0, 0],
							"lerp_mode": "catmullrom"
						},
						"0.3542": {
							"post": [-61.37165, 0, 0],
							"lerp_mode": "catmullrom"
						},
						"0.5": {
							"post": [-60.37, 0, 0],
							"lerp_mode": "catmullrom"
						}
					}
				},
				"LegleftBone3": {
					"rotation": {
						"0.0": {
							"post": [22.5, 0, 0],
							"lerp_mode": "catmullrom"
						}
					}
				},
				"Leglefthoof4": {
					"rotation": {
						"0.0": {
							"post": [35, 0, 0],
							"lerp_mode": "catmullrom"
						}
					},
					"position": {
						"0.0": {
							"post": [0.3, 0, -0.2],
							"lerp_mode": "catmullrom"
						}
					}
				},
				"elbowL": {
					"scale": {
						"0.0": {
							"post": [1, 1, 1],
							"lerp_mode": "catmullrom"
						}
					}
				},
				"Leftiris": {
					"position": {
						"0.0": {
							"post": [0, -0.5, 0.25],
							"lerp_mode": "catmullrom"
						}
					}
				},
				"Rightiris": {
					"position": {
						"0.0": {
							"post": [0, -0.5, 0.25],
							"lerp_mode": "catmullrom"
						}
					}
				},
				"WingLeftMiddle": {
					"rotation": {
						"0.2708": {
							"pre": [0, 0, 0],
							"post": [0, 0, 0],
							"lerp_mode": "catmullrom"
						},
						"0.3646": {
							"post": [0, 0, 10],
							"lerp_mode": "catmullrom"
						},
						"0.5": {
							"post": [0, 0, 0],
							"lerp_mode": "catmullrom"
						}
					}
				},
				"WingLeftTip": {
					"rotation": {
						"0.0": {
							"post": [0, 0, 0],
							"lerp_mode": "catmullrom"
						},
						"0.0417": {
							"post": [0, 0, 10],
							"lerp_mode": "catmullrom"
						},
						"0.1667": {
							"post": [0, 0, 41.5],
							"lerp_mode": "catmullrom"
						},
						"0.25": {
							"post": [0, 0, 0],
							"lerp_mode": "catmullrom"
						},
						"0.3646": {
							"post": [2.04831, 1.43364, -59.97437],
							"lerp_mode": "catmullrom"
						},
						"0.4375": {
							"post": [1.05981, 0.33395, -9.15725],
							"lerp_mode": "catmullrom"
						},
						"0.5": {
							"post": [0, 0, 0],
							"lerp_mode": "catmullrom"
						}
					}
				},
				"WingRightClosed": {
					"scale": {
						"0.0": {
							"post": [0, 0, 0],
							"lerp_mode": "catmullrom"
						}
					}
				},
				"WingRightOpen": {
					"rotation": {
						"0.0": {
							"post": [0, 0, -72.5],
							"lerp_mode": "catmullrom"
						},
						"0.0417": {
							"post": [0, 0, -42.92],
							"lerp_mode": "catmullrom"
						},
						"0.1667": {
							"post": [0, 0, 55.83],
							"lerp_mode": "catmullrom"
						},
						"0.25": {
							"post": [0, 0, 82.5],
							"lerp_mode": "catmullrom"
						},
						"0.3646": {
							"post": [0, 0, -32.5],
							"lerp_mode": "catmullrom"
						},
						"0.5": {
							"post": [0, 0, -72.5],
							"lerp_mode": "catmullrom"
						}
					},
					"scale": 1
				},
				"WingRightMiddle": {
					"rotation": {
						"0.0": {
							"post": [0, 0, 0],
							"lerp_mode": "catmullrom"
						},
						"0.2708": {
							"post": [0, 0, 0],
							"lerp_mode": "catmullrom"
						},
						"0.3646": {
							"post": [0, 0, -10],
							"lerp_mode": "catmullrom"
						},
						"0.5": {
							"post": [0, 0, 0],
							"lerp_mode": "catmullrom"
						}
					}
				},
				"WingRightTop": {
					"rotation": {
						"0.0": {
							"post": [0, 0, 0],
							"lerp_mode": "catmullrom"
						},
						"0.0833": {
							"post": [0, 0, -12.5],
							"lerp_mode": "catmullrom"
						},
						"0.1667": {
							"post": [0, 0, -30],
							"lerp_mode": "catmullrom"
						},
						"0.25": {
							"post": [0, 0, 0],
							"lerp_mode": "catmullrom"
						},
						"0.3646": {
							"post": [0, 0, 65],
							"lerp_mode": "catmullrom"
						},
						"0.4375": {
							"post": [0, 0, 26.39],
							"lerp_mode": "catmullrom"
						},
						"0.5": {
							"post": [0, 0, 0],
							"lerp_mode": "catmullrom"
						}
					}
				},
				"WingRightTip": {
					"rotation": {
						"0.0": {
							"post": [0, 0, 0],
							"lerp_mode": "catmullrom"
						},
						"0.0417": {
							"post": [0, 0, -10],
							"lerp_mode": "catmullrom"
						},
						"0.1667": {
							"post": [0, 0, -41.5],
							"lerp_mode": "catmullrom"
						},
						"0.25": {
							"post": [0, 0, 0],
							"lerp_mode": "catmullrom"
						},
						"0.3646": {
							"post": [2.04831, -1.43364, 59.97437],
							"lerp_mode": "catmullrom"
						},
						"0.4375": {
							"post": [1.05981, -0.33395, 9.15725],
							"lerp_mode": "catmullrom"
						},
						"0.5": {
							"post": [0, 0, 0],
							"lerp_mode": "catmullrom"
						}
					}
				}
			}
		},
		"walk": {
			"loop": true,
			"animation_length": 0.5,
			"bones": {
				"body": {
					"rotation": {
						"0.0": {
							"post": [-10, 0, 0],
							"lerp_mode": "catmullrom"
						}
					},
					"position": {
						"0.0": {
							"post": [0, -0.75, 0],
							"lerp_mode": "catmullrom"
						},
						"0.25": {
							"post": [0, 0.675, 0],
							"lerp_mode": "catmullrom"
						},
						"0.5": {
							"post": [0, -0.75, 0],
							"lerp_mode": "catmullrom"
						}
					}
				},
				"neck": {
					"rotation": {
						"0.0": {
							"post": [10, 0, 0],
							"lerp_mode": "catmullrom"
						}
					}
				},
				"armRight": {
					"rotation": {
						"0.0": {
							"post": [-92.15, 2.5, -0.11],
							"lerp_mode": "catmullrom"
						},
						"0.125": {
							"post": [-90.50238, 2.49762, -0.10912],
							"lerp_mode": "catmullrom"
						},
						"0.375": {
							"post": [-93.50238, 2.49762, -0.10912],
							"lerp_mode": "catmullrom"
						},
						"0.5": {
							"post": [-92.15, 2.5, -0.11],
							"lerp_mode": "catmullrom"
						}
					},
					"position": {
						"0.0": {
							"post": [0, -1.25, 0],
							"lerp_mode": "catmullrom"
						}
					}
				},
				"armRightlower": {
					"rotation": {
						"0.0": {
							"post": [116.43, -7.44, -0.98],
							"lerp_mode": "catmullrom"
						},
						"0.125": {
							"post": [117.76687, -7.43547, -0.98448],
							"lerp_mode": "catmullrom"
						},
						"0.375": {
							"post": [114.56397, -7.43547, -0.98448],
							"lerp_mode": "catmullrom"
						},
						"0.5": {
							"post": [116.43, -7.44, -0.98],
							"lerp_mode": "catmullrom"
						}
					}
				},
				"righthandhoof": {
					"rotation": {
						"0.0": {
							"post": [55, 0, 0],
							"lerp_mode": "catmullrom"
						}
					},
					"position": {
						"0.0": {
							"post": [0, -0.25, -0.25],
							"lerp_mode": "catmullrom"
						}
					}
				},
				"armLeft": {
					"rotation": {
						"0.0": {
							"post": [-92.15, 2.5, -0.11],
							"lerp_mode": "catmullrom"
						},
						"0.125": {
							"post": [-90.50238, 2.49762, -0.10912],
							"lerp_mode": "catmullrom"
						},
						"0.375": {
							"post": [-93.50238, 2.49762, -0.10912],
							"lerp_mode": "catmullrom"
						},
						"0.5": {
							"post": [-92.15, 2.5, -0.11],
							"lerp_mode": "catmullrom"
						}
					},
					"position": {
						"0.0": {
							"post": [0, -1.25, 0],
							"lerp_mode": "catmullrom"
						}
					}
				},
				"armLeftlower": {
					"rotation": {
						"0.0": {
							"post": [116.43, -7.44, -0.98],
							"lerp_mode": "catmullrom"
						},
						"0.125": {
							"post": [117.76687, -7.43547, -0.98448],
							"lerp_mode": "catmullrom"
						},
						"0.375": {
							"post": [114.56397, -7.43547, -0.98448],
							"lerp_mode": "catmullrom"
						},
						"0.5": {
							"post": [116.43, -7.44, -0.98],
							"lerp_mode": "catmullrom"
						}
					}
				},
				"lefthandhoof": {
					"rotation": {
						"0.0": {
							"post": [55, 0, 0],
							"lerp_mode": "catmullrom"
						}
					},
					"position": {
						"0.0": {
							"post": [0, -0.25, -0.25],
							"lerp_mode": "catmullrom"
						}
					}
				},
				"Head": {
					"rotation": {
						"0.0": {
							"post": ["2.6-3", 0, 0],
							"lerp_mode": "catmullrom"
						},
						"0.125": {
							"post": ["1.13-3", 0, 0],
							"lerp_mode": "catmullrom"
						},
						"0.375": {
							"post": ["3.75-3", 0, 0],
							"lerp_mode": "catmullrom"
						},
						"0.5": {
							"post": ["2.6-3", 0, 0],
							"lerp_mode": "catmullrom"
						}
					}
				},
				"legLeft": {
					"rotation": {
						"0.0": {
							"post": ["-29.83+5", 4.98, 8.68],
							"lerp_mode": "catmullrom"
						},
						"0.2083": {
							"post": ["-31.37165+5", 4.98093, 8.6822],
							"lerp_mode": "catmullrom"
						},
						"0.4583": {
							"post": ["-29.37165+5", 4.98093, 8.6822],
							"lerp_mode": "catmullrom"
						},
						"0.5": {
							"post": ["-29.83+5", 4.98, 8.68],
							"lerp_mode": "catmullrom"
						}
					}
				},
				"LegleftBone1": {
					"rotation": {
						"0.0": {
							"post": [65.23, 0, 0],
							"lerp_mode": "catmullrom"
						},
						"0.125": {
							"post": [67.5, 0, 0],
							"lerp_mode": "catmullrom"
						},
						"0.375": {
							"post": [62.5, 0, 0],
							"lerp_mode": "catmullrom"
						},
						"0.5": {
							"post": [65.23, 0, 0],
							"lerp_mode": "catmullrom"
						}
					}
				},
				"LegleftBone2": {
					"rotation": {
						"0.0": {
							"post": [-62.48, -1.84, -1.69],
							"lerp_mode": "catmullrom"
						},
						"0.5": {
							"post": [-62.48, -1.84, -1.69],
							"lerp_mode": "catmullrom"
						}
					}
				},
				"LegleftBone3": {
					"rotation": {
						"0.0": {
							"post": [22.5, 0, 0],
							"lerp_mode": "catmullrom"
						}
					}
				},
				"legRight": {
					"rotation": {
						"0.0": {
							"post": ["-29.83+5", -4.98, -8.68],
							"lerp_mode": "catmullrom"
						},
						"0.2083": {
							"post": ["-31.37165+5", -4.98093, -8.6822],
							"lerp_mode": "catmullrom"
						},
						"0.4583": {
							"post": ["-29.37165+5", -4.98093, -8.6822],
							"lerp_mode": "catmullrom"
						},
						"0.5": {
							"post": ["-29.83+5", -4.98, -8.68],
							"lerp_mode": "catmullrom"
						}
					}
				},
				"LegrightBone1": {
					"rotation": {
						"0.0": {
							"post": [65.23, 0, 0],
							"lerp_mode": "catmullrom"
						},
						"0.125": {
							"post": [67.5, 0, 0],
							"lerp_mode": "catmullrom"
						},
						"0.375": {
							"post": [62.5, 0, 0],
							"lerp_mode": "catmullrom"
						},
						"0.5": {
							"post": [65.23, 0, 0],
							"lerp_mode": "catmullrom"
						}
					}
				},
				"LegrightBone2": {
					"rotation": {
						"0.0": {
							"post": [-64.97282, -1.84293, -1.68956],
							"lerp_mode": "catmullrom"
						}
					}
				},
				"LegrightBone3": {
					"rotation": {
						"0.0": {
							"post": [22.5, 0, 0],
							"lerp_mode": "catmullrom"
						}
					}
				},
				"AllBody": {
					"rotation": {
						"0.0": {
							"post": [5, 0, 0],
							"lerp_mode": "catmullrom"
						}
					},
					"position": {
						"0.0": {
							"post": [0, 6, 0],
							"lerp_mode": "catmullrom"
						}
					}
				},
				"Leftiris": {
					"position": {
						"0.0": {
							"post": [0, -0.5, 0.25],
							"lerp_mode": "catmullrom"
						}
					}
				},
				"Rightiris": {
					"position": {
						"0.0": {
							"post": [0, -0.5, 0.25],
							"lerp_mode": "catmullrom"
						}
					}
				},
				"elbowL": {
					"scale": {
						"0.0": {
							"post": [1, 1, 1],
							"lerp_mode": "catmullrom"
						}
					}
				},
				"WingLeftClosed": {
					"scale": {
						"0.0": {
							"post": [0, 0, 0],
							"lerp_mode": "catmullrom"
						}
					}
				},
				"WingLeftOpen": {
					"rotation": {
						"0.0": {
							"post": [0, 0, 72.5],
							"lerp_mode": "catmullrom"
						},
						"0.0417": {
							"post": [0, 0, 42.92],
							"lerp_mode": "catmullrom"
						},
						"0.1667": {
							"post": [0, 0, -55.83],
							"lerp_mode": "catmullrom"
						},
						"0.25": {
							"post": [0, 0, -82.5],
							"lerp_mode": "catmullrom"
						},
						"0.375": {
							"post": [0, 0, 32.5],
							"lerp_mode": "catmullrom"
						},
						"0.5": {
							"post": [0, 0, 72.5],
							"lerp_mode": "catmullrom"
						}
					},
					"scale": {
						"0.0": {
							"post": [1, 1, 1],
							"lerp_mode": "catmullrom"
						}
					}
				},
				"WingLeftMiddle": {
					"rotation": {
						"0.2917": {
							"pre": [0, 0, 0],
							"post": [0, 0, 0],
							"lerp_mode": "catmullrom"
						},
						"0.375": {
							"post": [0, 0, 10],
							"lerp_mode": "catmullrom"
						},
						"0.5": {
							"post": [0, 0, 0],
							"lerp_mode": "catmullrom"
						}
					}
				},
				"WingLeftTop": {
					"rotation": {
						"0.0": {
							"post": [0, 0, 0],
							"lerp_mode": "catmullrom"
						},
						"0.0833": {
							"post": [0, 0, 12.5],
							"lerp_mode": "catmullrom"
						},
						"0.1667": {
							"post": [0, 0, 30],
							"lerp_mode": "catmullrom"
						},
						"0.25": {
							"post": [0, 0, 0],
							"lerp_mode": "catmullrom"
						},
						"0.375": {
							"post": [0, 0, -65],
							"lerp_mode": "catmullrom"
						},
						"0.4583": {
							"post": [0, 0, -26.39],
							"lerp_mode": "catmullrom"
						},
						"0.5": {
							"post": [0, 0, 0],
							"lerp_mode": "catmullrom"
						}
					}
				},
				"WingLeftTip": {
					"rotation": {
						"0.0": {
							"post": [0, 0, 0],
							"lerp_mode": "catmullrom"
						},
						"0.0417": {
							"post": [0, 0, 10],
							"lerp_mode": "catmullrom"
						},
						"0.1667": {
							"post": [0, 0, 41.5],
							"lerp_mode": "catmullrom"
						},
						"0.25": {
							"post": [0, 0, 0],
							"lerp_mode": "catmullrom"
						},
						"0.375": {
							"post": [2.04831, 1.43364, -59.97437],
							"lerp_mode": "catmullrom"
						},
						"0.4583": {
							"post": [1.05981, 0.33395, -9.15725],
							"lerp_mode": "catmullrom"
						},
						"0.5": {
							"post": [0, 0, 0],
							"lerp_mode": "catmullrom"
						}
					}
				},
				"Legrighthoof4": {
					"rotation": {
						"0.0": {
							"post": [35, 0, 0],
							"lerp_mode": "catmullrom"
						}
					},
					"position": {
						"0.0": {
							"post": [-0.3, 0, -0.2],
							"lerp_mode": "catmullrom"
						}
					}
				},
				"Leglefthoof4": {
					"rotation": {
						"0.0": {
							"post": [35, 0, 0],
							"lerp_mode": "catmullrom"
						}
					},
					"position": {
						"0.0": {
							"post": [0.3, 0, -0.2],
							"lerp_mode": "catmullrom"
						}
					}
				},
				"WingRightClosed": {
					"scale": {
						"0.0": {
							"post": [0, 0, 0],
							"lerp_mode": "catmullrom"
						}
					}
				},
				"WingRightOpen": {
					"rotation": {
						"0.0": {
							"post": [0, 0, -72.5],
							"lerp_mode": "catmullrom"
						},
						"0.0417": {
							"post": [0, 0, -42.92],
							"lerp_mode": "catmullrom"
						},
						"0.1667": {
							"post": [0, 0, 55.83],
							"lerp_mode": "catmullrom"
						},
						"0.25": {
							"post": [0, 0, 82.5],
							"lerp_mode": "catmullrom"
						},
						"0.375": {
							"post": [0, 0, -32.5],
							"lerp_mode": "catmullrom"
						},
						"0.5": {
							"post": [0, 0, -72.5],
							"lerp_mode": "catmullrom"
						}
					},
					"scale": {
						"0.0": {
							"post": [1, 1, 1],
							"lerp_mode": "catmullrom"
						}
					}
				},
				"WingRightMiddle": {
					"rotation": {
						"0.0": {
							"post": [0, 0, 0],
							"lerp_mode": "catmullrom"
						},
						"0.2917": {
							"post": [0, 0, 0],
							"lerp_mode": "catmullrom"
						},
						"0.375": {
							"post": [0, 0, -10],
							"lerp_mode": "catmullrom"
						},
						"0.5": {
							"post": [0, 0, 0],
							"lerp_mode": "catmullrom"
						}
					}
				},
				"WingRightTop": {
					"rotation": {
						"0.0": {
							"post": [0, 0, 0],
							"lerp_mode": "catmullrom"
						},
						"0.0833": {
							"post": [0, 0, -12.5],
							"lerp_mode": "catmullrom"
						},
						"0.1667": {
							"post": [0, 0, -30],
							"lerp_mode": "catmullrom"
						},
						"0.25": {
							"post": [0, 0, 0],
							"lerp_mode": "catmullrom"
						},
						"0.375": {
							"post": [0, 0, 65],
							"lerp_mode": "catmullrom"
						},
						"0.4583": {
							"post": [0, 0, 26.39],
							"lerp_mode": "catmullrom"
						},
						"0.5": {
							"post": [0, 0, 0],
							"lerp_mode": "catmullrom"
						}
					}
				},
				"WingRightTip": {
					"rotation": {
						"0.0": {
							"post": [0, 0, 0],
							"lerp_mode": "catmullrom"
						},
						"0.0417": {
							"post": [0, 0, -10],
							"lerp_mode": "catmullrom"
						},
						"0.1667": {
							"post": [0, 0, -41.5],
							"lerp_mode": "catmullrom"
						},
						"0.25": {
							"post": [0, 0, 0],
							"lerp_mode": "catmullrom"
						},
						"0.375": {
							"post": [2.04831, -1.43364, 59.97437],
							"lerp_mode": "catmullrom"
						},
						"0.4583": {
							"post": [1.05981, -0.33395, 9.15725],
							"lerp_mode": "catmullrom"
						},
						"0.5": {
							"post": [0, 0, 0],
							"lerp_mode": "catmullrom"
						}
					}
				}
			}
		},
		"jump": {
			"loop": true,
			"animation_length": 0.5,
			"bones": {
				"AllBody": {
					"rotation": [5, 0, 0],
					"position": [0, 6, 0]
				},
				"body": {
					"rotation": [-10, 0, 0],
					"position": {
						"0.0": [0, 0.75, 0],
						"0.25": [0, -0.3, 0],
						"0.5": [0, 0.5, 0]
					}
				},
				"neck": {
					"rotation": [10, 0, 0]
				},
				"Head": {
					"rotation": {
						"0.0": ["2.6-3", 0, 0],
						"0.125": ["1.13-3", 0, 0],
						"0.375": ["3.75-3", 0, 0],
						"0.5": ["2.6-3", 0, 0]
					}
				},
				"Leftiris": {
					"position": [0, -0.5, 0.25]
				},
				"Rightiris": {
					"position": [0, -0.5, 0.25]
				},
				"armRight": {
					"rotation": [-102.15, 2.5, -0.11],
					"position": [0, -1.25, 0]
				},
				"armRightlower": {
					"rotation": [146.43, 7.44, 0.98]
				},
				"righthandhoof": {
					"rotation": [55, 0, 0],
					"position": [0, -0.25, -0.25]
				},
				"armLeft": {
					"rotation": [-102.15, 2.5, -0.11],
					"position": [0, -1.25, 0]
				},
				"elbowL": {
					"scale": 1
				},
				"armLeftlower": {
					"rotation": [146.43, -7.44, -0.98]
				},
				"lefthandhoof": {
					"rotation": [55, 0, 0],
					"position": [0, -0.25, -0.25]
				},
				"WingLeftClosed": {
					"scale": 0
				},
				"WingLeftOpen": {
					"rotation": {
						"0.0": [0, 0, 72.5],
						"0.0417": [0, 0, 42.92],
						"0.1667": [0, 0, -55.83],
						"0.25": [0, 0, -82.5],
						"0.375": [0, 0, 32.5],
						"0.5": [0, 0, 72.5]
					},
					"scale": 1
				},
				"WingLeftMiddle": {
					"rotation": {
						"0.2917": [0, 0, 0],
						"0.375": [0, 0, 10],
						"0.5": [0, 0, 0]
					}
				},
				"WingLeftTop": {
					"rotation": {
						"0.0": [0, 0, 0],
						"0.0833": [0, 0, 12.5],
						"0.1667": [0, 0, 30],
						"0.25": [0, 0, 0],
						"0.375": [0, 0, -65],
						"0.4583": [0, 0, -26.39],
						"0.5": [0, 0, 0]
					}
				},
				"WingLeftTip": {
					"rotation": {
						"0.0": [0, 0, 0],
						"0.0417": [0, 0, 10],
						"0.1667": [0, 0, 41.5],
						"0.25": [0, 0, 0],
						"0.375": [2.04831, 1.43364, -59.97437],
						"0.4583": [1.05981, 0.33395, -9.15725],
						"0.5": [0, 0, 0]
					}
				},
				"legRight": {
					"rotation": ["-12.33+5", -4.98, -8.68]
				},
				"LegrightBone1": {
					"rotation": [102.73, 0, 0]
				},
				"LegrightBone2": {
					"rotation": [-99.98, -1.84, -1.69]
				},
				"LegrightBone3": {
					"rotation": [22.5, 0, 0]
				},
				"Legrighthoof4": {
					"rotation": [35, 0, 0],
					"position": [-0.3, 0, -0.2]
				},
				"legLeft": {
					"rotation": ["-12.33+5", 4.98, 8.68]
				},
				"LegleftBone1": {
					"rotation": [102.73, 0, 0]
				},
				"LegleftBone2": {
					"rotation": [-99.98, -1.84, -1.69]
				},
				"LegleftBone3": {
					"rotation": [22.5, 0, 0]
				},
				"Leglefthoof4": {
					"rotation": [35, 0, 0],
					"position": [0.3, 0, -0.2]
				},
				"WingRightClosed": {
					"scale": 0
				},
				"WingRightOpen": {
					"rotation": {
						"0.0": [0, 0, -72.5],
						"0.0417": [0, 0, -42.92],
						"0.1667": [0, 0, 55.83],
						"0.25": [0, 0, 82.5],
						"0.375": [0, 0, -32.5],
						"0.5": [0, 0, -72.5]
					},
					"scale": 1
				},
				"WingRightMiddle": {
					"rotation": {
						"0.0": [0, 0, 0],
						"0.2917": [0, 0, 0],
						"0.375": [0, 0, -10],
						"0.5": [0, 0, 0]
					}
				},
				"WingRightTop": {
					"rotation": {
						"0.0": [0, 0, 0],
						"0.0833": [0, 0, -12.5],
						"0.1667": [0, 0, -30],
						"0.25": [0, 0, 0],
						"0.375": [0, 0, 65],
						"0.4583": [0, 0, 26.39],
						"0.5": [0, 0, 0]
					}
				},
				"WingRightTip": {
					"rotation": {
						"0.0": [0, 0, 0],
						"0.0417": [0, 0, -10],
						"0.1667": [0, 0, -41.5],
						"0.25": [0, 0, 0],
						"0.375": [2.04831, -1.43364, 59.97437],
						"0.4583": [1.05981, -0.33395, 9.15725],
						"0.5": [0, 0, 0]
					}
				}
			}
		},
		"run": {
			"animation_length": 0.75,
			"bones": {
				"body": {
					"rotation": {
						"0.0": [0, 0, -2.5],
						"0.375": [0, 0, 2.5],
						"0.75": [0, 0, -2.5]
					},
					"position": {
						"0.0": [0, -1, 0],
						"0.25": [0, 0.5, 0],
						"0.375": [0, -1, 0],
						"0.625": [0, 0.5, 0],
						"0.75": [0, -1, 0]
					},
					"scale": {
						"0.0": [1, 1, 1],
						"0.75": [1, 1, 1]
					}
				},
				"BodyUpper": {
					"rotation": {
						"0.0": [0, 0, 5],
						"0.375": [0, 0, -5],
						"0.75": [0, 0, 5]
					}
				},
				"neck": {
					"rotation": {
						"0.0": [0, 0, 0],
						"0.2083": [5, 0, 0],
						"0.375": [0, 0, 0],
						"0.5833": [5, 0, 0],
						"0.75": [0, 0, 0]
					}
				},
				"armRight": {
					"rotation": {
						"0.0": [17.5, 0, 0],
						"0.2083": [-40, 0, 0],
						"0.375": [-27.5, 0, 0],
						"0.75": [17.5, 0, 0]
					}
				},
				"armRightlower": {
					"rotation": {
						"0.0": [52.5, 0, 0],
						"0.2083": [86.25, 0, 0],
						"0.375": [10, 0, 0],
						"0.6667": [-2.5, 0, 0],
						"0.75": [52.5, 0, 0]
					}
				},
				"righthandhoof": {
					"rotation": {
						"0.0": [30, 0, 0],
						"0.375": [0, 0, 0],
						"0.5833": [-6.67, 0, 0],
						"0.75": [30, 0, 0]
					}
				},
				"armLeft": {
					"rotation": {
						"0.0": [-27.5, 0, 0],
						"0.375": [17.5, 0, 0],
						"0.5833": [-40, 0, 0],
						"0.75": [-27.5, 0, 0]
					}
				},
				"armLeftlower": {
					"rotation": {
						"0.0": [10, 0, 0],
						"0.2917": [-2.5, 0, 0],
						"0.375": [52.5, 0, 0],
						"0.5833": [86.25, 0, 0],
						"0.75": [0, 0, 0]
					}
				},
				"lefthandhoof": {
					"rotation": {
						"0.0": [17.5, 0, 0],
						"0.2083": [-6.67, 0, 0],
						"0.375": [30, 0, 0],
						"0.75": [0, 0, 0]
					}
				},
				"Head": {
					"rotation": {
						"0.0": [0, 0, -4.04],
						"0.0833": [0, 0, -7.5],
						"0.4583": [0, 0, 7.5],
						"0.75": [0, 0, -4.04]
					}
				},
				"legLeft": {
					"rotation": {
						"0.0": [35, 0, 0],
						"0.2083": [-18.75, 0, 0],
						"0.375": [-52.5, 0, 0],
						"0.75": [35, 0, 0]
					},
					"position": {
						"0.0": [0, -0.36, 0],
						"0.1667": [0, 0, 0],
						"0.4583": [0, -1, 0],
						"0.75": [0, -0.36, 0]
					}
				},
				"LegleftBone1": {
					"rotation": {
						"0.0": [0, 0, 0],
						"0.2083": [85, 0, 0],
						"0.375": [105, 0, 0],
						"0.4583": [70, 0, 0],
						"0.5833": [21, 0, 0],
						"0.75": [0, 0, 0]
					}
				},
				"LegleftBone2": {
					"rotation": {
						"0.0": [0, 0, 0],
						"0.2083": [-91.25, 0, 0],
						"0.375": [-102.5, 0, 0],
						"0.4583": [-75.42, 0, 0],
						"0.5833": [-18.75, 0, 0],
						"0.75": [0, 0, 0]
					}
				},
				"LegleftBone3": {
					"rotation": {
						"0.0": [5, 0, 0],
						"0.375": [27.5, 0, 0],
						"0.75": [0, 0, 0]
					}
				},
				"Leglefthoof": {
					"rotation": {
						"0.0": [35, 0, 0],
						"0.2083": [51.88, 0, 0],
						"0.375": [-7.5, 0, 0],
						"0.4583": [15.28, 0, 0],
						"0.5833": [-6.67, 0, 0],
						"0.75": [52.5, 0, 0]
					}
				},
				"legRight": {
					"rotation": {
						"0.0": [-52.5, 0, 0],
						"0.375": [35, 0, 0],
						"0.5833": [-18.75, 0, 0],
						"0.75": [-52.5, 0, 0]
					},
					"position": {
						"0.0": [0, -0.84, 0],
						"0.0417": [0, -1, 0],
						"0.3333": [0, -0.36, 0],
						"0.6667": [0, -1, 0],
						"0.75": [0, -0.84, 0]
					}
				},
				"LegrightBone1": {
					"rotation": {
						"0.0": [93.33, 0, 0],
						"0.0417": [70, 0, 0],
						"0.1667": [21, 0, 0],
						"0.3333": [0, 0, 0],
						"0.5417": [85, 0, 0],
						"0.7083": [105, 0, 0],
						"0.75": [93.33, 0, 0]
					}
				},
				"LegrightBone2": {
					"rotation": {
						"0.0": [-93.47, 0, 0],
						"0.0417": [-75.42, 0, 0],
						"0.1667": [-18.75, 0, 0],
						"0.3333": [0, 0, 0],
						"0.5417": [-91.25, 0, 0],
						"0.7083": [-102.5, 0, 0],
						"0.75": [-93.47, 0, 0]
					}
				},
				"LegrightBone3": {
					"rotation": {
						"0.0": [27.5, 0, 0],
						"0.375": [5, 0, 0],
						"0.75": [27.5, 0, 0]
					}
				},
				"tail": {
					"rotation": {
						"0.0": [0.82764, -11.82676, 4.07609],
						"0.0833": [-5.33761, -9.05478, 4.26175],
						"0.2917": [7.45376, 4.88119, -1.08482],
						"0.375": [0.82764, 11.82676, -4.07609],
						"0.4583": [-5.08377, 4.53051, -2.11751],
						"0.6667": [7.45376, -4.88119, 1.08482],
						"0.75": [0.82764, -11.82676, 4.07609]
					}
				},
				"tail1": {
					"rotation": {
						"0.0": [5.25, -7.2, 2.08],
						"0.0833": [0.82764, -11.82676, 4.07609],
						"0.1667": [-5.33761, -9.05478, 4.26175],
						"0.3333": [7.45376, 4.88119, -1.08482],
						"0.4583": [0.82764, 11.82676, -4.07609],
						"0.5417": [-5.08377, 4.53051, -2.11751],
						"0.7083": [7.45376, -4.88119, 1.08482],
						"0.75": [5.25, -7.2, 2.08]
					}
				},
				"tail2": {
					"rotation": {
						"0.0": [5.17003, 1.43622, 12.11875],
						"0.0417": [7.12405, -3.15282, 5.78834],
						"0.125": [-7.11638, -10.69574, 6.34943],
						"0.2083": [-5.33761, -9.05478, 4.26175],
						"0.4167": [6.93758, 1.40332, -10.47617],
						"0.5": [-7.86238, 8.38662, -10.84686],
						"0.5833": [-5.08377, 4.53051, -2.11751],
						"0.75": [5.17003, 1.43622, 12.11875]
					}
				},
				"tail3": {
					"rotation": {
						"0.0": [3.54318, 19.96479, 1.21116],
						"0.0833": [7.67995, 12.39135, 1.6575],
						"0.25": [-32.57673, -9.96156, 0.88045],
						"0.4583": [8.11003, -22.29711, -3.09472],
						"0.625": [-25.07673, 9.96156, -0.88045],
						"0.75": [3.54318, 19.96479, 1.21116]
					}
				},
				"Rightouch": {
					"scale": [1, 0, 1]
				},
				"Leftouch": {
					"scale": [1, 0, 1]
				}
			}
		},
		"sleep": {
			"loop": true,
			"bones": {
				"body": {
					"rotation": [-92.5, -90, 0],
					"position": [-3, -3, -4]
				},
				"BodyUpper": {
					"rotation": [24.66569, 4.20854, -9.07947]
				},
				"neck": {
					"rotation": [62.13918, 8.86042, -4.65468]
				},
				"Head": {
					"rotation": [13.2593, 21.66818, -5.26519]
				},
				"Leftopen": {
					"scale": [1, 0, 1]
				},
				"Leftclose": {
					"scale": 1
				},
				"eyeRight": {
					"scale": 1
				},
				"Rightopen": {
					"scale": [1, 0, 1]
				},
				"Rightclose": {
					"scale": 1
				},
				"armRight": {
					"rotation": [10, 0, -25]
				},
				"armRightlower": {
					"rotation": [-60, 0, 0]
				},
				"bone": {
					"rotation": [27.5, 0, 0]
				},
				"armLeft": {
					"rotation": [39.02504, -9.57658, 11.59948]
				},
				"armLeftlower": {
					"rotation": [-72.5, 0, 0]
				},
				"legLeft": {
					"rotation": [45, 0, 0]
				},
				"LegleftBone1": {
					"rotation": [35, 0, 0]
				},
				"LegleftBone2": {
					"rotation": [-50, 0, 0]
				},
				"LegleftBone3": {
					"rotation": [25, 0, 0]
				},
				"Leglefthoof": {
					"rotation": [35, 0, 0]
				},
				"legRight": {
					"rotation": [21.97262, 24.82343, -11.43072]
				},
				"LegrightBone1": {
					"rotation": [45, 0, 0]
				},
				"LegrightBone2": {
					"rotation": [-55, 0, 0]
				},
				"LegrightBone3": {
					"rotation": [30, 0, 0]
				},
				"Legrighthoof4": {
					"rotation": [15, 0, 0]
				},
				"tail": {
					"rotation": [37.39621, 14.42052, 23.4066]
				},
				"tail1": {
					"rotation": [60.44484, 42.74723, 50.03608]
				},
				"tail2": {
					"rotation": [87.27358, -0.69471, 3.16243]
				},
				"tail3": {
					"rotation": [0, -62.5, 0]
				},
				"Rightouch": {
					"scale": [1, 0, 1]
				},
				"Leftouch": {
					"scale": [1, 0, 1]
				},
				"WingLeftClosed": {
					"scale": 1
				},
				"WingLeftOpen": {
					"scale": 0
				},
				"WingRightClosed": {
					"scale": 1
				},
				"WingRightOpen": {
					"scale": 0
				}
			}
		},
		"swim_stand": {
			"animation_length": 1.25,
			"bones": {
				"body": {
					"position": {
						"0.0": [0, -3.75, 0],
						"0.625": [0, -4.25, 0],
						"1.25": [0, -3.75, 0]
					}
				},
				"armRight": {
					"rotation": {
						"0.0": [26.69458, 6.86379, -13.36965],
						"0.25": [-49.15271, 3.43189, -6.68482],
						"0.625": [-5, 0, 0],
						"0.7083": [7.5, 0, 0],
						"0.9167": [48.34729, 3.43189, -6.68482],
						"1.25": [26.69458, 6.86379, -13.36965]
					},
					"position": {
						"0.0": [-0.5, 1, -1],
						"0.625": [0, 0, 0],
						"0.7083": [0, 0, 0],
						"1.25": [-0.5, 1, -1]
					}
				},
				"armRightlower": {
					"rotation": {
						"0.0": [-125, 0, 0],
						"0.25": [-6.25, 0, 0],
						"0.625": [22.5, 0, 0],
						"0.7083": [22.5, 0, 0],
						"0.9167": [-81.25, 0, 0],
						"1.25": [-125, 0, 0]
					}
				},
				"righthandhoof": {
					"rotation": {
						"0.0": [77.5, 0, 0],
						"0.2917": [2.5, 0, 0],
						"0.625": [54.17, 0, 0],
						"1.25": [77.5, 0, 0]
					}
				},
				"armLeft": {
					"rotation": {
						"0.0": [-5, 0, 0],
						"0.0417": [7.5, 0, 0],
						"0.25": [48.34729, -3.43189, 6.68482],
						"0.5833": [26.69458, -6.86379, 13.36965],
						"0.625": [26.69458, -6.86379, 13.36965],
						"0.875": [-49.15271, -3.43189, 6.68482],
						"1.25": [-5, 0, 0]
					},
					"position": {
						"0.0": [0, 0, 0],
						"0.0417": [0, 0, 0],
						"0.5833": [0.5, 1, -1],
						"0.625": [0.5, 1, -1],
						"1.25": [0, 0, 0]
					}
				},
				"armLeftlower": {
					"rotation": {
						"0.0": [22.5, 0, 0],
						"0.0417": [22.5, 0, 0],
						"0.25": [-81.25, 0, 0],
						"0.5833": [-125, 0, 0],
						"0.625": [-125, 0, 0],
						"0.875": [-6.25, 0, 0],
						"1.25": [22.5, 0, 0]
					}
				},
				"lefthandhoof": {
					"rotation": {
						"0.0": [54.17, 0, 0],
						"0.625": [77.5, 0, 0],
						"0.9167": [2.5, 0, 0],
						"1.25": [54.17, 0, 0]
					}
				},
				"legLeft": {
					"rotation": {
						"0.0": [-56.77923, -8.39114, -5.45915],
						"0.25": [3.73577, 0.3266, -4.98935],
						"0.5833": [-36.63399, -4.49177, -6.01233],
						"0.875": [-82.47168, -4.95712, -0.65426],
						"1.2083": [-69.29787, -4.67864, -1.76559],
						"1.25": [-56.77923, -8.39114, -5.45915]
					}
				},
				"LegleftBone1": {
					"rotation": {
						"0.0": [4.38, 0, 0],
						"0.25": [-22.5, 0, 0],
						"0.5833": [91.25, 0, 0],
						"0.875": [125, 0, 0],
						"1.2083": [33.75, 0, 0],
						"1.25": [4.38, 0, 0]
					}
				},
				"LegleftBone2": {
					"rotation": {
						"0.0": [-20.63, 0, 0],
						"0.25": [27.5, 0, 0],
						"0.5833": [-88.75, 0, 0],
						"0.875": [-130, 0, 0],
						"1.2083": [-36.25, 0, 0],
						"1.25": [-20.63, 0, 0]
					}
				},
				"LegleftBone3": {
					"rotation": {
						"0.0": [26.11, 0, 0],
						"0.25": [27.5, 0, 0],
						"0.5833": [22.5, 0, 0],
						"1.25": [26.11, 0, 0]
					}
				},
				"Leglefthoof": {
					"rotation": {
						"0.0": [32.5, 0, 0],
						"0.2917": [50, 0, 0],
						"0.9167": [12.5, 0, 0],
						"1.25": [32.5, 0, 0]
					}
				},
				"legRight": {
					"rotation": {
						"0.0": [-36.63399, 4.49177, 6.01233],
						"0.25": [-82.47168, 4.95712, 0.65426],
						"0.5833": [-69.29787, 4.67864, 1.76559],
						"0.625": [-56.77923, 8.39114, 5.45915],
						"0.875": [3.73577, -0.3266, 4.98935],
						"1.2083": [-36.63399, 4.49177, 6.01233]
					}
				},
				"LegrightBone1": {
					"rotation": {
						"0.0": [91.25, 0, 0],
						"0.25": [125, 0, 0],
						"0.5833": [33.75, 0, 0],
						"0.625": [4.38, 0, 0],
						"0.875": [-22.5, 0, 0],
						"1.2083": [91.25, 0, 0]
					}
				},
				"LegrightBone2": {
					"rotation": {
						"0.0": [-88.75, 0, 0],
						"0.25": [-130, 0, 0],
						"0.5833": [-36.25, 0, 0],
						"0.625": [-20.63, 0, 0],
						"0.875": [27.5, 0, 0],
						"1.2083": [-88.75, 0, 0]
					}
				},
				"LegrightBone3": {
					"rotation": {
						"0.0": [22.5, 0, 0],
						"0.625": [26.11, 0, 0],
						"0.875": [27.5, 0, 0],
						"1.2083": [22.5, 0, 0]
					}
				},
				"Legrighthoof4": {
					"rotation": {
						"0.0": [77.5, 0, 0],
						"0.2917": [2.5, 0, 0],
						"0.625": [54.17, 0, 0]
					}
				},
				"tail1": {
					"rotation": {
						"0.0": [-16.4, 0, 0],
						"0.25": [-18, 0, 0],
						"0.875": [-14, 0, 0],
						"1.25": [-16.4, 0, 0]
					}
				},
				"tail2": {
					"rotation": {
						"0.0": [46.92998, 3.64565, -70.03144],
						"0.625": [46.78967, -8.395, -66.66481],
						"1.25": [46.92998, 3.64565, -70.03144]
					}
				},
				"tail3": {
					"rotation": {
						"0.0": [0, 34.64, 0],
						"0.25": [0, 42.5, 0],
						"0.8333": [0, 15, 0],
						"1.25": [0, 34.64, 0]
					}
				}
			}
		},
		"attacked": {
			"loop": true,
			"bones": {
				"Leftopen": {
					"scale": [1, 0, 1]
				},
				"Leftclose": {
					"scale": [1, 0, 1]
				},
				"Rightopen": {
					"scale": [1, 0, 1]
				},
				"Rightclose": {
					"scale": [1, 0, 1]
				},
				"Rightouch": {
					"scale": 1
				},
				"Leftouch": {
					"scale": 1
				}
			}
		},
		"pre_parallel0": {
			"animation_length": 3,
			"bones": {
				"Leftopen": {
					"scale": {
						"0.0": [1, 1, 1],
						"0.5": [1, 1, 1],
						"0.5417": [1, 0, 1],
						"0.625": [1, 0, 1],
						"0.6667": [1, 1, 1]
					}
				},
				"Leftclose": {
					"scale": {
						"0.0": [1, 0, 1],
						"0.5": [1, 0, 1],
						"0.5417": [1, 1, 1],
						"0.625": [1, 1, 1],
						"0.6667": [1, 0, 1]
					}
				},
				"Rightopen": {
					"scale": {
						"0.0": [1, 1, 1],
						"0.5": [1, 1, 1],
						"0.5417": [1, 0, 1],
						"0.625": [1, 0, 1],
						"0.6667": [1, 1, 1]
					}
				},
				"Rightclose": {
					"scale": {
						"0.0": [1, 0, 1],
						"0.5": [1, 0, 1],
						"0.5417": [1, 1, 1],
						"0.625": [1, 1, 1],
						"0.6667": [1, 0, 1]
					}
				},
				"Rightouch": {
					"scale": [1, 0, 1]
				},
				"Leftouch": {
					"scale": [1, 0, 1]
				},
				"WingLeftOpen": {
					"scale": 0
				},
				"WingRightOpen": {
					"scale": 0
				}
			}
		},
		"pre_parallel1": {
			"animation_length": 9.9583,
			"bones": {
				"LeftEyeP": {
					"position": {
						"0.0": [0, 0, 0],
						"5.125": [0, 0, 0],
						"5.25": [0, 0, 0.75],
						"7.4167": [0, 0, 0.75],
						"7.5417": [0, -0.25, 0],
						"9.8333": [0, -0.25, 0],
						"9.9583": [0, 0, 0]
					}
				},
				"RightEyeP": {
					"position": {
						"0.0": [0, 0, 0],
						"5.125": [0, 0, 0],
						"5.25": [0, 0.25, 0],
						"7.4167": [0, 0.25, 0],
						"7.5417": [0, -0.25, 0.75],
						"9.8333": [0, -0.25, 0.75],
						"9.9583": [0, 0, 0]
					}
				}
			}
		},
		"pre_parallel2": {
			"animation_length": 10,
			"bones": {
				"neck": {
					"rotation": {
						"0.0": [0, 0, 0],
						"0.4583": [0, -10, 0],
						"2.4167": [0, -10, 0],
						"2.8333": [-2.81797, 27.47162, -1.30078],
						"4.625": [-2.81797, 27.47162, -1.30078],
						"4.9583": [0, 0, 0]
					}
				}
			}
		},
		"pre_parallel3": {
			"animation_length": 5,
			"bones": {
				"earRight": {
					"rotation": {
						"0.0": [0, 0, 0],
						"1.5417": [0, 0, 0],
						"1.625": [37.24267, -30.59779, -83.81602],
						"1.7083": [0, 0, 0],
						"1.7917": [37.24267, -30.59779, -83.81602],
						"1.875": [0, 0, 0]
					}
				},
				"earLeft": {
					"rotation": {
						"3.0": [0, 0, 0],
						"3.0833": [-18.98558, 53.44638, 14.24782],
						"3.1667": [0, 0, 0]
					}
				}
			}
		},
		"pre_parallel4": {
			"animation_length": 5,
			"bones": {
				"earRight": {
					"rotation": [0, 0, 0]
				},
				"magic": {
					"scale": 0
				},
				"hornmagic": {
					"scale": 0
				},
				"magicLeft": {
					"scale": 0
				}
			}
		},
		"pre_parallel5": {
			"animation_length": 0.0417,
			"bones": {
				"LeftWaistLocator": {
					"scale": 0.65
				},
				"RightWaistLocator": {
					"scale": 0.65
				}
			}
		},
		"sit": {
			"animation_length": 3.0417,
			"bones": {
				"body": {
					"rotation": [-65, 0, 0],
					"position": [0, -7, 0]
				},
				"BodyUpper": {
					"rotation": {
						"0.0": [-10, 0, 0],
						"1.5": [-10.5, 0, 0],
						"2.9583": [-10, 0, 0]
					}
				},
				"neck": {
					"rotation": [80, 0, 0],
					"position": [0, -1.25, -0.75]
				},
				"armRight": {
					"rotation": [74.9453, 4.82922, -1.29717],
					"position": [0, 0, -1]
				},
				"armLeft": {
					"rotation": [74.9453, -4.82922, 1.29717],
					"position": [0, 0, -1]
				},
				"legLeft": {
					"rotation": [10.03793, -0.43399, -9.99067]
				},
				"LegleftBone1": {
					"rotation": [77.5, 0, 0]
				},
				"LegleftBone2": {
					"rotation": [-143.43866, -12.2403, 8.73739]
				},
				"LegleftBone3": {
					"rotation": [30, 0, 0]
				},
				"Leglefthoof": {
					"rotation": [60, 0, 0]
				},
				"legRight": {
					"rotation": [22.19157, -3.81024, 9.25249]
				},
				"LegrightBone1": {
					"rotation": [79.00203, 22.74008, 28.74861]
				},
				"LegrightBone2": {
					"rotation": [-148.17815, -9.54385, 8.11019]
				},
				"LegrightBone3": {
					"rotation": [27.5, 0, 0]
				},
				"Legrighthoof4": {
					"rotation": [82.24687, 9.53274, -3.03513],
					"position": [0, 0.25, -0.5]
				},
				"tail": {
					"rotation": [-7.19639, -23.21202, 20.46904]
				},
				"tail1": {
					"rotation": [-16.45782, -29.921, 25.00297]
				},
				"tail2": {
					"rotation": [14.03231, -17.49616, -0.66326]
				},
				"breatheblock": {
					"position": {
						"0.0": [0, 0, 0],
						"1.5": [0, -0.05, -0.1],
						"3.0417": [0, 0, 0]
					},
					"scale": {
						"0.0": [1, 1, 1],
						"1.5": [1, 1.05, 1.05],
						"3.0417": [1, 1, 1]
					}
				},
				"Head": {
					"position": [0, -0.25, 0]
				},
				"WingLeftClosed": {
					"scale": 1
				},
				"WingLeftOpen": {
					"scale": 0
				},
				"Leglefthoof4": {
					"rotation": [82.24687, 9.53274, -3.03513],
					"position": [0, 0.25, -0.5]
				},
				"WingRightClosed": {
					"scale": 1
				},
				"WingRightOpen": {
					"scale": 0
				}
			}
		},
		"chair": {
			"animation_length": 3.0417,
			"bones": {
				"DownBody": {
					"rotation": [-65, 0, 0],
					"position": [0, -7, 0]
				},
				"BodyUpper": {
					"rotation": {
						"0.0": [-10, 0, 0],
						"1.5": [-10.5, 0, 0],
						"2.9583": [-10, 0, 0]
					}
				},
				"neck": {
					"rotation": [80, 0, 0],
					"position": [0, -1.25, -0.75]
				},
				"armRight": {
					"rotation": [74.9453, 4.82922, -1.29717],
					"position": [0, 0, -1]
				},
				"armLeft": {
					"rotation": [74.9453, -4.82922, 1.29717],
					"position": [0, 0, -1]
				},
				"legLeft": {
					"rotation": [10.03793, -0.43399, -9.99067]
				},
				"LegleftBone1": {
					"rotation": [77.5, 0, 0]
				},
				"LegleftBone2": {
					"rotation": [-143.43866, -12.2403, 8.73739]
				},
				"LegleftBone3": {
					"rotation": [30, 0, 0]
				},
				"Leglefthoof": {
					"rotation": [60, 0, 0]
				},
				"legRight": {
					"rotation": [22.19157, -3.81024, 9.25249]
				},
				"LegrightBone1": {
					"rotation": [79.00203, 22.74008, 28.74861]
				},
				"LegrightBone2": {
					"rotation": [-148.17815, -9.54385, 8.11019]
				},
				"LegrightBone3": {
					"rotation": [27.5, 0, 0]
				},
				"Legrighthoof4": {
					"rotation": [82.24687, 9.53274, -3.03513],
					"position": [0, 0.25, -0.5]
				},
				"tail": {
					"rotation": [-7.19639, -23.21202, 20.46904]
				},
				"tail1": {
					"rotation": [-11.79965, -26.90173, 20.47047]
				},
				"tail2": {
					"rotation": [11.44947, 37.61619, 22.23578]
				},
				"breatheblock": {
					"position": {
						"0.0": [0, 0, 0],
						"1.5": [0, -0.05, -0.1],
						"3.0417": [0, 0, 0]
					},
					"scale": {
						"0.0": [1, 1, 1],
						"1.5": [1, 1.05, 1.05],
						"3.0417": [1, 1, 1]
					}
				},
				"tail3": {
					"rotation": [-24.56724, 17.42722, 11.56896]
				},
				"body": {
					"rotation": [-65, 0, 0],
					"position": [0, -7, 0]
				},
				"Head": {
					"position": [0, -0.25, 0]
				},
				"WingLeftClosed": {
					"scale": 1
				},
				"WingLeftOpen": {
					"scale": 0
				},
				"Leglefthoof4": {
					"rotation": [82.24687, 9.53274, -3.03513],
					"position": [0, 0.25, -0.5]
				},
				"WingRightClosed": {
					"scale": 1
				},
				"WingRightOpen": {
					"scale": 0
				}
			}
		},
		"boat": {
			"animation_length": 3.0417,
			"bones": {
				"DownBody": {
					"rotation": [-65, 0, 0],
					"position": [0, -7, 0]
				},
				"BodyUpper": {
					"rotation": {
						"0.0": [-10, 0, 0],
						"1.5": [-10.5, 0, 0],
						"2.9583": [-10, 0, 0]
					}
				},
				"neck": {
					"rotation": [80, 0, 0],
					"position": [0, -1.25, -0.75]
				},
				"armRight": {
					"rotation": [74.9453, 4.82922, -1.29717],
					"position": [0, 0, -1]
				},
				"armLeft": {
					"rotation": [74.9453, -4.82922, 1.29717],
					"position": [0, 0, -1]
				},
				"legLeft": {
					"rotation": [10.03793, -0.43399, -9.99067]
				},
				"LegleftBone1": {
					"rotation": [77.5, 0, 0]
				},
				"LegleftBone2": {
					"rotation": [-143.43866, -12.2403, 8.73739]
				},
				"LegleftBone3": {
					"rotation": [30, 0, 0]
				},
				"Leglefthoof": {
					"rotation": [60, 0, 0]
				},
				"legRight": {
					"rotation": [22.19157, -3.81024, 9.25249]
				},
				"LegrightBone1": {
					"rotation": [79.00203, 22.74008, 28.74861]
				},
				"LegrightBone2": {
					"rotation": [-148.17815, -9.54385, 8.11019]
				},
				"LegrightBone3": {
					"rotation": [27.5, 0, 0]
				},
				"Legrighthoof4": {
					"rotation": [82.24687, 9.53274, -3.03513],
					"position": [0, 0.25, -0.5]
				},
				"tail": {
					"rotation": [-7.19639, -23.21202, 20.46904]
				},
				"tail1": {
					"rotation": [-11.79965, -26.90173, 20.47047]
				},
				"tail2": {
					"rotation": [11.44947, 37.61619, 22.23578]
				},
				"breatheblock": {
					"position": {
						"0.0": [0, 0, 0],
						"1.5": [0, -0.05, -0.1],
						"3.0417": [0, 0, 0]
					},
					"scale": {
						"0.0": [1, 1, 1],
						"0.75": [1, 1.12, 1.03],
						"1.5": [1, 1.05, 1.05],
						"3.0417": [1, 1, 1]
					}
				},
				"tail3": {
					"rotation": [-24.56724, 17.42722, 11.56896]
				},
				"body": {
					"rotation": [-65, 0, 0],
					"position": [0, -7, 0]
				},
				"Head": {
					"position": [0, -0.25, 0]
				},
				"WingLeftClosed": {
					"scale": 1
				},
				"WingLeftOpen": {
					"scale": 0
				},
				"Leglefthoof4": {
					"rotation": [82.24687, 9.53274, -3.03513],
					"position": [0, 0.25, -0.5]
				},
				"WingRightClosed": {
					"scale": 1
				},
				"WingRightOpen": {
					"scale": 0
				}
			}
		},
		"gomoku": {
			"animation_length": 3.0417,
			"bones": {
				"body": {
					"rotation": [-65, 0, 0],
					"position": [0, -7, 0]
				},
				"BodyUpper": {
					"rotation": {
						"0.0": [-10, 0, 0],
						"1.5": [-10.5, 0, 0],
						"2.9583": [-10, 0, 0]
					}
				},
				"breatheblock": {
					"position": {
						"0.0": [0, 0, 0],
						"1.5": [0, -0.05, -0.1],
						"3.0417": [0, 0, 0]
					},
					"scale": {
						"0.0": [1, 1, 1],
						"1.5": [1, 1.05, 1.05],
						"3.0417": [1, 1, 1]
					}
				},
				"neck": {
					"rotation": [80, 0, 0]
				},
				"armRight": {
					"rotation": [74.9453, 4.82922, -1.29717],
					"position": [0, 0, -1]
				},
				"armLeft": {
					"rotation": [74.9453, -4.82922, 1.29717],
					"position": [0, 0, -1]
				},
				"legLeft": {
					"rotation": [10.03793, -0.43399, -9.99067]
				},
				"LegleftBone1": {
					"rotation": [77.5, 0, 0]
				},
				"LegleftBone2": {
					"rotation": [-143.43866, -12.2403, 8.73739]
				},
				"LegleftBone3": {
					"rotation": [30, 0, 0]
				},
				"Leglefthoof": {
					"rotation": [60, 0, 0]
				},
				"legRight": {
					"rotation": [22.19157, -3.81024, 9.25249]
				},
				"LegrightBone1": {
					"rotation": [79.00203, 22.74008, 28.74861]
				},
				"LegrightBone2": {
					"rotation": [-148.17815, -9.54385, 8.11019]
				},
				"LegrightBone3": {
					"rotation": [27.5, 0, 0]
				},
				"Legrighthoof4": {
					"rotation": [72.5, 0, 0]
				},
				"tail": {
					"rotation": [-7.19639, -23.21202, 20.46904]
				},
				"tail1": {
					"rotation": [-16.45782, -29.921, 25.00297]
				},
				"tail2": {
					"rotation": [14.03231, -17.49616, -0.66326]
				}
			}
		},
		"bookshelf": {
			"animation_length": 3.0417,
			"bones": {
				"body": {
					"rotation": [-65, 0, 0],
					"position": [0, -7, 0]
				},
				"BodyUpper": {
					"rotation": {
						"0.0": [-10, 0, 0],
						"1.5": [-10.5, 0, 0],
						"2.9583": [-10, 0, 0]
					}
				},
				"breatheblock": {
					"position": {
						"0.0": [0, 0, 0],
						"1.5": [0, -0.05, -0.1],
						"3.0417": [0, 0, 0]
					},
					"scale": {
						"0.0": [1, 1, 1],
						"1.5": [1, 1.05, 1.05],
						"3.0417": [1, 1, 1]
					}
				},
				"neck": {
					"rotation": [80, 0, 0]
				},
				"armRight": {
					"rotation": [74.9453, 4.82922, -1.29717],
					"position": [0, 0, -1]
				},
				"armLeft": {
					"rotation": [74.9453, -4.82922, 1.29717],
					"position": [0, 0, -1]
				},
				"legLeft": {
					"rotation": [10.03793, -0.43399, -9.99067]
				},
				"LegleftBone1": {
					"rotation": [77.5, 0, 0]
				},
				"LegleftBone2": {
					"rotation": [-143.43866, -12.2403, 8.73739]
				},
				"LegleftBone3": {
					"rotation": [30, 0, 0]
				},
				"Leglefthoof": {
					"rotation": [60, 0, 0]
				},
				"legRight": {
					"rotation": [22.19157, -3.81024, 9.25249]
				},
				"LegrightBone1": {
					"rotation": [79.00203, 22.74008, 28.74861]
				},
				"LegrightBone2": {
					"rotation": [-148.17815, -9.54385, 8.11019]
				},
				"LegrightBone3": {
					"rotation": [27.5, 0, 0]
				},
				"Legrighthoof4": {
					"rotation": [72.5, 0, 0]
				},
				"tail": {
					"rotation": [-7.19639, -23.21202, 20.46904]
				},
				"tail1": {
					"rotation": [-16.45782, -29.921, 25.00297]
				},
				"tail2": {
					"rotation": [14.03231, -17.49616, -0.66326]
				}
			}
		},
		"computer": {
			"animation_length": 3.0417,
			"bones": {
				"body": {
					"rotation": [-65, 0, 0],
					"position": [0, -7, 0]
				},
				"BodyUpper": {
					"rotation": {
						"0.0": [-10, 0, 0],
						"1.5": [-10.5, 0, 0],
						"2.9583": [-10, 0, 0]
					}
				},
				"breatheblock": {
					"position": {
						"0.0": [0, 0, 0],
						"1.5": [0, -0.05, -0.1],
						"3.0417": [0, 0, 0]
					},
					"scale": {
						"0.0": [1, 1, 1],
						"1.5": [1, 1.05, 1.05],
						"3.0417": [1, 1, 1]
					}
				},
				"neck": {
					"rotation": [80, 0, 0]
				},
				"armRight": {
					"rotation": [74.9453, 4.82922, -1.29717],
					"position": [0, 0, -1]
				},
				"armLeft": {
					"rotation": [74.9453, -4.82922, 1.29717],
					"position": [0, 0, -1]
				},
				"legLeft": {
					"rotation": [10.03793, -0.43399, -9.99067]
				},
				"LegleftBone1": {
					"rotation": [77.5, 0, 0]
				},
				"LegleftBone2": {
					"rotation": [-143.43866, -12.2403, 8.73739]
				},
				"LegleftBone3": {
					"rotation": [30, 0, 0]
				},
				"Leglefthoof": {
					"rotation": [60, 0, 0]
				},
				"legRight": {
					"rotation": [22.19157, -3.81024, 9.25249]
				},
				"LegrightBone1": {
					"rotation": [79.00203, 22.74008, 28.74861]
				},
				"LegrightBone2": {
					"rotation": [-148.17815, -9.54385, 8.11019]
				},
				"LegrightBone3": {
					"rotation": [27.5, 0, 0]
				},
				"Legrighthoof4": {
					"rotation": [72.5, 0, 0]
				},
				"tail": {
					"rotation": [-7.19639, -23.21202, 20.46904]
				},
				"tail1": {
					"rotation": [-16.45782, -29.921, 25.00297]
				},
				"tail2": {
					"rotation": [14.03231, -17.49616, -0.66326]
				}
			}
		},
		"keyboard": {
			"animation_length": 3.0417,
			"bones": {
				"body": {
					"rotation": [-65, 0, 0],
					"position": [0, -7, 0]
				},
				"BodyUpper": {
					"rotation": {
						"0.0": [-10, 0, 0],
						"1.5": [-10.5, 0, 0],
						"2.9583": [-10, 0, 0]
					}
				},
				"breatheblock": {
					"position": {
						"0.0": [0, 0, 0],
						"1.5": [0, -0.05, -0.1],
						"3.0417": [0, 0, 0]
					},
					"scale": {
						"0.0": [1, 1, 1],
						"1.5": [1, 1.05, 1.05],
						"3.0417": [1, 1, 1]
					}
				},
				"neck": {
					"rotation": [80, 0, 0]
				},
				"armRight": {
					"rotation": [74.9453, 4.82922, -1.29717],
					"position": [0, 0, -1]
				},
				"armLeft": {
					"rotation": [74.9453, -4.82922, 1.29717],
					"position": [0, 0, -1]
				},
				"legLeft": {
					"rotation": [10.03793, -0.43399, -9.99067]
				},
				"LegleftBone1": {
					"rotation": [77.5, 0, 0]
				},
				"LegleftBone2": {
					"rotation": [-143.43866, -12.2403, 8.73739]
				},
				"LegleftBone3": {
					"rotation": [30, 0, 0]
				},
				"Leglefthoof": {
					"rotation": [60, 0, 0]
				},
				"legRight": {
					"rotation": [22.19157, -3.81024, 9.25249]
				},
				"LegrightBone1": {
					"rotation": [79.00203, 22.74008, 28.74861]
				},
				"LegrightBone2": {
					"rotation": [-148.17815, -9.54385, 8.11019]
				},
				"LegrightBone3": {
					"rotation": [27.5, 0, 0]
				},
				"Legrighthoof4": {
					"rotation": [72.5, 0, 0]
				},
				"tail": {
					"rotation": [-7.19639, -23.21202, 20.46904]
				},
				"tail1": {
					"rotation": [-8.25164, -11.94505, 2.56853]
				},
				"tail2": {
					"rotation": [12.12679, 7.47228, 20.39417]
				},
				"tail3": {
					"rotation": [0, 15, 5]
				}
			}
		},
		"use_mainhand": {
			"animation_length": 0.1667,
			"bones": {
				"Head": {
					"rotation": {
						"0.0": [30, 0, 0],
						"0.1667": [0, 0, 0]
					}
				}
			}
		},
		"swing_hand": {
			"animation_length": 0.1667,
			"bones": {
				"Head": {
					"rotation": {
						"0.0": [30, 0, 0],
						"0.1667": [0, 0, 0]
					}
				}
			}
		},
		"use_offhand": {
			"animation_length": 0.3333,
			"bones": {
				"armLeft": {
					"rotation": {
						"0.0": [-19.44093, -5.73576, -11.12501],
						"0.1667": [-27.5, 0, 0],
						"0.3333": [-20.20884, 1.1089, 7.69403]
					}
				}
			}
		}
	}
}