{
	"format_version": "1.8.0",
	"animations": {
		"hold_mainhand:picnic_basket": {
			"loop": true,
			"bones": {
				"RightHandLocator": {
					"rotation": [-17.5, 0, 0]
				}
			}
		},
		"hold_mainhand:gohei": {
			"loop": true,
			"bones": {
				"RightHandLocator": {
					"rotation": [0, -92.5, 0],
					"position": [0, -0.75, -1.5]
				}
			}
		},
		"use_mainhand:gohei": {
			"animation_length": 1.1667,
			"bones": {
				"BodyUpper": {
					"rotation": {
						"0.0": [23.06745, -34.39275, 12.14787],
						"0.1667": [20.63, -29.63, 11.62],
						"0.3333": [-6.20207, 22.79067, 5.80841],
						"0.4167": [-7.48937, 40.16889, 3.37181],
						"0.6667": [-6.20207, 22.79067, 5.80841],
						"0.75": [-6.20207, 22.79067, 5.80841],
						"0.8333": [-5.3, 21.52, 5.49],
						"1.0": [1.89897, 11.39533, 2.90421],
						"1.1667": [0, 0, 0]
					}
				},
				"neck": {
					"rotation": {
						"0.0": [7.52615, -37.60991, 12.61143],
						"0.0833": [7.70596, -38.33949, 13.34956],
						"0.1667": [3.75326, -21.34971, -3.89737],
						"0.25": [0.0026, -5.08241, -20.4193],
						"0.3333": [-1.60757, 1.91486, -27.52687],
						"0.4167": [0.11735, 5.56959, -27.56436],
						"0.5833": [0.11735, 5.56959, -27.56436],
						"0.75": [0.11735, 5.56959, -27.56436],
						"0.9167": [2.65, 5.06, -26.03],
						"1.0": [22.94622, 0.95743, -13.76343],
						"1.1667": [7.52615, -37.60991, 12.61143]
					}
				},
				"Head": {
					"rotation": {
						"0.0": [-5.11429, -34.69693, 11.99513],
						"0.0833": [-5.12411, -35.60473, 12.05615],
						"0.1667": [-4.81088, -14.15231, 10.34065],
						"0.25": [-4.49872, 6.43309, 8.65545],
						"0.3333": [-4.36331, 15.29195, 7.92662],
						"0.4167": [21.84945, 31.67013, 24.69877],
						"0.5833": [21.85, 31.67, 24.7],
						"0.6667": [21.84945, 31.67013, 24.69877],
						"0.9167": [20.64, 28.79, 23.18],
						"1.1667": [0.06071, -20.09344, -2.70155]
					},
					"scale": {
						"0.0": [1.1, 0.9, 1],
						"0.4167": [0.9, 1.1, 1],
						"0.5833": [1, 1, 1]
					}
				},
				"RightHandLocator": {
					"rotation": {
						"0.0": [74.88443, -0.75155, -72.51564],
						"0.3333": [23.13603, -5.22051, -86.85769],
						"0.4167": [24.9203, 13.71001, -63.41051],
						"0.6667": [34.9203, 13.71001, -63.41051],
						"0.9167": [40.42, 17.4, -60.24],
						"1.1667": [145, 87.5, 0]
					},
					"position": [0, -0.75, -1.5]
				},
				"Leftopen": {
					"scale": {
						"0.0": [1, 0, 1],
						"0.6667": [1, 0, 1],
						"0.75": [1, 1, 1]
					}
				},
				"Leftclose": {
					"scale": [1, 0, 1]
				},
				"Leftouch": {
					"scale": {
						"0.0": [1, 1, 1],
						"0.6667": [1, 1, 1],
						"0.75": [1, 0, 1]
					}
				},
				"Rightopen": {
					"scale": {
						"0.0": [1, 0, 1],
						"0.6667": [1, 0, 1],
						"0.75": [1, 1, 1]
					}
				},
				"Rightclose": {
					"scale": [1, 0, 1]
				},
				"Rightouch": {
					"scale": {
						"0.0": [1, 1, 1],
						"0.6667": [1, 1, 1],
						"0.75": [1, 0, 1]
					}
				}
			}
		},
		"use_mainhand:bow": {
			"animation_length": 1,
			"bones": {
				"DownBody": {
					"rotation": [-80, 0, 0]
				},
				"BodyUpper": {
					"rotation": {
						"0.0": [-12.5, 0, 0],
						"1.0": [-4.3361, -11.73507, -69.55418]
					}
				},
				"neck": {
					"rotation": {
						"0.0": [92.30991, 0.95645, -22.48072],
						"1.0": [92.5, 0, 0]
					}
				},
				"Head": {
					"rotation": {
						"0.0": [0, 17.5, 0],
						"1.0": [0, 65, 0]
					}
				},
				"RightHandLocator": {
					"rotation": [-112.52843, 19.94497, -0.77665],
					"position": [-0.5, -2, -8]
				},
				"Leftopen": {
					"scale": [1, 0, 1]
				},
				"Leftclose": {
					"scale": [1, 0, 1]
				},
				"Leftouch": {
					"scale": 1
				},
				"RightEyeP": {
					"position": [0, -0.25, 0]
				},
				"armRight": {
					"rotation": {
						"0.0": [-180, 87.5, -190],
						"1.0": [-180, 82.5, -112.5]
					},
					"position": [-1, 1, -1]
				},
				"armRightlower": {
					"rotation": [15, 0, 0]
				},
				"righthandhoof": {
					"rotation": [45, 0, 0]
				},
				"armLeft": {
					"rotation": {
						"0.0": [0, -2.5, 0],
						"0.5": [-20.26461, -77.14878, 18.9196],
						"1.0": [-162.5, -77.5, 82.5]
					},
					"position": [1, 0, -1]
				},
				"armLeftlower": {
					"rotation": {
						"0.0": [44.10872, -84.41125, -26.49955],
						"0.5": [107.16965, -2.20645, -13.53644],
						"1.0": [170, 0, 0]
					}
				},
				"lefthandhoof": {
					"rotation": {
						"0.0": [47.5, 0, 0],
						"1.0": [32.5, 0, 0]
					}
				},
				"legLeft": {
					"rotation": [-15, 0, 0]
				},
				"legRight": {
					"rotation": [-15, 0, 0]
				},
				"body": {
					"rotation": [-82.5, 0, 0],
					"position": {
						"0.0": {
							"post": [0, 0, 0],
							"lerp_mode": "catmullrom"
						},
						"0.3": {
							"post": [0, -0.3, 0],
							"lerp_mode": "catmullrom"
						},
						"0.5": {
							"post": [0, 0, 0],
							"lerp_mode": "catmullrom"
						},
						"0.8": {
							"post": [0, -0.3, 0],
							"lerp_mode": "catmullrom"
						},
						"1.0": {
							"post": [0, 0, 0],
							"lerp_mode": "catmullrom"
						}
					}
				},
				"WingLeft": {
					"rotation": {
						"0.0": [30, 0, 0],
						"1.0": [17.5, 0, 42.5]
					},
					"position": {
						"0.0": [0, 0, 0],
						"0.8": [0.6, 2.6, -0.8],
						"1.0": [2, 2, -1]
					}
				},
				"WingLeftClosed": {
					"scale": 0
				},
				"WingLeftOpen": {
					"rotation": {
						"0.0": {
							"post": [0, 0, 42.92],
							"lerp_mode": "catmullrom"
						},
						"0.2": {
							"post": [0, 0, -55.83],
							"lerp_mode": "catmullrom"
						},
						"0.3": {
							"post": [0, 0, -82.5],
							"lerp_mode": "catmullrom"
						},
						"0.4": {
							"post": [0, 0, 32.5],
							"lerp_mode": "catmullrom"
						},
						"0.5": {
							"post": [0, 0, 42.92],
							"lerp_mode": "catmullrom"
						},
						"0.7": {
							"post": [0, 0, -55.83],
							"lerp_mode": "catmullrom"
						},
						"0.8": {
							"post": [0, 0, -82.5],
							"lerp_mode": "catmullrom"
						},
						"0.9": {
							"post": [0, 0, 32.5],
							"lerp_mode": "catmullrom"
						},
						"1.0": {
							"post": [0, 0, 72.5],
							"lerp_mode": "catmullrom"
						}
					},
					"scale": 1
				},
				"WingLeftMiddle": {
					"rotation": {
						"0.3": {
							"pre": [0, 0, 0],
							"post": [0, 0, 0],
							"lerp_mode": "catmullrom"
						},
						"0.4": {
							"post": [0, 0, 10],
							"lerp_mode": "catmullrom"
						},
						"0.5": {
							"post": [0, 0, 0],
							"lerp_mode": "catmullrom"
						},
						"0.8": {
							"post": [0, 0, 0],
							"lerp_mode": "catmullrom"
						},
						"0.9": {
							"post": [0, 0, 10],
							"lerp_mode": "catmullrom"
						},
						"1.0": {
							"post": [0, 0, 0],
							"lerp_mode": "catmullrom"
						}
					}
				},
				"WingLeftTop": {
					"rotation": {
						"0.0": {
							"post": [0, 0, 0],
							"lerp_mode": "catmullrom"
						},
						"0.1": {
							"post": [0, 0, 12.5],
							"lerp_mode": "catmullrom"
						},
						"0.2": {
							"post": [0, 0, 30],
							"lerp_mode": "catmullrom"
						},
						"0.3": {
							"post": [0, 0, 0],
							"lerp_mode": "catmullrom"
						},
						"0.4": {
							"post": [0, 0, -26.39],
							"lerp_mode": "catmullrom"
						},
						"0.5": {
							"post": [0, 0, 0],
							"lerp_mode": "catmullrom"
						},
						"0.6": {
							"post": [0, 0, 12.5],
							"lerp_mode": "catmullrom"
						},
						"0.7": {
							"post": [0, 0, 30],
							"lerp_mode": "catmullrom"
						},
						"0.8": {
							"post": [0, 0, 0],
							"lerp_mode": "catmullrom"
						},
						"0.9": {
							"post": [0, 0, -26.39],
							"lerp_mode": "catmullrom"
						},
						"1.0": {
							"post": [0, 0, 0],
							"lerp_mode": "catmullrom"
						}
					}
				},
				"WingLeftTip": {
					"rotation": {
						"0.0": {
							"post": [0, 0, 10],
							"lerp_mode": "catmullrom"
						},
						"0.2": {
							"post": [0, 0, 41.5],
							"lerp_mode": "catmullrom"
						},
						"0.3": {
							"post": [0, 0, 0],
							"lerp_mode": "catmullrom"
						},
						"0.4": {
							"post": [1.05981, 0.33395, -9.15725],
							"lerp_mode": "catmullrom"
						},
						"0.5": {
							"post": [0, 0, 10],
							"lerp_mode": "catmullrom"
						},
						"0.7": {
							"post": [0, 0, 41.5],
							"lerp_mode": "catmullrom"
						},
						"0.8": {
							"post": [0, 0, 0],
							"lerp_mode": "catmullrom"
						},
						"0.9": {
							"post": [1.05981, 0.33395, -9.15725],
							"lerp_mode": "catmullrom"
						},
						"1.0": {
							"post": [0, 0, 0],
							"lerp_mode": "catmullrom"
						}
					}
				},
				"WingRight": {
					"rotation": {
						"0.0": [56.33844, 8.64738, -15.27269],
						"1.0": [57.89218, -37.92888, 20.133]
					},
					"position": {
						"0.0": [-1, 2, 0],
						"1.0": [0, -1, -1]
					}
				},
				"WingRightClosed": {
					"scale": 0
				},
				"WingRightOpen": {
					"rotation": {
						"0.0": {
							"post": [0, 0, -42.92],
							"lerp_mode": "catmullrom"
						},
						"0.2": {
							"post": [0, 0, 55.83],
							"lerp_mode": "catmullrom"
						},
						"0.3": {
							"post": [0, 0, 82.5],
							"lerp_mode": "catmullrom"
						},
						"0.4": {
							"post": [0, 0, -32.5],
							"lerp_mode": "catmullrom"
						},
						"0.5": {
							"post": [0, 0, -42.92],
							"lerp_mode": "catmullrom"
						},
						"0.7": {
							"post": [0, 0, 55.83],
							"lerp_mode": "catmullrom"
						},
						"0.8": {
							"post": [0, 0, 82.5],
							"lerp_mode": "catmullrom"
						},
						"0.9": {
							"post": [0, 0, -32.5],
							"lerp_mode": "catmullrom"
						},
						"1.0": {
							"post": [0, 0, -72.5],
							"lerp_mode": "catmullrom"
						}
					},
					"scale": {
						"0.0": [1, 1, 1],
						"0.5": [1, 1, 1]
					}
				},
				"WingRightMiddle": {
					"rotation": {
						"0.0": {
							"post": [0, 0, 0],
							"lerp_mode": "catmullrom"
						},
						"0.3": {
							"post": [0, 0, 0],
							"lerp_mode": "catmullrom"
						},
						"0.4": {
							"post": [0, 0, -10],
							"lerp_mode": "catmullrom"
						},
						"0.5": {
							"post": [0, 0, 0],
							"lerp_mode": "catmullrom"
						},
						"0.8": {
							"post": [0, 0, 0],
							"lerp_mode": "catmullrom"
						},
						"0.9": {
							"post": [0, 0, -10],
							"lerp_mode": "catmullrom"
						},
						"1.0": {
							"post": [0, 0, 0],
							"lerp_mode": "catmullrom"
						}
					}
				},
				"WingRightTop": {
					"rotation": {
						"0.0": {
							"post": [0, 0, 0],
							"lerp_mode": "catmullrom"
						},
						"0.1": {
							"post": [0, 0, -12.5],
							"lerp_mode": "catmullrom"
						},
						"0.2": {
							"post": [0, 0, -30],
							"lerp_mode": "catmullrom"
						},
						"0.3": {
							"post": [0, 0, 0],
							"lerp_mode": "catmullrom"
						},
						"0.4": {
							"post": [0, 0, 26.39],
							"lerp_mode": "catmullrom"
						},
						"0.5": {
							"post": [0, 0, 0],
							"lerp_mode": "catmullrom"
						},
						"0.6": {
							"post": [0, 0, -12.5],
							"lerp_mode": "catmullrom"
						},
						"0.7": {
							"post": [0, 0, -30],
							"lerp_mode": "catmullrom"
						},
						"0.8": {
							"post": [0, 0, 0],
							"lerp_mode": "catmullrom"
						},
						"0.9": {
							"post": [0, 0, 26.39],
							"lerp_mode": "catmullrom"
						},
						"1.0": {
							"post": [0, 0, 0],
							"lerp_mode": "catmullrom"
						}
					}
				},
				"WingRightTip": {
					"rotation": {
						"0.0": {
							"post": [0, 0, -10],
							"lerp_mode": "catmullrom"
						},
						"0.2": {
							"post": [0, 0, -41.5],
							"lerp_mode": "catmullrom"
						},
						"0.3": {
							"post": [0, 0, 0],
							"lerp_mode": "catmullrom"
						},
						"0.4": {
							"post": [1.05981, -0.33395, 9.15725],
							"lerp_mode": "catmullrom"
						},
						"0.5": {
							"post": [0, 0, -10],
							"lerp_mode": "catmullrom"
						},
						"0.7": {
							"post": [0, 0, -41.5],
							"lerp_mode": "catmullrom"
						},
						"0.8": {
							"post": [0, 0, 0],
							"lerp_mode": "catmullrom"
						},
						"0.9": {
							"post": [1.05981, -0.33395, 9.15725],
							"lerp_mode": "catmullrom"
						},
						"1.0": {
							"post": [0, 0, 0],
							"lerp_mode": "catmullrom"
						}
					}
				},
				"LegrightBone1": {
					"rotation": [82.5, 0, 0]
				},
				"LegrightBone2": {
					"rotation": [-85, 0, 0]
				},
				"LegrightBone3": {
					"rotation": [32.5, 0, 0]
				},
				"Legrighthoof4": {
					"rotation": [25, 0, 0]
				},
				"LegleftBone1": {
					"rotation": [92.5, 0, 0]
				},
				"LegleftBone2": {
					"rotation": [-90, 0, 0]
				},
				"LegleftBone3": {
					"rotation": [32.5, 0, 0]
				},
				"Leglefthoof4": {
					"rotation": [24.97911, 1.05627, -2.26603]
				}
			}
		},
		"use_mainhand:eat": {
			"animation_length": 0.9167,
			"bones": {
				"neck": {
					"rotation": {
						"0.0": [7.5, 0, 0],
						"0.125": [32.5, 0, 0],
						"0.25": [7.5, 0, 0],
						"0.375": [32.5, 0, 0],
						"0.5417": [7.5, 0, 0],
						"0.6667": [32.5, 0, 0],
						"0.7917": [7.5, 0, 0],
						"0.9167": [32.5, 0, 0]
					}
				},
				"Head": {
					"rotation": {
						"0.0": [0, 0, 0],
						"0.125": [-15, 0, 0],
						"0.25": [0, 0, 0],
						"0.375": [-15, 0, 0],
						"0.5417": [0, 0, 0],
						"0.6667": [-15, 0, 0],
						"0.7917": [0, 0, 0],
						"0.9167": [-15, 0, 0]
					}
				}
			}
		},
		"use_mainhand:drink": {
			"animation_length": 1.0833,
			"bones": {
				"neck": {
					"rotation": [-15, 0, 0]
				},
				"Head": {
					"rotation": [-35, 0, 0],
					"position": {
						"0.0": [0, 0.25, -0.25],
						"0.1667": [0, -0.25, 0.25],
						"0.2917": [0, 0.25, -0.25],
						"0.4583": [0, -0.25, 0.25],
						"0.625": [0, 0.25, -0.25],
						"0.7917": [0, -0.25, 0.25],
						"0.9167": [0, 0.25, -0.25],
						"1.0833": [0, -0.25, 0.25]
					}
				},
				"RightHandLocator": {
					"rotation": [-12.5, 0, 0]
				}
			}
		},
		"use_mainhand:crossbow": {
			"animation_length": 1,
			"bones": {
				"DownBody": {
					"rotation": [-80, 0, 0]
				},
				"BodyUpper": {
					"rotation": {
						"0.0": [-12.5, 0, 0],
						"1.0": [-4.3361, -11.73507, -69.55418]
					}
				},
				"neck": {
					"rotation": {
						"0.0": [92.30991, 0.95645, -22.48072],
						"1.0": [92.5, 0, 0]
					}
				},
				"Head": {
					"rotation": {
						"0.0": [0, 17.5, 0],
						"1.0": [0, 65, 0]
					}
				},
				"RightHandLocator": {
					"rotation": [-105.17675, -0.03789, -1.62175],
					"position": [-0.5, -7, -8]
				},
				"Leftopen": {
					"scale": [1, 0, 1]
				},
				"Leftclose": {
					"scale": [1, 0, 1]
				},
				"Leftouch": {
					"scale": 1
				},
				"RightEyeP": {
					"position": [0, -0.25, 0]
				},
				"armRight": {
					"rotation": {
						"0.0": [-180, 87.5, -190],
						"1.0": [-180, 82.5, -112.5]
					},
					"position": [-1, 1, -1]
				},
				"armRightlower": {
					"rotation": [15, 0, 0]
				},
				"righthandhoof": {
					"rotation": [45, 0, 0]
				},
				"armLeft": {
					"rotation": {
						"0.0": [-34.95301, 62.61651, -22.75331],
						"1.0": [-49.50028, 19.02911, 19.29944]
					},
					"position": [1, 0, -1]
				},
				"armLeftlower": {
					"rotation": {
						"0.0": [44.10872, -84.41125, -26.49955],
						"1.0": [106.60872, -84.41125, -26.49955]
					}
				},
				"lefthandhoof": {
					"rotation": [47.5, 0, 0]
				},
				"legLeft": {
					"rotation": [-15, 0, 0]
				},
				"legRight": {
					"rotation": [-15, 0, 0]
				},
				"body": {
					"rotation": [-80, 0, 0],
					"position": {
						"0.0": {
							"post": [0, 0, 0],
							"lerp_mode": "catmullrom"
						},
						"0.3": {
							"post": [0, -0.3, 0],
							"lerp_mode": "catmullrom"
						},
						"0.5": {
							"post": [0, 0, 0],
							"lerp_mode": "catmullrom"
						},
						"0.8": {
							"post": [0, -0.3, 0],
							"lerp_mode": "catmullrom"
						},
						"1.0": {
							"post": [0, 0, 0],
							"lerp_mode": "catmullrom"
						}
					}
				},
				"WingLeft": {
					"rotation": {
						"0.0": [30, 0, 0],
						"1.0": [17.5, 0, 42.5]
					},
					"position": {
						"0.0": [0, 0, 0],
						"0.8": [0.6, 2.6, -0.8],
						"1.0": [2, 2, -1]
					}
				},
				"WingLeftClosed": {
					"scale": 0
				},
				"WingLeftOpen": {
					"rotation": {
						"0.0": {
							"post": [0, 0, 42.92],
							"lerp_mode": "catmullrom"
						},
						"0.2": {
							"post": [0, 0, -55.83],
							"lerp_mode": "catmullrom"
						},
						"0.3": {
							"post": [0, 0, -82.5],
							"lerp_mode": "catmullrom"
						},
						"0.4": {
							"post": [0, 0, 32.5],
							"lerp_mode": "catmullrom"
						},
						"0.5": {
							"post": [0, 0, 42.92],
							"lerp_mode": "catmullrom"
						},
						"0.7": {
							"post": [0, 0, -55.83],
							"lerp_mode": "catmullrom"
						},
						"0.8": {
							"post": [0, 0, -82.5],
							"lerp_mode": "catmullrom"
						},
						"0.9": {
							"post": [0, 0, 32.5],
							"lerp_mode": "catmullrom"
						},
						"1.0": {
							"post": [0, 0, 72.5],
							"lerp_mode": "catmullrom"
						}
					},
					"scale": 1
				},
				"WingLeftMiddle": {
					"rotation": {
						"0.3": {
							"pre": [0, 0, 0],
							"post": [0, 0, 0],
							"lerp_mode": "catmullrom"
						},
						"0.4": {
							"post": [0, 0, 10],
							"lerp_mode": "catmullrom"
						},
						"0.5": {
							"post": [0, 0, 0],
							"lerp_mode": "catmullrom"
						},
						"0.8": {
							"post": [0, 0, 0],
							"lerp_mode": "catmullrom"
						},
						"0.9": {
							"post": [0, 0, 10],
							"lerp_mode": "catmullrom"
						},
						"1.0": {
							"post": [0, 0, 0],
							"lerp_mode": "catmullrom"
						}
					}
				},
				"WingLeftTop": {
					"rotation": {
						"0.0": {
							"post": [0, 0, 0],
							"lerp_mode": "catmullrom"
						},
						"0.1": {
							"post": [0, 0, 12.5],
							"lerp_mode": "catmullrom"
						},
						"0.2": {
							"post": [0, 0, 30],
							"lerp_mode": "catmullrom"
						},
						"0.3": {
							"post": [0, 0, 0],
							"lerp_mode": "catmullrom"
						},
						"0.4": {
							"post": [0, 0, -26.39],
							"lerp_mode": "catmullrom"
						},
						"0.5": {
							"post": [0, 0, 0],
							"lerp_mode": "catmullrom"
						},
						"0.6": {
							"post": [0, 0, 12.5],
							"lerp_mode": "catmullrom"
						},
						"0.7": {
							"post": [0, 0, 30],
							"lerp_mode": "catmullrom"
						},
						"0.8": {
							"post": [0, 0, 0],
							"lerp_mode": "catmullrom"
						},
						"0.9": {
							"post": [0, 0, -26.39],
							"lerp_mode": "catmullrom"
						},
						"1.0": {
							"post": [0, 0, 0],
							"lerp_mode": "catmullrom"
						}
					}
				},
				"WingLeftTip": {
					"rotation": {
						"0.0": {
							"post": [0, 0, 10],
							"lerp_mode": "catmullrom"
						},
						"0.2": {
							"post": [0, 0, 41.5],
							"lerp_mode": "catmullrom"
						},
						"0.3": {
							"post": [0, 0, 0],
							"lerp_mode": "catmullrom"
						},
						"0.4": {
							"post": [1.05981, 0.33395, -9.15725],
							"lerp_mode": "catmullrom"
						},
						"0.5": {
							"post": [0, 0, 10],
							"lerp_mode": "catmullrom"
						},
						"0.7": {
							"post": [0, 0, 41.5],
							"lerp_mode": "catmullrom"
						},
						"0.8": {
							"post": [0, 0, 0],
							"lerp_mode": "catmullrom"
						},
						"0.9": {
							"post": [1.05981, 0.33395, -9.15725],
							"lerp_mode": "catmullrom"
						},
						"1.0": {
							"post": [0, 0, 0],
							"lerp_mode": "catmullrom"
						}
					}
				},
				"WingRight": {
					"rotation": {
						"0.0": [56.33844, 8.64738, -15.27269],
						"1.0": [57.89218, -37.92888, 20.133]
					},
					"position": {
						"0.0": [-1, 2, 0],
						"1.0": [0, -1, -1]
					}
				},
				"WingRightClosed": {
					"scale": 0
				},
				"WingRightOpen": {
					"rotation": {
						"0.0": {
							"post": [0, 0, -42.92],
							"lerp_mode": "catmullrom"
						},
						"0.2": {
							"post": [0, 0, 55.83],
							"lerp_mode": "catmullrom"
						},
						"0.3": {
							"post": [0, 0, 82.5],
							"lerp_mode": "catmullrom"
						},
						"0.4": {
							"post": [0, 0, -32.5],
							"lerp_mode": "catmullrom"
						},
						"0.5": {
							"post": [0, 0, -42.92],
							"lerp_mode": "catmullrom"
						},
						"0.7": {
							"post": [0, 0, 55.83],
							"lerp_mode": "catmullrom"
						},
						"0.8": {
							"post": [0, 0, 82.5],
							"lerp_mode": "catmullrom"
						},
						"0.9": {
							"post": [0, 0, -32.5],
							"lerp_mode": "catmullrom"
						},
						"1.0": {
							"post": [0, 0, -72.5],
							"lerp_mode": "catmullrom"
						}
					},
					"scale": {
						"0.0": [1, 1, 1],
						"0.5": [1, 1, 1]
					}
				},
				"WingRightMiddle": {
					"rotation": {
						"0.0": {
							"post": [0, 0, 0],
							"lerp_mode": "catmullrom"
						},
						"0.3": {
							"post": [0, 0, 0],
							"lerp_mode": "catmullrom"
						},
						"0.4": {
							"post": [0, 0, -10],
							"lerp_mode": "catmullrom"
						},
						"0.5": {
							"post": [0, 0, 0],
							"lerp_mode": "catmullrom"
						},
						"0.8": {
							"post": [0, 0, 0],
							"lerp_mode": "catmullrom"
						},
						"0.9": {
							"post": [0, 0, -10],
							"lerp_mode": "catmullrom"
						},
						"1.0": {
							"post": [0, 0, 0],
							"lerp_mode": "catmullrom"
						}
					}
				},
				"WingRightTop": {
					"rotation": {
						"0.0": {
							"post": [0, 0, 0],
							"lerp_mode": "catmullrom"
						},
						"0.1": {
							"post": [0, 0, -12.5],
							"lerp_mode": "catmullrom"
						},
						"0.2": {
							"post": [0, 0, -30],
							"lerp_mode": "catmullrom"
						},
						"0.3": {
							"post": [0, 0, 0],
							"lerp_mode": "catmullrom"
						},
						"0.4": {
							"post": [0, 0, 26.39],
							"lerp_mode": "catmullrom"
						},
						"0.5": {
							"post": [0, 0, 0],
							"lerp_mode": "catmullrom"
						},
						"0.6": {
							"post": [0, 0, -12.5],
							"lerp_mode": "catmullrom"
						},
						"0.7": {
							"post": [0, 0, -30],
							"lerp_mode": "catmullrom"
						},
						"0.8": {
							"post": [0, 0, 0],
							"lerp_mode": "catmullrom"
						},
						"0.9": {
							"post": [0, 0, 26.39],
							"lerp_mode": "catmullrom"
						},
						"1.0": {
							"post": [0, 0, 0],
							"lerp_mode": "catmullrom"
						}
					}
				},
				"WingRightTip": {
					"rotation": {
						"0.0": {
							"post": [0, 0, -10],
							"lerp_mode": "catmullrom"
						},
						"0.2": {
							"post": [0, 0, -41.5],
							"lerp_mode": "catmullrom"
						},
						"0.3": {
							"post": [0, 0, 0],
							"lerp_mode": "catmullrom"
						},
						"0.4": {
							"post": [1.05981, -0.33395, 9.15725],
							"lerp_mode": "catmullrom"
						},
						"0.5": {
							"post": [0, 0, -10],
							"lerp_mode": "catmullrom"
						},
						"0.7": {
							"post": [0, 0, -41.5],
							"lerp_mode": "catmullrom"
						},
						"0.8": {
							"post": [0, 0, 0],
							"lerp_mode": "catmullrom"
						},
						"0.9": {
							"post": [1.05981, -0.33395, 9.15725],
							"lerp_mode": "catmullrom"
						},
						"1.0": {
							"post": [0, 0, 0],
							"lerp_mode": "catmullrom"
						}
					}
				},
				"LegrightBone1": {
					"rotation": {
						"0.0": {
							"post": ["65.23+20", 0, 0],
							"lerp_mode": "catmullrom"
						},
						"0.1": {
							"post": ["62+20", 0, 0],
							"lerp_mode": "catmullrom"
						},
						"0.4": {
							"post": ["62.25+20", 0, 0],
							"lerp_mode": "catmullrom"
						},
						"0.5": {
							"post": ["65.23+20", 0, 0],
							"lerp_mode": "catmullrom"
						},
						"0.6": {
							"post": ["62+20", 0, 0],
							"lerp_mode": "catmullrom"
						},
						"0.9": {
							"post": ["62.25+20", 0, 0],
							"lerp_mode": "catmullrom"
						},
						"1.0": {
							"post": ["65.23+20", 0, 0],
							"lerp_mode": "catmullrom"
						}
					}
				},
				"LegrightBone2": {
					"rotation": [-85, 0, 0]
				},
				"LegrightBone3": {
					"rotation": [32.5, 0, 0]
				},
				"Legrighthoof4": {
					"rotation": {
						"0.0": {
							"post": ["65.23-10", 0, 0],
							"lerp_mode": "catmullrom"
						},
						"0.1": {
							"post": ["65-10", 0, 0],
							"lerp_mode": "catmullrom"
						},
						"0.4": {
							"post": ["62-10", 0, 0],
							"lerp_mode": "catmullrom"
						},
						"0.5": {
							"post": ["65.23-10", 0, 0],
							"lerp_mode": "catmullrom"
						},
						"0.6": {
							"post": ["65-10", 0, 0],
							"lerp_mode": "catmullrom"
						},
						"0.9": {
							"post": ["62-10", 0, 0],
							"lerp_mode": "catmullrom"
						},
						"1.0": {
							"post": ["65.23-10", 0, 0],
							"lerp_mode": "catmullrom"
						}
					}
				},
				"LegleftBone1": {
					"rotation": {
						"0.0": {
							"post": ["65.23+20", 0, 0],
							"lerp_mode": "catmullrom"
						},
						"0.1": {
							"post": ["62+20", 0, 0],
							"lerp_mode": "catmullrom"
						},
						"0.4": {
							"post": ["62.25+20", 0, 0],
							"lerp_mode": "catmullrom"
						},
						"0.5": {
							"post": ["65.23+20", 0, 0],
							"lerp_mode": "catmullrom"
						},
						"0.6": {
							"post": ["62+20", 0, 0],
							"lerp_mode": "catmullrom"
						},
						"0.9": {
							"post": ["62.25+20", 0, 0],
							"lerp_mode": "catmullrom"
						},
						"1.0": {
							"post": ["65.23+20", 0, 0],
							"lerp_mode": "catmullrom"
						}
					}
				},
				"LegleftBone2": {
					"rotation": [-90, 0, 0]
				},
				"LegleftBone3": {
					"rotation": [32.5, 0, 0]
				},
				"Leglefthoof4": {
					"rotation": {
						"0.0": {
							"post": ["65.23-10", 0, 0],
							"lerp_mode": "catmullrom"
						},
						"0.1": {
							"post": ["65-10", 0, 0],
							"lerp_mode": "catmullrom"
						},
						"0.4": {
							"post": ["62-10", 0, 0],
							"lerp_mode": "catmullrom"
						},
						"0.5": {
							"post": ["65.23-10", 0, 0],
							"lerp_mode": "catmullrom"
						},
						"0.6": {
							"post": ["65-10", 0, 0],
							"lerp_mode": "catmullrom"
						},
						"0.9": {
							"post": ["62-10", 0, 0],
							"lerp_mode": "catmullrom"
						},
						"1.0": {
							"post": ["65.23-10", 0, 0],
							"lerp_mode": "catmullrom"
						}
					}
				}
			}
		},
		"hold_mainhand:charged_crossbow": {
			"loop": true,
			"animation_length": 0.5,
			"bones": {
				"BodyUpper": {
					"rotation": [-4.3361, -11.73507, -69.55418]
				},
				"neck": {
					"rotation": [92.5, 0, 0]
				},
				"Head": {
					"rotation": [0, 65, 0]
				},
				"RightHandLocator": {
					"rotation": [-105.17675, -0.03789, -1.62175],
					"position": [-0.5, -7, -8]
				},
				"Leftopen": {
					"scale": [1, 0, 1]
				},
				"Leftclose": {
					"scale": [1, 0, 1]
				},
				"Leftouch": {
					"scale": 1
				},
				"armRight": {
					"rotation": [-180, 82.5, -112.5],
					"position": [-1, 1, -1]
				},
				"armRightlower": {
					"rotation": [15, 0, 0]
				},
				"righthandhoof": {
					"rotation": [45, 0, 0]
				},
				"armLeft": {
					"rotation": [-49.50028, 19.02911, 19.29944],
					"position": [1, 0, -1]
				},
				"armLeftlower": {
					"rotation": [106.60872, -84.41125, -26.49955]
				},
				"lefthandhoof": {
					"rotation": [47.5, 0, 0]
				},
				"legLeft": {
					"rotation": [-15, 0, 0]
				},
				"legRight": {
					"rotation": [-15, 0, 0]
				},
				"body": {
					"rotation": [-80, 0, 0],
					"position": {
						"0.0": {
							"post": [0, 0, 0],
							"lerp_mode": "catmullrom"
						},
						"0.3021": {
							"post": [0, -0.3, 0],
							"lerp_mode": "catmullrom"
						},
						"0.5": {
							"post": [0, 0, 0],
							"lerp_mode": "catmullrom"
						}
					}
				},
				"WingLeft": {
					"rotation": [17.5, 0, 42.5],
					"position": [2, 2, -1]
				},
				"WingLeftClosed": {
					"scale": 0
				},
				"WingLeftOpen": {
					"rotation": {
						"0.0": {
							"post": [0, 0, 72.5],
							"lerp_mode": "catmullrom"
						},
						"0.0417": {
							"post": [0, 0, 42.92],
							"lerp_mode": "catmullrom"
						},
						"0.1667": {
							"post": [0, 0, -55.83],
							"lerp_mode": "catmullrom"
						},
						"0.25": {
							"post": [0, 0, -82.5],
							"lerp_mode": "catmullrom"
						},
						"0.3646": {
							"post": [0, 0, 32.5],
							"lerp_mode": "catmullrom"
						},
						"0.5": {
							"post": [0, 0, 72.5],
							"lerp_mode": "catmullrom"
						}
					},
					"scale": 1
				},
				"WingLeftMiddle": {
					"rotation": {
						"0.0": {
							"post": [0, 0, 0],
							"lerp_mode": "catmullrom"
						},
						"0.2708": {
							"post": [0, 0, 0],
							"lerp_mode": "catmullrom"
						},
						"0.3646": {
							"post": [0, 0, 10],
							"lerp_mode": "catmullrom"
						},
						"0.5": {
							"post": [0, 0, 0],
							"lerp_mode": "catmullrom"
						}
					}
				},
				"WingLeftTop": {
					"rotation": {
						"0.0": {
							"post": [0, 0, 0],
							"lerp_mode": "catmullrom"
						},
						"0.0833": {
							"post": [0, 0, 12.5],
							"lerp_mode": "catmullrom"
						},
						"0.1667": {
							"post": [0, 0, 30],
							"lerp_mode": "catmullrom"
						},
						"0.25": {
							"post": [0, 0, 0],
							"lerp_mode": "catmullrom"
						},
						"0.3646": {
							"post": [0, 0, -65],
							"lerp_mode": "catmullrom"
						},
						"0.4375": {
							"post": [0, 0, -26.39],
							"lerp_mode": "catmullrom"
						},
						"0.5": {
							"post": [0, 0, 0],
							"lerp_mode": "catmullrom"
						}
					}
				},
				"WingLeftTip": {
					"rotation": {
						"0.0": {
							"post": [0, 0, 0],
							"lerp_mode": "catmullrom"
						},
						"0.0417": {
							"post": [0, 0, 10],
							"lerp_mode": "catmullrom"
						},
						"0.1667": {
							"post": [0, 0, 41.5],
							"lerp_mode": "catmullrom"
						},
						"0.25": {
							"post": [0, 0, 0],
							"lerp_mode": "catmullrom"
						},
						"0.3646": {
							"post": [2.04831, 1.43364, -59.97437],
							"lerp_mode": "catmullrom"
						},
						"0.4375": {
							"post": [1.05981, 0.33395, -9.15725],
							"lerp_mode": "catmullrom"
						},
						"0.5": {
							"post": [0, 0, 0],
							"lerp_mode": "catmullrom"
						}
					}
				},
				"WingRight": {
					"rotation": [57.89218, -37.92888, 20.133],
					"position": [0, -1, -1]
				},
				"WingRightClosed": {
					"scale": 0
				},
				"WingRightOpen": {
					"rotation": {
						"0.0": {
							"post": [0, 0, -72.5],
							"lerp_mode": "catmullrom"
						},
						"0.0417": {
							"post": [0, 0, -42.92],
							"lerp_mode": "catmullrom"
						},
						"0.1667": {
							"post": [0, 0, 55.83],
							"lerp_mode": "catmullrom"
						},
						"0.25": {
							"post": [0, 0, 82.5],
							"lerp_mode": "catmullrom"
						},
						"0.3646": {
							"post": [0, 0, -32.5],
							"lerp_mode": "catmullrom"
						},
						"0.5": {
							"post": [0, 0, -72.5],
							"lerp_mode": "catmullrom"
						}
					},
					"scale": 1
				},
				"WingRightMiddle": {
					"rotation": {
						"0.0": {
							"post": [0, 0, 0],
							"lerp_mode": "catmullrom"
						},
						"0.2708": {
							"post": [0, 0, 0],
							"lerp_mode": "catmullrom"
						},
						"0.3646": {
							"post": [0, 0, -10],
							"lerp_mode": "catmullrom"
						},
						"0.5": {
							"post": [0, 0, 0],
							"lerp_mode": "catmullrom"
						}
					}
				},
				"WingRightTop": {
					"rotation": {
						"0.0": {
							"post": [0, 0, 0],
							"lerp_mode": "catmullrom"
						},
						"0.0833": {
							"post": [0, 0, -12.5],
							"lerp_mode": "catmullrom"
						},
						"0.1667": {
							"post": [0, 0, -30],
							"lerp_mode": "catmullrom"
						},
						"0.25": {
							"post": [0, 0, 0],
							"lerp_mode": "catmullrom"
						},
						"0.3646": {
							"post": [0, 0, 65],
							"lerp_mode": "catmullrom"
						},
						"0.4375": {
							"post": [0, 0, 26.39],
							"lerp_mode": "catmullrom"
						},
						"0.5": {
							"post": [0, 0, 0],
							"lerp_mode": "catmullrom"
						}
					}
				},
				"WingRightTip": {
					"rotation": {
						"0.0": {
							"post": [0, 0, 0],
							"lerp_mode": "catmullrom"
						},
						"0.0417": {
							"post": [0, 0, -10],
							"lerp_mode": "catmullrom"
						},
						"0.1667": {
							"post": [0, 0, -41.5],
							"lerp_mode": "catmullrom"
						},
						"0.25": {
							"post": [0, 0, 0],
							"lerp_mode": "catmullrom"
						},
						"0.3646": {
							"post": [2.04831, -1.43364, 59.97437],
							"lerp_mode": "catmullrom"
						},
						"0.4375": {
							"post": [1.05981, -0.33395, 9.15725],
							"lerp_mode": "catmullrom"
						},
						"0.5": {
							"post": [0, 0, 0],
							"lerp_mode": "catmullrom"
						}
					}
				},
				"LegrightBone1": {
					"rotation": {
						"0.0": {
							"post": ["65.23+20", 0, 0],
							"lerp_mode": "catmullrom"
						},
						"0.1354": {
							"post": ["62+20", 0, 0],
							"lerp_mode": "catmullrom"
						},
						"0.375": {
							"post": ["62.25+20", 0, 0],
							"lerp_mode": "catmullrom"
						},
						"0.5": {
							"post": ["65.23+20", 0, 0],
							"lerp_mode": "catmullrom"
						}
					}
				},
				"LegrightBone2": {
					"rotation": [-85, 0, 0]
				},
				"LegrightBone3": {
					"rotation": [32.5, 0, 0]
				},
				"Legrighthoof4": {
					"rotation": {
						"0.0": {
							"post": ["65.23-10", 0, 0],
							"lerp_mode": "catmullrom"
						},
						"0.1458": {
							"post": ["65-10", 0, 0],
							"lerp_mode": "catmullrom"
						},
						"0.3646": {
							"post": ["62-10", 0, 0],
							"lerp_mode": "catmullrom"
						},
						"0.5": {
							"post": ["65.23-10", 0, 0],
							"lerp_mode": "catmullrom"
						}
					}
				},
				"LegleftBone1": {
					"rotation": {
						"0.0": {
							"post": ["65.23+20", 0, 0],
							"lerp_mode": "catmullrom"
						},
						"0.1354": {
							"post": ["62+20", 0, 0],
							"lerp_mode": "catmullrom"
						},
						"0.375": {
							"post": ["62.25+20", 0, 0],
							"lerp_mode": "catmullrom"
						},
						"0.5": {
							"post": ["65.23+20", 0, 0],
							"lerp_mode": "catmullrom"
						}
					}
				},
				"LegleftBone2": {
					"rotation": [-90, 0, 0]
				},
				"LegleftBone3": {
					"rotation": [32.5, 0, 0]
				},
				"Leglefthoof4": {
					"rotation": {
						"0.0": {
							"post": ["65.23-10", 0, 0],
							"lerp_mode": "catmullrom"
						},
						"0.1458": {
							"post": ["65-10", 0, 0],
							"lerp_mode": "catmullrom"
						},
						"0.3646": {
							"post": ["62-10", 0, 0],
							"lerp_mode": "catmullrom"
						},
						"0.5": {
							"post": ["65.23-10", 0, 0],
							"lerp_mode": "catmullrom"
						}
					}
				}
			}
		},
		"hold_mainhand:crossbow": {
			"loop": true,
			"bones": {
				"RightHandLocator": {
					"rotation": [-39.93289, 59.93255, 53.25655],
					"position": [1, -2.5, -3.5]
				}
			}
		},
		"use_mainhand:shield": {
			"animation_length": 2,
			"bones": {
				"RightHandLocator": {
					"rotation": [96.14436, -71.0069, -22.48839],
					"position": {
						"0.0": [-5, 0, -5],
						"1.0": [-5, 1, -5],
						"2.0": [-5, 0, -5]
					}
				},
				"magic": {
					"rotation": [90, -2.5, -90],
					"position": [-3.5, 2.5, 3],
					"scale": [2.3, 2.1, 2.3]
				},
				"hornmagic": {
					"position": {
						"0.0": [0, 0.5, 0],
						"1.0": [0, 0, 0],
						"2.0": [0, 0.5, 0]
					},
					"scale": 1
				}
			}
		},
		"swing:sword": {
			"animation_length": 1.25,
			"bones": {
				"BodyUpper": {
					"rotation": {
						"0.0": [23.06745, -34.39275, 12.14787],
						"0.125": [20.63, -29.63, 11.62],
						"0.3333": [-6.20207, 22.79067, 5.80841],
						"0.4583": [-7.48937, 40.16889, 3.37181],
						"0.625": [-6.20207, 22.79067, 5.80841],
						"0.75": [-6.20207, 22.79067, 5.80841],
						"0.8542": [-5.3, 21.52, 5.49],
						"1.0": [1.89897, 11.39533, 2.90421],
						"1.125": [0, 0, 0]
					}
				},
				"neck": {
					"rotation": {
						"0.0": [7.5, -37.5, 12.5],
						"0.0208": [7.52615, -37.60991, 12.61143],
						"0.0417": [7.62837, -38.03939, 13.04684],
						"0.0625": [8.14706, -40.21109, 15.24809],
						"0.0833": [7.99782, -39.5744, 14.60203],
						"0.1042": [7.70596, -38.33949, 13.34956],
						"0.125": [7.37, -36.92, 11.91],
						"0.1458": [6.33302, -32.48842, 7.41282],
						"0.1667": [5.58263, -29.25686, 4.13199],
						"0.1875": [4.71062, -25.49138, 0.30852],
						"0.2083": [3.75326, -21.34971, -3.89737],
						"0.2292": [1.76371, -12.72693, -12.65477],
						"0.25": [0.83078, -8.67848, -16.7667],
						"0.2708": [0.0026, -5.08241, -20.4193],
						"0.2917": [-0.68103, -2.11253, -23.43594],
						"0.3125": [-1.50209, 1.45618, -27.06095],
						"0.3333": [-1.60757, 1.91486, -27.52687],
						"0.3958": [-1.65887, 14.40982, -27.88607],
						"0.4583": [0.11735, 5.56959, -27.56436],
						"0.5417": [0.11735, 5.56959, -27.56436],
						"0.75": [0.11735, 5.56959, -27.56436],
						"0.9375": [2.65, 5.06, -26.03],
						"1.0": [22.94622, 0.95743, -13.76343],
						"1.125": [7.52615, -37.60991, 12.61143]
					}
				},
				"Head": {
					"rotation": {
						"0.0": [-5.11247, -34.55892, 11.98476],
						"0.0208": [-5.11429, -34.69693, 11.99513],
						"0.0417": [-5.12138, -35.23615, 12.03561],
						"0.0625": [-5.15657, -37.9604, 12.23802],
						"0.0833": [-5.14523, -37.15794, 12.17513],
						"0.1042": [-5.12411, -35.60473, 12.05615],
						"0.125": [-5.1, -33.82, 11.92],
						"0.1458": [-5.02045, -28.23234, 11.48002],
						"0.1667": [-4.96035, -24.15004, 11.15192],
						"0.1875": [-4.88948, -19.39012, 10.76664],
						"0.2083": [-4.81088, -14.15231, 10.34065],
						"0.2292": [-4.64594, -3.24257, 9.4492],
						"0.25": [-4.56807, 1.88119, 9.02917],
						"0.2708": [-4.49872, 6.43309, 8.65545],
						"0.2917": [-4.44133, 10.19279, 8.34639],
						"0.3125": [-4.37221, 14.71115, 7.97448],
						"0.3333": [-4.36331, 15.29195, 7.92662],
						"0.3958": [9.40725, 37.87404, 25.23673],
						"0.4583": [21.84945, 31.67013, 24.69877],
						"0.5417": [21.85, 31.67, 24.7],
						"0.6875": [21.84945, 31.67013, 24.69877],
						"0.9375": [20.64, 28.79, 23.18],
						"1.125": [0.06071, -20.09344, -2.70155]
					},
					"scale": {
						"0.0": [1.1, 0.9, 1],
						"0.4167": [0.9, 1.1, 1],
						"0.5417": [1, 1, 1]
					}
				},
				"RightHandLocator": {
					"rotation": {
						"0.0": [74.88443, -0.75155, -72.51564],
						"0.3333": [23.13603, -5.22051, -86.85769],
						"0.4167": [22.83247, -2.756, -82.49636],
						"0.4583": [24.9203, 13.71001, -63.41051],
						"0.6875": [34.9203, 13.71001, -63.41051],
						"0.9375": [40.42, 17.4, -60.24],
						"1.125": [145, 87.5, 0]
					},
					"position": [0, -0.75, -1.5]
				},
				"Leftopen": {
					"scale": {
						"0.0": [1, 0, 1],
						"0.7292": [1, 0, 1],
						"0.75": [1, 1, 1]
					}
				},
				"Leftclose": {
					"scale": [1, 0, 1]
				},
				"Leftouch": {
					"scale": {
						"0.0": [1, 1, 1],
						"0.7292": [1, 1, 1],
						"0.75": [1, 0, 1]
					}
				},
				"Rightopen": {
					"scale": {
						"0.0": [1, 0, 1],
						"0.7292": [1, 0, 1],
						"0.75": [1, 1, 1]
					}
				},
				"Rightclose": {
					"scale": [1, 0, 1]
				},
				"Rightouch": {
					"scale": {
						"0.0": [1, 1, 1],
						"0.7292": [1, 1, 1],
						"0.75": [1, 0, 1]
					}
				}
			}
		},
		"hold_mainhand:sword": {
			"loop": true,
			"bones": {
				"RightHandLocator": {
					"rotation": [-165, -87.5, -180],
					"position": [0, -0.75, -1.5]
				},
				"Head": {
					"rotation": [1.87797, -33.90261, 12.16071]
				},
				"LeftEyeP": {
					"position": [0, 0, 0]
				},
				"RightEyeP": {
					"position": [0, 0, 1]
				}
			}
		},
		"hold_mainhand:bow": {
			"loop": true,
			"bones": {
				"RightHandLocator": {
					"rotation": [75.21994, 19.82169, -82.02468],
					"position": [0, -1.75, -3.5]
				}
			}
		},
		"hold_mainhand:spear": {
			"loop": true,
			"bones": {
				"RightHandLocator": {
					"rotation": [0, -92.5, 0],
					"position": [0, -0.75, -1.5]
				}
			}
		},
		"hold_mainhand:pickaxe": {
			"loop": true,
			"bones": {
				"RightHandLocator": {
					"rotation": [0, -92.5, 0],
					"position": [0, -0.75, -1.5]
				}
			}
		},
		"hold_mainhand:shovel": {
			"loop": true,
			"bones": {
				"RightHandLocator": {
					"rotation": [0, -92.5, 0],
					"position": [0, -0.75, -1.5]
				}
			}
		},
		"hold_mainhand:hoe": {
			"loop": true,
			"bones": {
				"RightHandLocator": {
					"rotation": [0, -92.5, 0],
					"position": [0, -0.75, -1.5]
				}
			}
		},
		"hold_mainhand:axe": {
			"loop": true,
			"bones": {
				"RightHandLocator": {
					"rotation": [0, -92.5, 0],
					"position": [0, -0.75, -1.5]
				}
			}
		},
		"hold_mainhand:shield": {
			"loop": true,
			"bones": {
				"RightHandLocator": {
					"rotation": [90.51813, -74.20678, -103.6768],
					"position": [0, -4.5, -4]
				},
				"magic": {
					"rotation": [90, -2.5, -90],
					"position": [-3.5, 2.5, 3]
				}
			}
		},
		"use_offhand:eat": {
			"animation_length": 0.9167,
			"bones": {
				"LeftHandLocator": {
					"position": [0, -3, -10]
				},
				"neck": {
					"rotation": [17.5, 0, 0]
				},
				"Head": {
					"rotation": {
						"0.0": [10, 0, 0],
						"0.125": [0, 0, 0],
						"0.25": [10, 0, 0],
						"0.375": [0, 0, 0],
						"0.5417": [10, 0, 0],
						"0.6667": [0, 0, 0],
						"0.7917": [10, 0, 0],
						"0.9167": [0, 0, 0]
					}
				},
				"RightHandLocator": {
					"rotation": [-27.5, 0, 0],
					"position": [0, -5, 10]
				},
				"armLeft": {
					"rotation": [-134.56754, -7.64427, 173.53365]
				},
				"armLeftlower": {
					"rotation": [105, 0, 0]
				},
				"lefthandhoof": {
					"rotation": [22.5, 0, 0]
				}
			}
		},
		"use_offhand:drink": {
			"loop": true
		},
		"use_offhand:shield": {
			"loop": true,
			"bones": {
				"LeftHandLocator": {
					"rotation": [-99.5468, 70.9447, 6.79827],
					"position": [2, 0, -15]
				},
				"magicLeft": {
					"rotation": [90, 0, -90],
					"position": [3.5, 2.5, 3],
					"scale": [2.3, 2.1, 2.3]
				}
			}
		},
		"hold_offhand:shield": {
			"loop": true,
			"bones": {
				"LeftHandLocator": {
					"rotation": [-739.68529, -2.58103, -175.10357],
					"position": [-3, 0, -4]
				},
				"magicLeft": {
					"rotation": [90, 0, -90],
					"position": [3.5, 2.5, 3]
				}
			}
		},
		"hold_offhand:bow": {
			"loop": true,
			"bones": {
				"LeftHandLocator": {
					"rotation": [88.2198, 18.62164, -93.80606],
					"position": [-1, 0.75, -3.25]
				}
			}
		},
		"hold_offhand:spear": {
			"loop": true,
			"bones": {
				"LeftHandLocator": {
					"rotation": [90.58619, 17.07228, -86.09601],
					"position": [-1, -1.25, -4.25]
				}
			}
		},
		"hold_offhand:hoe": {
			"loop": true,
			"bones": {
				"LeftHandLocator": {
					"rotation": [90.58619, 17.07228, -86.09601],
					"position": [-5, -1.25, -5.25]
				}
			}
		},
		"hold_offhand:axe": {
			"loop": true,
			"bones": {
				"LeftHandLocator": {
					"rotation": [90.58619, 17.07228, -86.09601],
					"position": [-5, -1.25, -5.25]
				}
			}
		},
		"hold_offhand:pickaxe": {
			"loop": true,
			"bones": {
				"LeftHandLocator": {
					"rotation": [90.58619, 17.07228, -86.09601],
					"position": [-5, -1.25, -5.25]
				}
			}
		},
		"hold_offhand:shovel": {
			"loop": true,
			"bones": {
				"LeftHandLocator": {
					"rotation": [90.58619, 17.07228, -86.09601],
					"position": [-5, -1.25, -5.25]
				}
			}
		},
		"hold_offhand:sword": {
			"loop": true,
			"bones": {
				"LeftHandLocator": {
					"rotation": [90.58619, 17.07228, -86.09601],
					"position": [-5, -1.25, -5.25]
				}
			}
		},
		"hold_offhand:crossbow": {
			"loop": true,
			"bones": {
				"LeftHandLocator": {
					"rotation": [48.98038, 52.05719, 160.70701],
					"position": [1, -1.25, -3.25]
				}
			}
		},
		"hold_offhand:charged_crossbow": {
			"loop": true,
			"bones": {
				"LeftHandLocator": {
					"rotation": [48.98038, 52.05719, 160.70701],
					"position": [1, -1.25, -3.25]
				}
			}
		},
		"vehicle$minecraft:player": {
			"loop": true,
			"animation_length": 8.9167,
			"bones": {
				"Leglefthoof": {
					"rotation": {
						"0.0": {
							"post": [45, 0, 0],
							"lerp_mode": "catmullrom"
						}
					}
				},
				"AllBody": {
					"rotation": {
						"0.0": {
							"post": [82.5, -80, -262.5],
							"lerp_mode": "catmullrom"
						}
					},
					"position": {
						"0.0": {
							"post": [0, -11, 1],
							"lerp_mode": "catmullrom"
						}
					}
				},
				"BodyUpper": {
					"rotation": {
						"0.0": {
							"post": [27.5, 0, 0],
							"lerp_mode": "catmullrom"
						}
					}
				},
				"neck": {
					"rotation": {
						"0.0": {
							"post": [102.5, 0, 0],
							"lerp_mode": "catmullrom"
						}
					},
					"position": {
						"0.0": {
							"post": [0, -1, -1],
							"lerp_mode": "catmullrom"
						}
					}
				},
				"Head": {
					"rotation": {
						"0.0": {
							"post": [20, 0, 0],
							"lerp_mode": "catmullrom"
						}
					}
				},
				"Leftiris": {
					"position": {
						"0.0": {
							"post": [0, 0.05, 0.575],
							"lerp_mode": "catmullrom"
						},
						"3.0104": {
							"post": [0, 0, 0.5],
							"lerp_mode": "catmullrom"
						},
						"3.2708": {
							"post": [0, -0.5, -0.2],
							"lerp_mode": "catmullrom"
						},
						"6.0208": {
							"post": [0, -0.5, -0.2],
							"lerp_mode": "catmullrom"
						},
						"6.3958": {
							"post": [0, 0.05, 0.575],
							"lerp_mode": "catmullrom"
						}
					},
					"scale": {
						"0.0": {
							"post": [1, 1, 1],
							"lerp_mode": "catmullrom"
						},
						"3.0104": {
							"post": [1, 1, 1],
							"lerp_mode": "catmullrom"
						},
						"3.2708": {
							"post": [1, 1, 0.87],
							"lerp_mode": "catmullrom"
						},
						"6.0208": {
							"post": [1, 1, 0.87],
							"lerp_mode": "catmullrom"
						},
						"6.3958": {
							"post": [1, 1, 1],
							"lerp_mode": "catmullrom"
						}
					}
				},
				"Rightiris": {
					"position": {
						"0.0": {
							"post": [0, 0, 0],
							"lerp_mode": "catmullrom"
						},
						"1.7604": {
							"post": [0, 0, 0],
							"lerp_mode": "catmullrom"
						},
						"2.0417": {
							"post": [0, 0, 0],
							"lerp_mode": "catmullrom"
						},
						"3.0104": {
							"post": [0, 0, 0],
							"lerp_mode": "catmullrom"
						},
						"3.2708": {
							"post": [0, -0.5, 0.8],
							"lerp_mode": "catmullrom"
						},
						"6.0208": {
							"post": [0, -0.5, 0.8],
							"lerp_mode": "catmullrom"
						},
						"6.3958": {
							"post": [0, 0, 0],
							"lerp_mode": "catmullrom"
						}
					},
					"scale": {
						"0.0": {
							"post": [1, 1, 1],
							"lerp_mode": "catmullrom"
						},
						"6.3958": {
							"post": [1, 1, 1],
							"lerp_mode": "catmullrom"
						}
					}
				},
				"armRight": {
					"rotation": {
						"0.0": {
							"post": [-74.54376, 22.14676, 24.02857],
							"lerp_mode": "catmullrom"
						}
					}
				},
				"armRightlower": {
					"rotation": {
						"0.0": {
							"post": [147.5, 0, 0],
							"lerp_mode": "catmullrom"
						}
					}
				},
				"bone": {
					"rotation": {
						"0.0": {
							"post": [50, 0, 0],
							"lerp_mode": "catmullrom"
						}
					}
				},
				"armLeft": {
					"rotation": {
						"0.0": {
							"post": [-74.54376, -22.14676, -24.02857],
							"lerp_mode": "catmullrom"
						}
					}
				},
				"armLeftlower": {
					"rotation": {
						"0.0": {
							"post": [147.5, 0, 0],
							"lerp_mode": "catmullrom"
						}
					}
				},
				"lefthandhoof": {
					"rotation": {
						"0.0": {
							"post": [50, 0, 0],
							"lerp_mode": "catmullrom"
						}
					}
				},
				"legRight": {
					"rotation": {
						"0.0": {
							"post": [2.5, 0, 0],
							"lerp_mode": "catmullrom"
						}
					}
				},
				"LegrightBone1": {
					"rotation": {
						"0.0": {
							"post": [77.5, 0, 0],
							"lerp_mode": "catmullrom"
						}
					}
				},
				"LegrightBone2": {
					"rotation": {
						"0.0": {
							"post": [-80, 0, 0],
							"lerp_mode": "catmullrom"
						}
					}
				},
				"LegrightBone3": {
					"rotation": {
						"0.0": {
							"post": [30, 0, 0],
							"lerp_mode": "catmullrom"
						}
					}
				},
				"Legrighthoof4": {
					"rotation": {
						"0.0": {
							"post": [45, 0, 0],
							"lerp_mode": "catmullrom"
						}
					}
				},
				"legLeft": {
					"rotation": {
						"0.0": {
							"post": [-25, 0, 0],
							"lerp_mode": "catmullrom"
						}
					}
				},
				"LegleftBone1": {
					"rotation": {
						"0.0": {
							"post": [77.5, 0, 0],
							"lerp_mode": "catmullrom"
						}
					}
				},
				"LegleftBone2": {
					"rotation": {
						"0.0": {
							"post": [-80, 0, 0],
							"lerp_mode": "catmullrom"
						}
					}
				},
				"LegleftBone3": {
					"rotation": {
						"0.0": {
							"post": [30, 0, 0],
							"lerp_mode": "catmullrom"
						}
					}
				},
				"tail": {
					"rotation": {
						"0.0": {
							"post": [-15, 0, -180],
							"lerp_mode": "catmullrom"
						}
					},
					"position": {
						"0.0": {
							"post": [0, -1, 0],
							"lerp_mode": "catmullrom"
						}
					}
				}
			}
		}
	}
}