{
	"format_version": "1.8.0",
	"animations": {
		"hold_mainhand:apple": {
			"loop": true,
			"bones": {
				"RightHandLocator": {
					"rotation": [95, 0, 0]
				},
				"itemmagicR": {
					"position": [0, -3, 4],
					"scale": [1, 1, 1.4]
				}
			}
		},
		"hold_mainhand:gohei": {
			"loop": true,
			"animation_length": 4.0104,
			"bones": {
				"RightHandLocator": {
					"rotation": {
						"0.0": {
							"post": [47.23388, -38.3726, -2.87441],
							"lerp_mode": "catmullrom"
						}
					},
					"position": {
						"0.0": {
							"post": [1, 3.25, 1.5],
							"lerp_mode": "catmullrom"
						},
						"1.9792": {
							"post": [1, 5.25, 1.5],
							"lerp_mode": "catmullrom"
						},
						"3.9896": {
							"post": [1, 3.25, 1.5],
							"lerp_mode": "catmullrom"
						}
					}
				},
				"itemmagicR": {
					"scale": 0
				},
				"toolsmagicR": {
					"rotation": [-5, 0, 0],
					"position": [0.7, 0, 2],
					"scale": [1, 0.5, 1.3]
				}
			}
		},
		"use_mainhand:gohei": {
			"animation_length": 4,
			"bones": {
				"RightHandLocator": {
					"rotation": {
						"0.0": {
							"post": [47.23388, -38.3726, -2.87441],
							"lerp_mode": "catmullrom"
						}
					},
					"position": {
						"0.0": {
							"post": [1, 3.25, 1.5],
							"lerp_mode": "catmullrom"
						},
						"2.0": {
							"post": [1, 5.25, 1.5],
							"lerp_mode": "catmullrom"
						},
						"4.0": {
							"post": [1, 3.25, 1.5],
							"lerp_mode": "catmullrom"
						}
					}
				},
				"itemmagicR": {
					"scale": 0
				},
				"toolsmagicR": {
					"rotation": [-5, 0, 0],
					"position": [0.7, 0, 2],
					"scale": [1, 0.5, 1.3]
				}
			}
		},
		"hold_mainhand:bow": {
			"loop": true,
			"animation_length": 4,
			"bones": {
				"RightHandLocator": {
					"rotation": {
						"0.0": {
							"post": [0, 0, -25],
							"lerp_mode": "catmullrom"
						}
					},
					"position": {
						"0.0": {
							"post": [0, 3, 0],
							"lerp_mode": "catmullrom"
						},
						"2.0": {
							"post": [0, 5, 0],
							"lerp_mode": "catmullrom"
						},
						"4.0": {
							"post": [0, 3, 0],
							"lerp_mode": "catmullrom"
						}
					}
				},
				"itemmagicR": {
					"scale": 0
				},
				"toolsmagicR": {
					"rotation": [-11.05041, -10.52528, 4.93118],
					"position": [-0.1, 0.5, 5.75],
					"scale": [1, 1.11, 1.21]
				}
			}
		},
		"use_mainhand:bow": {
			"animation_length": 1,
			"bones": {
				"Head": {
					"rotation": [0, -20, 0]
				},
				"RightHandLocator": {
					"rotation": {
						"0.0": {
							"post": [7.5553, -48.13213, -11.41454],
							"lerp_mode": "catmullrom"
						}
					},
					"position": {
						"0.0": {
							"post": [7.5, 9, -8],
							"lerp_mode": "catmullrom"
						}
					}
				},
				"Leftopen": {
					"scale": 0
				},
				"Leftclose": {
					"scale": 0
				},
				"Leftouch": {
					"scale": 1
				},
				"itemmagicR": {
					"scale": 0
				},
				"toolsmagicR": {
					"rotation": {
						"0.0": {
							"post": [-11.05041, -10.52528, 4.93118],
							"lerp_mode": "catmullrom"
						}
					},
					"position": {
						"0.0": {
							"post": [-0.1, 0.5, 5.75],
							"lerp_mode": "catmullrom"
						},
						"1.0": {
							"post": [-0.1, 2.5, 5.75],
							"lerp_mode": "catmullrom"
						}
					},
					"scale": {
						"0.0": {
							"post": [1, 1.11, 1.21],
							"lerp_mode": "catmullrom"
						},
						"1.0": {
							"post": [1, 1.41, 1.21],
							"lerp_mode": "catmullrom"
						}
					}
				}
			}
		},
		"use_mainhand:eat": {
			"animation_length": 0.9167,
			"bones": {
				"Head": {
					"rotation": {
						"0.0": {
							"post": [0, 0, 0],
							"lerp_mode": "catmullrom"
						},
						"0.125": {
							"post": [10, 0, 0],
							"lerp_mode": "catmullrom"
						},
						"0.25": {
							"post": [0, 0, 0],
							"lerp_mode": "catmullrom"
						},
						"0.375": {
							"post": [10, 0, 0],
							"lerp_mode": "catmullrom"
						},
						"0.5417": {
							"post": [0, 0, 0],
							"lerp_mode": "catmullrom"
						},
						"0.6667": {
							"post": [10, 0, 0],
							"lerp_mode": "catmullrom"
						},
						"0.7917": {
							"post": [0, 0, 0],
							"lerp_mode": "catmullrom"
						},
						"0.9167": {
							"post": [10, 0, 0],
							"lerp_mode": "catmullrom"
						}
					}
				},
				"RightHandLocator": {
					"rotation": {
						"0.0": {
							"post": [-65.29982, -21.21652, -9.20908],
							"lerp_mode": "catmullrom"
						}
					},
					"position": {
						"0.0": {
							"post": [7, 4.5, -6],
							"lerp_mode": "catmullrom"
						},
						"0.7083": {
							"post": [7, 5.5, -6],
							"lerp_mode": "catmullrom"
						},
						"0.9167": {
							"post": [7, 5, -6],
							"lerp_mode": "catmullrom"
						}
					}
				}
			}
		},
		"use_mainhand:drink": {
			"animation_length": 1.0833,
			"bones": {
				"neck": {
					"rotation": [-15, 0, 0]
				},
				"Head": {
					"rotation": [-35, 0, 0],
					"position": {
						"0.0": [0, 0.25, -0.25],
						"0.1667": [0, -0.25, 0.25],
						"0.2917": [0, 0.25, -0.25],
						"0.4583": [0, -0.25, 0.25],
						"0.625": [0, 0.25, -0.25],
						"0.7917": [0, -0.25, 0.25],
						"0.9167": [0, 0.25, -0.25],
						"1.0833": [0, -0.25, 0.25]
					}
				},
				"RightHandLocator": {
					"rotation": [-12.5, 0, 0]
				}
			}
		},
		"hold_mainhand:shield": {
			"animation_length": 4,
			"bones": {
				"RightHandLocator": {
					"rotation": {
						"0.0": {
							"post": [167.92103, -46.90559, -7.61162],
							"lerp_mode": "catmullrom"
						}
					},
					"position": {
						"0.0": {
							"post": [0, 6, 9],
							"lerp_mode": "catmullrom"
						},
						"2.0": {
							"post": [0, 8, 9],
							"lerp_mode": "catmullrom"
						},
						"4.0": {
							"post": [0, 6, 9],
							"lerp_mode": "catmullrom"
						}
					}
				},
				"shieldmagicR": {
					"rotation": [90, -2.5, -90],
					"position": [-5.5, 2.5, 5],
					"scale": [2, 1.9, 2.3]
				},
				"hornmagic": {
					"position": {
						"0.0": {
							"post": [0, 0.5, 0],
							"lerp_mode": "catmullrom"
						},
						"1.0": {
							"post": [0, 0, 0],
							"lerp_mode": "catmullrom"
						},
						"2.0": {
							"post": [0, 0.5, 0],
							"lerp_mode": "catmullrom"
						}
					},
					"scale": {
						"0.0": {
							"post": [1, 1, 1],
							"lerp_mode": "catmullrom"
						}
					}
				},
				"itemmagicR": {
					"position": [0, 3, 5],
					"scale": 1
				},
				"toolsmagicR": {
					"scale": 0
				}
			},
			"particle_effects": {
				"0.0": {
					"effect": "magic",
					"locator": "magic_shield"
				}
			}
		},
		"use_mainhand:shield": {
			"animation_length": 4,
			"bones": {
				"RightHandLocator": {
					"rotation": {
						"0.0": {
							"post": [218.40192, -96.9643, 11.29976],
							"lerp_mode": "catmullrom"
						}
					},
					"position": {
						"0.0": {
							"post": [4, 7, 1],
							"lerp_mode": "catmullrom"
						},
						"2.0": {
							"post": [4, 9, 1],
							"lerp_mode": "catmullrom"
						},
						"4.0": {
							"post": [4, 7, 1],
							"lerp_mode": "catmullrom"
						}
					}
				},
				"shieldmagicR": {
					"rotation": [90, -2.5, -90],
					"position": [-5.5, 2.5, 5],
					"scale": [2, 1.9, 2.3]
				},
				"hornmagic": {
					"position": {
						"0.0": {
							"post": [0, 0.5, 0],
							"lerp_mode": "catmullrom"
						},
						"2.0": {
							"post": [0, 0, 0],
							"lerp_mode": "catmullrom"
						},
						"4.0": {
							"post": [0, 0.5, 0],
							"lerp_mode": "catmullrom"
						}
					},
					"scale": {
						"0.0": {
							"post": [1, 1, 1],
							"lerp_mode": "catmullrom"
						}
					}
				},
				"itemmagicR": {
					"position": [0, 3, 5],
					"scale": 1
				},
				"toolsmagicR": {
					"scale": 0
				}
			}
		},
		"swing:sword": {
			"loop": "hold_on_last_frame",
			"animation_length": 0.2604,
			"bones": {
				"neck": {
					"rotation": {
						"0.0": [0, 0, 0],
						"0.2604": [2.5, 0, 0]
					}
				},
				"Head": {
					"rotation": {
						"0.0": [0, 0, 0],
						"0.2604": [12.5, 0, 0]
					}
				},
				"RightHandLocator": {
					"rotation": {
						"0.0": {
							"post": [178.30741, -29.47206, 109.99107],
							"lerp_mode": "catmullrom"
						},
						"0.2604": {
							"post": [0.80741, -29.47206, 109.99107],
							"lerp_mode": "catmullrom"
						}
					},
					"position": {
						"0.0": {
							"post": [0, 7, 5],
							"lerp_mode": "catmullrom"
						},
						"0.125": {
							"post": [7, 4.5, -1],
							"lerp_mode": "catmullrom"
						},
						"0.2604": {
							"post": [14, 2, 1],
							"lerp_mode": "catmullrom"
						}
					}
				},
				"shieldmagicR": {
					"scale": 0
				},
				"itemmagicR": {
					"scale": 0
				}
			}
		},
		"hold_mainhand:sword": {
			"loop": true,
			"animation_length": 4,
			"bones": {
				"RightHandLocator": {
					"rotation": [155.95, 6.88159, -180.06833],
					"position": {
						"0.0": {
							"post": [0, 2, 3],
							"lerp_mode": "catmullrom"
						},
						"1.9792": {
							"post": [0, 4, 3],
							"lerp_mode": "catmullrom"
						},
						"4.0208": {
							"post": [0, 2, 3],
							"lerp_mode": "catmullrom"
						}
					}
				},
				"Leftiris": {
					"position": [0, 0, 0]
				},
				"Rightiris": {
					"position": [0, 0, 1]
				},
				"itemmagicR": {
					"scale": 0
				},
				"toolsmagicR": {
					"scale": [1, 1.1, 1.2]
				}
			}
		},
		"hold_mainhand:spear": {
			"loop": true,
			"animation_length": 3.9792,
			"bones": {
				"RightHandLocator": {
					"rotation": {
						"0.0": {
							"post": [80.36664, -57.72943, -33.90255],
							"lerp_mode": "catmullrom"
						}
					},
					"position": {
						"0.0": {
							"post": [1, 5.25, 11.5],
							"lerp_mode": "catmullrom"
						},
						"2.0": {
							"post": [1, 7.25, 11.5],
							"lerp_mode": "catmullrom"
						},
						"3.9792": {
							"post": [1, 5.25, 11.5],
							"lerp_mode": "catmullrom"
						}
					}
				},
				"itemmagicR": {
					"scale": {
						"0.0": {
							"post": [0, 0, 0],
							"lerp_mode": "catmullrom"
						}
					}
				},
				"toolsmagicR": {
					"rotation": {
						"0.0": {
							"post": [-2.5, 0, 37.5],
							"lerp_mode": "catmullrom"
						}
					},
					"position": {
						"0.0": {
							"post": [0, 0, 8.25],
							"lerp_mode": "catmullrom"
						}
					},
					"scale": {
						"0.0": {
							"post": [1, 0.95, 2.05],
							"lerp_mode": "catmullrom"
						}
					}
				}
			}
		},
		"use_mainhand:spear": {
			"loop": true,
			"animation_length": 3.9792,
			"bones": {
				"RightHandLocator": {
					"rotation": {
						"0.0": {
							"post": [80.36664, -57.72943, -33.90255],
							"lerp_mode": "catmullrom"
						}
					},
					"position": {
						"0.0": {
							"post": [1, 5.25, 11.5],
							"lerp_mode": "catmullrom"
						},
						"3.9792": {
							"post": [1, 5.25, 17.5],
							"lerp_mode": "catmullrom"
						}
					}
				},
				"itemmagicR": {
					"scale": {
						"0.0": {
							"post": [0, 0, 0],
							"lerp_mode": "catmullrom"
						}
					}
				},
				"toolsmagicR": {
					"rotation": {
						"0.0": {
							"post": [-2.5, 0, 37.5],
							"lerp_mode": "catmullrom"
						}
					},
					"position": {
						"0.0": {
							"post": [0, 0, 8.25],
							"lerp_mode": "catmullrom"
						}
					},
					"scale": {
						"0.0": {
							"post": [1, 0.95, 2.05],
							"lerp_mode": "catmullrom"
						}
					}
				}
			}
		},
		"hold_mainhand:pickaxe": {
			"loop": true,
			"animation_length": 4,
			"bones": {
				"RightHandLocator": {
					"rotation": {
						"0.0": {
							"post": [0, -92.5, 0],
							"lerp_mode": "catmullrom"
						}
					},
					"position": {
						"0.0": {
							"post": [0, -0.75, -1.5],
							"lerp_mode": "catmullrom"
						},
						"1.9896": {
							"post": [0, 0.75, -2.49],
							"lerp_mode": "catmullrom"
						},
						"4.0": {
							"post": [0, -1.75, -3.5],
							"lerp_mode": "catmullrom"
						}
					}
				},
				"itemmagicR": {
					"scale": {
						"0.0": {
							"post": [0, 0, 0],
							"lerp_mode": "catmullrom"
						}
					}
				},
				"toolsmagicR": {
					"position": {
						"0.0": {
							"post": [0, 0.6, 0.2],
							"lerp_mode": "catmullrom"
						}
					},
					"scale": {
						"0.0": {
							"post": [1, 1.3, 0.96],
							"lerp_mode": "catmullrom"
						}
					}
				}
			}
		},
		"hold_mainhand:shovel": {
			"loop": true,
			"animation_length": 4,
			"bones": {
				"RightHandLocator": {
					"rotation": {
						"0.0": {
							"post": [0, -92.5, 0],
							"lerp_mode": "catmullrom"
						}
					},
					"position": {
						"0.0": {
							"post": [0, -0.75, -1.5],
							"lerp_mode": "catmullrom"
						},
						"2.0": {
							"post": [0, 1.25, -1.5],
							"lerp_mode": "catmullrom"
						},
						"4.0": {
							"post": [0, -0.75, -1.5],
							"lerp_mode": "catmullrom"
						}
					}
				}
			}
		},
		"hold_mainhand:hoe": {
			"loop": true,
			"animation_length": 3.9896,
			"bones": {
				"RightHandLocator": {
					"rotation": {
						"0.0": {
							"post": [0, -70, 0],
							"lerp_mode": "catmullrom"
						}
					},
					"position": {
						"0.0": {
							"post": [0, 0, 0],
							"lerp_mode": "catmullrom"
						},
						"2.0": {
							"post": [0, 2, 0],
							"lerp_mode": "catmullrom"
						},
						"3.9896": {
							"post": [0, 0, 0],
							"lerp_mode": "catmullrom"
						}
					}
				},
				"itemmagicR": {
					"scale": 0
				},
				"toolsmagicR": {
					"scale": 1
				}
			}
		},
		"hold_mainhand:axe": {
			"loop": true,
			"animation_length": 3.9896,
			"bones": {
				"RightHandLocator": {
					"rotation": {
						"0.0": {
							"post": [0, -70, 0],
							"lerp_mode": "catmullrom"
						}
					},
					"position": {
						"0.0": {
							"post": [0, 0, 0],
							"lerp_mode": "catmullrom"
						},
						"2.0": {
							"post": [0, 2, 0],
							"lerp_mode": "catmullrom"
						},
						"3.9896": {
							"post": [0, 0, 0],
							"lerp_mode": "catmullrom"
						}
					}
				},
				"itemmagicR": {
					"scale": 0
				},
				"toolsmagicR": {
					"position": [0, -0.1, 0.6],
					"scale": [1, 1.06, 0.96]
				}
			}
		},
		"hold_mainhand:crossbow": {
			"loop": true,
			"animation_length": 4.0104,
			"bones": {
				"RightHandLocator": {
					"rotation": [39.31466, 10.40729, -17.03956],
					"position": {
						"0.0": {
							"post": [0, 2, 6],
							"lerp_mode": "catmullrom"
						},
						"2.0104": {
							"post": [0, 3, 6],
							"lerp_mode": "catmullrom"
						},
						"4.0104": {
							"post": [0, 2, 6],
							"lerp_mode": "catmullrom"
						}
					}
				},
				"itemmagicR": {
					"rotation": [89.65077, 0.03825, 15.02444],
					"position": [-0.825, 1, 1.5],
					"scale": [2.325, 1, 2.325]
				},
				"toolsmagicR": {
					"scale": 0
				}
			}
		},
		"use_mainhand:crossbow": {
			"animation_length": 2,
			"bones": {
				"RightHandLocator": {
					"rotation": [39.31466, 10.40729, -17.03956],
					"position": {
						"0.0": {
							"post": [0, 2, 6],
							"lerp_mode": "catmullrom"
						},
						"2.0": {
							"post": [0, 3, 6],
							"lerp_mode": "catmullrom"
						},
						"4.0": {
							"post": [0, 2, 6],
							"lerp_mode": "catmullrom"
						}
					}
				},
				"itemmagicR": {
					"rotation": [89.65077, 0.03825, 15.02444],
					"position": [-0.825, 1, 1.5],
					"scale": [2.325, 1, 2.325]
				},
				"toolsmagicR": {
					"scale": 0
				}
			}
		},
		"hold_mainhand:charged_crossbow": {
			"loop": true,
			"animation_length": 2.0104,
			"bones": {
				"Head": {
					"rotation": [0, -22.5, 0]
				},
				"RightHandLocator": {
					"rotation": [1.45695, -59.58574, 7.2295],
					"position": {
						"0.0": {
							"post": [9, 9, -8],
							"lerp_mode": "catmullrom"
						}
					}
				},
				"Leftopen": {
					"scale": 0
				},
				"Leftclose": {
					"scale": 0
				},
				"Leftouch": {
					"scale": 1
				},
				"itemmagicR": {
					"rotation": [89.65077, 0.03825, 15.02444],
					"position": [-0.825, 1, 1.5],
					"scale": [2.325, 1, 2.325]
				},
				"toolsmagicR": {
					"scale": 0
				}
			}
		},
		"use_offhand:eat": {
			"animation_length": 0.9167,
			"bones": {
				"LeftHandLocator": {
					"rotation": {
						"0.0": {
							"post": [-65.29982, 21.21652, 9.20908],
							"lerp_mode": "catmullrom"
						}
					},
					"position": {
						"0.0": {
							"post": [-7, 4.5, -6],
							"lerp_mode": "catmullrom"
						},
						"0.7083": {
							"post": [-7, 5.5, -6],
							"lerp_mode": "catmullrom"
						},
						"0.9167": {
							"post": [-7, 5, -6],
							"lerp_mode": "catmullrom"
						}
					}
				},
				"Head": {
					"rotation": {
						"0.0": {
							"post": [0, 0, 0],
							"lerp_mode": "catmullrom"
						},
						"0.125": {
							"post": [10, 0, 0],
							"lerp_mode": "catmullrom"
						},
						"0.25": {
							"post": [0, 0, 0],
							"lerp_mode": "catmullrom"
						},
						"0.375": {
							"post": [10, 0, 0],
							"lerp_mode": "catmullrom"
						},
						"0.5417": {
							"post": [0, 0, 0],
							"lerp_mode": "catmullrom"
						},
						"0.6667": {
							"post": [10, 0, 0],
							"lerp_mode": "catmullrom"
						},
						"0.7917": {
							"post": [0, 0, 0],
							"lerp_mode": "catmullrom"
						},
						"0.9167": {
							"post": [10, 0, 0],
							"lerp_mode": "catmullrom"
						}
					}
				}
			}
		},
		"use_offhand:drink": {
			"loop": true
		},
		"hold_offhand:shield": {
			"animation_length": 4,
			"bones": {
				"LeftHandLocator": {
					"rotation": {
						"0.0": {
							"post": [167.92103, 46.90559, 367.61162],
							"lerp_mode": "catmullrom"
						}
					},
					"position": {
						"0.0": {
							"post": [0, 7.2, 9],
							"lerp_mode": "catmullrom"
						},
						"1.1": {
							"post": [0, 8, 9],
							"lerp_mode": "catmullrom"
						},
						"3.0": {
							"post": [0, 6, 9],
							"lerp_mode": "catmullrom"
						},
						"4.0": {
							"post": [0, 7.2, 9],
							"lerp_mode": "catmullrom"
						}
					}
				},
				"shieldmagicL": {
					"rotation": [90, 2.5, 90],
					"position": [5.5, 2.5, 5],
					"scale": [2, 1.9, 2.3]
				},
				"hornmagic": {
					"position": {
						"0.0": [0, 0, 0],
						"2.0": [0, 0.5, 0],
						"4.0": [0, 0, 0]
					},
					"scale": {
						"0.0": [1, 1, 1],
						"4.0": [1, 1, 1]
					}
				},
				"itemmagicL": {
					"position": [0, 3, 5],
					"scale": 1
				}
			}
		},
		"use_offhand:shield": {
			"loop": true,
			"animation_length": 4.0208,
			"bones": {
				"LeftHandLocator": {
					"rotation": {
						"0.0": {
							"post": [211.85437, 112.40138, 344.02845],
							"lerp_mode": "catmullrom"
						}
					},
					"position": {
						"0.0": {
							"post": [-3, 7.2, 0],
							"lerp_mode": "catmullrom"
						},
						"1.1042": {
							"post": [-3, 8.2, 0],
							"lerp_mode": "catmullrom"
						},
						"2.9583": {
							"post": [-3, 6.2, 0],
							"lerp_mode": "catmullrom"
						},
						"4.0208": {
							"post": [-3, 7.2, 0],
							"lerp_mode": "catmullrom"
						}
					}
				},
				"shieldmagicL": {
					"rotation": [90, 2.5, 90],
					"position": [5.5, 2.5, 5],
					"scale": [2, 1.9, 2.3]
				},
				"itemmagicL": {
					"position": [0, 3, 5],
					"scale": 1
				},
				"hornmagic": {
					"position": {
						"0.0": [0, 0, 0],
						"2.0": [0, 0.5, 0],
						"4.0": [0, 0, 0]
					},
					"scale": {
						"0.0": [1, 1, 1],
						"4.0": [1, 1, 1]
					}
				}
			}
		},
		"hold_offhand:bow": {
			"loop": true,
			"animation_length": 4.0104,
			"bones": {
				"LeftHandLocator": {
					"rotation": {
						"0.0": {
							"post": [0, 0, 25],
							"lerp_mode": "catmullrom"
						}
					},
					"position": {
						"0.0": {
							"post": [0, 3, 0],
							"lerp_mode": "catmullrom"
						},
						"2.0": {
							"post": [0, 5, 0],
							"lerp_mode": "catmullrom"
						},
						"4.0": {
							"post": [0, 3, 0],
							"lerp_mode": "catmullrom"
						}
					}
				},
				"shieldmagicL": {
					"scale": 0
				},
				"itemmagicL": {
					"scale": 0
				},
				"toolsmagicL": {
					"rotation": [-11.05041, 10.52528, -4.93118],
					"position": [0.1, 0.5, 5.75],
					"scale": [1, 1.11, 1.21]
				}
			}
		},
		"hold_offhand:spear": {
			"loop": true,
			"bones": {
				"LeftHandLocator": {
					"rotation": [90.58619, 17.07228, -86.09601],
					"position": [-1, -1.25, -4.25]
				}
			}
		},
		"hold_offhand:hoe": {
			"loop": true,
			"animation_length": 3.9896,
			"bones": {
				"LeftHandLocator": {
					"rotation": [0, -70, 0],
					"position": {
						"0.0": {
							"post": [0, 1.06, 0],
							"lerp_mode": "catmullrom"
						},
						"1.0417": {
							"post": [0, 0, 0],
							"lerp_mode": "catmullrom"
						},
						"3.0208": {
							"post": [0, 2, 0],
							"lerp_mode": "catmullrom"
						},
						"4.0": {
							"post": [0, 1.06, 0],
							"lerp_mode": "catmullrom"
						}
					}
				},
				"itemmagicL": {
					"scale": 0
				},
				"toolsmagicL": {
					"scale": 1
				}
			}
		},
		"hold_offhand:axe": {
			"loop": true,
			"animation_length": 3.9896,
			"bones": {
				"LeftHandLocator": {
					"rotation": [0, -70, 0],
					"position": {
						"0.0": {
							"post": [0, 1.06, 0],
							"lerp_mode": "catmullrom"
						},
						"1.0417": {
							"post": [0, 0, 0],
							"lerp_mode": "catmullrom"
						},
						"3.0208": {
							"post": [0, 2, 0],
							"lerp_mode": "catmullrom"
						},
						"4.0": {
							"post": [0, 1.06, 0],
							"lerp_mode": "catmullrom"
						}
					}
				},
				"itemmagicL": {
					"scale": 0
				},
				"toolsmagicL": {
					"position": [0, -0.1, 0.6],
					"scale": [1, 1.06, 0.96]
				}
			}
		},
		"hold_offhand:pickaxe": {
			"loop": true,
			"animation_length": 3.9896,
			"bones": {
				"LeftHandLocator": {
					"rotation": [0, -70, 0],
					"position": {
						"0.0": {
							"post": [0, 1.06, 0],
							"lerp_mode": "catmullrom"
						},
						"1.0417": {
							"post": [0, 0, 0],
							"lerp_mode": "catmullrom"
						},
						"3.0208": {
							"post": [0, 2, 0],
							"lerp_mode": "catmullrom"
						},
						"4.0": {
							"post": [0, 1.06, 0],
							"lerp_mode": "catmullrom"
						}
					}
				},
				"itemmagicL": {
					"scale": 0
				},
				"toolsmagicL": {
					"position": [0, 0.6, 0.2],
					"scale": [1, 1.3, 0.96]
				}
			}
		},
		"hold_offhand:shovel": {
			"loop": true,
			"animation_length": 3.9896,
			"bones": {
				"LeftHandLocator": {
					"rotation": [0, -70, 0],
					"position": {
						"0.0": {
							"post": [0, 1.06, 0],
							"lerp_mode": "catmullrom"
						},
						"1.0417": {
							"post": [0, 0, 0],
							"lerp_mode": "catmullrom"
						},
						"3.0208": {
							"post": [0, 2, 0],
							"lerp_mode": "catmullrom"
						},
						"4.0": {
							"post": [0, 1.06, 0],
							"lerp_mode": "catmullrom"
						}
					}
				},
				"itemmagicL": {
					"scale": 0
				},
				"toolsmagicL": {
					"position": [0, 0.5, 0],
					"scale": 1
				}
			}
		},
		"hold_offhand:sword": {
			"loop": true,
			"animation_length": 3.9896,
			"bones": {
				"LeftHandLocator": {
					"rotation": [155.95, 6.88159, -180.06833],
					"position": {
						"0.0": {
							"post": [0, 1.06, 0],
							"lerp_mode": "catmullrom"
						},
						"1.0417": {
							"post": [0, 0, 0],
							"lerp_mode": "catmullrom"
						},
						"3.0208": {
							"post": [0, 2, 0],
							"lerp_mode": "catmullrom"
						},
						"4.0": {
							"post": [0, 1.06, 0],
							"lerp_mode": "catmullrom"
						}
					}
				},
				"itemmagicL": {
					"scale": 0
				},
				"toolsmagicL": {
					"scale": [1, 1.1, 1.2]
				}
			}
		},
		"hold_offhand:crossbow": {
			"loop": true,
			"animation_length": 4.0104,
			"bones": {
				"LeftHandLocator": {
					"rotation": [39.31466, -10.40729, 17.03956],
					"position": {
						"0.0": {
							"post": [0, 2, 6],
							"lerp_mode": "catmullrom"
						},
						"2.0": {
							"post": [0, 3, 6],
							"lerp_mode": "catmullrom"
						},
						"4.0": {
							"post": [0, 2, 6],
							"lerp_mode": "catmullrom"
						}
					}
				},
				"shieldmagicL": {
					"scale": 0
				},
				"itemmagicL": {
					"rotation": [89.65077, -0.03825, -15.02444],
					"position": [0.825, 1, 1.5],
					"scale": [2.325, 1, 2.325]
				},
				"toolsmagicL": {
					"scale": 0
				}
			}
		},
		"hold_offhand:charged_crossbow": {
			"loop": true,
			"animation_length": 3.9896,
			"bones": {
				"LeftHandLocator": {
					"rotation": [39.31466, -10.40729, 17.03956],
					"position": {
						"0.0": {
							"post": [0, 2, 6],
							"lerp_mode": "catmullrom"
						},
						"2.0": {
							"post": [0, 3, 6],
							"lerp_mode": "catmullrom"
						},
						"4.0": {
							"post": [0, 2, 6],
							"lerp_mode": "catmullrom"
						}
					}
				},
				"shieldmagicL": {
					"scale": 0
				},
				"itemmagicL": {
					"rotation": [89.65077, -0.03825, -15.02444],
					"position": [0.825, 1, 1.5],
					"scale": [2.325, 1, 2.325]
				},
				"toolsmagicL": {
					"scale": 0
				}
			}
		},
		"vehicle$minecraft:player": {
			"loop": true,
			"animation_length": 8.9167,
			"bones": {
				"AllBody": {
					"rotation": {
						"0.0": {
							"post": [82.5, -80, -262.5],
							"lerp_mode": "catmullrom"
						}
					},
					"position": {
						"0.0": {
							"post": [0, -11, 1],
							"lerp_mode": "catmullrom"
						}
					}
				},
				"BodyUpper": {
					"rotation": {
						"0.0": {
							"post": [27.5, 0, 0],
							"lerp_mode": "catmullrom"
						}
					}
				},
				"neck": {
					"rotation": {
						"0.0": {
							"post": [102.5, 0, 0],
							"lerp_mode": "catmullrom"
						}
					},
					"position": {
						"0.0": {
							"post": [0, -1, -1],
							"lerp_mode": "catmullrom"
						}
					}
				},
				"Head": {
					"rotation": {
						"0.0": {
							"post": [20, 0, 0],
							"lerp_mode": "catmullrom"
						}
					}
				},
				"Leftiris": {
					"position": {
						"0.0": {
							"post": [0, 0.05, 0.575],
							"lerp_mode": "catmullrom"
						},
						"3.0104": {
							"post": [0, 0, 0.5],
							"lerp_mode": "catmullrom"
						},
						"3.2708": {
							"post": [0, -0.5, -0.2],
							"lerp_mode": "catmullrom"
						},
						"6.0208": {
							"post": [0, -0.5, -0.2],
							"lerp_mode": "catmullrom"
						},
						"6.3958": {
							"post": [0, 0.05, 0.575],
							"lerp_mode": "catmullrom"
						}
					},
					"scale": {
						"0.0": {
							"post": [1, 1, 1],
							"lerp_mode": "catmullrom"
						},
						"3.0104": {
							"post": [1, 1, 1],
							"lerp_mode": "catmullrom"
						},
						"3.2708": {
							"post": [1, 1, 0.87],
							"lerp_mode": "catmullrom"
						},
						"6.0208": {
							"post": [1, 1, 0.87],
							"lerp_mode": "catmullrom"
						},
						"6.3958": {
							"post": [1, 1, 1],
							"lerp_mode": "catmullrom"
						}
					}
				},
				"Rightiris": {
					"position": {
						"0.0": {
							"post": [0, 0, 0],
							"lerp_mode": "catmullrom"
						},
						"1.7604": {
							"post": [0, 0, 0],
							"lerp_mode": "catmullrom"
						},
						"2.0417": {
							"post": [0, 0, 0],
							"lerp_mode": "catmullrom"
						},
						"3.0104": {
							"post": [0, 0, 0],
							"lerp_mode": "catmullrom"
						},
						"3.2708": {
							"post": [0, -0.5, 0.8],
							"lerp_mode": "catmullrom"
						},
						"6.0208": {
							"post": [0, -0.5, 0.8],
							"lerp_mode": "catmullrom"
						},
						"6.3958": {
							"post": [0, 0, 0],
							"lerp_mode": "catmullrom"
						}
					},
					"scale": {
						"0.0": {
							"post": [1, 1, 1],
							"lerp_mode": "catmullrom"
						},
						"6.3958": {
							"post": [1, 1, 1],
							"lerp_mode": "catmullrom"
						}
					}
				},
				"armRight": {
					"rotation": {
						"0.0": {
							"post": [-74.54376, 22.14676, 24.02857],
							"lerp_mode": "catmullrom"
						}
					}
				},
				"armRightlower": {
					"rotation": {
						"0.0": {
							"post": [147.5, 0, 0],
							"lerp_mode": "catmullrom"
						}
					}
				},
				"bone": {
					"rotation": {
						"0.0": {
							"post": [50, 0, 0],
							"lerp_mode": "catmullrom"
						}
					}
				},
				"armLeft": {
					"rotation": {
						"0.0": {
							"post": [-74.54376, -22.14676, -24.02857],
							"lerp_mode": "catmullrom"
						}
					}
				},
				"armLeftlower": {
					"rotation": {
						"0.0": {
							"post": [147.5, 0, 0],
							"lerp_mode": "catmullrom"
						}
					}
				},
				"lefthandhoof": {
					"rotation": {
						"0.0": {
							"post": [50, 0, 0],
							"lerp_mode": "catmullrom"
						}
					}
				},
				"legLeft": {
					"rotation": {
						"0.0": {
							"post": [-25, 0, 0],
							"lerp_mode": "catmullrom"
						}
					}
				},
				"LegleftBone1": {
					"rotation": {
						"0.0": {
							"post": [77.5, 0, 0],
							"lerp_mode": "catmullrom"
						}
					}
				},
				"LegleftBone2": {
					"rotation": {
						"0.0": {
							"post": [-80, 0, 0],
							"lerp_mode": "catmullrom"
						}
					}
				},
				"LegleftBone3": {
					"rotation": {
						"0.0": {
							"post": [30, 0, 0],
							"lerp_mode": "catmullrom"
						}
					}
				},
				"Leglefthoof": {
					"rotation": {
						"0.0": {
							"post": [45, 0, 0],
							"lerp_mode": "catmullrom"
						}
					}
				},
				"legRight": {
					"rotation": {
						"0.0": {
							"post": [2.5, 0, 0],
							"lerp_mode": "catmullrom"
						}
					}
				},
				"LegrightBone1": {
					"rotation": {
						"0.0": {
							"post": [77.5, 0, 0],
							"lerp_mode": "catmullrom"
						}
					}
				},
				"LegrightBone2": {
					"rotation": {
						"0.0": {
							"post": [-80, 0, 0],
							"lerp_mode": "catmullrom"
						}
					}
				},
				"LegrightBone3": {
					"rotation": {
						"0.0": {
							"post": [30, 0, 0],
							"lerp_mode": "catmullrom"
						}
					}
				},
				"Legrighthoof4": {
					"rotation": {
						"0.0": {
							"post": [45, 0, 0],
							"lerp_mode": "catmullrom"
						}
					}
				},
				"tail": {
					"rotation": {
						"0.0": {
							"post": [-15, 0, -180],
							"lerp_mode": "catmullrom"
						}
					},
					"position": {
						"0.0": {
							"post": [0, -1, 0],
							"lerp_mode": "catmullrom"
						}
					}
				}
			}
		}
	}
}