{
  "ammo": "tacz:12g",
  "ammo_amount": 60,
  "extended_mag_ammo_amount": [
    60,
    60,
    60
  ],
  "bolt": "closed_bolt",
  "rpm": 450,
  "bullet": {
    "life": 0.3,
    "bullet_amount": 10,
    "damage": 105,
    "tracer_count_interval": 0,
    "extra_damage": {
      "armor_ignore": 1,
      "head_shot_multiplier": 2,
      "damage_adjust": [
        {"distance": 4, "damage": 165},
        {"distance": 6, "damage": 140},
        {"distance": 20, "damage": 120},
        {"distance": 29, "damage": 100},
        {"distance": "infinite", "damage": 65}
      ]
    },
    "speed": 500,
    "gravity": 0.0245,
    "knockback": 0,
    "friction": 0.01,
    "ignite_entity_time": 2,
    "pierce": 1,
    "ignite": {
      "entity": true,
      "block": false
    }
  },
  "reload": {
    "type": "magazine",
    "feed": {
      "empty": 3.29,
      "tactical": 2
    },
    "cooldown": {
      "empty": 3.92,
      "tactical": 3
    }
  },
  "draw_time": 0.9167,
  "put_away_time": 0.5417,
  "aim_time": 0.2,
  "sprint_time": 0.3,
  "weight": 5.5,
  "movement_speed": {
    // 默认修正
    "base": 0.0,
    // 瞄准时
    "aim": -0.2,
    // 换弹时
    "reload": -0.2
  },
  "fire_mode": [
    "auto",
    "semi"
  ],
  "burst_data": {
    "continuous_shoot": true,
    "count": 3,
    "bpm": 850,
    "min_interval": 0.45
  },
  "recoil": {
    "pitch": [
      {"time": 0, "value": [0.25, 0.25]},
      {"time": 0.125, "value": [0.25, 0.25]},
      {"time": 0.4, "value": [-0.25, -0.25]},
      {"time": 0.55, "value": [0, 0]}
    ],
    "yaw": [
      {"time": 0, "value": [-0.5, 0.5]},
      {"time": 0.1, "value": [-0.5, 0.5]},
      {"time": 0.2, "value": [0.15, 0.15]},
      {"time": 0.4, "value": [0, 0]}
    ]
  },
  "inaccuracy": {
    "stand": 5,
    "move": 3.5,
    "sneak": 3.75,
    "lie": 3.75,
    "aim": 3.75
  },
  "move_speed": {
    "base": 0.9,
    "aim": 0.72
  },
  // 近战相关
  "melee": {
    // 枪械距离参数，用来延升近战攻击范围
    // 会与刺刀等配件的距离做加和
    "distance": 1,
    // 使用时的冷却时间
    "cooldown": 1.0,
    // 默认近战数据，会被配件的数据替换掉
    "default": {
      // 动画类型：没有枪托的为 melee_push，有枪托的为 melee_stock
      "animation_type": "melee_stock",
      // 刺刀距离参数，枪械里还有个刺刀攻击距离参数，两者做加和
      "distance": 0,
      // 刺刀范围角度
      "range_angle": 30,
      // 伤害值
      "damage": 2,
      // 击退效果
      "knockback": 0.75,
      // 前摇时长，单位：秒
      "prep": 0.1
    }
  },
  "allow_attachment_types": [
    "scope",
    "muzzle",
    "stock",
    "laser",
    "grip"
  ],
  "exclusive_attachments": {
    "tac:8x": {
      "weight": 2.0,
      "ads_addend": 0.04,
      "inaccuracy_addend": -0.4,
      "recoil_modifier": {
        "pitch": -0.2,
        "yaw": -0.1
      }
    }
  }
}