{
  "ammo": "bf1:fuel",
  "rpm": 666,
  "bullet": {
    "life": 0.5,
    "bullet_amount": 5,
    "damage": 3,
    "extra_damage": {
      "armor_ignore": 0.6,
      "head_shot_multiplier": 1,
      "damage_adjust": [
        {
          "distance": 10,
          "damage": 3
        },
        {
          "distance": "infinite",
          "damage": 2.5
        }
      ]
    },
    "speed": 80,
    "gravity": 0,
    "knockback": 0,
    "friction": 0.33,
    "ignite": {
      "entity": true,
      "block": true
    },
    "ignite_entity_time": 4,
    "pierce": 2
  },
  "ammo_amount": 80,
  "extended_mag_ammo_amount": [
    0,
    0,
    0
  ],
  "bolt": "open_bolt",
  "reload": {
    "type": "fuel",
    "feed": {
      "empty": 0.1,
      "tactical": 0.1
    },
    "cooldown": {
      "empty": 0.2,
      "tactical": 0.2
    }
  },
  "draw_time": 0.5,
  "put_away_time": 0.4,
  "aim_time": 0.1,
  "sprint_time": 0.21,
  "weight": 2,
  "movement_speed": {
    "base": 0,
    "aim": -0.1,
    "reload": 0
  },

  "fire_mode": [
    "auto"
  ],
  "allow_attachment_types": [
    //"extended_mag"
  ],
  "recoil": {
    "pitch": [
      {
        "time": 0,
        "value": [ 0, 0 ]
      },
      {
        "time": 0.5,
        "value": [ 0, 0 ]
      }
    ],
    "yaw": [
      {
        "time": 0,
        "value": [ -0.5, 0.5 ]
      },
      {
        "time": 0.3,
        "value": [ -0.5, 0.5 ]
      },
      {
        "time": 0.5,
        "value": [ 0.15, 0.15 ]
      },
      {
        "time": 0.6,
        "value": [ 0, 0 ]
      }
    ]
  },
  "inaccuracy": {
    "stand": 6.66,
    "move": 6.66,
    "sneak": 6.66,
    "lie": 6.66,
    "aim": 6.66
  }

}