{
  "ammo": "tacz:40mm",
  "rpm": 200,
  "ammo_amount": 2,
  "bolt": "open_bolt",
  "bullet": {
    "life": 3,
    "bullet_amount": 5,
    "damage": 10,
    "extra_damage": {
      "armor_ignore": 0.0,
      "head_shot_multiplier": 1,
      "damage_adjust": [
        {
          "distance": 100,
          "damage": 10
        },
        {
          "distance": "infinite",
          "damage": 8
        }
      ]
  },
    "speed": 80,
    "gravity": 0,
    "knockback": 0,
    "friction": 0.05,
    "ignite": false,
    "pierce": 0,
    "explosion": {
      "explode": true,
      "damage": 80,
      "radius": 3,
      "knockback": true,
      "destroy_block": false,
      "delay": 2
    }
  },
  "reload": {
    "type": "magazine",
    "feed": {
      "empty": 2.57,
      "tactical": 2.57
    },
    "cooldown": {
      "empty": 4,
      "tactical": 4
    }
  },
  "draw_time": 0.75,
  "put_away_time": 0.6,
  "aim_time": 0.2,
  "sprint_time": 0.2,
  "weight": 6.5,
  "movement_speed": {
    "base": 0.0,
    "aim": -0.1,
    "reload": -0.1
  },
  "crawl_recoil_multiplier": 0.5,
  "fire_mode": [
    "burst"
  ],
  "burst_data": {
    "continuous_shoot": false,
    "count": 2,
    "bpm": 200,
    "min_interval": 0.3
  },
  "recoil": {
    "pitch": [
      {"time": 0, "value": [2.0, 2.0]},
      {"time": 0.3, "value": [1.5, 1.5]},
      {"time": 0.55, "value": [-0.75, -0.75]},
      {"time": 0.8, "value": [0.25, 0.25]},
      {"time": 1.2, "value": [0, 0]},
      {"time": 1.4, "value": [0, 0]}
    ],
    "yaw": [
      {"time": 0, "value": [-0.4, 0.4]},
      {"time": 0.55, "value": [0, 0]}
    ]
  },
  "inaccuracy": {
    "stand": 2,
    "move": 2.5,
    "sneak": 2,
    "lie": 2,
    "aim": 2
  }
}