{
  "ammo": "tacz:338",
  "ammo_amount": 1,
  "bolt": "open_bolt",
  "rpm": 150,
  "bullet": {
    "life": 1,
    "bullet_amount": 1,
    "damage": 45,
    "tracer_count_interval": 0,
    "extra_damage": {
      "armor_ignore": 0.6,
      "head_shot_multiplier": 2.25,
      "damage_adjust": [
        {
          "distance": 20,
          "damage": 45
        },
        {
          "distance": 60,
          "damage": 46
        },
        {
          "distance": 100,
          "damage": 42
        },
        {
          "distance": 150,
          "damage": 35
        },
        {
          "distance": "infinite",
          "damage": 30
        }
      ]
    },
    "speed": 180,
    "gravity": 0.025,
    "knockback": 0,
    "friction": 0.04,
    "ignite": false,
    "pierce": 3
  },
  "reload": {
    "type": "magazine",
    "feed": {
      "tactical": 0.01,
      "empty": 1.8
    },
    "cooldown": {
      "tactical": 0.01,
      "empty": 2.3
    }
  },
  "draw_time": 0.9,
  "put_away_time": 0.2,
  "aim_time": 0.15,
  "sprint_time": 0.1,
  "bolt_action_time": 0.1,

  "weight": 4.13,
  "movement_speed": {
    "base": 0.0,
    "aim": -0.1,
    "reload": 0.0
  },

  "fire_mode": [
    "semi"
  ],
  "recoil": {
    "pitch": [
      {
        "time": 0,
        "value": [ 3.2, 3.2 ]
      },
      {
        "time": 0.33,
        "value": [ 3.5, 3.5 ]
      },
      {
        "time": 0.5,
        "value": [ -0.25, -0.25 ]
      },
      {
        "time": 0.8,
        "value": [ 0, 0 ]
      }
    ],
    "yaw": [
      {
        "time": 0,
        "value": [ -0.6, -0.5 ]
      },
      {
        "time": 0.32,
        "value": [ -0.6, -0.5 ]
      },
      {
        "time": 0.57,
        "value": [ 0, 0 ]
      }
    ]
  },
  "allow_attachment_types": [
    "scope",
    "grip",
    "muzzle"
  ],
  "inaccuracy": {
    "stand": 4,
    "move": 6,
    "sneak": 1.5,
    "lie": 0.2,
    "aim": 0.02
  }
}