{
  "ammo": "tacz:762x54",
  "ammo_amount": 200,
  "extended_mag_ammo_amount": [
    400,
    500,
    700
  ],
  "bolt": "closed_bolt",
  "rpm": 430,
  "bullet": {
    "life": 1,
    "bullet_amount": 1,
    "damage": 18,
    "tracer_count_interval": 0,
    "extra_damage": {
      "armor_ignore": 0.6,
      "head_shot_multiplier": 1.75,
      "damage_adjust": [
        {"distance": 75, "damage": 18},
        {"distance": 150, "damage": 16},
        {"distance": "infinite", "damage": 14}
      ]
    },
    "speed": 326,
    "gravity": 0.098,
    "knockback": 0.15,
    "friction": 0.01,
    "ignite": false,
    "ignite_entity_time": 2,
    "pierce": 3
  },
  "reload": {
    "type": "magazine",
    "feed": {
      "empty": 6,
      "tactical": 5.33
    },
    "cooldown": {
      "empty": 8.13,
      "tactical": 7.46
    }
  },
  "draw_time": 1.5,
  "put_away_time": 1.54,
  "aim_time": 0.26,
  "sprint_time": 0.32,
  "weight": 19.5,
  "movement_speed": {
    "base": 0.1,
    "aim": -0.5,
    "reload": 0
  },
  "fire_mode": [
    "auto"
  ],
  "recoil": {
    "pitch": [
      {
        "time": 0,
        "value": [ 0.45, 0.5 ]
      },
      {
        "time": 0.25,
        "value": [ 0.4, 0.4 ]
      },
      {
        "time": 0.65,
        "value": [ -0.175, -0.175 ]
      },
      {
        "time": 0.7,
        "value": [ 0, 0 ]
      }
    ],
    "yaw": [
      {
        "time": 0,
        "value": [ -0.45, 0.45 ]
      },
      {
        "time": 0.25,
        "value": [ -0.25, 0.15 ]
      },
      {
        "time": 0.65,
        "value": [ 0, 0 ]
      }
    ]
  },
  "hurt_bob_tweak_multiplier": 0.05,
  "inaccuracy": {
    "stand": 2.5,
    "move": 3,
    "sneak": 0.4,
    "lie": 0.4,
    "aim": 0.1
  },
  "allow_attachment_types": [
    "grip",
    "scope",
    "stock",
    "muzzle",
    "extended_mag"
  ]
}
