{
  "ammo": "tacz:12g",
  "rpm": 205,
  "bullet": {
    "life": 0.6,
    "bullet_amount": 12,
    "damage": 36,
    "tracer_count_interval": 0,
    "extra_damage": {
      "armor_ignore": 0.2,
      "head_shot_multiplier": 1.5,
      "damage_adjust": [
        {"distance": 24, "damage": 36},
        {"distance": 48, "damage": 30},
        {"distance": "infinite", "damage": 24}
      ]
    },
    "speed": 125,
    "gravity": 0.15,
    "knockback": 0.35,
    "friction": 0.05,
    "ignite": false,
    "pierce": 1
  },
  "ammo_amount": 5,
  "bolt": "manual_action",
  "reload": {
    "type": "magazine",
    "feed": {
      "empty": 2.57,
      "tactical": 2.03
    },
    "cooldown": {
      "empty": 4,
      "tactical": 2.7
    }
  },
  "draw_time": 0.5,
  "put_away_time": 0.5,
  "aim_time": 0.15,
//  "bolt_action_time": 0.28,
  "sprint_time": 0.1,
  "weight": 3.52,
  "movement_speed": {
    "base": 0.0,
    "aim": 0.0,
    "reload": 0.1
  },
  "crawl_recoil_multiplier": 0.5,
  "fire_mode": [
    "semi"
  ],
  "allow_attachment_types": [
    "extended_mag",
    "scope",
    "stock",
    "muzzle",
    "grip",
    "laser"
  ],
  "recoil": {
    "pitch": [
      {"time": 0, "value": [2, 2]},
      {"time": 0.03, "value": [2.5, 2.5]},
      {"time": 0.45, "value": [2, 2]},
      {"time": 0.47, "value": [0.5, 0.75]},
      {"time": 0.72, "value": [0, 0.5]},
      {"time": 0.85, "value": [0, 0.25]}
    ],
    "yaw": [
      {"time": 0, "value": [-1.2, 1.2]},
      {"time": 0.1, "value": [-1.2, 0.8]},
      {"time": 0.2, "value": [0.15, 0.15]},
      {"time": 0.4, "value": [0, 0]}
    ]
  },
  "inaccuracy": {
    "stand": 2.25,
    "move": 3,
    "sneak": 2.25,
    "lie": 2.25,
    "aim": 2.25
  },
  "melee": {
    "distance": 1.25,
    "cooldown": 0.7,
    "default": {
      "animation_type": "melee_stock",
      "distance": 1,
      "range_angle": 30,
      "damage": 2,
      "knockback": 0.6,
      "prep": 0.1
    }
  },
  "script": "tacz:m870_gun_logic",
  "script_param": {
    "bolt_time": 0.27,
    "bolt_feed_time": 0.23,
    "intro_empty": 1.5,
    "intro": 0.4,
    "loop": 0.67,
    "ending": 0.63,
    "intro_empty_feed": 1.1,
    "loop_feed": 0.27
  }
}