{
  "ammo": "tacz:308",
  "ammo_amount": 5,
  "bolt": "closed_bolt",
  "rpm": 179,
  "bullet": {
    "life": 1,
    "bullet_amount": 1,
    "damage": 17.5,
    "tracer_count_interval": 0,
    "extra_damage": {
      "armor_ignore": 0.5,
      "head_shot_multiplier": 2,
      "damage_adjust": [
        {"distance": 80, "damage": 17.5},
        {"distance": 120, "damage": 15},
        {"distance": "infinite", "damage": 12.5}
      ]
    },
    "speed": 270,
    "gravity": 0.1,
    "knockback": 0.2,
    "friction": 0.01,
    "ignite": false,
    "pierce": 2
  },
  "reload": {
    "type": "magazine",
    "feed": {
      "empty": 1.97,
      "tactical": 1.53
    },
    "cooldown": {
      "empty": 2.4,
      "tactical": 2.07
    }
  },
  "draw_time": 0.47,
  "put_away_time": 0.5,
  "aim_time": 0.13,
  "sprint_time": 0.22,
  "weight": 5.25,
  "movement_speed": {
    "base": 0.0,
    "aim": -0.15,
    "reload": -0.1
  },
  "crawl_recoil_multiplier": 0.2,
  "fire_mode": [
    "semi"
  ],
  "recoil": {
    "pitch": [
      /*
      {"time": 0, "value": [1.5, 1.5]},
      {"time": 0.15, "value": [3.5, 3.5]},
      {"time": 0.52, "value": [2.5, 3]},
      {"time": 0.72, "value": [0.35, 0.45]},
      {"time": 0.9, "value": [0, 0]}
      */
      {"time": 0, "value": [1.5, 1.75]},
      {"time": 0.18, "value": [3.5, 3.75]},
      {"time": 0.41, "value": [2.5, 3]}
    ],
    "yaw": [
      {"time": 0, "value": [-0.5, 0.35]},
      {"time": 0.05, "value": [-0.25, 0.25]},
      {"time": 0.25, "value": [0, 0]}
    ]
  },
  "inaccuracy": {
    "stand": 5,
    "move": 6.5,
    "sneak": 4,
    "lie": 3,
    "aim": 0.05
  },
  "melee": {
    "distance": 1,
    "cooldown": 0.65,
    "default": {
      "animation_type": "melee_stock",
      "distance": 1.25,
      "range_angle": 30,
      "damage": 2,
      "knockback": 0.6,
      "prep": 0.1
    }
  },
  "allow_attachment_types": [
    "scope",
    "muzzle"
  ]
}