{
  "ammo": "bf1:medkit",
  "rpm": 50,
  "ammo_amount": 1,
  "bolt": "open_bolt",
  "bullet": {
    "life": 4,
    "bullet_amount": 1,
    "damage": 0,
    "extra_damage": {
      "armor_ignore": 0,
      "head_shot_multiplier": 0,
      "damage_adjust": [
        {"distance": 0, "damage": 0},
        {"distance": "infinite", "damage": 0}
      ]
    },
    "speed": 6,
    "gravity": 0.05,
    "knockback": 0,
    "friction": 0,
    "ignite": false,
    "pierce": 0
  },
  "reload": {
    "type": "magazine",
    "feed": {
      "empty": 0.33,
      "tactical": 0.33
    },
    "cooldown": {
      "empty": 0.6,
      "tactical": 0.6
    }
  },
  "draw_time": 0.5,
  "put_away_time": 0.13,
  "aim_time": 0,
  "sprint_time": 0,
  "fire_mode": [
    "semi"
  ],
  "recoil": {
    "pitch": [
      {"time": 0, "value": [0, 0]},
      {"time": 0.4, "value": [0.5, 0.5]},
      {"time": 0.43, "value": [2.5, 2.5]},
      {"time": 0.47, "value": [2.5, 2.5]},
      {"time": 1, "value": [0.5, 0.5]},
      {"time": 1.2, "value": [0, 0]}
    ],
    "yaw": [
      {"time": 0, "value": [0, 0]},
      {"time": 0.4, "value": [1, 1]},
      {"time": 0.45, "value": [0.2, 0.2]},
      {"time": 0.9, "value": [0, 0]}
    ]
  },
  "inaccuracy": {
    "stand": 0,
    "move": 0,
    "sneak": 0,
    "lie": 0,
    "aim": 1
  },
  "melee": {
    "distance": 2,
    "cooldown": 1.0,
    "default": {
      "animation_type": "melee_push",
      "distance": 0,
      "range_angle": 15,
      "damage": 8,
      "knockback": 0,
      "prep": 0.16
    }
  },
  "script": "bf1:preheat_logic"
}