{
  "ammo": "bf1:fuel",
  "rpm": 666,
  "bullet": {
    "life": 0.5,
    "bullet_amount": 6,
    "damage": 4,
    "extra_damage": {
      "armor_ignore": 0.8,
      "head_shot_multiplier": 1,
      "damage_adjust": [
        {
          "distance": 10,
          "damage": 4
        },
        {
          "distance": "infinite",
          "damage": 3.2
        }
      ]
    },
    "speed": 50,
    "gravity": 0,
    "knockback": 0.1,
    "friction": 0.33,
    "ignite": {
      "entity": true,
      "block": true
    },
    "ignite_entity_time": 8,
    "pierce": 3
  },
  "ammo_amount": 130,
  "extended_mag_ammo_amount": [
    140,
    150,
    160
  ],
  "bolt": "open_bolt",
  "reload": {
    "type": "fuel",
    "feed": {
      "empty": 3.3,
      "tactical": 3.3
    },
    "cooldown": {
      "empty": 4.13,
      "tactical": 4.13
    }
  },
  "draw_time": 1.2,
  "put_away_time": 1.2,
  "aim_time": 0.15,
  "sprint_time": 0.21,
  "weight": 15,
  "movement_speed": {
    "base": 0.1,
    "aim": -0.15,
    "reload": 0
  },

  "fire_mode": [
    "auto"
  ],
  "allow_attachment_types": [
    "extended_mag"
  ],
  "recoil": {
    "pitch": [
      {
        "time": 0,
        "value": [ 0, 0 ]
      },
      {
        "time": 0.5,
        "value": [ 0, 0 ]
      }
    ],
    "yaw": [
      {
        "time": 0,
        "value": [ -0.75, 0.75 ]
      },
      {
        "time": 0.3,
        "value": [ -0.75, 0.75 ]
      },
      {
        "time": 0.5,
        "value": [ 0.15, 0.15 ]
      },
      {
        "time": 0.6,
        "value": [ 0, 0 ]
      }
    ]
  },
  "inaccuracy": {
    "stand": 7.66,
    "move": 7.66,
    "sneak": 7.66,
    "lie": 7.66,
    "aim": 7.66
  },
  "script": "bf1:preheat_logic"
}