{
	"format_version": "1.8.0",
	"animations": {
		"static_idle": {
			"loop": true,
			"bones": {
				"constraint": {
					"rotation": [0.2, 0.2, 0.2],
					"position": [0.2, 0.2, 0.2]
				},
				"righthand": {
					"rotation": [-95, -190, 5],
					"position": [-7.5, -15, 5]
				},
				"lefthand": {
					"rotation": [-241.66104, -36.45893, -155.27175],
					"position": [6.875, -13.75, -6.75]
				}
			}
		},
		"static_bolt_caught": {
			"loop": true,
			"bones": {
				"righthand": {
					"rotation": [-95, -190, 5],
					"position": [-7.5, -15, 5]
				},
				"lefthand": {
					"rotation": [-241.66104, -36.45893, -155.27175],
					"position": [6.875, -13.75, -6.75]
				}
			}
		},
		"reload_empty": {
			"animation_length": 2.2667,
			"bones": {
				"Martini": {
					"rotation": {
						"0.0": {
							"post": [0, 0, 0],
							"lerp_mode": "catmullrom"
						},
						"0.1333": {
							"post": [-29, -19, 33],
							"lerp_mode": "catmullrom"
						},
						"0.2333": {
							"post": [-53, -6, 51],
							"lerp_mode": "catmullrom"
						},
						"0.3": {
							"post": [-61.27, -5.06, 52.3],
							"lerp_mode": "catmullrom"
						},
						"0.3667": {
							"post": [-63, -6, 51],
							"lerp_mode": "catmullrom"
						},
						"0.5": {
							"post": [-53, -6, 51],
							"lerp_mode": "catmullrom"
						},
						"0.6": {
							"post": [-49, -6, 48],
							"lerp_mode": "catmullrom"
						},
						"0.7667": {
							"post": [-44, -6, 32],
							"lerp_mode": "catmullrom"
						},
						"0.9333": {
							"post": [-44, -24, 20],
							"lerp_mode": "catmullrom"
						},
						"1.1": {
							"post": [-44, -27, 16],
							"lerp_mode": "catmullrom"
						},
						"1.2": {
							"post": [-42, -19, 16],
							"lerp_mode": "catmullrom"
						},
						"1.3333": {
							"post": [-44, -22, 20],
							"lerp_mode": "catmullrom"
						},
						"1.4333": {
							"post": [-14, -7, 20],
							"lerp_mode": "catmullrom"
						},
						"1.5667": {
							"post": [-4, -7, 20],
							"lerp_mode": "catmullrom"
						},
						"1.7": {
							"post": [-26, -9, 14],
							"lerp_mode": "catmullrom"
						},
						"1.8": {
							"post": [-26, 0, 7],
							"lerp_mode": "catmullrom"
						},
						"2.0333": {
							"post": [7, 0, 0],
							"lerp_mode": "catmullrom"
						},
						"2.2667": [0, 0, 0]
					},
					"position": {
						"0.0": {
							"post": [0, 0, 0],
							"lerp_mode": "catmullrom"
						},
						"0.1333": {
							"post": [0, 0.1875, -1.625],
							"lerp_mode": "catmullrom"
						},
						"0.2333": {
							"post": [0, 0.19, -2.4325],
							"lerp_mode": "catmullrom"
						},
						"0.3": {
							"post": [0, 0.19, -2.62],
							"lerp_mode": "catmullrom"
						},
						"0.3667": {
							"post": [0, 0.19, -2.7425],
							"lerp_mode": "catmullrom"
						},
						"0.5": {
							"post": [0, 0.19, -2.4325],
							"lerp_mode": "catmullrom"
						},
						"0.7667": {
							"post": [0, -2.185, -2.43],
							"lerp_mode": "catmullrom"
						},
						"0.9333": {
							"post": [0.6875, -1.6225, -2.7425],
							"lerp_mode": "catmullrom"
						},
						"1.1": {
							"post": [0.6875, -1.6225, -2.7425],
							"lerp_mode": "catmullrom"
						},
						"1.2": {
							"post": [0.6875, -1.4975, -2.9925],
							"lerp_mode": "catmullrom"
						},
						"1.3333": {
							"post": [0.6875, -1.6225, -2.7425],
							"lerp_mode": "catmullrom"
						},
						"1.4333": {
							"post": [0.69, -1.62, -2.74],
							"lerp_mode": "catmullrom"
						},
						"1.5667": {
							"post": [1.0025, -1.3075, -2.74],
							"lerp_mode": "catmullrom"
						},
						"1.7": {
							"post": [1, -1.31, -2.74],
							"lerp_mode": "catmullrom"
						},
						"1.8": {
							"post": [0.5625, -2.435, -2.74],
							"lerp_mode": "catmullrom"
						},
						"2.0333": {
							"post": [0, 0, 0],
							"lerp_mode": "catmullrom"
						},
						"2.2667": [0, 0, 0]
					}
				},
				"constraint": {
					"rotation": [0.2, 0.2, 0.2],
					"position": [0.1, 0.2, 0.05]
				},
				"mag_and_bullet": {
					"rotation": {
						"0.0": [0, 0, 0],
						"0.85": {
							"pre": [0, 0, 0],
							"post": [0, 0, 0],
							"lerp_mode": "catmullrom"
						},
						"1.0667": {
							"post": [22, 0, 0],
							"lerp_mode": "catmullrom"
						},
						"1.2333": [0, 0, 0]
					},
					"position": {
						"0.0": [0, 0, 0],
						"0.0333": [0, -1, 6.6875],
						"0.0667": [0, -2.4375, 13.7525],
						"0.5": [0, -2.4375, 13.7525],
						"0.5667": [-5.4375, -2.1275, 11.75],
						"0.6667": {
							"pre": [-5.4375, -2.1275, 11.75],
							"post": [-5.4375, -2.1275, 11.75],
							"lerp_mode": "catmullrom"
						},
						"0.85": {
							"post": [-3.1875, 0.81, 3.25],
							"lerp_mode": "catmullrom"
						},
						"1.0667": {
							"post": [0.0625, 0.6225, 2.875],
							"lerp_mode": "catmullrom"
						},
						"1.2333": [-0.0025, 0, 0]
					}
				},
				"righthand": {
					"rotation": {
						"0.0": [-95, -190, 5],
						"0.1667": [-95, -190, 5],
						"0.5667": [-95, -190, 5],
						"0.6667": {
							"pre": [-95, -190, 5],
							"post": [-95, -190, 5],
							"lerp_mode": "catmullrom"
						},
						"0.85": {
							"post": [-103, -195, 34],
							"lerp_mode": "catmullrom"
						},
						"1.0667": {
							"post": [-72, -199, 93],
							"lerp_mode": "catmullrom"
						},
						"1.1667": {
							"post": [-61, -204, 112],
							"lerp_mode": "catmullrom"
						},
						"1.2667": {
							"post": [-84.6, -208.8, 104.6],
							"lerp_mode": "catmullrom"
						},
						"1.6167": [-95, -190, 5],
						"2.0667": [-95, -190, 5]
					},
					"position": {
						"0.0": [-7.5, -15, 5],
						"0.1": [-7.5, -16.5625, 9.25],
						"0.1667": [-7.5, -16.56, 9.25],
						"0.2333": [-7.5, -17.4975, 7.9375],
						"0.4": [-7.5, -17.5, 7.94],
						"0.5": [-8.625, -17, 12.6275],
						"0.5667": [-11.0575, -15.3125, 14.63],
						"0.6667": {
							"pre": [-11.0575, -15.3125, 14.63],
							"post": [-11.0575, -15.3125, 14.63],
							"lerp_mode": "catmullrom"
						},
						"0.85": {
							"post": [-10.06, -12.185, 6.0675],
							"lerp_mode": "catmullrom"
						},
						"1.0667": {
							"post": [-8.3725, -10.3725, 5.88],
							"lerp_mode": "catmullrom"
						},
						"1.2333": {
							"post": [-8.2475, -10.935, 2.9425],
							"lerp_mode": "catmullrom"
						},
						"1.35": {
							"post": [-9.4475, -11.6, 2.32],
							"lerp_mode": "catmullrom"
						},
						"1.45": [-10.2475, -17.9975, 0.13],
						"1.6167": [-8.405, -18.5625, 6],
						"1.6667": [-7.5, -17.5, 7.94],
						"1.7667": [-7.5, -16.56, 9.25],
						"2.0667": [-7.5, -15, 5]
					}
				},
				"lefthand": {
					"rotation": {
						"0.0333": [-241.66104, -36.45893, -155.27175],
						"0.1333": [-262.57118, -32.96033, -132.95125],
						"1.8667": [-262.57118, -32.96033, -132.95125],
						"2.0667": [-241.66104, -36.45893, -155.27175]
					},
					"position": {
						"0.0333": [6.875, -13.75, -6.75],
						"0.1333": [6.88, -12.75, -3.4375],
						"1.8667": [6.88, -12.75, -3.4375],
						"2.0667": [6.875, -13.75, -6.75]
					}
				},
				"bolt": {
					"rotation": {
						"0.1667": [0, 0, 0],
						"0.2333": [18, 0, 0],
						"1.6667": [18, 0, 0],
						"1.7667": [0, 0, 0]
					}
				},
				"lever": {
					"rotation": {
						"0.1667": [0, 0, 0],
						"0.2333": [-27, 0, 0],
						"1.6667": [-27, 0, 0],
						"1.7667": [0, 0, 0]
					}
				},
				"bullet_shell": {
					"rotation": {
						"0.2667": [0, 0, 0],
						"0.3": [0, 0, 0],
						"0.3333": [25, 0, 0],
						"0.3667": [52.5, 0, 0],
						"0.4": [-62.5, 0, 0],
						"0.4667": [-105, 0, 0],
						"0.5333": [-222.5, 0, 0]
					},
					"position": {
						"0.2667": [0, 0, 0],
						"0.3": [0, 0, 1.8125],
						"0.3333": [0.1875, 0.0625, 2.56],
						"0.3667": [0.19, -0.19, 3.56],
						"0.4": [0.19, 1.81, 3.685],
						"0.4667": [0.19, 2.56, 6.315],
						"0.5333": [0.19, 2.56, 11.32],
						"0.6333": [-0.2475, -11.0025, 18.07]
					}
				},
				"camera": {
					"rotation": {
						"0.0": [0, 0, 0],
						"0.1667": {
							"pre": [0, 0, 0],
							"post": [0, 0, 0],
							"lerp_mode": "catmullrom"
						},
						"0.2167": {
							"post": [0, 0, -1],
							"lerp_mode": "catmullrom"
						},
						"0.3167": {
							"post": [0, 0, 2],
							"lerp_mode": "catmullrom"
						},
						"0.4667": {
							"post": [0, 0, 3],
							"lerp_mode": "catmullrom"
						},
						"0.65": {
							"post": [0, 0, 0],
							"lerp_mode": "catmullrom"
						},
						"1.1667": {
							"post": [0, 0, 0],
							"lerp_mode": "catmullrom"
						},
						"1.2333": {
							"post": [-1, 0, 0],
							"lerp_mode": "catmullrom"
						},
						"1.35": {
							"post": [0.5, 0, 0],
							"lerp_mode": "catmullrom"
						},
						"1.45": {
							"post": [0, 0, 0],
							"lerp_mode": "catmullrom"
						},
						"1.5833": {
							"post": [0, 0, 0],
							"lerp_mode": "catmullrom"
						},
						"1.6667": {
							"post": [1.2, 0, -1],
							"lerp_mode": "catmullrom"
						},
						"1.7167": {
							"post": [1.5, 0, -1.25],
							"lerp_mode": "catmullrom"
						},
						"1.8167": {
							"post": [-1.77, 0, 1],
							"lerp_mode": "catmullrom"
						},
						"1.8667": {
							"post": [-2.45, 0, 0.82],
							"lerp_mode": "catmullrom"
						},
						"2.0": [0, 0, 0]
					}
				}
			},
			"sound_effects": {
				"0.2": {
					"effect": "bf1:martini/shell"
				},
				"0.3": {
					"effect": "bf1:shell_rifle"
				},
				"1.0833": {
					"effect": "bf1:martini/bulletin"
				},
				"1.4333": {
					"effect": "bf1:martini/boltclose"
				}
			}
		},
		"inspect": {
			"animation_length": 11.5667,
			"bones": {
				"righthand": {
					"rotation": {
						"0.0": [-95, -190, 5],
						"0.2333": [-95, -190, 5],
						"0.6667": [-47, -88, -9],
						"2.1667": [-47, -88, -9],
						"2.7667": [-46, -252, 0],
						"5.3333": [-46, -252, 0],
						"5.8333": [-95, -190, 5],
						"6.3667": {
							"pre": [-72, -190, 3],
							"post": [-72, -190, 3],
							"lerp_mode": "catmullrom"
						},
						"6.9": {
							"post": [-72, -190, 3],
							"lerp_mode": "catmullrom"
						},
						"7.5": [-71.98, -135.48, 2.28],
						"8.9333": [-71.98, -135.48, 2.28],
						"9.4": [-72, -166, 62],
						"9.6": [-72, -171, 70],
						"9.7333": [-72, -171, 70],
						"10.9333": [-95, -190, 5]
					},
					"position": {
						"0.0": [-7.5, -15, 5],
						"0.2333": [-7.5, -15, 5],
						"0.6667": [-6.6875, -16.875, 13.875],
						"2.1667": [-6.6875, -16.875, 13.875],
						"2.7667": [-5.565, -14.745, -2.87],
						"5.3333": [-5.565, -14.745, -2.87],
						"5.8333": [-7.5, -15, 5],
						"6.3667": {
							"pre": [-7.5, -16.4375, 9.8125],
							"post": [-7.5, -16.4375, 9.8125],
							"lerp_mode": "catmullrom"
						},
						"6.6333": {
							"post": [-7.5, -18.6275, 7.56],
							"lerp_mode": "catmullrom"
						},
						"6.9": {
							"post": [-11.5, -7.63, 3.56],
							"lerp_mode": "catmullrom"
						},
						"7.1333": {
							"post": [-11.5, -7.4425, 7.56],
							"lerp_mode": "catmullrom"
						},
						"7.3667": {
							"post": [-11.5, -8.815, 8.3725],
							"lerp_mode": "catmullrom"
						},
						"7.5": [-7.89, -5.55, 8.45],
						"8.9333": [-7.89, -5.55, 8.45],
						"9.4": [-8.8075, -9.135, 6.555],
						"9.6": [-8.81, -9.1925, 5.8725],
						"9.7333": [-8.81, -9.8775, 3.245],
						"9.9333": [-9.56, -9.8775, 3.245],
						"10.1667": [-7.5, -18.6275, 7.56],
						"10.3333": [-7.5, -18.6275, 7.56],
						"10.5": [-7.5, -16.4375, 9.8125],
						"10.9333": [-7.5, -15, 5]
					}
				},
				"lefthand": {
					"rotation": {
						"0.0": [-241.66104, -36.45893, -155.27175],
						"0.2333": [-241.66, -67.46, -155.27],
						"1.8667": [-241.66, -67.46, -155.27],
						"2.2333": [-218.66, 70.54, -178.27],
						"5.3": [-218.66, 70.54, -178.27],
						"5.6667": [-241.66, -67.46, -155.27],
						"8.7333": [-241.66, -67.46, -155.27],
						"9.2": [-241.66, -55.46, -156.27],
						"10.7333": [-241.66, -55.46, -156.27],
						"11.1": [-241.66104, -36.45893, -155.27175]
					},
					"position": {
						"0.0": [6.875, -13.75, -6.75],
						"0.2333": [6.88, -13.75, -0.625],
						"1.8667": [6.88, -13.75, -0.62],
						"2.2333": [6.88, -16.75, 13.13],
						"5.3": [6.88, -16.75, 13.13],
						"5.6667": [6.88, -13.75, -0.625],
						"8.7333": [6.88, -13.75, -0.625],
						"9.2": [6.88, -13.75, 1.4425],
						"10.7333": [6.88, -13.75, 1.4425],
						"11.1": [6.875, -13.75, -6.75]
					}
				},
				"camera": {
					"rotation": {
						"0.0": {
							"post": [0, 0, 0],
							"lerp_mode": "catmullrom"
						},
						"0.2": {
							"post": [1, 0, 0],
							"lerp_mode": "catmullrom"
						},
						"0.4667": {
							"post": [0, 0, 0],
							"lerp_mode": "catmullrom"
						},
						"0.8": {
							"post": [0, -18, 0],
							"lerp_mode": "catmullrom"
						},
						"1.3667": {
							"post": [0, -18, 0],
							"lerp_mode": "catmullrom"
						},
						"1.7333": {
							"post": [5, 16, 0],
							"lerp_mode": "catmullrom"
						},
						"2.0667": {
							"post": [5, 16, 0],
							"lerp_mode": "catmullrom"
						},
						"2.3333": {
							"post": [-1, 17, 0],
							"lerp_mode": "catmullrom"
						},
						"2.6333": {
							"post": [-6, 25, 0],
							"lerp_mode": "catmullrom"
						},
						"3.3667": {
							"post": [-6, 25, 0],
							"lerp_mode": "catmullrom"
						},
						"3.9333": {
							"post": [-1, -15, 0],
							"lerp_mode": "catmullrom"
						},
						"4.5333": {
							"post": [-1, -15, 0],
							"lerp_mode": "catmullrom"
						},
						"5.0333": {
							"post": [-0.56, -8.38, 0],
							"lerp_mode": "catmullrom"
						},
						"5.4333": {
							"post": [-9.38, -5.64, 0],
							"lerp_mode": "catmullrom"
						},
						"5.8667": [0, 0, 0],
						"6.3667": {
							"pre": [0, 0, 0],
							"post": [0, 0, 0],
							"lerp_mode": "catmullrom"
						},
						"6.5667": {
							"post": [-2, 0, -2],
							"lerp_mode": "catmullrom"
						},
						"6.6333": {
							"post": [-1, 0, 1],
							"lerp_mode": "catmullrom"
						},
						"6.6667": {
							"post": [2, 0, 0],
							"lerp_mode": "catmullrom"
						},
						"6.7333": [-3, 0, 0],
						"6.8667": [-5.5, 0, 0],
						"7.2": {
							"pre": [0, 0, 0],
							"post": [0, 0, 0],
							"lerp_mode": "catmullrom"
						},
						"7.6333": {
							"post": [4, 10, 0],
							"lerp_mode": "catmullrom"
						},
						"8.3333": {
							"post": [6, 10, 0],
							"lerp_mode": "catmullrom"
						},
						"8.9333": {
							"post": [2, 3, 0],
							"lerp_mode": "catmullrom"
						},
						"9.3333": {
							"post": [-1, -6, 0],
							"lerp_mode": "catmullrom"
						},
						"9.6667": {
							"post": [1, -4, -2],
							"lerp_mode": "catmullrom"
						},
						"9.7333": {
							"post": [-1, -6, 0],
							"lerp_mode": "catmullrom"
						},
						"9.8": {
							"post": [1, -4, 1],
							"lerp_mode": "catmullrom"
						},
						"10.1": {
							"post": [0, 2, 1],
							"lerp_mode": "catmullrom"
						},
						"10.3333": {
							"post": [0, 4, 0],
							"lerp_mode": "catmullrom"
						},
						"10.4": {
							"post": [0, 4, 3],
							"lerp_mode": "catmullrom"
						},
						"10.5333": {
							"post": [0, 4, -1],
							"lerp_mode": "catmullrom"
						},
						"10.6333": {
							"post": [0, 3, 0],
							"lerp_mode": "catmullrom"
						},
						"11.0": {
							"post": [0, -1, 0],
							"lerp_mode": "catmullrom"
						},
						"11.4333": [0, 0, 0]
					}
				},
				"Martini": {
					"rotation": {
						"0.0": [0, 0, 0],
						"0.2": {
							"pre": [12, 0, -8],
							"post": [12, 0, -8],
							"lerp_mode": "catmullrom"
						},
						"0.6333": {
							"post": [24, -74, -40],
							"lerp_mode": "catmullrom"
						},
						"1.8667": {
							"post": [24, -74, -40],
							"lerp_mode": "catmullrom"
						},
						"2.2667": {
							"post": [13, -52, -33],
							"lerp_mode": "catmullrom"
						},
						"2.6667": {
							"post": [21, 71, 40],
							"lerp_mode": "catmullrom"
						},
						"3.4333": {
							"post": [36, 67, 47],
							"lerp_mode": "catmullrom"
						},
						"3.9": {
							"post": [58, 88, 46],
							"lerp_mode": "catmullrom"
						},
						"4.2667": {
							"post": [68, 88, 46],
							"lerp_mode": "catmullrom"
						},
						"4.9667": {
							"post": [68, 88, 46],
							"lerp_mode": "catmullrom"
						},
						"5.2667": {
							"post": [25.8, 81.19, 25.39],
							"lerp_mode": "catmullrom"
						},
						"5.6667": {
							"post": [0, 0, 0],
							"lerp_mode": "catmullrom"
						},
						"5.9667": {
							"post": [13, -46, 0],
							"lerp_mode": "catmullrom"
						},
						"6.4333": {
							"post": [13, -46, 0],
							"lerp_mode": "catmullrom"
						},
						"6.5667": {
							"post": [-11, -60, 0],
							"lerp_mode": "catmullrom"
						},
						"6.8333": {
							"post": [-11.22, -46, 0],
							"lerp_mode": "catmullrom"
						},
						"7.1667": {
							"post": [-5, -46, 0],
							"lerp_mode": "catmullrom"
						},
						"9.0667": {
							"post": [-5, -46, 0],
							"lerp_mode": "catmullrom"
						},
						"9.3667": {
							"post": [-35, -27, 8],
							"lerp_mode": "catmullrom"
						},
						"9.6333": {
							"post": [-35, -27, 8],
							"lerp_mode": "catmullrom"
						},
						"9.7333": {
							"post": [-61, -27, 8],
							"lerp_mode": "catmullrom"
						},
						"9.9333": {
							"post": [-35, -27, 8],
							"lerp_mode": "catmullrom"
						},
						"10.1667": {
							"post": [-43, -12, 43],
							"lerp_mode": "catmullrom"
						},
						"10.3333": {
							"post": [-43, -12, 43],
							"lerp_mode": "catmullrom"
						},
						"10.4667": {
							"post": [-11, -11, 37],
							"lerp_mode": "catmullrom"
						},
						"10.6667": {
							"post": [-23, -12, 43],
							"lerp_mode": "catmullrom"
						},
						"10.9667": {
							"post": [10, 14, 0],
							"lerp_mode": "catmullrom"
						},
						"11.3333": {
							"post": [-0.25, -0.25, 0],
							"lerp_mode": "catmullrom"
						},
						"11.5667": [0, 0, 0]
					},
					"position": {
						"0.0": [0, 0, 0],
						"0.2": {
							"pre": [0.8125, 0, 0],
							"post": [0.8125, 0, 0],
							"lerp_mode": "catmullrom"
						},
						"0.6333": {
							"post": [-4.125, 0, -7.625],
							"lerp_mode": "catmullrom"
						},
						"1.8667": {
							"post": [-4.125, 0, -7.625],
							"lerp_mode": "catmullrom"
						},
						"2.2667": {
							"post": [0.8125, 0, 0],
							"lerp_mode": "catmullrom"
						},
						"2.6667": {
							"post": [8.375, 0, -3.125],
							"lerp_mode": "catmullrom"
						},
						"3.4333": {
							"post": [8.38, 0, -3.12],
							"lerp_mode": "catmullrom"
						},
						"3.9": {
							"post": [8.38, 2.5625, -7.245],
							"lerp_mode": "catmullrom"
						},
						"4.2667": {
							"post": [8.38, 2.5625, -7.245],
							"lerp_mode": "catmullrom"
						},
						"4.9667": {
							"post": [8.38, 2.5625, -7.245],
							"lerp_mode": "catmullrom"
						},
						"5.2667": {
							"post": [4.57, 0.78, -3.92],
							"lerp_mode": "catmullrom"
						},
						"5.6667": {
							"post": [0, 0, 0],
							"lerp_mode": "catmullrom"
						},
						"5.9667": {
							"post": [1, -2, -1.3125],
							"lerp_mode": "catmullrom"
						},
						"6.4333": {
							"post": [1, -2, -1.3125],
							"lerp_mode": "catmullrom"
						},
						"6.5667": {
							"post": [2.8125, -5.5625, -1.3125],
							"lerp_mode": "catmullrom"
						},
						"6.8333": {
							"post": [2.48, -5.18, -1.39],
							"lerp_mode": "catmullrom"
						},
						"7.1667": {
							"post": [1, -7.1875, -1.625],
							"lerp_mode": "catmullrom"
						},
						"9.0667": {
							"post": [1, -7.1875, -1.625],
							"lerp_mode": "catmullrom"
						},
						"9.3667": {
							"post": [4.5, -2.25, -3.25],
							"lerp_mode": "catmullrom"
						},
						"9.6333": {
							"post": [4.5, -2.25, -3.25],
							"lerp_mode": "catmullrom"
						},
						"9.7333": {
							"post": [5.25, -2.25, -5.3125],
							"lerp_mode": "catmullrom"
						},
						"9.9333": {
							"post": [4.5, -2.25, -3.25],
							"lerp_mode": "catmullrom"
						},
						"10.1667": {
							"post": [0.3125, -2.25, -3.5625],
							"lerp_mode": "catmullrom"
						},
						"10.3333": {
							"post": [0.3125, -2.25, -3.5625],
							"lerp_mode": "catmullrom"
						},
						"10.4667": {
							"post": [0.9375, -1.3125, -0.25],
							"lerp_mode": "catmullrom"
						},
						"10.6667": {
							"post": [0.3125, -2.25, -3.5625],
							"lerp_mode": "catmullrom"
						},
						"11.0333": {
							"post": [0, 0, 0.5625],
							"lerp_mode": "catmullrom"
						},
						"11.3333": {
							"post": [0, 0, 0],
							"lerp_mode": "catmullrom"
						},
						"11.5667": [0, 0, 0]
					}
				},
				"bullet_shell": {
					"rotation": [0, 0, 0],
					"position": [0, 0, -8]
				},
				"righthand_and_mag": {
					"rotation": {
						"7.5": [0, 0, 0],
						"7.7667": {
							"pre": [9, -4, 30],
							"post": [9, -4, 30],
							"lerp_mode": "catmullrom"
						},
						"8.6333": {
							"post": [16, 5, 23],
							"lerp_mode": "catmullrom"
						},
						"8.9333": [0, 0, 0]
					},
					"position": {
						"7.5": [0, 0, 0],
						"7.7667": {
							"pre": [-1.625, 5.81, 2.625],
							"post": [-1.625, 5.81, 2.625],
							"lerp_mode": "catmullrom"
						},
						"8.6333": {
							"post": [1.125, 5.4975, 4.625],
							"lerp_mode": "catmullrom"
						},
						"8.9333": [0, 0, 0]
					}
				},
				"mag_and_bullet": {
					"rotation": {
						"6.5333": [0, 0, 0],
						"6.6667": {
							"pre": [12, 0, 0],
							"post": [12, 0, 0],
							"lerp_mode": "catmullrom"
						},
						"6.8": {
							"post": [-229, 0, 0],
							"lerp_mode": "catmullrom"
						},
						"6.9333": [-385, 0, 0],
						"7.0667": [-446, 0, 0],
						"7.2": [-446, 0, 0],
						"7.5": [-446, 0, 0],
						"8.9333": [-446, 0, 0],
						"9.2333": [-407, 0, 0],
						"9.5": [-349, 0, 0],
						"9.6": [-343, 0, 0],
						"9.6667": [-352, 0, 0]
					},
					"position": {
						"6.5333": [0, 0, 0],
						"6.6667": {
							"pre": [0, 0.4375, 3],
							"post": [0, 0.4375, 3],
							"lerp_mode": "catmullrom"
						},
						"6.8": {
							"post": [-3.9375, 4.565, -0.1875],
							"lerp_mode": "catmullrom"
						},
						"6.9333": [-3.94, 7.63, 3.3775],
						"7.0667": [-3.94, 6.5675, 4.9425],
						"7.2": [-4.1275, 5.6325, 6.44],
						"7.3333": [-4.1075, 4.6825, 6.385],
						"7.3667": [-3.65, 4.6475, 6.24],
						"7.4": [-3.42, 5.4775, 6.16],
						"7.5": [-0.5025, 8.0725, 5.82],
						"8.9333": [-0.5025, 8.0725, 5.82],
						"9.2333": [-0.375, 4.0075, 4.695],
						"9.5": [0.005, 0.5725, 3.2],
						"9.6": [0.01, 0.32, 3.075],
						"9.6667": [0.01, 0.1325, 1.33],
						"9.7333": [0.01, 0.005, 0.08],
						"9.8": [0, 0, 0]
					}
				},
				"bolt": {
					"rotation": {
						"6.4": [0, 0, 0],
						"6.6": [18, 0, 0],
						"10.3333": [18, 0, 0],
						"10.5": [0, 0, 0]
					}
				},
				"lever": {
					"rotation": {
						"6.4": [0, 0, 0],
						"6.6": [-34, 0, 0],
						"10.3333": [-34, 0, 0],
						"10.5": [0, 0, 0]
					}
				}
			}
		},
		"inspect_empty": {
			"animation_length": 11.5667,
			"bones": {
				"righthand": {
					"rotation": {
						"0.0": [-95, -190, 5],
						"0.2333": [-95, -190, 5],
						"0.6667": [-47, -88, -9],
						"2.1667": [-47, -88, -9],
						"2.7667": [-46, -252, 0],
						"5.3333": [-46, -252, 0],
						"5.8333": [-95, -190, 5],
						"6.3667": {
							"pre": [-72, -190, 3],
							"post": [-72, -190, 3],
							"lerp_mode": "catmullrom"
						},
						"6.9": {
							"post": [-72, -190, 3],
							"lerp_mode": "catmullrom"
						},
						"7.5": [-71.98, -135.48, 2.28],
						"7.7": {
							"pre": [-53.98, -135.48, 21.28],
							"post": [-53.98, -135.48, 21.28],
							"lerp_mode": "catmullrom"
						},
						"7.9667": {
							"post": [-53.98, -135.48, 21.28],
							"lerp_mode": "catmullrom"
						},
						"8.2333": {
							"post": [-61.69, -135.48, 13.14],
							"lerp_mode": "catmullrom"
						},
						"8.3667": {
							"post": [-53.98, -135.48, 21.28],
							"lerp_mode": "catmullrom"
						},
						"8.5": {
							"post": [-61.69, -135.48, 13.14],
							"lerp_mode": "catmullrom"
						},
						"8.6": {
							"post": [-53.98, -135.48, 21.28],
							"lerp_mode": "catmullrom"
						},
						"8.8": {
							"post": [-71.98, -135.48, 2.28],
							"lerp_mode": "catmullrom"
						},
						"8.9333": [-71.98, -135.48, 2.28],
						"9.4": [-72, -166, 62],
						"9.6": [-72, -171, 70],
						"9.7333": [-72, -171, 70],
						"10.9333": [-95, -190, 5]
					},
					"position": {
						"0.0": [-7.5, -15, 5],
						"0.2333": [-7.5, -15, 5],
						"0.6667": [-6.6875, -16.875, 13.875],
						"2.1667": [-6.6875, -16.875, 13.875],
						"2.7667": [-5.565, -14.745, -2.87],
						"5.3333": [-5.565, -14.745, -2.87],
						"5.8333": [-7.5, -15, 5],
						"6.3667": {
							"pre": [-7.5, -16.4375, 9.8125],
							"post": [-7.5, -16.4375, 9.8125],
							"lerp_mode": "catmullrom"
						},
						"6.6333": {
							"post": [-7.5, -18.6275, 7.56],
							"lerp_mode": "catmullrom"
						},
						"6.9": {
							"post": [-11.5, -7.63, 3.56],
							"lerp_mode": "catmullrom"
						},
						"7.1333": {
							"post": [-11.5, -7.4425, 7.56],
							"lerp_mode": "catmullrom"
						},
						"7.3667": {
							"post": [-11.5, -8.815, 8.3725],
							"lerp_mode": "catmullrom"
						},
						"7.5": [-7.89, -5.55, 8.45],
						"7.7": {
							"pre": [-7.0775, -5.55, 8.7],
							"post": [-7.0775, -5.55, 8.7],
							"lerp_mode": "catmullrom"
						},
						"7.9667": {
							"post": [-7.0775, -5.55, 8.7],
							"lerp_mode": "catmullrom"
						},
						"8.2333": {
							"post": [-7.43, -5.55, 8.59],
							"lerp_mode": "catmullrom"
						},
						"8.3667": {
							"post": [-7.0775, -5.55, 8.7],
							"lerp_mode": "catmullrom"
						},
						"8.5": {
							"post": [-7.43, -5.55, 8.59],
							"lerp_mode": "catmullrom"
						},
						"8.6": {
							"post": [-7.0775, -5.55, 8.7],
							"lerp_mode": "catmullrom"
						},
						"8.8": {
							"post": [-7.89, -5.55, 8.45],
							"lerp_mode": "catmullrom"
						},
						"8.9333": [-7.89, -5.55, 8.45],
						"9.4": [-8.8075, -9.135, 6.555],
						"9.6": [-8.81, -9.1925, 5.8725],
						"9.7333": [-8.81, -9.8775, 3.245],
						"9.9333": [-9.56, -9.8775, 3.245],
						"10.1667": [-7.5, -18.6275, 7.56],
						"10.3333": [-7.5, -18.6275, 7.56],
						"10.5": [-7.5, -16.4375, 9.8125],
						"10.9333": [-7.5, -15, 5]
					}
				},
				"lefthand": {
					"rotation": {
						"0.0": [-241.66104, -36.45893, -155.27175],
						"0.2333": [-241.66, -67.46, -155.27],
						"1.8667": [-241.66, -67.46, -155.27],
						"2.2333": [-218.66, 70.54, -178.27],
						"5.3": [-218.66, 70.54, -178.27],
						"5.6667": [-241.66, -67.46, -155.27],
						"8.7333": [-241.66, -67.46, -155.27],
						"9.2": [-241.66, -55.46, -156.27],
						"10.7333": [-241.66, -55.46, -156.27],
						"11.1": [-241.66104, -36.45893, -155.27175]
					},
					"position": {
						"0.0": [6.875, -13.75, -6.75],
						"0.2333": [6.88, -13.75, -0.625],
						"1.8667": [6.88, -13.75, -0.62],
						"2.2333": [6.88, -16.75, 13.13],
						"5.3": [6.88, -16.75, 13.13],
						"5.6667": [6.88, -13.75, -0.625],
						"8.7333": [6.88, -13.75, -0.625],
						"9.2": [6.88, -13.75, 1.4425],
						"10.7333": [6.88, -13.75, 1.4425],
						"11.1": [6.875, -13.75, -6.75]
					}
				},
				"camera": {
					"rotation": {
						"0.0": {
							"post": [0, 0, 0],
							"lerp_mode": "catmullrom"
						},
						"0.2": {
							"post": [1, 0, 0],
							"lerp_mode": "catmullrom"
						},
						"0.4667": {
							"post": [0, 0, 0],
							"lerp_mode": "catmullrom"
						},
						"0.8": {
							"post": [0, -18, 0],
							"lerp_mode": "catmullrom"
						},
						"1.3667": {
							"post": [0, -18, 0],
							"lerp_mode": "catmullrom"
						},
						"1.7333": {
							"post": [5, 16, 0],
							"lerp_mode": "catmullrom"
						},
						"2.0667": {
							"post": [5, 16, 0],
							"lerp_mode": "catmullrom"
						},
						"2.3333": {
							"post": [-1, 17, 0],
							"lerp_mode": "catmullrom"
						},
						"2.6333": {
							"post": [-6, 25, 0],
							"lerp_mode": "catmullrom"
						},
						"3.2667": {
							"post": [-6, 25, 0],
							"lerp_mode": "catmullrom"
						},
						"3.9333": {
							"post": [-1, -15, 0],
							"lerp_mode": "catmullrom"
						},
						"4.5333": {
							"post": [-1, -15, 0],
							"lerp_mode": "catmullrom"
						},
						"5.0333": {
							"post": [-0.56, -8.38, 0],
							"lerp_mode": "catmullrom"
						},
						"5.4333": {
							"post": [-9.38, -5.64, 0],
							"lerp_mode": "catmullrom"
						},
						"5.8667": [0, 0, 0],
						"6.3": {
							"pre": [0, 0, 0],
							"post": [0, 0, 0],
							"lerp_mode": "catmullrom"
						},
						"6.5": {
							"post": [-2, 0, -2],
							"lerp_mode": "catmullrom"
						},
						"6.5667": {
							"post": [-1, 0, 1],
							"lerp_mode": "catmullrom"
						},
						"6.6": {
							"post": [2, 0, 0],
							"lerp_mode": "catmullrom"
						},
						"6.6667": [-3, 0, 0],
						"6.8": [-5.5, 0, 0],
						"7.1333": {
							"pre": [0, 0, 0],
							"post": [0, 0, 0],
							"lerp_mode": "catmullrom"
						},
						"7.6333": {
							"post": [10, 14, 0],
							"lerp_mode": "catmullrom"
						},
						"8.1": {
							"post": [10, 14, 0],
							"lerp_mode": "catmullrom"
						},
						"8.3333": {
							"post": [-12.78, 15.4, 0],
							"lerp_mode": "catmullrom"
						},
						"8.7333": {
							"post": [-12.78, 15.4, 0],
							"lerp_mode": "catmullrom"
						},
						"9.0667": {
							"post": [2, 3, 0],
							"lerp_mode": "catmullrom"
						},
						"9.3333": {
							"post": [-1, -6, 0],
							"lerp_mode": "catmullrom"
						},
						"9.6667": {
							"post": [1, -4, -2],
							"lerp_mode": "catmullrom"
						},
						"9.7333": {
							"post": [-1, -6, 0],
							"lerp_mode": "catmullrom"
						},
						"9.8": {
							"post": [1, -4, 1],
							"lerp_mode": "catmullrom"
						},
						"10.1": {
							"post": [0, 2, 1],
							"lerp_mode": "catmullrom"
						},
						"10.3333": {
							"post": [0, 4, 0],
							"lerp_mode": "catmullrom"
						},
						"10.4": {
							"post": [0, 4, 3],
							"lerp_mode": "catmullrom"
						},
						"10.5333": {
							"post": [0, 4, -1],
							"lerp_mode": "catmullrom"
						},
						"10.6333": {
							"post": [0, 3, 0],
							"lerp_mode": "catmullrom"
						},
						"11.0": {
							"post": [0, -1, 0],
							"lerp_mode": "catmullrom"
						},
						"11.4333": [0, 0, 0]
					}
				},
				"Martini": {
					"rotation": {
						"0.0": [0, 0, 0],
						"0.2": {
							"pre": [12, 0, -8],
							"post": [12, 0, -8],
							"lerp_mode": "catmullrom"
						},
						"0.6333": {
							"post": [24, -74, -40],
							"lerp_mode": "catmullrom"
						},
						"1.8667": {
							"post": [24, -74, -40],
							"lerp_mode": "catmullrom"
						},
						"2.2667": {
							"post": [13, -52, -33],
							"lerp_mode": "catmullrom"
						},
						"2.6667": {
							"post": [21, 71, 40],
							"lerp_mode": "catmullrom"
						},
						"3.4333": {
							"post": [36, 67, 47],
							"lerp_mode": "catmullrom"
						},
						"3.9": {
							"post": [58, 88, 46],
							"lerp_mode": "catmullrom"
						},
						"4.2667": {
							"post": [68, 88, 46],
							"lerp_mode": "catmullrom"
						},
						"4.9667": {
							"post": [68, 88, 46],
							"lerp_mode": "catmullrom"
						},
						"5.2667": {
							"post": [25.8, 81.19, 25.39],
							"lerp_mode": "catmullrom"
						},
						"5.6667": {
							"post": [0, 0, 0],
							"lerp_mode": "catmullrom"
						},
						"5.9667": {
							"post": [13, -46, 0],
							"lerp_mode": "catmullrom"
						},
						"6.4333": {
							"post": [13, -46, 0],
							"lerp_mode": "catmullrom"
						},
						"6.5667": {
							"post": [-11, -60, 0],
							"lerp_mode": "catmullrom"
						},
						"6.8333": {
							"post": [-11.22, -46, 0],
							"lerp_mode": "catmullrom"
						},
						"7.1667": {
							"post": [-5, -46, 0],
							"lerp_mode": "catmullrom"
						},
						"9.0667": {
							"post": [-5, -46, 0],
							"lerp_mode": "catmullrom"
						},
						"9.3667": {
							"post": [-35, -27, 8],
							"lerp_mode": "catmullrom"
						},
						"9.6333": {
							"post": [-35, -27, 8],
							"lerp_mode": "catmullrom"
						},
						"9.7333": {
							"post": [-61, -27, 8],
							"lerp_mode": "catmullrom"
						},
						"9.9333": {
							"post": [-35, -27, 8],
							"lerp_mode": "catmullrom"
						},
						"10.1667": {
							"post": [-43, -12, 43],
							"lerp_mode": "catmullrom"
						},
						"10.3333": {
							"post": [-43, -12, 43],
							"lerp_mode": "catmullrom"
						},
						"10.4667": {
							"post": [-11, -11, 37],
							"lerp_mode": "catmullrom"
						},
						"10.6667": {
							"post": [-23, -12, 43],
							"lerp_mode": "catmullrom"
						},
						"10.9667": {
							"post": [10, 14, 0],
							"lerp_mode": "catmullrom"
						},
						"11.3333": {
							"post": [-0.25, -0.25, 0],
							"lerp_mode": "catmullrom"
						},
						"11.5667": [0, 0, 0]
					},
					"position": {
						"0.0": [0, 0, 0],
						"0.2": {
							"pre": [0.8125, 0, 0],
							"post": [0.8125, 0, 0],
							"lerp_mode": "catmullrom"
						},
						"0.6333": {
							"post": [-4.125, 0, -7.625],
							"lerp_mode": "catmullrom"
						},
						"1.8667": {
							"post": [-4.125, 0, -7.625],
							"lerp_mode": "catmullrom"
						},
						"2.2667": {
							"post": [0.8125, 0, 0],
							"lerp_mode": "catmullrom"
						},
						"2.6667": {
							"post": [8.375, 0, -3.125],
							"lerp_mode": "catmullrom"
						},
						"3.4333": {
							"post": [8.38, 0, -3.12],
							"lerp_mode": "catmullrom"
						},
						"3.9": {
							"post": [8.38, 2.5625, -7.245],
							"lerp_mode": "catmullrom"
						},
						"4.2667": {
							"post": [8.38, 2.5625, -7.245],
							"lerp_mode": "catmullrom"
						},
						"4.9667": {
							"post": [8.38, 2.5625, -7.245],
							"lerp_mode": "catmullrom"
						},
						"5.2667": {
							"post": [4.57, 0.78, -3.92],
							"lerp_mode": "catmullrom"
						},
						"5.6667": {
							"post": [0, 0, 0],
							"lerp_mode": "catmullrom"
						},
						"5.9667": {
							"post": [1, -2, -1.3125],
							"lerp_mode": "catmullrom"
						},
						"6.4333": {
							"post": [1, -2, -1.3125],
							"lerp_mode": "catmullrom"
						},
						"6.5667": {
							"post": [2.8125, -5.5625, -1.3125],
							"lerp_mode": "catmullrom"
						},
						"6.8333": {
							"post": [2.48, -5.18, -1.39],
							"lerp_mode": "catmullrom"
						},
						"7.1667": {
							"post": [1, -7.1875, -1.625],
							"lerp_mode": "catmullrom"
						},
						"9.0667": {
							"post": [1, -7.1875, -1.625],
							"lerp_mode": "catmullrom"
						},
						"9.3667": {
							"post": [4.5, -2.25, -3.25],
							"lerp_mode": "catmullrom"
						},
						"9.6333": {
							"post": [4.5, -2.25, -3.25],
							"lerp_mode": "catmullrom"
						},
						"9.7333": {
							"post": [5.25, -2.25, -5.3125],
							"lerp_mode": "catmullrom"
						},
						"9.9333": {
							"post": [4.5, -2.25, -3.25],
							"lerp_mode": "catmullrom"
						},
						"10.1667": {
							"post": [0.3125, -2.25, -3.5625],
							"lerp_mode": "catmullrom"
						},
						"10.3333": {
							"post": [0.3125, -2.25, -3.5625],
							"lerp_mode": "catmullrom"
						},
						"10.4667": {
							"post": [0.9375, -1.3125, -0.25],
							"lerp_mode": "catmullrom"
						},
						"10.6667": {
							"post": [0.3125, -2.25, -3.5625],
							"lerp_mode": "catmullrom"
						},
						"11.0333": {
							"post": [0, 0, 0.5625],
							"lerp_mode": "catmullrom"
						},
						"11.3333": {
							"post": [0, 0, 0],
							"lerp_mode": "catmullrom"
						},
						"11.5667": [0, 0, 0]
					}
				},
				"bullet_shell": {
					"rotation": {
						"6.5333": [0, 0, 0],
						"6.6667": {
							"pre": [12, 0, 0],
							"post": [12, 0, 0],
							"lerp_mode": "catmullrom"
						},
						"6.8": {
							"post": [-229, 0, 0],
							"lerp_mode": "catmullrom"
						},
						"6.9333": [-385, 0, 0],
						"7.0667": [-446, 0, 0],
						"7.2": [-446, 0, 0],
						"7.5": [-446, 0, 0],
						"7.7": {
							"pre": [-472.70978, 1.03517, 37.93514],
							"post": [-472.70978, 1.03517, 37.93514],
							"lerp_mode": "catmullrom"
						},
						"7.9667": {
							"post": [-472.70978, 1.03517, 37.93514],
							"lerp_mode": "catmullrom"
						},
						"8.2333": {
							"post": [-461.26, 0.59, 21.68],
							"lerp_mode": "catmullrom"
						},
						"8.3667": {
							"post": [-472.70978, 1.03517, 37.93514],
							"lerp_mode": "catmullrom"
						},
						"8.5": {
							"post": [-461.26, 0.59, 21.68],
							"lerp_mode": "catmullrom"
						},
						"8.6": {
							"post": [-472.70978, 1.03517, 37.93514],
							"lerp_mode": "catmullrom"
						},
						"8.8": {
							"post": [-446, 0, 0],
							"lerp_mode": "catmullrom"
						},
						"8.9333": [-446, 0, 0],
						"9.2333": [-407, 0, 0],
						"9.5": [-349, 0, 0],
						"9.6": [-343, 0, 0],
						"9.6667": [-352, 0, 0]
					},
					"position": {
						"6.5333": [0, 0, 0],
						"6.6667": {
							"pre": [0, 0.4375, 3],
							"post": [0, 0.4375, 3],
							"lerp_mode": "catmullrom"
						},
						"6.8": {
							"post": [-3.9375, 4.565, -0.1875],
							"lerp_mode": "catmullrom"
						},
						"6.9333": [-3.94, 7.63, 3.3775],
						"7.0667": [-3.94, 6.5675, 4.9425],
						"7.2": [-4.1275, 5.6325, 6.44],
						"7.3333": [-4.1075, 4.6825, 6.385],
						"7.3667": [-4.025, 4.6475, 6.4275],
						"7.4": [-3.42, 5.4775, 6.16],
						"7.5": [-0.5025, 8.0725, 6.2575],
						"7.7": {
							"pre": [1.6875, 7.57, 7.2575],
							"post": [1.6875, 7.57, 7.2575],
							"lerp_mode": "catmullrom"
						},
						"7.9667": {
							"post": [1.6875, 7.57, 7.2575],
							"lerp_mode": "catmullrom"
						},
						"8.2333": {
							"post": [0.75, 7.79, 6.64],
							"lerp_mode": "catmullrom"
						},
						"8.3667": {
							"post": [1.6875, 7.57, 7.2575],
							"lerp_mode": "catmullrom"
						},
						"8.5": {
							"post": [0.75, 7.79, 6.64],
							"lerp_mode": "catmullrom"
						},
						"8.6": {
							"post": [1.6875, 7.57, 7.2575],
							"lerp_mode": "catmullrom"
						},
						"8.8": {
							"post": [-0.5025, 8.0725, 5.82],
							"lerp_mode": "catmullrom"
						},
						"8.9333": [-0.5025, 8.0725, 5.82],
						"9.2333": [-0.375, 4.0075, 4.695],
						"9.5": [0.005, 0.5725, 3.2],
						"9.6": [0.01, 0.32, 3.075],
						"9.6667": [0.01, 0.1325, 1.33],
						"9.7333": [0.01, 0.005, 0.08],
						"9.8": [0, 0, 0]
					}
				},
				"mag_and_bullet": {
					"position": [0, 0, -8.4375]
				},
				"bolt": {
					"rotation": {
						"6.4": [0, 0, 0],
						"6.6": [18, 0, 0],
						"10.3333": [18, 0, 0],
						"10.5": [0, 0, 0]
					}
				},
				"lever": {
					"rotation": {
						"6.4": [0, 0, 0],
						"6.6": [-34, 0, 0],
						"10.3333": [-34, 0, 0],
						"10.5": [0, 0, 0]
					}
				}
			}
		},
		"bolt": {
			"loop": true,
			"bones": {
				"righthand": {
					"rotation": [-95, -190, 5],
					"position": [-7.5, -15, 5]
				},
				"lefthand": {
					"rotation": [-241.66104, -36.45893, -155.27175],
					"position": [6.875, -13.75, -6.75]
				}
			}
		},
		"draw": {
			"animation_length": 0.9333,
			"bones": {
				"Martini": {
					"rotation": {
						"0.0": {
							"post": [15, -21.5, 0],
							"lerp_mode": "catmullrom"
						},
						"0.2333": {
							"post": [-57.5, -13, 13],
							"lerp_mode": "catmullrom"
						},
						"0.5": {
							"post": [0, 0, 0],
							"lerp_mode": "catmullrom"
						},
						"0.6667": {
							"post": [11.18, 0.83, -0.83],
							"lerp_mode": "catmullrom"
						},
						"0.8": {
							"post": [1.305, 0.4, -0.4],
							"lerp_mode": "catmullrom"
						},
						"0.9333": [0, 0, 0]
					},
					"position": {
						"0.0": {
							"post": [1.88, -20, 0],
							"lerp_mode": "catmullrom"
						},
						"0.2333": {
							"post": [1.875, -1.375, -5],
							"lerp_mode": "catmullrom"
						},
						"0.5": {
							"post": [0, 0, 0],
							"lerp_mode": "catmullrom"
						},
						"0.6667": {
							"post": [-0.12, 0.0275, 0.32],
							"lerp_mode": "catmullrom"
						},
						"0.8": {
							"post": [-0.06, -0.1775, 0.16],
							"lerp_mode": "catmullrom"
						},
						"0.9333": [0, 0, 0]
					}
				},
				"righthand": {
					"rotation": [-95, -190, 5],
					"position": [-7.5, -15, 5]
				},
				"lefthand": {
					"rotation": {
						"0.0": {
							"post": [-236.66104, -37.45893, -166.27175],
							"lerp_mode": "catmullrom"
						},
						"0.2667": {
							"post": [-265.41, -20.31, -148.62],
							"lerp_mode": "catmullrom"
						},
						"0.5": {
							"post": [-241.66104, -36.45893, -155.27175],
							"lerp_mode": "catmullrom"
						},
						"0.9": [-241.66104, -36.45893, -155.27175]
					},
					"position": {
						"0.0": {
							"post": [5.625, -12.5625, -3.3125],
							"lerp_mode": "catmullrom"
						},
						"0.2667": {
							"post": [7.94, -15.9125, -1.3175],
							"lerp_mode": "catmullrom"
						},
						"0.5": {
							"post": [6.875, -13.75, -6.75],
							"lerp_mode": "catmullrom"
						},
						"0.9": [6.875, -13.75, -6.75]
					}
				},
				"camera": {
					"rotation": {
						"0.0": {
							"post": [0, 0, 0],
							"lerp_mode": "catmullrom"
						},
						"0.1333": {
							"post": [0.55, -0.05, 0.1],
							"lerp_mode": "catmullrom"
						},
						"0.2333": {
							"post": [1.1, -0.3, 0.7],
							"lerp_mode": "catmullrom"
						},
						"0.5": {
							"post": [0.7, -0.2, 0.3],
							"lerp_mode": "catmullrom"
						},
						"0.6": {
							"post": [-0.1, 0, 0.4],
							"lerp_mode": "catmullrom"
						},
						"0.7": {
							"post": [0.2, 0.1, -0.3],
							"lerp_mode": "catmullrom"
						},
						"0.8333": {
							"post": [0, 0, 0.1],
							"lerp_mode": "catmullrom"
						},
						"0.9333": {
							"post": [0, 0, 0],
							"lerp_mode": "catmullrom"
						}
					}
				}
			}
		},
		"put_away": {
			"animation_length": 0.2,
			"bones": {
				"Martini": {
					"rotation": {
						"0.0": [0, 0, 0],
						"0.1667": [35, 0, 0]
					},
					"position": {
						"0.0": [0, 0, 0],
						"0.1667": [-2, -3.9375, 0]
					}
				},
				"righthand": {
					"rotation": [-95, -190, 5],
					"position": [-7.5, -15, 5]
				},
				"lefthand": {
					"rotation": [-241.66104, -36.45893, -155.27175],
					"position": [6.875, -13.75, -6.75]
				}
			}
		},
		"shoot": {
			"animation_length": 1.2333,
			"bones": {
				"Martini": {
					"rotation": {
						"0.0": {
							"post": [0, 0, 0],
							"lerp_mode": "catmullrom"
						},
						"0.0333": {
							"post": [1.24069, 0.15232, -6.99835],
							"lerp_mode": "catmullrom"
						},
						"0.0667": {
							"post": [-8.8425, 1.33042, 5.79388],
							"lerp_mode": "catmullrom"
						},
						"0.1333": {
							"post": [-9.87719, -0.61289, -1.91761],
							"lerp_mode": "catmullrom"
						},
						"0.2": {
							"post": [-9.50922, -0.64862, -3.1926],
							"lerp_mode": "catmullrom"
						},
						"0.3": {
							"post": [-6.34684, -0.95049, 1.89646],
							"lerp_mode": "catmullrom"
						},
						"0.4333": {
							"post": [-0.96784, 0.27786, 0.43549],
							"lerp_mode": "catmullrom"
						},
						"0.6333": {
							"post": [0.23068, -0.21405, -0.46178],
							"lerp_mode": "catmullrom"
						},
						"0.8333": {
							"post": [-0.37424, 0.076, 0.12379],
							"lerp_mode": "catmullrom"
						},
						"1.0333": {
							"post": [-0.10895, 0.01634, -0.04605],
							"lerp_mode": "catmullrom"
						},
						"1.2333": {
							"post": [0, 0, 0],
							"lerp_mode": "catmullrom"
						}
					},
					"position": {
						"0.0": {
							"post": [0, 0, 0],
							"lerp_mode": "catmullrom"
						},
						"0.0333": {
							"post": [0, -0.25, 2.4906],
							"lerp_mode": "catmullrom"
						},
						"0.1": {
							"post": [0, 0.675, 2.7583],
							"lerp_mode": "catmullrom"
						},
						"0.1667": {
							"post": [-0.125, 0.68, 1.47016],
							"lerp_mode": "catmullrom"
						},
						"0.2333": {
							"post": [-0.11, 0.6275, 0.099],
							"lerp_mode": "catmullrom"
						},
						"0.3": {
							"post": [-0.075, 0.26, -0.50352],
							"lerp_mode": "catmullrom"
						},
						"0.4333": {
							"post": [0, -0.095, -0.75797],
							"lerp_mode": "catmullrom"
						},
						"0.5667": {
							"post": [0, -0.2175, -0.30123],
							"lerp_mode": "catmullrom"
						},
						"0.7333": {
							"post": [0, -0.04, 0.03094],
							"lerp_mode": "catmullrom"
						},
						"0.9": {
							"post": [0, 0.0375, 0.05214],
							"lerp_mode": "catmullrom"
						},
						"1.0667": {
							"post": [0.00003, -0.045, -0.01677],
							"lerp_mode": "catmullrom"
						},
						"1.2333": {
							"post": [0, 0, 0],
							"lerp_mode": "catmullrom"
						}
					}
				},
				"camera": {
					"rotation": {
						"0.0": {
							"post": [0, 0, -17.5],
							"lerp_mode": "catmullrom"
						},
						"0.0333": {
							"post": [0, 0, 12],
							"lerp_mode": "catmullrom"
						},
						"0.0667": {
							"post": [0, 0, -9],
							"lerp_mode": "catmullrom"
						},
						"0.1": {
							"post": [0, 0, 3],
							"lerp_mode": "catmullrom"
						},
						"0.1667": {
							"post": [0, 0, -1.19911],
							"lerp_mode": "catmullrom"
						},
						"0.2333": {
							"post": [0, 0, 0.5163],
							"lerp_mode": "catmullrom"
						},
						"0.3": {
							"post": [0, 0, -0.48437],
							"lerp_mode": "catmullrom"
						},
						"0.4": {
							"post": [0, 0, 0.16811],
							"lerp_mode": "catmullrom"
						},
						"0.5": {
							"post": [0.12, 0, -0.06353],
							"lerp_mode": "catmullrom"
						},
						"0.6333": {
							"post": [0.0275, 0, 0.1009],
							"lerp_mode": "catmullrom"
						},
						"0.8": {
							"post": [0.125, 0, -0.03516],
							"lerp_mode": "catmullrom"
						},
						"1.0": {
							"post": [0, 0, 0],
							"lerp_mode": "catmullrom"
						}
					}
				}
			}
		},
		"run_start": {
			"loop": "hold_on_last_frame",
			"animation_length": 1,
			"bones": {
				"root": {
					"rotation": {
						"0.0": {
							"post": [0, 0, 0],
							"lerp_mode": "catmullrom"
						},
						"0.4583": {
							"post": [-5.14732, -1.875, 11.29624],
							"lerp_mode": "catmullrom"
						},
						"0.75": {
							"post": [-2.08482, -0.225, 14.29624],
							"lerp_mode": "catmullrom"
						},
						"0.875": {
							"post": [-13.75, -18.21, 8.96],
							"lerp_mode": "catmullrom"
						},
						"1.0": {
							"post": [-33.25, -33.36, 28.82],
							"lerp_mode": "catmullrom"
						}
					},
					"position": {
						"0.0": {
							"post": [0, 0, 0],
							"lerp_mode": "catmullrom"
						},
						"0.1667": {
							"post": [-0.18195, -2.25, 0.5],
							"lerp_mode": "catmullrom"
						},
						"0.3333": {
							"post": [-1.15759, -2.375, 1.5],
							"lerp_mode": "catmullrom"
						},
						"0.4583": {
							"post": [-1.90328, -3.375, 1.5],
							"lerp_mode": "catmullrom"
						},
						"0.625": {
							"post": [-2.47217, -3.4225, 1.55],
							"lerp_mode": "catmullrom"
						},
						"0.7917": {
							"post": [-3.03755, -4.5, 1.5],
							"lerp_mode": "catmullrom"
						},
						"0.9167": {
							"post": [-3.06, -3.89, 0.33],
							"lerp_mode": "catmullrom"
						},
						"1.0": {
							"post": [-3.16, -5, -0.47],
							"lerp_mode": "catmullrom"
						}
					}
				}
			}
		}
	}
}