{
	"format_version": "1.8.0",
	"animations": {
		"static_idle": {
			"loop": true,
			"bones": {
				"right_hand": {
					"rotation": [90.48184, -2.06394, -0.08371],
					"position": [5.5, -8.5, -1.5],
					"scale": [1, 1.1, 1]
				},
				"left_hand": {
					"position": [8, 0, 16],
					"scale": [1, 1.1, 1]
				}
			}
		},
		"shoot": {
			"loop": "hold_on_last_frame",
			"animation_length": 1,
			"bones": {
				"root": {
					"rotation": {
						"0.0": {
							"post": [0, 0, 0],
							"lerp_mode": "catmullrom"
						},
						"0.0333": {
							"post": [5.94, -0.27, -11.04],
							"lerp_mode": "catmullrom"
						},
						"0.0667": {
							"post": [-53.08, 15.98, -3.12],
							"lerp_mode": "catmullrom"
						},
						"0.1": {
							"post": [-49, 18.78, -2.35],
							"lerp_mode": "catmullrom"
						},
						"0.2": {
							"post": [-55.38, 17.48, -2.65],
							"lerp_mode": "catmullrom"
						},
						"0.3": {
							"post": [-51.83, 17.98, -3.12],
							"lerp_mode": "catmullrom"
						},
						"0.4": {
							"post": [-50.73, 18.12, -3.97],
							"lerp_mode": "catmullrom"
						},
						"0.4667": {
							"post": [-48.1, 7, -2.0125],
							"lerp_mode": "catmullrom"
						},
						"0.5": {
							"post": [-33.22, 7.07, -0.0925],
							"lerp_mode": "catmullrom"
						},
						"0.5667": {
							"post": [5.0625, 0.75, 0],
							"lerp_mode": "catmullrom"
						},
						"0.7333": {
							"post": [0, -0.2, -0.1],
							"lerp_mode": "catmullrom"
						},
						"1.0": {
							"post": [0, 0, 0],
							"lerp_mode": "catmullrom"
						}
					},
					"position": {
						"0.0": {
							"post": [0, 0, 0],
							"lerp_mode": "catmullrom"
						},
						"0.0333": {
							"post": [0, -0.72, 2.8575],
							"lerp_mode": "catmullrom"
						},
						"0.0667": {
							"post": [-0.42, -3.84, 1.3175],
							"lerp_mode": "catmullrom"
						},
						"0.1333": {
							"post": [-0.44, -3.65, 1.8425],
							"lerp_mode": "catmullrom"
						},
						"0.2333": {
							"post": [-0.42, -2.59, 1.755],
							"lerp_mode": "catmullrom"
						},
						"0.4333": {
							"post": [-0.28, -3.87, -1.6725],
							"lerp_mode": "catmullrom"
						},
						"0.5667": {
							"post": [0, -3.075, -0.67],
							"lerp_mode": "catmullrom"
						},
						"0.7": {
							"post": [0, -2.2175, 0.08],
							"lerp_mode": "catmullrom"
						},
						"0.8667": {
							"post": [0, 0.01, -0.03],
							"lerp_mode": "catmullrom"
						},
						"1.0": {
							"post": [0, 0, 0],
							"lerp_mode": "catmullrom"
						}
					}
				},
				"gun": {
					"rotation": {
						"0.0333": [0, 0, 0],
						"0.1333": {
							"pre": [-19.75, 0, 0],
							"post": [-19.75, 0, 0],
							"lerp_mode": "catmullrom"
						},
						"0.2333": {
							"post": [-24, 0, 0],
							"lerp_mode": "catmullrom"
						},
						"0.5333": {
							"post": [-23, 0, 0],
							"lerp_mode": "catmullrom"
						},
						"0.6667": {
							"post": [-2.3125, 0, 0],
							"lerp_mode": "catmullrom"
						},
						"0.8": [0, 0, 0]
					}
				},
				"camera": {
					"rotation": {
						"0.0": {
							"post": [5, -1.5, -17.5],
							"lerp_mode": "catmullrom"
						},
						"0.0333": {
							"post": [-6.5, 1.25, 7.5],
							"lerp_mode": "catmullrom"
						},
						"0.0667": {
							"post": [-4, 0, -5],
							"lerp_mode": "catmullrom"
						},
						"0.1": {
							"post": [0, 0, 2],
							"lerp_mode": "catmullrom"
						},
						"0.1333": {
							"post": [0, 0, -1.5],
							"lerp_mode": "catmullrom"
						},
						"0.2": {
							"post": [0, 0, 0.5625],
							"lerp_mode": "catmullrom"
						},
						"0.3": {
							"post": [0, 0, -0.31555],
							"lerp_mode": "catmullrom"
						},
						"0.4": {
							"post": [0, 0, 0.0625],
							"lerp_mode": "catmullrom"
						},
						"0.5": {
							"post": [0, 0, 0],
							"lerp_mode": "catmullrom"
						}
					}
				}
			}
		},
		"bolt": {
			"animation_length": 1.0333,
			"bones": {
				"right_gun": {
					"rotation": {
						"0.0": [0, 0, 0],
						"0.1333": {
							"pre": [-36.5, 0, 4],
							"post": [-36.5, 0, 4],
							"lerp_mode": "catmullrom"
						},
						"0.2333": {
							"post": [-39.24, 12.5875, 4.91],
							"lerp_mode": "catmullrom"
						},
						"0.3": {
							"post": [-38.67, 14.75, 26.505],
							"lerp_mode": "catmullrom"
						},
						"0.3667": {
							"post": [-55.11, 11.77, 27.045],
							"lerp_mode": "catmullrom"
						},
						"0.5": {
							"post": [-55.86, 17.32, 27.095],
							"lerp_mode": "catmullrom"
						},
						"0.6333": {
							"post": [-54.75, 8, 11],
							"lerp_mode": "catmullrom"
						},
						"0.7667": {
							"post": [-43.75, 14.3125, 12.875],
							"lerp_mode": "catmullrom"
						},
						"0.8667": {
							"post": [-5, 1.25, 1.5],
							"lerp_mode": "catmullrom"
						},
						"1.0": [0, 0, 0]
					},
					"position": {
						"0.0": [0, 0, 0],
						"0.1333": {
							"pre": [-0.125, 0.3125, -0.75],
							"post": [-0.125, 0.3125, -0.75],
							"lerp_mode": "catmullrom"
						},
						"0.3": {
							"post": [1, -0.3125, -0.75],
							"lerp_mode": "catmullrom"
						},
						"0.3333": {
							"post": [1.375, -3.5, 0.25],
							"lerp_mode": "catmullrom"
						},
						"0.5667": {
							"post": [1.375, -4.875, 0.75],
							"lerp_mode": "catmullrom"
						},
						"0.6": {
							"post": [1.25, 0.125, 0.75],
							"lerp_mode": "catmullrom"
						},
						"0.7": {
							"post": [1.25, 0.8125, 0.75],
							"lerp_mode": "catmullrom"
						},
						"0.8": {
							"post": [1, -2.625, -0.8125],
							"lerp_mode": "catmullrom"
						},
						"0.9": {
							"post": [0, -0.375, 0],
							"lerp_mode": "catmullrom"
						},
						"1.0333": [0, 0, 0]
					}
				},
				"bolt": {
					"position": {
						"0.3": [0, 0, 0],
						"0.3333": [0, 0, 6],
						"0.5333": [0, 0, 6],
						"0.5667": [0, 0, 0]
					}
				},
				"octagon5": {
					"rotation": {
						"0.1667": [0, 0, 0],
						"0.2667": [0, 0, 90],
						"0.6": [0, 0, 90],
						"0.6667": [0, 0, 0]
					}
				},
				"left_hand": {
					"rotation": {
						"0.0": [0, 0, 7],
						"0.1667": {
							"pre": [40.19836, -42.68768, -86.68932],
							"post": [40.19836, -42.68768, -86.68932],
							"lerp_mode": "catmullrom"
						},
						"0.3333": {
							"post": [-73.86525, -81.32801, 10.12487],
							"lerp_mode": "catmullrom"
						},
						"0.6333": {
							"post": [-69.86525, -81.32801, 11.12487],
							"lerp_mode": "catmullrom"
						},
						"0.7": {
							"post": [53.20227, -72.55958, -115.26408],
							"lerp_mode": "catmullrom"
						},
						"0.8333": {
							"post": [-69.86525, -57.32801, 11.12487],
							"lerp_mode": "catmullrom"
						},
						"0.9667": [0, 0, 7]
					},
					"position": {
						"0.0": [8, -12, 12],
						"0.1": {
							"pre": [-0.39, -6.94, 4.88],
							"post": [-0.39, -6.94, 4.88],
							"lerp_mode": "catmullrom"
						},
						"0.1667": {
							"post": [-8, 0.5, -1],
							"lerp_mode": "catmullrom"
						},
						"0.3": {
							"post": [-2.25, -1.25, 0.75],
							"lerp_mode": "catmullrom"
						},
						"0.3333": {
							"post": [-2.5, -9, 5.25],
							"lerp_mode": "catmullrom"
						},
						"0.5333": {
							"post": [-2.5, -10.5, 5.75],
							"lerp_mode": "catmullrom"
						},
						"0.5667": {
							"post": [-2.25, -0.75, 3],
							"lerp_mode": "catmullrom"
						},
						"0.6667": {
							"post": [-7.29, -0.44, 2.04],
							"lerp_mode": "catmullrom"
						},
						"0.7": {
							"post": [-8.5, -0.75, 2],
							"lerp_mode": "catmullrom"
						},
						"0.7667": {
							"post": [-6.24, -1.98, 3.74],
							"lerp_mode": "catmullrom"
						},
						"0.9": [8, -10, 9],
						"0.9667": [8, 0, 16]
					}
				},
				"camera": {
					"rotation": {
						"0.0": {
							"post": [0, 0, 0.05],
							"lerp_mode": "catmullrom"
						},
						"0.2": {
							"post": [-0.96, 0.435, 0.10127],
							"lerp_mode": "catmullrom"
						},
						"0.2667": {
							"post": [-0.96, 0.435, -0.18701],
							"lerp_mode": "catmullrom"
						},
						"0.3": {
							"post": [0.34, 0.855, 1.27565],
							"lerp_mode": "catmullrom"
						},
						"0.3333": {
							"post": [0.965, -0.465, -0.9082],
							"lerp_mode": "catmullrom"
						},
						"0.4": {
							"post": [1.24, -0.265, 0.7145],
							"lerp_mode": "catmullrom"
						},
						"0.4333": {
							"post": [1.215, -0.45, -0.29378],
							"lerp_mode": "catmullrom"
						},
						"0.5": {
							"post": [1.31, -0.45, 0.02],
							"lerp_mode": "catmullrom"
						},
						"0.5667": {
							"post": [1.085, -0.381, -0.77601],
							"lerp_mode": "catmullrom"
						},
						"0.6": {
							"post": [-0.048, 0.8266, 0.96737],
							"lerp_mode": "catmullrom"
						},
						"0.6667": {
							"post": [-0.51, 1.045, -0.41777],
							"lerp_mode": "catmullrom"
						},
						"0.7": {
							"post": [-0.048, 0.9494, 0.38255],
							"lerp_mode": "catmullrom"
						},
						"0.7667": {
							"post": [-0.06, 0.06, 0.00955],
							"lerp_mode": "catmullrom"
						},
						"0.8333": {
							"post": [0.066, -0.0548, 0.05454],
							"lerp_mode": "catmullrom"
						},
						"0.9667": {
							"post": [0, 0, 0],
							"lerp_mode": "catmullrom"
						}
					}
				}
			},
			"sound_effects": {
				"0.0": {
					"effect": "bolt"
				},
				"0.9": {
					"effect": "bf1:shell_rifle"
				}
			}
		},
		"run_start": {
			"animation_length": 0.5333,
			"bones": {
				"root": {
					"rotation": {
						"0.0": {
							"post": [0, 0, 0],
							"lerp_mode": "catmullrom"
						},
						"0.3": {
							"post": [-36.135, -0.59, -5.51],
							"lerp_mode": "catmullrom"
						},
						"0.5333": {
							"post": [-85, 5, -7.125],
							"lerp_mode": "catmullrom"
						}
					},
					"position": {
						"0.0": {
							"post": [0, 0, 0],
							"lerp_mode": "catmullrom"
						},
						"0.1333": {
							"post": [-0.55, -2.1425, 0.4325],
							"lerp_mode": "catmullrom"
						},
						"0.2667": {
							"post": [-0.66, -2.9075, 0.3825],
							"lerp_mode": "catmullrom"
						},
						"0.4": {
							"post": [-2.03, -7.75, -1.5625],
							"lerp_mode": "catmullrom"
						},
						"0.5333": {
							"post": [-3.3425, -9, -4.5],
							"lerp_mode": "catmullrom"
						}
					}
				}
			}
		},
		"run": {
			"loop": true,
			"animation_length": 0.8,
			"bones": {
				"root": {
					"rotation": {
						"0.0": {
							"post": [-85, 5, -7.125],
							"lerp_mode": "catmullrom"
						},
						"0.3": {
							"post": [-87.1875, 1, -15.6875],
							"lerp_mode": "catmullrom"
						},
						"0.4667": {
							"post": [-83.5, 1, -15.6875],
							"lerp_mode": "catmullrom"
						},
						"0.8": {
							"post": [-85, 5, -7.125],
							"lerp_mode": "catmullrom"
						}
					},
					"position": {
						"0.0": {
							"post": [-3.3425, -9, -4.5],
							"lerp_mode": "catmullrom"
						},
						"0.1333": {
							"post": [-4.14069, -7.25, -4.5],
							"lerp_mode": "catmullrom"
						},
						"0.2": {
							"post": [-4.30695, -7.1, -4.5],
							"lerp_mode": "catmullrom"
						},
						"0.3": {
							"post": [-4.04341, -7.25, -4.5],
							"lerp_mode": "catmullrom"
						},
						"0.4": {
							"post": [-3.31054, -9, -4.5],
							"lerp_mode": "catmullrom"
						},
						"0.5333": {
							"post": [-2.68162, -7.5, -4.5],
							"lerp_mode": "catmullrom"
						},
						"0.6": {
							"post": [-2.57741, -7.38, -4.5],
							"lerp_mode": "catmullrom"
						},
						"0.7": {
							"post": [-2.68162, -7.5, -4.5],
							"lerp_mode": "catmullrom"
						},
						"0.8": {
							"post": [-3.3425, -9, -4.5],
							"lerp_mode": "catmullrom"
						}
					}
				}
			}
		},
		"run_hold": {
			"loop": "hold_on_last_frame",
			"bones": {
				"root": {
					"rotation": [-75.55, 8.13, -3.21],
					"position": [-2.83, -8, -4.75]
				}
			}
		},
		"walk_backward": {
			"loop": true,
			"animation_length": 1,
			"bones": {
				"root": {
					"rotation": {
						"0.0": {
							"post": [-25, 0, 1.33],
							"lerp_mode": "catmullrom"
						},
						"0.25": {
							"post": [-25, -2.02, 5.95],
							"lerp_mode": "catmullrom"
						},
						"0.5": {
							"post": [-25, -0.48, 6.32],
							"lerp_mode": "catmullrom"
						},
						"0.75": {
							"post": [-25, 1.87, 2.09],
							"lerp_mode": "catmullrom"
						},
						"1.0": {
							"post": [-25, 0, 1.33],
							"lerp_mode": "catmullrom"
						}
					},
					"position": {
						"0.0": {
							"post": [-0.63, -3.31, 2.36],
							"lerp_mode": "catmullrom"
						},
						"0.25": {
							"post": [-0.6, -3.02, 2.36],
							"lerp_mode": "catmullrom"
						},
						"0.5": {
							"post": [-0.63, -3.31, 2.36],
							"lerp_mode": "catmullrom"
						},
						"0.75": {
							"post": [-0.68, -3.02, 2.36],
							"lerp_mode": "catmullrom"
						},
						"1.0": {
							"post": [-0.63, -3.31, 2.36],
							"lerp_mode": "catmullrom"
						}
					}
				}
			}
		},
		"reload_empty": {
			"loop": "hold_on_last_frame",
			"animation_length": 3.3333,
			"bones": {
				"right_hand": {
					"rotation": {
						"0.2667": {
							"pre": [90.48184, -2.06394, -0.08371],
							"post": [90.48184, -2.06394, -0.08371],
							"lerp_mode": "catmullrom"
						},
						"0.3667": {
							"post": [78.57706, -26.68883, 50.54537],
							"lerp_mode": "catmullrom"
						},
						"0.5": {
							"post": [78.57706, -26.68883, 50.54537],
							"lerp_mode": "catmullrom"
						},
						"0.5333": {
							"post": [48.82163, -17.19212, 75.16951],
							"lerp_mode": "catmullrom"
						},
						"0.7667": {
							"post": [48.82163, -17.19212, 75.16951],
							"lerp_mode": "catmullrom"
						},
						"1.1333": {
							"post": [64.5469, -24.10159, 43.89037],
							"lerp_mode": "catmullrom"
						},
						"1.9667": {
							"post": [64.5469, -24.10159, 43.89037],
							"lerp_mode": "catmullrom"
						},
						"2.3333": {
							"post": [48.82163, -17.19212, 75.16951],
							"lerp_mode": "catmullrom"
						},
						"2.5333": {
							"post": [48.82163, -17.19212, 75.16951],
							"lerp_mode": "catmullrom"
						},
						"2.5667": {
							"post": [78.57706, -26.68883, 50.54537],
							"lerp_mode": "catmullrom"
						},
						"2.7333": {
							"post": [78.57706, -26.68883, 50.54537],
							"lerp_mode": "catmullrom"
						},
						"2.8333": [90.48184, -2.06394, -0.08371]
					},
					"position": {
						"0.1333": [5.5, -8.5, -1.5],
						"0.2333": [1.5, -5, -6.5],
						"0.3667": [5, -2.75, -7.5],
						"0.5": [5, -2.75, -7.5],
						"0.5333": [5, -2.75, -0.5],
						"0.7667": {
							"pre": [4, -2.75, -0.5],
							"post": [4, -2.75, -0.5],
							"lerp_mode": "catmullrom"
						},
						"0.8667": {
							"post": [-3, -2.75, 3.5],
							"lerp_mode": "catmullrom"
						},
						"1.0333": {
							"post": [1, 0.25, -3.5],
							"lerp_mode": "catmullrom"
						},
						"1.1333": {
							"post": [4.25, 0.25, -5.5],
							"lerp_mode": "catmullrom"
						},
						"1.4": {
							"post": [4.25, 0.25, -5.5],
							"lerp_mode": "catmullrom"
						},
						"1.4333": {
							"post": [4.25, -3.75, -5.5],
							"lerp_mode": "catmullrom"
						},
						"1.7333": {
							"post": [4.25, -3.75, -5.5],
							"lerp_mode": "catmullrom"
						},
						"1.8": {
							"post": [3.5, -2.25, -5.5],
							"lerp_mode": "catmullrom"
						},
						"1.8333": {
							"post": [4.3125, -0.75, -5.5],
							"lerp_mode": "catmullrom"
						},
						"2.0333": {
							"post": [2.75, -0.75, -5.5],
							"lerp_mode": "catmullrom"
						},
						"2.1667": {
							"post": [-8.75, 9.25, 5.5],
							"lerp_mode": "catmullrom"
						},
						"2.3667": {
							"post": [2.75, -0.75, -0.75],
							"lerp_mode": "catmullrom"
						},
						"2.5333": {
							"post": [4, -1.75, -1.5],
							"lerp_mode": "catmullrom"
						},
						"2.5667": {
							"post": [4, -1.75, -6.5],
							"lerp_mode": "catmullrom"
						},
						"2.7333": {
							"post": [4, -1.75, -6.5],
							"lerp_mode": "catmullrom"
						},
						"2.8": {
							"post": [1.5, -5, -5.5],
							"lerp_mode": "catmullrom"
						},
						"2.9": [5.5, -8.5, -1.5]
					},
					"scale": [1, 1.1, 1]
				},
				"left_hand": {
					"rotation": {
						"0.0": [0, 0, 0],
						"0.1": [83.06512, 2.86313, 22.32648],
						"0.2": [96.07794, 34.44142, 51.40607],
						"2.9667": [96.07794, 34.44142, 51.40607],
						"3.2": [0, 0, 0]
					},
					"position": {
						"0.0": [8, 0, 16],
						"0.1": [8, -10, 10],
						"0.1667": [-4.5, -6.25, -10],
						"2.9667": [-4.5, -6.25, -10],
						"3.1": [8, -10, 10],
						"3.2": [8, 0, 16]
					},
					"scale": [1, 1.1, 1]
				},
				"root": {
					"rotation": {
						"0.0": [0, 0, 0],
						"0.1667": {
							"pre": [-10.42, -5.35, -3.78],
							"post": [-10.42, -5.35, -3.78],
							"lerp_mode": "catmullrom"
						},
						"0.2667": {
							"post": [-54.58682, -8.17773, -5.77509],
							"lerp_mode": "catmullrom"
						},
						"0.7667": {
							"post": [-58.58682, -8.17773, -5.77509],
							"lerp_mode": "catmullrom"
						},
						"1.0333": {
							"post": [-41.06862, -29.91193, -23.75529],
							"lerp_mode": "catmullrom"
						},
						"1.3667": {
							"post": [-41.06862, -29.91193, -23.75529],
							"lerp_mode": "catmullrom"
						},
						"1.4667": {
							"post": [-36.06862, -29.91193, -23.75529],
							"lerp_mode": "catmullrom"
						},
						"1.6333": {
							"post": [-41.06862, -29.91193, -23.75529],
							"lerp_mode": "catmullrom"
						},
						"1.9333": {
							"post": [-42.59, -30.48, -24.21],
							"lerp_mode": "catmullrom"
						},
						"2.0333": {
							"post": [-43.02, -30.66, -25.61],
							"lerp_mode": "catmullrom"
						},
						"2.1333": {
							"post": [-43.3, -30.88, -25.7175],
							"lerp_mode": "catmullrom"
						},
						"2.5333": {
							"post": [-43.64, -31.73, -25.2],
							"lerp_mode": "catmullrom"
						},
						"2.6333": {
							"post": [-37.08, -32.8, -26.05],
							"lerp_mode": "catmullrom"
						},
						"2.8333": {
							"post": [-35.06862, -29.91193, -23.75529],
							"lerp_mode": "catmullrom"
						},
						"3.1": {
							"post": [-4, -3, -3],
							"lerp_mode": "catmullrom"
						},
						"3.3333": [0, 0, 0]
					},
					"position": {
						"0.0": [0, 0, 0],
						"0.2": {
							"pre": [3, -8, -1.75],
							"post": [3, -8, -1.75],
							"lerp_mode": "catmullrom"
						},
						"0.3333": {
							"post": [9.13, -8, -1.75],
							"lerp_mode": "catmullrom"
						},
						"0.5333": {
							"post": [9.88, -8, -1.75],
							"lerp_mode": "catmullrom"
						},
						"0.5667": {
							"post": [9.88, -11, -1.75],
							"lerp_mode": "catmullrom"
						},
						"0.7": {
							"post": [9.88, -12.2, -1.71],
							"lerp_mode": "catmullrom"
						},
						"0.9333": {
							"post": [9.88, -11, -1.5],
							"lerp_mode": "catmullrom"
						},
						"1.3667": {
							"post": [9.88, -11, -1.5],
							"lerp_mode": "catmullrom"
						},
						"1.4667": {
							"post": [9.88, -14, -1.5],
							"lerp_mode": "catmullrom"
						},
						"1.6333": {
							"post": [9.88, -12.25, -1.5],
							"lerp_mode": "catmullrom"
						},
						"2.2": {
							"post": [9.88, -11.75, -0.75],
							"lerp_mode": "catmullrom"
						},
						"2.5333": {
							"post": [10.36, -11.43, -0.75],
							"lerp_mode": "catmullrom"
						},
						"2.6333": {
							"post": [10.58, -7.23, -1.5],
							"lerp_mode": "catmullrom"
						},
						"2.9": {
							"post": [9.88, -7, -1.5],
							"lerp_mode": "catmullrom"
						},
						"2.9667": {
							"post": [6.25, -10, -1.5],
							"lerp_mode": "catmullrom"
						},
						"3.0667": {
							"post": [0.875, -3.4375, -0.25],
							"lerp_mode": "catmullrom"
						},
						"3.1667": {
							"post": [0.18, -0.27, -0.07],
							"lerp_mode": "catmullrom"
						},
						"3.3333": [0, 0, 0]
					}
				},
				"bolt": {
					"position": {
						"0.5": [0, 0, 0],
						"0.5333": [0, 0, 6],
						"2.5333": [0, 0, 6],
						"2.5667": [0, 0, 0]
					}
				},
				"octagon5": {
					"rotation": {
						"0.2667": [0, 0, 0],
						"0.3333": [0, 0, 90],
						"2.7333": [0, 0, 90],
						"2.8": [0, 0, 0]
					}
				},
				"mag": {
					"rotation": {
						"0.0": [0, 0, 0],
						"0.9": [-21.26765, -7.52076, -18.58597],
						"1.0333": [-15.94787, -15.24598, -42.64483],
						"1.1333": [0, 0, 0],
						"1.4": [0, 0, 0]
					},
					"position": {
						"0.0": [0, 0, 0],
						"0.9": [-7, 0, 9],
						"1.0333": [-3, 3, 0],
						"1.1333": [0, 4, 0],
						"1.4": [0, 4, 0],
						"1.4333": [0, 0, 0]
					},
					"scale": {
						"0.0": [0, 0, 0],
						"0.8667": [0, 0, 0],
						"0.9": [1, 1, 1]
					}
				},
				"camera": {
					"rotation": {
						"0.0": {
							"post": [0, 0, 0],
							"lerp_mode": "catmullrom"
						},
						"0.4": {
							"post": [0.56875, -0.2825, 0],
							"lerp_mode": "catmullrom"
						},
						"0.4667": {
							"post": [0.375, -0.33, 0.27019],
							"lerp_mode": "catmullrom"
						},
						"0.5": {
							"post": [-0.04375, 0.1925, -0.89879],
							"lerp_mode": "catmullrom"
						},
						"0.5333": {
							"post": [0.375, -0.5675, 2.00129],
							"lerp_mode": "catmullrom"
						},
						"0.6": {
							"post": [0.56875, -0.0325, -0.09544],
							"lerp_mode": "catmullrom"
						},
						"0.7": {
							"post": [0.66562, 0.0625, 0.05769],
							"lerp_mode": "catmullrom"
						},
						"0.8333": {
							"post": [0.48125, 0.3737, 0.10121],
							"lerp_mode": "catmullrom"
						},
						"1.1": {
							"post": [0.48125, 0.27458, 0],
							"lerp_mode": "catmullrom"
						},
						"1.2333": {
							"post": [0.59375, 0.25, 0],
							"lerp_mode": "catmullrom"
						},
						"1.4": {
							"post": [0.24075, 0.11, -0.01],
							"lerp_mode": "catmullrom"
						},
						"1.4667": {
							"post": [1.25, -0.1575, 2],
							"lerp_mode": "catmullrom"
						},
						"1.6": {
							"post": [0.625, -0.38232, 0.27019],
							"lerp_mode": "catmullrom"
						},
						"2.0667": {
							"post": [0.625, -0.3737, 0.00129],
							"lerp_mode": "catmullrom"
						},
						"2.2667": {
							"post": [0.75, -0.35905, 0.02956],
							"lerp_mode": "catmullrom"
						},
						"2.4": {
							"post": [0.5, -0.4075, 0],
							"lerp_mode": "catmullrom"
						},
						"2.5": {
							"post": [0.375, -0.38232, 0.27019],
							"lerp_mode": "catmullrom"
						},
						"2.5333": {
							"post": [0.25, -0.3138, -0.64879],
							"lerp_mode": "catmullrom"
						},
						"2.5667": {
							"post": [1.375, -0.3112, 1.75129],
							"lerp_mode": "catmullrom"
						},
						"2.6667": {
							"post": [1.25, -0.3125, -0.06731],
							"lerp_mode": "catmullrom"
						},
						"2.7333": {
							"post": [0, -0.47542, 0.25],
							"lerp_mode": "catmullrom"
						},
						"2.8": {
							"post": [0.15, -0.25, 0.0875],
							"lerp_mode": "catmullrom"
						},
						"3.0333": {
							"post": [0.01, 0.07, 0.2175],
							"lerp_mode": "catmullrom"
						},
						"3.1333": {
							"post": [0.075, 0.1, 0.0125],
							"lerp_mode": "catmullrom"
						},
						"3.2333": {
							"post": [0, 0, 0.0375],
							"lerp_mode": "catmullrom"
						},
						"3.3333": {
							"post": [0, 0, 0],
							"lerp_mode": "catmullrom"
						}
					}
				},
				"clip": {
					"position": {
						"1.4": [0, 0, 0],
						"1.4333": [0, 4, 0],
						"2.0333": [0, 4, 0],
						"2.2": [-13.42, 14, 9.95],
						"2.5667": {
							"pre": [-13.42, 14, 9.95],
							"post": [0, 0, 0]
						}
					}
				}
			},
			"sound_effects": {
				"0.0": {
					"effect": "bf1:obrez/boltback"
				},
				"0.6667": {
					"effect": "bf1:obrez/clipinsert"
				},
				"2.2667": {
					"effect": "bf1:obrez/boltforward"
				}
			}
		},
		"reload_intro": {
			"loop": "hold_on_last_frame",
			"animation_length": 1.0667,
			"bones": {
				"right_hand": {
					"rotation": {
						"0.2667": {
							"pre": [90.48184, -2.06394, -0.08371],
							"post": [90.48184, -2.06394, -0.08371],
							"lerp_mode": "catmullrom"
						},
						"0.3667": {
							"post": [78.57706, -26.68883, 50.54537],
							"lerp_mode": "catmullrom"
						},
						"0.5": {
							"post": [78.57706, -26.68883, 50.54537],
							"lerp_mode": "catmullrom"
						},
						"0.5333": {
							"post": [48.82163, -17.19212, 75.16951],
							"lerp_mode": "catmullrom"
						},
						"0.7667": {
							"post": [48.82163, -17.19212, 75.16951],
							"lerp_mode": "catmullrom"
						},
						"1.0667": [78.2007, -30.17536, 35.21677]
					},
					"position": {
						"0.1333": [5.5, -8.5, -1.5],
						"0.2333": [1.5, -5, -6.5],
						"0.3667": [4.75, -2.25, -7.5],
						"0.5": [4.75, -2.25, -7.5],
						"0.5333": [4.75, -2.25, -1],
						"0.7667": {
							"pre": [4, -2.75, -0.5],
							"post": [4, -2.75, -0.5],
							"lerp_mode": "catmullrom"
						},
						"0.8667": {
							"post": [-3, -2.75, 3.5],
							"lerp_mode": "catmullrom"
						},
						"1.0667": [3, -3.25, -6.25]
					},
					"scale": {
						"0.0": [1, 1.1, 1],
						"1.0667": [1, 1.1, 1]
					}
				},
				"left_hand": {
					"rotation": {
						"0.0": [0, 0, 0],
						"0.1": [83.06512, 2.86313, 22.32648],
						"0.2": [96.07794, 34.44142, 51.40607],
						"0.3667": [154.83681, 25.65757, 139.58937],
						"0.7333": [154.83681, 25.65757, 139.58937],
						"0.9": [96.07794, 34.44142, 51.40607],
						"1.0667": [96.08, 34.44, 51.41]
					},
					"position": {
						"0.0": [8, 0, 16],
						"0.1": [8, -10, 10],
						"0.1667": [-4.5, -6.25, -10],
						"0.3667": [-6, -4, -8.25],
						"0.7333": [-6, -4, -8.25],
						"0.8667": [-4.5, -6.25, -10],
						"1.0667": [-4.5, -6.25, -10]
					},
					"scale": {
						"0.0": [1, 1.1, 1],
						"1.0667": [1, 1.1, 1]
					}
				},
				"root": {
					"rotation": {
						"0.0": [0, 0, 0],
						"0.1667": {
							"pre": [-10.42, -5.35, -3.78],
							"post": [-10.42, -5.35, -3.78],
							"lerp_mode": "catmullrom"
						},
						"0.2667": {
							"post": [-54.58682, -8.17773, -5.77509],
							"lerp_mode": "catmullrom"
						},
						"0.8": {
							"post": [-58.58682, -8.17773, -5.77509],
							"lerp_mode": "catmullrom"
						},
						"1.0667": [-41.07, -29.91, -23.76]
					},
					"position": {
						"0.0": [0, 0, 0],
						"0.2": {
							"pre": [3, -8, -1.75],
							"post": [3, -8, -1.75],
							"lerp_mode": "catmullrom"
						},
						"0.3333": {
							"post": [9.63, -8, -1.75],
							"lerp_mode": "catmullrom"
						},
						"0.5333": {
							"post": [9.88, -8, -1.75],
							"lerp_mode": "catmullrom"
						},
						"0.5667": {
							"post": [9.88, -11, -1.75],
							"lerp_mode": "catmullrom"
						},
						"0.7333": {
							"post": [9.88, -12.2, -1.71],
							"lerp_mode": "catmullrom"
						},
						"0.9333": {
							"post": [9.88, -11, -1.5],
							"lerp_mode": "catmullrom"
						},
						"1.0667": [9.88, -10.86, -1.49]
					}
				},
				"bolt": {
					"position": {
						"0.5": [0, 0, 0],
						"0.5333": [0, 0, 6],
						"1.0667": [0, 0, 6]
					}
				},
				"octagon5": {
					"rotation": {
						"0.2667": [0, 0, 0],
						"0.3333": [0, 0, 90],
						"1.0667": [0, 0, 90]
					}
				},
				"mag": {
					"rotation": {
						"0.0": [0, 0, 0],
						"1.0667": [0, 0, 0]
					},
					"position": {
						"0.0": [0, 0, 0],
						"1.0667": [0, 0, 0]
					}
				},
				"bullet1": {
					"rotation": {
						"0.8667": [0, 0, 0],
						"1.0667": [0, 10, 0]
					},
					"position": {
						"0.8667": [-8, 1, 10],
						"1.0667": [-1.5, 1, 1]
					},
					"scale": {
						"0.8333": [0, 0, 0],
						"0.8667": [1, 1, 1],
						"1.0667": [1, 1, 1]
					}
				},
				"bullet2": {
					"position": {
						"0.0": [0, 0.625, 0],
						"1.0667": [0, 0.63, 0]
					}
				},
				"camera": {
					"rotation": {
						"0.0": {
							"post": [0, 0, 0],
							"lerp_mode": "catmullrom"
						},
						"0.2333": {
							"post": [1.11, -0.17, -0.02],
							"lerp_mode": "catmullrom"
						},
						"0.4": {
							"post": [-0.68125, -0.2825, 0],
							"lerp_mode": "catmullrom"
						},
						"0.4667": {
							"post": [-0.125, -0.33, 0.02019],
							"lerp_mode": "catmullrom"
						},
						"0.5": {
							"post": [-0.04375, 0.1925, -0.89879],
							"lerp_mode": "catmullrom"
						},
						"0.5333": {
							"post": [-0.125, -0.5675, 2.00129],
							"lerp_mode": "catmullrom"
						},
						"0.6": {
							"post": [-0.18125, -0.0325, -0.09544],
							"lerp_mode": "catmullrom"
						},
						"0.7": {
							"post": [-0.08438, 0.0625, 0.05769],
							"lerp_mode": "catmullrom"
						},
						"0.8333": {
							"post": [-0.01875, 0.3737, 0.10121],
							"lerp_mode": "catmullrom"
						},
						"1.0667": {
							"post": [0, 0, 0],
							"lerp_mode": "catmullrom"
						}
					}
				}
			},
			"sound_effects": {
				"0.0": {
					"effect": "bf1:obrez/boltback"
				}
			}
		},
		"reload_loop": {
			"loop": true,
			"animation_length": 0.4667,
			"bones": {
				"root": {
					"rotation": {
						"0.0": [-41.07, -29.91, -23.76],
						"0.1": {
							"pre": [-42.57, -29.91, -23.76],
							"post": [-42.57, -29.91, -23.76],
							"lerp_mode": "catmullrom"
						},
						"0.2667": {
							"post": [-42.79, -29.66, -23.76],
							"lerp_mode": "catmullrom"
						},
						"0.3667": {
							"post": [-40.32, -30.91, -24.76],
							"lerp_mode": "catmullrom"
						},
						"0.4667": [-41.07, -29.91, -23.76]
					},
					"position": {
						"0.0": [9.88, -10.86, -1.49],
						"0.2667": {
							"pre": [9.88, -10.96, -1.5],
							"post": [9.88, -10.96, -1.5],
							"lerp_mode": "catmullrom"
						},
						"0.3333": {
							"post": [9.88, -11.5, -1],
							"lerp_mode": "catmullrom"
						},
						"0.4": {
							"post": [9.88, -10.93, -0.99],
							"lerp_mode": "catmullrom"
						},
						"0.4667": [9.88, -10.86, -1.49]
					}
				},
				"bolt": {
					"position": {
						"0.0": [0, 0, 6],
						"0.4667": [0, 0, 6]
					}
				},
				"octagon5": {
					"rotation": {
						"0.0": [0, 0, 90],
						"0.4667": [0, 0, 90]
					}
				},
				"mag": {
					"rotation": {
						"0.0": [0, 0, 0],
						"0.4667": [0, 0, 0]
					},
					"position": {
						"0.0": [0, 0, 0],
						"0.2667": [0, 0, 0],
						"0.3667": [0, -0.5, 0],
						"0.4667": [0, 0, 0]
					}
				},
				"bullet1": {
					"rotation": {
						"0.0": [0, 0, 0],
						"0.0333": [0, 10, 0],
						"0.2": [0, 0, 0],
						"0.4667": [0, 0, 0]
					},
					"position": {
						"0.0": [0, 0, 0],
						"0.0333": {
							"pre": [0, 0, 0],
							"post": [-1.5, 1, 0.25]
						},
						"0.1333": [-0.2375, 1.5, 0.25],
						"0.1667": [-0.1, 1, 0.25],
						"0.2667": [-0.1, 1, 0.25],
						"0.3": [0, 0, 0],
						"0.3333": [0, 0, 0],
						"0.4667": [0, 0, 0]
					},
					"scale": {
						"0.0": [0, 0, 0],
						"0.0333": {
							"pre": [0, 0, 0],
							"post": [1, 1, 1]
						},
						"0.4333": {
							"pre": [1, 1, 1],
							"post": [0, 0, 0]
						},
						"0.4667": [0, 0, 0]
					}
				},
				"bullet2": {
					"position": {
						"0.0": [0, 0.63, 0],
						"0.4667": [0, 0.63, 0]
					}
				},
				"right_hand": {
					"rotation": {
						"0.0": {
							"post": [78.2007, -30.17536, 35.21677],
							"lerp_mode": "catmullrom"
						},
						"0.2": {
							"post": [78.2007, -30.17536, 35.21677],
							"lerp_mode": "catmullrom"
						},
						"0.3": {
							"post": [74.7853, -32.69957, 49.75778],
							"lerp_mode": "catmullrom"
						},
						"0.4667": {
							"post": [78.2007, -30.17536, 35.21677],
							"lerp_mode": "catmullrom"
						}
					},
					"position": {
						"0.0": {
							"post": [3, -3.25, -6.25],
							"lerp_mode": "catmullrom"
						},
						"0.1667": {
							"post": [4, -2.25, -6.25],
							"lerp_mode": "catmullrom"
						},
						"0.2667": {
							"post": [4, -2.25, -6.25],
							"lerp_mode": "catmullrom"
						},
						"0.3": {
							"post": [4, -4, -6.5],
							"lerp_mode": "catmullrom"
						},
						"0.3667": {
							"post": [3.705, -4.14, -6.42],
							"lerp_mode": "catmullrom"
						},
						"0.4667": {
							"post": [3, -3.25, -6.25],
							"lerp_mode": "catmullrom"
						}
					},
					"scale": {
						"0.0": [1, 1.1, 1],
						"0.4667": [1, 1.1, 1]
					}
				},
				"left_hand": {
					"rotation": {
						"0.0": [96.08, 34.44, 51.41],
						"0.4667": [96.08, 34.44, 51.41]
					},
					"position": {
						"0.0": [-4.5, -6.25, -10],
						"0.4667": [-4.5, -6.25, -10]
					},
					"scale": {
						"0.0": [1, 1.1, 1],
						"0.4667": [1, 1.1, 1]
					}
				},
				"sideclip": {
					"rotation": {
						"0.2333": [0, 0, 0],
						"0.2667": [0, -4, 0],
						"0.3333": [0, 0, 0]
					}
				},
				"camera": {
					"rotation": {
						"0.0": {
							"post": [0, 0, 0],
							"lerp_mode": "catmullrom"
						},
						"0.1667": {
							"post": [-0.02, 0.025, -0.0225],
							"lerp_mode": "catmullrom"
						},
						"0.2333": {
							"post": [-0.0575, 0.025, -0.0325],
							"lerp_mode": "catmullrom"
						},
						"0.2667": {
							"post": [0.3225, -0.025, 0.235],
							"lerp_mode": "catmullrom"
						},
						"0.3": {
							"post": [0.3175, -0.025, -0.375],
							"lerp_mode": "catmullrom"
						},
						"0.3667": {
							"post": [0.0675, -0.025, 0.0675],
							"lerp_mode": "catmullrom"
						},
						"0.4667": {
							"post": [0, 0, 0],
							"lerp_mode": "catmullrom"
						}
					}
				}
			},
			"sound_effects": {
				"0.0667": {
					"effect": "bf1:obrez/bulletinsert"
				}
			}
		},
		"reload_end": {
			"loop": "hold_on_last_frame",
			"animation_length": 1.3333,
			"bones": {
				"root": {
					"rotation": {
						"0.0": [-41.07, -29.91, -23.76],
						"0.1333": {
							"pre": [-43.3, -30.88, -25.7175],
							"post": [-43.3, -30.88, -25.7175],
							"lerp_mode": "catmullrom"
						},
						"0.3333": {
							"post": [-43.64, -31.73, -25.2],
							"lerp_mode": "catmullrom"
						},
						"0.4333": {
							"post": [-37.08, -32.8, -26.05],
							"lerp_mode": "catmullrom"
						},
						"0.6333": {
							"post": [-35.06862, -29.91193, -23.75529],
							"lerp_mode": "catmullrom"
						},
						"0.9": {
							"post": [-4, -3, -3],
							"lerp_mode": "catmullrom"
						},
						"1.1333": [0, 0, 0]
					},
					"position": {
						"0.0": [9.88, -10.86, -1.49],
						"0.1333": {
							"pre": [9.88, -11.75, -0.75],
							"post": [9.88, -11.75, -0.75],
							"lerp_mode": "catmullrom"
						},
						"0.3333": {
							"post": [10.36, -11.43, -0.75],
							"lerp_mode": "catmullrom"
						},
						"0.4333": {
							"post": [10.58, -7.23, -1.5],
							"lerp_mode": "catmullrom"
						},
						"0.7": {
							"post": [9.88, -7, -1.5],
							"lerp_mode": "catmullrom"
						},
						"0.7667": {
							"post": [6.25, -10, -1.5],
							"lerp_mode": "catmullrom"
						},
						"0.8667": {
							"post": [0.875, -3.4375, -0.25],
							"lerp_mode": "catmullrom"
						},
						"0.9667": {
							"post": [0.18, -0.27, -0.07],
							"lerp_mode": "catmullrom"
						},
						"1.1333": [0, 0, 0]
					}
				},
				"bolt": {
					"position": {
						"0.0": [0, 0, 6],
						"0.3333": [0, 0, 6],
						"0.3667": [0, 0, 0]
					}
				},
				"octagon5": {
					"rotation": {
						"0.0": [0, 0, 90],
						"0.5333": [0, 0, 90],
						"0.6": [0, 0, 0]
					}
				},
				"mag": {
					"rotation": [0, 0, 0],
					"position": [0, 0, 0]
				},
				"bullet1": {
					"rotation": [0, 10, 0],
					"position": [-1.5, 1, 1],
					"scale": 0
				},
				"bullet2": {
					"position": [0, 0.63, 0]
				},
				"right_hand": {
					"rotation": {
						"0.0": {
							"post": [78.2007, -30.17536, 35.21677],
							"lerp_mode": "catmullrom"
						},
						"0.1333": {
							"post": [48.82163, -17.19212, 75.16951],
							"lerp_mode": "catmullrom"
						},
						"0.3333": {
							"post": [48.82163, -17.19212, 75.16951],
							"lerp_mode": "catmullrom"
						},
						"0.3667": {
							"post": [78.57706, -26.68883, 50.54537],
							"lerp_mode": "catmullrom"
						},
						"0.5333": {
							"post": [78.57706, -26.68883, 50.54537],
							"lerp_mode": "catmullrom"
						},
						"0.6333": [90.48184, -2.06394, -0.08371]
					},
					"position": {
						"0.0": {
							"post": [3, -3.25, -6.25],
							"lerp_mode": "catmullrom"
						},
						"0.1": {
							"post": [0.25, 3.25, 5.5],
							"lerp_mode": "catmullrom"
						},
						"0.1667": {
							"post": [2.75, -1, -0.75],
							"lerp_mode": "catmullrom"
						},
						"0.3333": {
							"post": [4, -2, -1.5],
							"lerp_mode": "catmullrom"
						},
						"0.3667": {
							"post": [4, -2, -6.25],
							"lerp_mode": "catmullrom"
						},
						"0.5333": {
							"post": [4, -2, -6.25],
							"lerp_mode": "catmullrom"
						},
						"0.6": {
							"post": [1.5, -5, -5.25],
							"lerp_mode": "catmullrom"
						},
						"0.7": [5.5, -8.5, -1.5]
					},
					"scale": [1, 1.1, 1]
				},
				"left_hand": {
					"rotation": {
						"0.0": [96.08, 34.44, 51.41],
						"0.7667": [96.07794, 34.44142, 51.40607],
						"1.0": [0, 0, 0]
					},
					"position": {
						"0.0": [-4.5, -6.25, -10],
						"0.7667": [-4.5, -6.25, -10],
						"0.9": [8, -10, 10],
						"1.0": [8, 0, 16]
					},
					"scale": [1, 1.1, 1]
				},
				"camera": {
					"rotation": {
						"0.0": {
							"post": [0, 0, 0],
							"lerp_mode": "catmullrom"
						},
						"0.0667": {
							"post": [0.75, -0.35905, 0.02956],
							"lerp_mode": "catmullrom"
						},
						"0.2": {
							"post": [0.5, -0.4075, 0],
							"lerp_mode": "catmullrom"
						},
						"0.3": {
							"post": [0.375, -0.38232, 0.27019],
							"lerp_mode": "catmullrom"
						},
						"0.3333": {
							"post": [0.25, -0.3138, -0.64879],
							"lerp_mode": "catmullrom"
						},
						"0.3667": {
							"post": [1.375, -0.3112, 1.75129],
							"lerp_mode": "catmullrom"
						},
						"0.4667": {
							"post": [1.25, -0.3125, -0.06731],
							"lerp_mode": "catmullrom"
						},
						"0.5333": {
							"post": [0, -0.47542, 0.25],
							"lerp_mode": "catmullrom"
						},
						"0.6": {
							"post": [0.15, -0.25, 0.0875],
							"lerp_mode": "catmullrom"
						},
						"0.8333": {
							"post": [0.01, 0.07, 0.2175],
							"lerp_mode": "catmullrom"
						},
						"0.9333": {
							"post": [0.075, 0.1, 0.0125],
							"lerp_mode": "catmullrom"
						},
						"1.0333": {
							"post": [0, 0, 0.0375],
							"lerp_mode": "catmullrom"
						},
						"1.1333": {
							"post": [0, 0, 0],
							"lerp_mode": "catmullrom"
						}
					}
				}
			},
			"sound_effects": {
				"0.0667": {
					"effect": "bf1:obrez/boltforward"
				}
			}
		},
		"inspect": {
			"animation_length": 4.5,
			"bones": {
				"root": {
					"rotation": {
						"0.0": [0, 0, 0],
						"0.2667": {
							"pre": [0, -25, -41.375],
							"post": [0, -25, -41.375],
							"lerp_mode": "catmullrom"
						},
						"1.2667": {
							"post": [0, -25, -45],
							"lerp_mode": "catmullrom"
						},
						"1.4": {
							"post": [2.50442, -25.33496, -51.08363],
							"lerp_mode": "catmullrom"
						},
						"2.0667": {
							"post": [2.50442, -25.33496, -51.08363],
							"lerp_mode": "catmullrom"
						},
						"2.3": {
							"post": [2.50442, -25.33496, -42.08363],
							"lerp_mode": "catmullrom"
						},
						"2.5667": {
							"post": [-12.40058, 24.55072, 30.80385],
							"lerp_mode": "catmullrom"
						},
						"3.0333": {
							"post": [-15.74, 31.37, 36.63],
							"lerp_mode": "catmullrom"
						},
						"3.9667": {
							"post": [-18.09101, 31.58956, 34.9261],
							"lerp_mode": "catmullrom"
						},
						"4.2667": {
							"post": [-3.375, 3.625, 2.4375],
							"lerp_mode": "catmullrom"
						},
						"4.5": [0, 0, 0]
					},
					"position": {
						"0.0": [0, 0, 0],
						"0.2": {
							"pre": [-0.5, -1.75, 1.625],
							"post": [-0.5, -1.75, 1.625],
							"lerp_mode": "catmullrom"
						},
						"1.2667": {
							"post": [-0.5, -1.75, 1.75],
							"lerp_mode": "catmullrom"
						},
						"2.3": {
							"post": [-0.5, -1.75, 1.75],
							"lerp_mode": "catmullrom"
						},
						"2.5667": {
							"post": [3.25, -3.75, 2.5],
							"lerp_mode": "catmullrom"
						},
						"3.7667": {
							"post": [3.68, -4.06, 2.68],
							"lerp_mode": "catmullrom"
						},
						"4.1": {
							"post": [3.5, -3.75, 2.5],
							"lerp_mode": "catmullrom"
						},
						"4.3": {
							"post": [0.5, -0.5, 0.25],
							"lerp_mode": "catmullrom"
						},
						"4.5": [0, 0, 0]
					}
				},
				"right_hand": {
					"rotation": {
						"0.0": [90.48184, -2.06394, -0.08371],
						"0.1333": [84.47108, -9.72443, -13.25952],
						"2.3": [84.47108, -9.72443, -13.25952],
						"2.4333": [90.48184, -2.06394, -0.08371]
					},
					"position": {
						"0.0": [5.5, -8.5, -1.5],
						"0.2": [4.75, -8.25, -1.5],
						"2.3": [4.75, -8.25, -1.5],
						"2.4333": [5.5, -8.5, -1.5]
					},
					"scale": [1, 1.1, 1]
				},
				"camera": {
					"rotation": {
						"0.0": {
							"post": [0, 0, 0],
							"lerp_mode": "catmullrom"
						},
						"0.1667": {
							"post": [0.805, 0.25, 0],
							"lerp_mode": "catmullrom"
						},
						"0.3": {
							"post": [3.99, 0.4, -0.38],
							"lerp_mode": "catmullrom"
						},
						"0.3667": {
							"post": [5.075, 0.45, -0.55],
							"lerp_mode": "catmullrom"
						},
						"0.4667": {
							"post": [5.61, 0.45, -0.6],
							"lerp_mode": "catmullrom"
						},
						"1.0667": {
							"post": [5.855, 0.5, -0.825],
							"lerp_mode": "catmullrom"
						},
						"1.4": {
							"post": [6.145, 1.3515, -1.25],
							"lerp_mode": "catmullrom"
						},
						"1.7": {
							"post": [6.585, 1.9975, -1.65],
							"lerp_mode": "catmullrom"
						},
						"2.2333": {
							"post": [6.27, 1.94, -1.32],
							"lerp_mode": "catmullrom"
						},
						"2.4667": {
							"post": [4.145, 1.8515, -1.25],
							"lerp_mode": "catmullrom"
						},
						"2.8": {
							"post": [4.27, 3.688, -1.925],
							"lerp_mode": "catmullrom"
						},
						"3.2333": {
							"post": [4.185, 3.8225, -1.575],
							"lerp_mode": "catmullrom"
						},
						"3.4333": {
							"post": [3.54, 4.7775, -0.575],
							"lerp_mode": "catmullrom"
						},
						"3.8": {
							"post": [2.62, 4.825, -0.175],
							"lerp_mode": "catmullrom"
						},
						"4.0": {
							"post": [2.315, 4.2, -0.35],
							"lerp_mode": "catmullrom"
						},
						"4.3333": {
							"post": [0.3125, 0.5, 0],
							"lerp_mode": "catmullrom"
						},
						"4.5": {
							"post": [0, 0, 0],
							"lerp_mode": "catmullrom"
						}
					}
				}
			},
			"sound_effects": {
				"0.0": {
					"effect": "bf1:kolibri/settle2"
				},
				"2.2": {
					"effect": "bf1:kolibri/settle1"
				}
			}
		}
	}
}