{
	"format_version": "1.8.0",
	"animations": {
		"static_idle": {
			"loop": true,
			"bones": {
				"constraint": {
					"rotation": [0.2, 0.1, 0.2],
					"position": [0.2, 0.2, 0.4]
				},
				"right_hand": {
					"rotation": [87.38038, -9.96952, -30.10085],
					"position": [4.45, -2.325, -5.725],
					"scale": [1, 1.2, 1]
				},
				"left_hand": {
					"rotation": [91.18082, 28.18803, 38.64777],
					"position": [-4.55, -2.65, -19.45],
					"scale": [1, 1.2, 1]
				}
			}
		},
		"shoot": {
			"loop": "hold_on_last_frame",
			"animation_length": 0.5667,
			"bones": {
				"root": {
					"rotation": {
						"0.0": {
							"post": [0, 0, 0],
							"lerp_mode": "catmullrom"
						},
						"0.0333": {
							"post": [-0.2575, 0, 0.15],
							"lerp_mode": "catmullrom"
						},
						"0.0667": {
							"post": [-1.3875, 0, 1.11],
							"lerp_mode": "catmullrom"
						},
						"0.1333": {
							"post": [0.005, 0, -0.81],
							"lerp_mode": "catmullrom"
						},
						"0.1667": {
							"post": [0.25, 0, 0.11],
							"lerp_mode": "catmullrom"
						},
						"0.2": {
							"post": [-0.12, 0, 0.3],
							"lerp_mode": "catmullrom"
						},
						"0.2333": {
							"post": [-0.04, 0, -0.54],
							"lerp_mode": "catmullrom"
						},
						"0.2667": {
							"post": [0.06, 0, -0.595],
							"lerp_mode": "catmullrom"
						},
						"0.3333": {
							"post": [0.27, 0, 0.04],
							"lerp_mode": "catmullrom"
						},
						"0.4": {
							"post": [0.31, -0.03, 0.3],
							"lerp_mode": "catmullrom"
						},
						"0.4667": {
							"post": [0.0325, -0.02, 0.0275],
							"lerp_mode": "catmullrom"
						},
						"0.5667": {
							"post": [0, 0, 0],
							"lerp_mode": "catmullrom"
						}
					},
					"position": {
						"0.0": {
							"post": [0, 0, 0],
							"lerp_mode": "catmullrom"
						},
						"0.0333": {
							"post": [0, -0.07, 1.3625],
							"lerp_mode": "catmullrom"
						},
						"0.1": {
							"post": [0, -0.05, 0.9375],
							"lerp_mode": "catmullrom"
						},
						"0.1667": {
							"post": [0, -0.14, 0.11],
							"lerp_mode": "catmullrom"
						},
						"0.2": {
							"post": [0, -0.15, -0.14],
							"lerp_mode": "catmullrom"
						},
						"0.3": {
							"post": [0, -0.07, 0.06],
							"lerp_mode": "catmullrom"
						},
						"0.4333": {
							"post": [0, 0, 0],
							"lerp_mode": "catmullrom"
						},
						"0.5667": {
							"post": [0, 0, 0],
							"lerp_mode": "catmullrom"
						}
					}
				},
				"bolt": {
					"position": {
						"0.0": [0, 0, 0],
						"0.0333": [0, 0, 5],
						"0.1": [0, 0, 0],
						"0.1333": [0, 0, 0.3],
						"0.1667": [0, 0, 0]
					}
				},
				"constraint": {
					"rotation": {
						"0.2667": [0, 0.25, 0.25],
						"0.4667": [0.2, 0.1, 0.2]
					},
					"position": {
						"0.2667": [0.05, 0, 0.5],
						"0.4667": [0.2, 0.2, 0.4]
					}
				},
				"camera": {
					"rotation": {
						"0.0": {
							"post": [0, 0, 0],
							"lerp_mode": "catmullrom"
						},
						"0.0333": {
							"post": [0, 0, -0.875],
							"lerp_mode": "catmullrom"
						},
						"0.0667": {
							"post": [0, 0, 0.5],
							"lerp_mode": "catmullrom"
						},
						"0.1": {
							"post": [0, 0, -0.2625],
							"lerp_mode": "catmullrom"
						},
						"0.1667": {
							"post": [0, 0, 0.1125],
							"lerp_mode": "catmullrom"
						},
						"0.2333": {
							"post": [0, 0, -0.0875],
							"lerp_mode": "catmullrom"
						},
						"0.3": {
							"post": [0, 0, 0.0375],
							"lerp_mode": "catmullrom"
						},
						"0.4": {
							"post": [0, 0, -0.02],
							"lerp_mode": "catmullrom"
						},
						"0.5": {
							"post": [0, 0, 0],
							"lerp_mode": "catmullrom"
						}
					}
				}
			},
			"sound_effects": {
				"0.5333": {
					"effect": "bf1:shell_pistol"
				}
			}
		},
		"reload_tactical": {
			"loop": "hold_on_last_frame",
			"animation_length": 2.4,
			"bones": {
				"root": {
					"rotation": {
						"0.0": {
							"post": [0, 0, 0.01],
							"lerp_mode": "catmullrom"
						},
						"0.1": {
							"post": [-16.86, -2.17, -17.42],
							"lerp_mode": "catmullrom"
						},
						"0.2": {
							"post": [-21.04, -6.99, -24.55],
							"lerp_mode": "catmullrom"
						},
						"0.25": {
							"post": [-21.69, -9.2, -30.29],
							"lerp_mode": "catmullrom"
						},
						"0.35": {
							"post": [-23.93, -10.51, -33.1],
							"lerp_mode": "catmullrom"
						},
						"0.4": {
							"post": [-23.82, -13.23, -38.32],
							"lerp_mode": "catmullrom"
						},
						"0.45": {
							"post": [-23.69, -9.37, -34.23],
							"lerp_mode": "catmullrom"
						},
						"0.5": {
							"post": [-17.7125, -9.32, -35.23],
							"lerp_mode": "catmullrom"
						},
						"0.55": {
							"post": [-17.48, -9.72, -31.74],
							"lerp_mode": "catmullrom"
						},
						"0.6": {
							"post": [-21.415, -10.98, -36.09],
							"lerp_mode": "catmullrom"
						},
						"0.7": {
							"post": [-26.08, -11.46, -36.08],
							"lerp_mode": "catmullrom"
						},
						"0.85": {
							"post": [-23.045, -10.64, -36.03],
							"lerp_mode": "catmullrom"
						},
						"0.95": {
							"post": [-22.6625, -10.27, -37.02],
							"lerp_mode": "catmullrom"
						},
						"1.1": {
							"post": [-21.08, -11.83, -48.095],
							"lerp_mode": "catmullrom"
						},
						"1.25": {
							"post": [-21.84, -10.83, -47.2525],
							"lerp_mode": "catmullrom"
						},
						"1.4": {
							"post": [-23.02, -9.06, -46.8975],
							"lerp_mode": "catmullrom"
						},
						"1.5": {
							"post": [-25.01, -9.03, -41.23],
							"lerp_mode": "catmullrom"
						},
						"1.55": {
							"post": [-20.36, -4.28, -25.97],
							"lerp_mode": "catmullrom"
						},
						"1.6": {
							"post": [-19.38, -7.45, -35.76],
							"lerp_mode": "catmullrom"
						},
						"1.65": {
							"post": [-22.53, -4.98, -29.94],
							"lerp_mode": "catmullrom"
						},
						"1.75": {
							"post": [-23.58, -3.29, -17.06],
							"lerp_mode": "catmullrom"
						},
						"1.85": {
							"post": [-15.4, -2.11, -3.93],
							"lerp_mode": "catmullrom"
						},
						"1.95": {
							"post": [-0.5, -1.44, 5.92],
							"lerp_mode": "catmullrom"
						},
						"2.0": {
							"post": [2.13, -0.73, 6.34],
							"lerp_mode": "catmullrom"
						},
						"2.15": {
							"post": [1, 0, -2],
							"lerp_mode": "catmullrom"
						},
						"2.2": {
							"post": [1, -0.02, 0],
							"lerp_mode": "catmullrom"
						},
						"2.4": [0, 0, 0.01]
					},
					"position": {
						"0.0": {
							"post": [0, 0, 0],
							"lerp_mode": "catmullrom"
						},
						"0.1": {
							"post": [0.2, -0.28, 0.31],
							"lerp_mode": "catmullrom"
						},
						"0.2": {
							"post": [-0.6, -0.8, 1],
							"lerp_mode": "catmullrom"
						},
						"0.35": {
							"post": [-0.6, -0.7, 1],
							"lerp_mode": "catmullrom"
						},
						"0.4": {
							"post": [-0.7, -0.7, 1],
							"lerp_mode": "catmullrom"
						},
						"0.45": {
							"post": [-0.33, -0.91, 1],
							"lerp_mode": "catmullrom"
						},
						"0.5": {
							"post": [-0.2, -0.7, 1],
							"lerp_mode": "catmullrom"
						},
						"0.65": {
							"post": [-0.6, -0.6, 1],
							"lerp_mode": "catmullrom"
						},
						"0.85": {
							"post": [-1.1, -1.12, 1],
							"lerp_mode": "catmullrom"
						},
						"1.1": {
							"post": [-1.11, -0.92, 1],
							"lerp_mode": "catmullrom"
						},
						"1.3": {
							"post": [-0.86, -0.64, 1],
							"lerp_mode": "catmullrom"
						},
						"1.45": {
							"post": [-0.82, -0.5, 1],
							"lerp_mode": "catmullrom"
						},
						"1.5": {
							"post": [-0.92, -0.5, 1],
							"lerp_mode": "catmullrom"
						},
						"1.6": {
							"post": [-0.72, -0.8, 1.0125],
							"lerp_mode": "catmullrom"
						},
						"1.7": {
							"post": [-0.91, -0.71, 1.3625],
							"lerp_mode": "catmullrom"
						},
						"1.9": {
							"post": [-1, -2.2, 2.1125],
							"lerp_mode": "catmullrom"
						},
						"2.0": {
							"post": [-0.3, -1.09, 0.54],
							"lerp_mode": "catmullrom"
						},
						"2.05": {
							"post": [0, -0.5, -0.5],
							"lerp_mode": "catmullrom"
						},
						"2.15": {
							"post": [0, -0.1, 0.5],
							"lerp_mode": "catmullrom"
						},
						"2.3": {
							"post": [0, -0.06, -0.19],
							"lerp_mode": "catmullrom"
						},
						"2.4": [0, 0, 0]
					}
				},
				"left_mag": {
					"rotation": {
						"0.3": [0, 0, 0],
						"0.35": {
							"pre": [0, 0, 0],
							"post": [0, 0, 0],
							"lerp_mode": "catmullrom"
						},
						"0.4": {
							"post": [-1.5475, -1.36, -0.23],
							"lerp_mode": "catmullrom"
						},
						"0.5": {
							"post": [-24.84581, -13.96193, -2.39491],
							"lerp_mode": "catmullrom"
						},
						"0.6": {
							"post": [-28.8475, -15.96, -21.33],
							"lerp_mode": "catmullrom"
						},
						"1.1": {
							"post": [-28.35381, -17.05809, -24.70211],
							"lerp_mode": "catmullrom"
						},
						"1.15": {
							"post": [-28.13473, -13.9337, -22.62718],
							"lerp_mode": "catmullrom"
						},
						"1.2": {
							"post": [-27.26002, 0.61056, -18.45689],
							"lerp_mode": "catmullrom"
						},
						"1.3": {
							"post": [-18.13603, 1.07465, -2.01407],
							"lerp_mode": "catmullrom"
						},
						"1.35": {
							"post": [-17.37457, 0.40539, -0.11573],
							"lerp_mode": "catmullrom"
						},
						"1.45": {
							"post": [-17.3075, 0.4, -0.04],
							"lerp_mode": "catmullrom"
						},
						"1.5": {
							"post": [-17.3775, 0.41, -0.1175],
							"lerp_mode": "catmullrom"
						},
						"1.55": {
							"post": [-0.24543, 0.14785, 0.81684],
							"lerp_mode": "catmullrom"
						},
						"1.6": {
							"post": [-0.2475, 0.15, -0.18],
							"lerp_mode": "catmullrom"
						},
						"1.7": {
							"post": [-0.13818, 0.1275, -0.20764],
							"lerp_mode": "catmullrom"
						},
						"1.75": {
							"post": [-0.1375, 0.13, -0.21],
							"lerp_mode": "catmullrom"
						},
						"1.8": [0, 0, 0]
					},
					"position": {
						"0.45": [0, 0, 0],
						"0.5": {
							"pre": [0.20859, -1.375, -0.9125],
							"post": [0.20859, -1.375, -0.9125],
							"lerp_mode": "catmullrom"
						},
						"0.55": {
							"post": [2.10859, -14.375, -1.86797],
							"lerp_mode": "catmullrom"
						},
						"0.65": {
							"post": [2.10859, -23.475, 3.925],
							"lerp_mode": "catmullrom"
						},
						"1.05": {
							"post": [3.72813, -24.975, 4.025],
							"lerp_mode": "catmullrom"
						},
						"1.15": {
							"post": [1.62813, -10.425, 2.825],
							"lerp_mode": "catmullrom"
						},
						"1.2": {
							"post": [0.67813, -2.325, 1.025],
							"lerp_mode": "catmullrom"
						},
						"1.3": [-0.17969, 0, 0.00469],
						"1.45": [-0.02187, 0, -0.08672],
						"1.5": {
							"pre": [-0.32187, 0, -0.01172],
							"post": [-0.32187, 0, -0.01172],
							"lerp_mode": "catmullrom"
						},
						"1.7": {
							"post": [-0.05469, 0, -0.05],
							"lerp_mode": "catmullrom"
						},
						"1.8": [0, 0, 0]
					}
				},
				"left_hand": {
					"rotation": {
						"0.0": [91.18082, 28.18803, 38.64777],
						"0.15": [71.60918, 2.61072, -25.1988],
						"1.8": [71.60918, 2.61072, -25.1988],
						"2.0": [91.18082, 28.18803, 38.64777]
					},
					"position": {
						"0.0": [-4.55, -2.65, -19.45],
						"0.1": [-4.2575, -5.7, -16.7375],
						"0.2": [-4.27969, -4.85, -14.2875],
						"1.8": [-4.27969, -4.85, -14.2875],
						"1.9": [-3.17969, -4.35, -19.5575],
						"2.05": [-4.55, -2.65, -19.45]
					}
				},
				"camera": {
					"rotation": {
						"0.0": {
							"post": [0, 0, 0],
							"lerp_mode": "catmullrom"
						},
						"0.2": {
							"post": [1.02, 0.1, -0.65],
							"lerp_mode": "catmullrom"
						},
						"0.35": {
							"post": [0.8, 0.33, -1.14],
							"lerp_mode": "catmullrom"
						},
						"0.4": {
							"post": [0.8, 0.38, -1.2],
							"lerp_mode": "catmullrom"
						},
						"0.45": {
							"post": [1.6, 0.25, -0.12],
							"lerp_mode": "catmullrom"
						},
						"0.55": {
							"post": [1.08, 0.13, -2.82],
							"lerp_mode": "catmullrom"
						},
						"0.7": {
							"post": [1.2, -0.12, -0.95],
							"lerp_mode": "catmullrom"
						},
						"0.9": {
							"post": [1, -0.17, -1.2],
							"lerp_mode": "catmullrom"
						},
						"1.1": {
							"post": [1.27, -0.16, -1.44],
							"lerp_mode": "catmullrom"
						},
						"1.2": {
							"post": [1.25, 0.04, -1.5],
							"lerp_mode": "catmullrom"
						},
						"1.4": {
							"post": [0.79, 0.65, -1.44],
							"lerp_mode": "catmullrom"
						},
						"1.5": {
							"post": [0.75, 0.63, -1.2],
							"lerp_mode": "catmullrom"
						},
						"1.55": {
							"post": [1.5, 0.63, -0.47],
							"lerp_mode": "catmullrom"
						},
						"1.65": {
							"post": [1.1, 0.63, -2.92],
							"lerp_mode": "catmullrom"
						},
						"1.75": {
							"post": [0.94, 0.5, -1.01],
							"lerp_mode": "catmullrom"
						},
						"1.85": {
							"post": [0.88, 0.33, -1.45],
							"lerp_mode": "catmullrom"
						},
						"1.9": {
							"post": [1.31, -0.03, -1.21],
							"lerp_mode": "catmullrom"
						},
						"2.0": {
							"post": [1.35, -0.15, -1.2],
							"lerp_mode": "catmullrom"
						},
						"2.1": {
							"post": [-0.1, 0, -0.8],
							"lerp_mode": "catmullrom"
						},
						"2.15": {
							"post": [0.2, 0.05, -0.25],
							"lerp_mode": "catmullrom"
						},
						"2.25": {
							"post": [-0.07, 0, -0.65],
							"lerp_mode": "catmullrom"
						},
						"2.35": {
							"post": [0, 0, 0],
							"lerp_mode": "catmullrom"
						}
					}
				}
			},
			"sound_effects": {
				"0.0": {
					"effect": "tacz:ak47/ak47_reload_raise_shoulder"
				},
				"0.35": {
					"effect": "tacz:ak47/ak47_reload_magout"
				},
				"0.9": {
					"effect": "tacz:ak47/ak47_reload_mvt"
				},
				"1.4": {
					"effect": "tacz:ak47/ak47_reload_magin"
				},
				"1.5": {
					"effect": "tacz:ak47/ak47_reload_mvt2"
				},
				"2.05": {
					"effect": "tacz:ak47/ak47_reload_shoulder"
				}
			}
		},
		"reload_empty": {
			"loop": "hold_on_last_frame",
			"animation_length": 3.5,
			"bones": {
				"root": {
					"rotation": {
						"0.0": {
							"post": [0, 0, 0.01],
							"lerp_mode": "catmullrom"
						},
						"0.1": {
							"post": [-16.86, -2.17, -17.42],
							"lerp_mode": "catmullrom"
						},
						"0.2": {
							"post": [-21.04, -6.99, -24.55],
							"lerp_mode": "catmullrom"
						},
						"0.25": {
							"post": [-21.69, -9.2, -30.29],
							"lerp_mode": "catmullrom"
						},
						"0.35": {
							"post": [-23.93, -10.51, -33.1],
							"lerp_mode": "catmullrom"
						},
						"0.4": {
							"post": [-23.82, -13.23, -38.32],
							"lerp_mode": "catmullrom"
						},
						"0.45": {
							"post": [-23.69, -9.37, -34.23],
							"lerp_mode": "catmullrom"
						},
						"0.5": {
							"post": [-17.7125, -9.32, -35.23],
							"lerp_mode": "catmullrom"
						},
						"0.55": {
							"post": [-17.48, -9.72, -31.74],
							"lerp_mode": "catmullrom"
						},
						"0.6": {
							"post": [-21.415, -10.98, -36.09],
							"lerp_mode": "catmullrom"
						},
						"0.7": {
							"post": [-26.08, -11.46, -36.08],
							"lerp_mode": "catmullrom"
						},
						"0.85": {
							"post": [-23.045, -10.64, -36.03],
							"lerp_mode": "catmullrom"
						},
						"0.95": {
							"post": [-22.6625, -10.27, -37.02],
							"lerp_mode": "catmullrom"
						},
						"1.1": {
							"post": [-21.08, -11.83, -48.095],
							"lerp_mode": "catmullrom"
						},
						"1.25": {
							"post": [-21.84, -10.83, -47.2525],
							"lerp_mode": "catmullrom"
						},
						"1.4": {
							"post": [-23.02, -9.06, -46.8975],
							"lerp_mode": "catmullrom"
						},
						"1.5": {
							"post": [-25.01, -9.03, -41.23],
							"lerp_mode": "catmullrom"
						},
						"1.55": {
							"post": [-20.36, -4.28, -25.97],
							"lerp_mode": "catmullrom"
						},
						"1.6": {
							"post": [-19.38, -7.45, -35.76],
							"lerp_mode": "catmullrom"
						},
						"1.65": {
							"post": [-22.53, -4.98, -29.94],
							"lerp_mode": "catmullrom"
						},
						"1.75": {
							"post": [-23.58, -3.29, -17.06],
							"lerp_mode": "catmullrom"
						},
						"1.85": {
							"post": [-15.4, -2.11, -3.93],
							"lerp_mode": "catmullrom"
						},
						"1.95": {
							"post": [-0.5, -1.44, 5.92],
							"lerp_mode": "catmullrom"
						},
						"2.1": {
							"post": [-20.88, -1.22, 39.05],
							"lerp_mode": "catmullrom"
						},
						"2.25": {
							"post": [-21.95, -1.17, 43.56],
							"lerp_mode": "catmullrom"
						},
						"2.35": {
							"post": [-24.825, 0.485, 45.905],
							"lerp_mode": "catmullrom"
						},
						"2.45": {
							"post": [-23.235, -1.13, 42.5175],
							"lerp_mode": "catmullrom"
						},
						"2.55": {
							"post": [-22.9125, -1.13, 44.22],
							"lerp_mode": "catmullrom"
						},
						"2.65": {
							"post": [-21.72, -1.11, 43.29],
							"lerp_mode": "catmullrom"
						},
						"2.75": {
							"post": [-19.54, -0.11, 39.47],
							"lerp_mode": "catmullrom"
						},
						"2.85": {
							"post": [-21.71, -1.1, 43.27],
							"lerp_mode": "catmullrom"
						},
						"2.95": {
							"post": [-20.41, -1.05, 39.26],
							"lerp_mode": "catmullrom"
						},
						"3.1": {
							"post": [2.13, -0.73, -4.035],
							"lerp_mode": "catmullrom"
						},
						"3.25": {
							"post": [-0.75, 0, 0.3125],
							"lerp_mode": "catmullrom"
						},
						"3.5": [0, 0, 0.01]
					},
					"position": {
						"0.0": {
							"post": [0, 0, 0],
							"lerp_mode": "catmullrom"
						},
						"0.1": {
							"post": [0.2, -0.28, 0.31],
							"lerp_mode": "catmullrom"
						},
						"0.2": {
							"post": [-0.6, -0.8, 1],
							"lerp_mode": "catmullrom"
						},
						"0.35": {
							"post": [-0.6, -0.7, 1],
							"lerp_mode": "catmullrom"
						},
						"0.4": {
							"post": [-0.7, -0.7, 1],
							"lerp_mode": "catmullrom"
						},
						"0.45": {
							"post": [-0.33, -0.91, 1],
							"lerp_mode": "catmullrom"
						},
						"0.5": {
							"post": [-0.2, -0.7, 1],
							"lerp_mode": "catmullrom"
						},
						"0.65": {
							"post": [-0.6, -0.6, 1],
							"lerp_mode": "catmullrom"
						},
						"0.85": {
							"post": [-1.1, -1.12, 1],
							"lerp_mode": "catmullrom"
						},
						"1.1": {
							"post": [-1.11, -0.92, 1],
							"lerp_mode": "catmullrom"
						},
						"1.3": {
							"post": [-0.86, -0.64, 1],
							"lerp_mode": "catmullrom"
						},
						"1.45": {
							"post": [-0.82, -0.5, 1],
							"lerp_mode": "catmullrom"
						},
						"1.5": {
							"post": [-0.92, -0.5, 1],
							"lerp_mode": "catmullrom"
						},
						"1.6": {
							"post": [-0.72, -0.8, 1.0125],
							"lerp_mode": "catmullrom"
						},
						"1.7": {
							"post": [-0.91, -0.71, 1.3625],
							"lerp_mode": "catmullrom"
						},
						"1.9": {
							"post": [-1, -2.2, 2.1125],
							"lerp_mode": "catmullrom"
						},
						"2.0": {
							"post": [-0.3, -1.09, 0.54],
							"lerp_mode": "catmullrom"
						},
						"2.05": {
							"post": [0.75, -0.5, 1.5],
							"lerp_mode": "catmullrom"
						},
						"2.15": {
							"post": [0.6875, -0.1, 1.5625],
							"lerp_mode": "catmullrom"
						},
						"2.25": {
							"post": [0.15063, -0.32, 1.7875],
							"lerp_mode": "catmullrom"
						},
						"2.35": {
							"post": [0.10213, -0.88425, 3.345],
							"lerp_mode": "catmullrom"
						},
						"2.45": {
							"post": [0.10525, -0.803, 2.94],
							"lerp_mode": "catmullrom"
						},
						"2.55": {
							"post": [0.00052, -0.81237, 2.9],
							"lerp_mode": "catmullrom"
						},
						"2.7": {
							"post": [0.12, -0.80762, 2.84],
							"lerp_mode": "catmullrom"
						},
						"2.75": {
							"post": [0.23302, -1.37, 2.21],
							"lerp_mode": "catmullrom"
						},
						"2.95": {
							"post": [-0.375, -2.2, 2.1875],
							"lerp_mode": "catmullrom"
						},
						"3.15": {
							"post": [0, -1.4975, -1.19],
							"lerp_mode": "catmullrom"
						},
						"3.3": {
							"post": [0, 0, 0.125],
							"lerp_mode": "catmullrom"
						},
						"3.5": [0, 0, 0]
					}
				},
				"left_mag": {
					"rotation": {
						"0.3": [0, 0, 0],
						"0.35": {
							"pre": [0, 0, 0],
							"post": [0, 0, 0],
							"lerp_mode": "catmullrom"
						},
						"0.4": {
							"post": [-1.5475, -1.36, -0.23],
							"lerp_mode": "catmullrom"
						},
						"0.5": {
							"post": [-24.84581, -13.96193, -2.39491],
							"lerp_mode": "catmullrom"
						},
						"0.6": {
							"post": [-28.8475, -15.96, -21.33],
							"lerp_mode": "catmullrom"
						},
						"1.1": {
							"post": [-28.35381, -17.05809, -24.70211],
							"lerp_mode": "catmullrom"
						},
						"1.15": {
							"post": [-28.13473, -13.9337, -22.62718],
							"lerp_mode": "catmullrom"
						},
						"1.2": {
							"post": [-27.26002, 0.61056, -18.45689],
							"lerp_mode": "catmullrom"
						},
						"1.3": {
							"post": [-18.13603, 1.07465, -2.01407],
							"lerp_mode": "catmullrom"
						},
						"1.35": {
							"post": [-17.37457, 0.40539, 1.88427],
							"lerp_mode": "catmullrom"
						},
						"1.45": {
							"post": [-17.3075, 0.4, -0.04],
							"lerp_mode": "catmullrom"
						},
						"1.5": {
							"post": [-17.3775, 0.41, -0.1175],
							"lerp_mode": "catmullrom"
						},
						"1.55": {
							"post": [-0.24543, 0.14785, 0.81684],
							"lerp_mode": "catmullrom"
						},
						"1.6": {
							"post": [-0.2475, 0.15, -0.18],
							"lerp_mode": "catmullrom"
						},
						"1.7": {
							"post": [-0.13818, 0.1275, -0.20764],
							"lerp_mode": "catmullrom"
						},
						"1.75": {
							"post": [-0.1375, 0.13, -0.21],
							"lerp_mode": "catmullrom"
						},
						"1.8": [0, 0, 0]
					},
					"position": {
						"0.45": [0, 0, 0],
						"0.5": {
							"pre": [0.20859, -1.375, -0.9125],
							"post": [0.20859, -1.375, -0.9125],
							"lerp_mode": "catmullrom"
						},
						"0.55": {
							"post": [2.10859, -14.375, -1.86797],
							"lerp_mode": "catmullrom"
						},
						"0.65": {
							"post": [2.10859, -23.475, 3.925],
							"lerp_mode": "catmullrom"
						},
						"1.05": {
							"post": [3.72813, -24.975, 4.025],
							"lerp_mode": "catmullrom"
						},
						"1.15": {
							"post": [1.62813, -10.425, 2.825],
							"lerp_mode": "catmullrom"
						},
						"1.2": {
							"post": [0.67813, -2.325, 1.025],
							"lerp_mode": "catmullrom"
						},
						"1.3": [-0.17969, 0, 0.00469],
						"1.45": [-0.02187, 0, -0.08672],
						"1.5": {
							"pre": [-0.32187, 0, -0.01172],
							"post": [-0.32187, 0, -0.01172],
							"lerp_mode": "catmullrom"
						},
						"1.7": {
							"post": [-0.05469, 0, -0.05],
							"lerp_mode": "catmullrom"
						},
						"1.8": [0, 0, 0]
					}
				},
				"left_hand": {
					"rotation": {
						"0.0": [91.18082, 28.18803, 38.64777],
						"0.15": [71.60918, 2.61072, -25.1988],
						"1.8": [71.60918, 2.61072, -25.1988],
						"2.25": [72.30916, 4.27759, -45.1363],
						"2.3": {
							"pre": [45.12, 4.28, -45.14],
							"post": [45.12, 4.28, -45.14],
							"lerp_mode": "catmullrom"
						},
						"2.6": {
							"post": [40.12, 4.28, -45.14],
							"lerp_mode": "catmullrom"
						},
						"2.65": {
							"post": [29.62, 4.28, -45.14],
							"lerp_mode": "catmullrom"
						},
						"3.25": [91.18082, 28.18803, 38.64777]
					},
					"position": {
						"0.0": [-4.55, -2.65, -19.45],
						"0.1": [-4.2575, -5.7, -16.7375],
						"0.2": [-4.27969, -4.85, -14.2875],
						"1.8": [-4.27969, -4.85, -14.2875],
						"1.95": [1.08, -1.09, -17.08],
						"2.05": [-3.05, 2.1, -16.2],
						"2.25": [-3.05, 2.1, -16.2],
						"2.35": [-3.05, 2.1, -11.95],
						"2.65": [-3.05, 2.1, -11.95],
						"2.75": {
							"pre": [0.95, 1.1, 0.8],
							"post": [0.95, 1.1, 0.8],
							"lerp_mode": "catmullrom"
						},
						"2.95": {
							"post": [0.95, -22.1, -5.8],
							"lerp_mode": "catmullrom"
						},
						"3.2": [-4.55, -2.65, -19.45]
					}
				},
				"camera": {
					"rotation": {
						"0.0": {
							"post": [0, 0, 0],
							"lerp_mode": "catmullrom"
						},
						"0.2": {
							"post": [1.02, 0.1, -0.65],
							"lerp_mode": "catmullrom"
						},
						"0.35": {
							"post": [0.8, 0.33, -1.14],
							"lerp_mode": "catmullrom"
						},
						"0.4": {
							"post": [0.8, 0.38, -1.2],
							"lerp_mode": "catmullrom"
						},
						"0.45": {
							"post": [1.6, 0.25, -0.12],
							"lerp_mode": "catmullrom"
						},
						"0.55": {
							"post": [1.08, 0.13, -2.82],
							"lerp_mode": "catmullrom"
						},
						"0.7": {
							"post": [1.2, -0.12, -0.95],
							"lerp_mode": "catmullrom"
						},
						"0.9": {
							"post": [1, -0.17, -1.2],
							"lerp_mode": "catmullrom"
						},
						"1.1": {
							"post": [1.27, -0.16, -1.44],
							"lerp_mode": "catmullrom"
						},
						"1.2": {
							"post": [1.25, 0.04, -1.5],
							"lerp_mode": "catmullrom"
						},
						"1.4": {
							"post": [0.79, 0.65, -1.44],
							"lerp_mode": "catmullrom"
						},
						"1.5": {
							"post": [0.75, 0.63, -1.2],
							"lerp_mode": "catmullrom"
						},
						"1.55": {
							"post": [1.5, 0.63, -0.47],
							"lerp_mode": "catmullrom"
						},
						"1.65": {
							"post": [1.1, 0.63, -2.92],
							"lerp_mode": "catmullrom"
						},
						"1.75": {
							"post": [0.94, -0.5, -1.01],
							"lerp_mode": "catmullrom"
						},
						"1.85": {
							"post": [0.88, -0.67, -1.45],
							"lerp_mode": "catmullrom"
						},
						"1.9": {
							"post": [1.31, -1.03, -1.21],
							"lerp_mode": "catmullrom"
						},
						"2.0": {
							"post": [1.35, -1.15, -1.2],
							"lerp_mode": "catmullrom"
						},
						"2.1": {
							"post": [0.8, -0.67, 0.985],
							"lerp_mode": "catmullrom"
						},
						"2.15": {
							"post": [0.8, -0.62, 1.4875],
							"lerp_mode": "catmullrom"
						},
						"2.2": {
							"post": [1.1, -0.75, 1.5675],
							"lerp_mode": "catmullrom"
						},
						"2.35": {
							"post": [1.08, -0.87, 1.1175],
							"lerp_mode": "catmullrom"
						},
						"2.45": {
							"post": [1.2, -1.12, 1.7375],
							"lerp_mode": "catmullrom"
						},
						"2.7": {
							"post": [1.1, -0.75, 1.6925],
							"lerp_mode": "catmullrom"
						},
						"2.75": {
							"post": [1.08, -0.87, 0.1175],
							"lerp_mode": "catmullrom"
						},
						"2.8": {
							"post": [1.2, -0.87, 2.2375],
							"lerp_mode": "catmullrom"
						},
						"3.0": {
							"post": [-0.1, -0.25, 1.6375],
							"lerp_mode": "catmullrom"
						},
						"3.15": {
							"post": [0.2, 0.05, -0.25],
							"lerp_mode": "catmullrom"
						},
						"3.25": {
							"post": [-0.07, 0, 0.6],
							"lerp_mode": "catmullrom"
						},
						"3.35": {
							"post": [0, 0, -0.1875],
							"lerp_mode": "catmullrom"
						},
						"3.5": {
							"post": [0, 0, 0],
							"lerp_mode": "catmullrom"
						}
					}
				},
				"bolt": {
					"position": {
						"2.25": [0, 0, 0],
						"2.35": [0, 0, 3.375],
						"2.65": [0, 0, 3.375],
						"2.7": [0, 0, 0]
					}
				},
				"bullet_in_mag": {
					"position": {
						"2.3": [0, 0, 0],
						"2.35": [0, 1, 0]
					},
					"scale": {
						"1.0": {
							"pre": [0, 0, 0],
							"post": [1, 1, 1]
						}
					}
				}
			},
			"sound_effects": {
				"0.0": {
					"effect": "tacz:ak47/ak47_reload_raise_shoulder"
				},
				"0.35": {
					"effect": "tacz:ak47/ak47_reload_magout"
				},
				"0.9": {
					"effect": "tacz:ak47/ak47_reload_mvt"
				},
				"1.4": {
					"effect": "tacz:ak47/ak47_reload_magin"
				},
				"1.5": {
					"effect": "tacz:ak47/ak47_reload_mvt2"
				},
				"2.0": {
					"effect": "tacz:ak47/ak47_reload_shoulder"
				},
				"2.05": {
					"effect": "bf1:vg15/bolt"
				},
				"2.65": {
					"effect": "tacz:hk_g3/hk_g3_draw"
				}
			}
		},
		"inspect": {
			"animation_length": 7.7,
			"bones": {
				"root": {
					"rotation": {
						"0.0": [0, 0, 0],
						"0.0667": [-0.62, 0.43, -0.94],
						"0.1": [-1.68, 0.82, -2.72],
						"0.1667": [-3.95, -0.36, -7.56],
						"0.2": [-8.54, -4.6, -18.61],
						"0.2667": [-14.33, -10.41, -32.73],
						"0.3": [-18.77, -14.74, -42.66],
						"0.3667": [-20.73, -16.13, -44.45],
						"0.4": [-21.35, -16.04, -42.06],
						"0.4667": [-21.53, -15.87, -40.06],
						"0.5": [-21.34, -15.94, -40.19],
						"0.5667": [-20.72, -15.92, -40.72],
						"0.6": [-20.26, -16.24, -41.03],
						"0.6667": [-20.22, -16.64, -40.95],
						"0.7": [-20.25, -17.18, -40.76],
						"0.7667": [-20.33, -17.81, -40.51],
						"0.8": [-20.42, -18.47, -40.27],
						"0.8667": [-20.5, -19.1, -40.09],
						"0.9": [-20.53, -19.65, -40.05],
						"0.9667": [-20.52, -20.59, -40.36],
						"1.0": [-20.45, -21.43, -40.94],
						"1.0667": [-20.31, -22.22, -41.47],
						"1.1": [-19.9, -23.44, -41.99],
						"1.1667": [-19.5, -24.31, -42.51],
						"1.2": [-19.41, -24.38, -43.02],
						"1.2667": [-19.4, -24.2, -43.57],
						"1.3": [-19.4, -24.04, -43.96],
						"1.3667": [-19.47, -24.11, -44.03],
						"1.4": [-19.61, -24.27, -43.96],
						"1.4667": [-19.64, -24.31, -43.9],
						"1.5": [-19.4, -24.04, -43.96],
						"1.5667": [-18.2, -23.17, -45.14],
						"1.6": [-16.62, -21.87, -46.48],
						"1.6667": [-15.99, -20.15, -45.35],
						"1.7": [-17.21, -17.52, -39.08],
						"1.7667": [-19.37, -14.47, -30.34],
						"1.8": [-21.04, -12.52, -24.55],
						"1.8667": [-21.69, -14.72, -30.29],
						"1.9": [-22.85, -15.52, -32.06],
						"1.9667": [-23.93, -16.04, -33.1],
						"2.0": [-23.93, -16.04, -33.1],
						"2.0333": [-23.82, -18.75, -38.32],
						"2.1": [-25.34, -16.99, -36.54],
						"2.1667": [-26.69, -14.89, -34.23],
						"2.2": [-26.07, -14.81, -34.6],
						"2.2667": [-25.15, -14.84, -35.23],
						"2.3": [-25.17, -14.01, -34.85],
						"2.3667": [-25.42, -12.86, -34.14],
						"2.4": [-25.65, -11.93, -33.23],
						"2.4667": [-25.76, -11.55, -32.25],
						"2.5": [-25.87, -11.31, -31.02],
						"2.5667": [-25.95, -11.17, -29.94],
						"2.6": [-26.02, -11.06, -29.42],
						"2.6667": [-26.04, -11.01, -29.55],
						"2.7": [-26.04, -11.01, -30.02],
						"2.7667": [-26.04, -11.03, -30.67],
						"2.8": [-26.03, -11.06, -31.37],
						"2.8667": [-26.02, -11.09, -31.98],
						"2.9": [-26.02, -11.09, -32.35],
						"2.9667": [-26.03, -11.08, -32.45],
						"3.0": [-26.04, -11.07, -32.48],
						"3.0667": [-26.06, -11.05, -32.44],
						"3.1": [-26.07, -11.03, -32.36],
						"3.1667": [-26.09, -11.01, -32.27],
						"3.2": [-26.1, -10.99, -32.16],
						"3.2667": [-26.11, -10.96, -32.07],
						"3.3": [-26.11, -10.94, -32.01],
						"3.3667": [-26.1, -10.91, -32.01],
						"3.4": [-26.1, -10.89, -32.04],
						"3.4667": [-26.1, -10.87, -32.12],
						"3.5": [-26.12, -10.84, -32.22],
						"3.5667": [-26.14, -10.82, -32.34],
						"3.6": [-26.15, -10.79, -32.47],
						"3.6667": [-26.16, -10.77, -32.6],
						"3.7": [-26.15, -10.74, -32.71],
						"3.7667": [-26.13, -10.72, -32.8],
						"3.8": [-26.08, -10.69, -32.86],
						"3.8667": [-26.01, -10.66, -32.88],
						"3.9": [-25.9, -10.63, -32.84],
						"3.9667": [-25.76, -10.6, -32.73],
						"4.0": [-24.68, -10.24, -31.08],
						"4.0667": [-23.25, -9.88, -28.89],
						"4.1": [-22.18, -10.23, -28.68],
						"4.1667": [-21.77, -12.08, -32.58],
						"4.2": [-21.72, -14.66, -38.45],
						"4.2667": [-21.84, -16.35, -42.44],
						"4.3": [-22.09, -16.28, -42.57],
						"4.3667": [-22.51, -15.34, -40.82],
						"4.4": [-23.02, -14.59, -39.21],
						"4.4667": [-24.38, -14.76, -38.72],
						"4.5": [-25.01, -14.56, -37.23],
						"4.5667": [-20.36, -9.81, -25.97],
						"4.6": [-19.38, -12.98, -35.76],
						"4.6667": [-22.53, -10.51, -29.94],
						"4.7": [-22.52, -11.57, -32.43],
						"4.7667": [-22.36, -11.69, -32.99],
						"4.8": [-22.97, -9.33, -28.93],
						"4.8667": [-23.83, -5.72, -22.15],
						"4.9": [-24.36, -1.68, -11.65],
						"4.9667": [-24.18, 3.11, 5.86],
						"5.0": [-23.66, 8.33, 27.1],
						"5.0667": [-23.47, 12.24, 43.26],
						"5.1": [-25.38, 14.44, 52.36],
						"5.1667": [-26.57, 14.68, 54.28],
						"5.2": [-27.94, 14.71, 55.66],
						"5.2667": [-29.01, 14.71, 56.61],
						"5.3": [-29.59, 14.74, 57.12],
						"5.3667": [-29.89, 14.81, 57.05],
						"5.4": [-30.69, 15.17, 56.97],
						"5.4667": [-31.32, 15.4, 56.65],
						"5.5": [-31.32, 15.22, 56.27],
						"5.5667": [-31.15, 14.88, 55.74],
						"5.6": [-30.94, 14.55, 55.29],
						"5.6667": [-30.79, 14.41, 55.15],
						"5.7": [-30.73, 14.5, 55.34],
						"5.7667": [-30.68, 14.69, 55.74],
						"5.8": [-30.64, 14.94, 56.25],
						"5.8667": [-30.62, 15.19, 56.75],
						"5.9": [-30.61, 15.39, 57.15],
						"5.9667": [-30.63, 15.49, 57.34],
						"6.0": [-30.7, 15.46, 57.26],
						"6.0667": [-30.8, 15.35, 57],
						"6.1": [-30.92, 15.19, 56.63],
						"6.1667": [-31.05, 15.01, 56.24],
						"6.2": [-31.16, 14.83, 55.89],
						"6.2667": [-31.25, 14.71, 55.68],
						"6.3": [-31.31, 14.63, 55.8],
						"6.3667": [-31.33, 14.6, 56.13],
						"6.4": [-31.42, 14.31, 55.95],
						"6.4667": [-32.27, 11.64, 51.6],
						"6.5": [-32.72, 9.6, 47.39],
						"6.5667": [-33.22, 7.15, 42.23],
						"6.6": [-33.57, 5.33, 38.62],
						"6.6667": [-33.55, 4.74, 39.6],
						"6.7": [-33.06, 2.25, 33.02],
						"6.7667": [-31.68, 1.35, 30.92],
						"6.8": [-29.66, 0.47, 28.95],
						"6.8667": [-26.67, -0.08, 27.51],
						"6.9": [-19.21, 0.12, 27.94],
						"6.9667": [-11.7, 0.59, 26.88],
						"7.0": [-8.76, 0.62, 22.16],
						"7.0667": [-6.74, 0.56, 15.58],
						"7.1": [-4.93, 0.46, 9.54],
						"7.1667": [-2.23, 0.23, 1.97],
						"7.2": [0, 0, -3],
						"7.2667": [3, -0.05, 0.4],
						"7.3": [1.5, -0.03, 1.02],
						"7.3667": [0, 0, 1.64],
						"7.4": [0, 0, 0.82],
						"7.4667": [0, 0, 0],
						"7.5": [0, 0, 0],
						"7.5667": [0, 0, 0],
						"7.6": [0, 0, 0]
					},
					"position": {
						"0.0": [0, 0, 0],
						"0.0667": [-0.08, -0.25, 0.01],
						"0.1": [-0.19, -0.56, 0.03],
						"0.1667": [-0.3, -0.65, 0],
						"0.2": [-0.41, -0.28, -0.12],
						"0.2667": [-0.52, 0.32, -0.29],
						"0.3": [-0.6, 0.8, -0.4],
						"0.3667": [-0.62, 1.09, -0.38],
						"0.4": [-0.6, 1.2, -0.3],
						"0.4667": [-0.6, 1.21, -0.29],
						"0.5": [-0.6, 1.19, -0.29],
						"0.5667": [-0.6, 1.21, -0.28],
						"0.6": [-0.6, 1.24, -0.27],
						"0.6667": [-0.6, 1.3, -0.27],
						"0.7": [-0.6, 1.38, -0.3],
						"0.7667": [-0.6, 1.49, -0.36],
						"0.8": [-0.6, 1.64, -0.43],
						"0.8667": [-0.6, 1.8, -0.52],
						"0.9": [-0.6, 1.96, -0.62],
						"0.9667": [-0.6, 2.08, -0.72],
						"1.0": [-0.6, 2.21, -0.83],
						"1.0667": [-0.6, 2.34, -0.95],
						"1.1": [-0.6, 2.45, -1.05],
						"1.1667": [-0.6, 2.53, -1.12],
						"1.2": [-0.6, 2.58, -1.17],
						"1.2667": [-0.6, 2.61, -1.2],
						"1.3": [-0.6, 2.61, -1.21],
						"1.3667": [-0.6, 2.59, -1.22],
						"1.4": [-0.6, 2.53, -1.22],
						"1.4667": [-0.61, 2.36, -1.28],
						"1.5": [-0.6, 1.8, -1.22],
						"1.5667": [-0.6, 0.78, -1.08],
						"1.6": [-0.58, -0.52, -0.85],
						"1.6667": [-0.45, -1.39, -0.43],
						"1.7": [-0.1, -1.45, 0.38],
						"1.7667": [0.36, -1.09, 1.38],
						"1.8": [0.7, -0.8, 2.1],
						"1.8667": [0.7, -0.9, 2.1],
						"1.9": [0.69, -0.81, 2.1],
						"1.9667": [0.7, -0.7, 2.1],
						"2.0": [0.85, -0.7, 2.1],
						"2.0333": [1, -0.7, 2.1],
						"2.1": [0.97, -0.91, 2.1],
						"2.1667": [0.47, -1, 2.1],
						"2.2": [-0.05, -1.1, 2.1],
						"2.2667": [-0.28, -1.4, 2.1],
						"2.3": [-0.26, -1.52, 2.1],
						"2.3667": [-0.2, -1.6, 2.1],
						"2.4": [-0.16, -1.59, 2.1],
						"2.4667": [-0.12, -1.54, 2.1],
						"2.5": [-0.12, -1.5, 2.1],
						"2.5667": [-0.15, -1.48, 2.1],
						"2.6": [-0.19, -1.47, 2.1],
						"2.6667": [-0.23, -1.45, 2.1],
						"2.7": [-0.28, -1.43, 2.1],
						"2.7667": [-0.33, -1.41, 2.1],
						"2.8": [-0.37, -1.4, 2.1],
						"2.8667": [-0.4, -1.4, 2.1],
						"2.9": [-0.41, -1.4, 2.1],
						"2.9667": [-0.41, -1.4, 2.1],
						"3.0": [-0.42, -1.41, 2.1],
						"3.0667": [-0.43, -1.41, 2.1],
						"3.1": [-0.43, -1.42, 2.1],
						"3.1667": [-0.44, -1.43, 2.1],
						"3.2": [-0.45, -1.44, 2.1],
						"3.2667": [-0.45, -1.45, 2.1],
						"3.3": [-0.46, -1.46, 2.1],
						"3.3667": [-0.46, -1.47, 2.1],
						"3.4": [-0.47, -1.48, 2.1],
						"3.4667": [-0.47, -1.48, 2.1],
						"3.5": [-0.47, -1.49, 2.1],
						"3.5667": [-0.47, -1.5, 2.1],
						"3.6": [-0.47, -1.51, 2.1],
						"3.6667": [-0.47, -1.51, 2.1],
						"3.7": [-0.46, -1.52, 2.1],
						"3.7667": [-0.46, -1.52, 2.1],
						"3.8": [-0.45, -1.52, 2.1],
						"3.8667": [-0.44, -1.52, 2.1],
						"3.9": [-0.43, -1.52, 2.1],
						"3.9667": [-0.42, -1.51, 2.1],
						"4.0": [-0.4, -1.5, 2.1],
						"4.0667": [-0.17, -1.34, 2.1],
						"4.1": [0.16, -1.11, 2.1],
						"4.1667": [0.39, -0.92, 2.1],
						"4.2": [0.45, -0.78, 2.1],
						"4.2667": [0.4, -0.7, 2.1],
						"4.3": [0.35, -0.64, 2.1],
						"4.3667": [0.3, -0.6, 2.1],
						"4.4": [0.3, -0.54, 2.1],
						"4.4667": [0.3, -0.5, 2.1],
						"4.5": [0.2, -0.5, 2.1],
						"4.5667": [0.24, -0.61, 2.1],
						"4.6": [0.3, -0.8, 2.1],
						"4.6667": [0.29, -0.93, 2.12],
						"4.7": [0.27, -1.1, 2.14],
						"4.7667": [0.3, -1.43, 2.1],
						"4.8": [0.39, -2.1, 1.95],
						"4.8667": [0.53, -2.94, 1.74],
						"4.9": [0.7, -3.56, 1.5],
						"4.9667": [0.94, -3.63, 1.21],
						"5.0": [1.18, -3.7, 0.93],
						"5.0667": [1.43, -3.76, 0.64],
						"5.1": [1.61, -3.6, 0.47],
						"5.1667": [1.76, -3.36, 0.35],
						"5.2": [1.87, -3.19, 0.31],
						"5.2667": [1.95, -3.17, 0.37],
						"5.3": [2, -3.23, 0.52],
						"5.3667": [2.03, -3.35, 0.68],
						"5.4": [2.04, -3.65, 0.98],
						"5.4667": [2.03, -3.97, 1.23],
						"5.5": [2.02, -4.16, 1.21],
						"5.5667": [2, -4.26, 1.14],
						"5.6": [1.97, -4.26, 1.15],
						"5.6667": [1.92, -4.24, 1.18],
						"5.7": [1.88, -4.21, 1.21],
						"5.7667": [1.84, -4.17, 1.24],
						"5.8": [1.81, -4.13, 1.27],
						"5.8667": [1.8, -4.1, 1.29],
						"5.9": [1.8, -4.06, 1.3],
						"5.9667": [1.8, -4.03, 1.32],
						"6.0": [1.81, -3.99, 1.34],
						"6.0667": [1.82, -3.95, 1.35],
						"6.1": [1.83, -3.92, 1.36],
						"6.1667": [1.83, -3.9, 1.36],
						"6.2": [1.83, -3.87, 1.35],
						"6.2667": [1.84, -3.84, 1.32],
						"6.3": [1.84, -3.82, 1.29],
						"6.3667": [1.84, -3.81, 1.26],
						"6.4": [1.84, -3.84, 1.24],
						"6.4667": [1.84, -4.38, 1.23],
						"6.5": [1.84, -4.14, 1.23],
						"6.5667": [1.84, -4.26, 1.24],
						"6.6": [1.84, -4.57, 1.24],
						"6.6667": [1.86, -5.83, 1.23],
						"6.7": [1.88, -5.31, 1.21],
						"6.7667": [1.86, -5.5, 0.92],
						"6.8": [1.81, -5.71, 0.44],
						"6.8667": [1.73, -5.57, -0.17],
						"6.9": [1.6, -5.25, -1.06],
						"6.9667": [1.36, -4.88, -2.62],
						"7.0": [1.08, -4.2, -4],
						"7.0667": [0.8, -2.71, -4.52],
						"7.1": [0.52, -1.23, -4.04],
						"7.1667": [0.23, -0.6, -1.48],
						"7.2": [0, -0.3, 0.95],
						"7.2667": [-0.03, -0.09, 0.7],
						"7.3": [0, 0.02, -0.14],
						"7.3667": [0, 0.07, -0.03],
						"7.4": [0, 0.12, 0.08],
						"7.4667": [0, 0.08, 0.05],
						"7.5": [0, 0.04, 0.03],
						"7.5667": [0, 0, 0]
					}
				},
				"bolt": {
					"position": {
						"5.3667": [0, 0, 0],
						"5.4": {
							"pre": [0, 0, 0.58],
							"post": [0, 0, 0.58],
							"lerp_mode": "catmullrom"
						},
						"5.5": {
							"post": [0, 0, 2],
							"lerp_mode": "catmullrom"
						},
						"5.5667": {
							"post": [0, 0, 2.23],
							"lerp_mode": "catmullrom"
						},
						"5.7": {
							"post": [0, 0, 2.25],
							"lerp_mode": "catmullrom"
						},
						"5.9": {
							"post": [0, 0, 2.17],
							"lerp_mode": "catmullrom"
						},
						"6.1": {
							"post": [0, 0, 2.21],
							"lerp_mode": "catmullrom"
						},
						"6.2667": {
							"post": [0, 0, 2.12],
							"lerp_mode": "catmullrom"
						},
						"6.4333": {
							"post": [0, 0, 2],
							"lerp_mode": "catmullrom"
						},
						"6.4667": [0, 0, 0]
					}
				},
				"left_mag": {
					"rotation": {
						"1.8333": [0, 0, 0],
						"1.9333": {
							"pre": [-14.5, -0.07, -2],
							"post": [-14.5, -0.07, -2],
							"lerp_mode": "catmullrom"
						},
						"2.0333": {
							"post": [-18, -0.19, -10.04],
							"lerp_mode": "catmullrom"
						},
						"2.0667": {
							"post": [-30.21, -4.88, -35.06],
							"lerp_mode": "catmullrom"
						},
						"2.2": {
							"post": [-15.17, 2.84, -37.16],
							"lerp_mode": "catmullrom"
						},
						"2.3667": {
							"post": [-15.1, 7.85, -31.03],
							"lerp_mode": "catmullrom"
						},
						"2.8": {
							"post": [-14.99, 6.67, -26.72],
							"lerp_mode": "catmullrom"
						},
						"2.8667": {
							"post": [-15.16, 1.05, -9.17],
							"lerp_mode": "catmullrom"
						},
						"3.0667": {
							"post": [10.39, 19.58, 66.7],
							"lerp_mode": "catmullrom"
						},
						"3.2": {
							"post": [12.39, 24.85, 73.96],
							"lerp_mode": "catmullrom"
						},
						"3.3": {
							"post": [10.62, 24.67, 69.27],
							"lerp_mode": "catmullrom"
						},
						"3.9333": {
							"post": [11.07, 24.48, 61.87],
							"lerp_mode": "catmullrom"
						},
						"4.0": {
							"post": [10.31, 16.85, 21.65],
							"lerp_mode": "catmullrom"
						},
						"4.0333": {
							"post": [11.46, 9.14, -19.76],
							"lerp_mode": "catmullrom"
						},
						"4.1333": {
							"post": [27.03, 7.27, -34.77],
							"lerp_mode": "catmullrom"
						},
						"4.2": {
							"post": [-9.91, 0, -26.18],
							"lerp_mode": "catmullrom"
						},
						"4.3": {
							"post": [-16.5, 0, -13.72],
							"lerp_mode": "catmullrom"
						},
						"4.3333": {
							"post": [-26, 0, 0],
							"lerp_mode": "catmullrom"
						},
						"4.4333": {
							"post": [-22.5, 0, 0],
							"lerp_mode": "catmullrom"
						},
						"4.5": {
							"post": [-25.25, 0, 0],
							"lerp_mode": "catmullrom"
						},
						"4.5333": [0, 0, 0]
					},
					"position": {
						"1.8333": [0, 0, 0],
						"1.9667": {
							"pre": [-0.05, -0.45, -0.35],
							"post": [-0.05, -0.45, -0.35],
							"lerp_mode": "catmullrom"
						},
						"2.0333": {
							"post": [-0.1, -0.6, -0.6],
							"lerp_mode": "catmullrom"
						},
						"2.0667": {
							"post": [1.4, -6.7, -5.4],
							"lerp_mode": "catmullrom"
						},
						"2.2": {
							"post": [2.6, -7.38, -1.51],
							"lerp_mode": "catmullrom"
						},
						"2.3667": {
							"post": [4.64, -2.81, 1.9],
							"lerp_mode": "catmullrom"
						},
						"2.5333": {
							"post": [5.11, -1.68, 1.92],
							"lerp_mode": "catmullrom"
						},
						"2.8": {
							"post": [4.95, -2.2, 1.9],
							"lerp_mode": "catmullrom"
						},
						"2.8667": {
							"post": [4.75, -2.2, 2.4],
							"lerp_mode": "catmullrom"
						},
						"3.0": {
							"post": [6.82, -3.4, 1.79],
							"lerp_mode": "catmullrom"
						},
						"3.0667": {
							"post": [8.52, -4.6, 0.64],
							"lerp_mode": "catmullrom"
						},
						"3.1333": {
							"post": [8.55, -4.9, 0.1],
							"lerp_mode": "catmullrom"
						},
						"3.2333": {
							"post": [8.5, -4.72, 0.13],
							"lerp_mode": "catmullrom"
						},
						"3.3667": {
							"post": [8.35, -4.6, 0.2],
							"lerp_mode": "catmullrom"
						},
						"3.9333": {
							"post": [7.68, -4.7, 0],
							"lerp_mode": "catmullrom"
						},
						"4.0333": {
							"post": [0.97, -6.63, 1.31],
							"lerp_mode": "catmullrom"
						},
						"4.1333": {
							"post": [1.1, -4.8, -0.1],
							"lerp_mode": "catmullrom"
						},
						"4.2": {
							"post": [1.1, -2, -0.1],
							"lerp_mode": "catmullrom"
						},
						"4.3": {
							"post": [0.125, -1, -0.4],
							"lerp_mode": "catmullrom"
						},
						"4.4": {
							"post": [0, -1, -0.7],
							"lerp_mode": "catmullrom"
						},
						"4.5": {
							"post": [0.05, -0.5, -0.25],
							"lerp_mode": "catmullrom"
						},
						"4.5333": [0, 0, 0]
					}
				},
				"left_hand": {
					"rotation": {
						"0.0": [91.18082, 28.18803, 38.64777],
						"0.2": [126.79444, -5.05106, 7.47966],
						"1.5": [126.79444, -5.05106, 7.47966],
						"1.7667": [71.60918, 2.61072, -25.1988],
						"2.8": [71.60918, 2.61072, -25.1988],
						"2.8667": [73.16265, 7.94364, -8.45494],
						"3.9333": [73.16265, 7.94364, -8.45494],
						"4.0": [71.60918, 2.61072, -25.1988],
						"4.5": [71.60918, 2.61072, -25.1988],
						"5.0667": [71.60918, 2.61072, -25.1988],
						"5.4": [72.30916, 4.27759, -45.1363],
						"5.5667": [45.12, 4.28, -45.14],
						"6.4": [45.12, 4.28, -45.14],
						"6.5667": [30.12, 4.28, -45.14],
						"6.6667": [85.12, 4.28, -45.14],
						"7.1667": [91.18082, 28.18803, 38.64777]
					},
					"position": {
						"0.0": [-4.55, -2.65, -19.45],
						"0.2": [11.92, -18.23, 0.47],
						"1.5": [11.92, -18.23, 0.47],
						"1.7667": [-4.27969, -4.85, -14.2875],
						"2.8": [-4.27969, -4.85, -14.2875],
						"2.8667": [-4.03, -4.85, -14.29],
						"3.9333": [-4.03, -4.85, -14.29],
						"4.0": [-4.27969, -4.85, -14.2875],
						"4.5": [-4.27969, -4.85, -14.2875],
						"5.0667": [-4.27969, -4.85, -14.2875],
						"5.1667": {
							"pre": [-0.63, -1.2, -15.29],
							"post": [-0.63, -1.2, -15.29],
							"lerp_mode": "catmullrom"
						},
						"5.3": {
							"post": [-3.05, 2.1, -16.2],
							"lerp_mode": "catmullrom"
						},
						"5.4333": {
							"post": [-3.05, 2.1, -16.2],
							"lerp_mode": "catmullrom"
						},
						"5.5667": {
							"post": [-3.05, 2.1, -14.2],
							"lerp_mode": "catmullrom"
						},
						"6.3333": {
							"post": [-3.05, 2.1, -14.2],
							"lerp_mode": "catmullrom"
						},
						"6.4": {
							"post": [-3.05, 2.1, -14.2],
							"lerp_mode": "catmullrom"
						},
						"6.6": {
							"post": [-3.05, 2.1, -9.2],
							"lerp_mode": "catmullrom"
						},
						"6.6667": {
							"post": [-3.05, 2.1, -15.2],
							"lerp_mode": "catmullrom"
						},
						"7.0": {
							"post": [5.69, 1.05, -11.78],
							"lerp_mode": "catmullrom"
						},
						"7.1667": [-4.55, -2.65, -19.45]
					}
				},
				"camera": {
					"rotation": {
						"0.0": {
							"post": [0, 0, 0],
							"lerp_mode": "catmullrom"
						},
						"0.3667": {
							"post": [2.18, 0.8, -1.1],
							"lerp_mode": "catmullrom"
						},
						"0.5667": {
							"post": [2.13, 0.8, -1.1],
							"lerp_mode": "catmullrom"
						},
						"0.7": {
							"post": [1.99, 1.65, -1.07],
							"lerp_mode": "catmullrom"
						},
						"0.9": {
							"post": [5.86, 4.87, -1.38],
							"lerp_mode": "catmullrom"
						},
						"1.1667": {
							"post": [9.61, 9.68, -1.55],
							"lerp_mode": "catmullrom"
						},
						"1.3": {
							"post": [10.41, 10.6, -1.55],
							"lerp_mode": "catmullrom"
						},
						"1.4667": {
							"post": [8.54, 9.26, -1.56],
							"lerp_mode": "catmullrom"
						},
						"1.8667": {
							"post": [1.9, 0.8, -1.1],
							"lerp_mode": "catmullrom"
						},
						"2.0667": {
							"post": [2, 0.5, -1.1],
							"lerp_mode": "catmullrom"
						},
						"2.1": {
							"post": [2.5, -0.3, 1.2],
							"lerp_mode": "catmullrom"
						},
						"2.1667": {
							"post": [2.12, -0.43, -0.85],
							"lerp_mode": "catmullrom"
						},
						"2.2": {
							"post": [1.7, -0.5, -2.95],
							"lerp_mode": "catmullrom"
						},
						"2.3": {
							"post": [1.9, -0.8, -1.1],
							"lerp_mode": "catmullrom"
						},
						"2.4667": {
							"post": [4.97, -1.42, -1.42],
							"lerp_mode": "catmullrom"
						},
						"2.6667": {
							"post": [7, -2, -1.55],
							"lerp_mode": "catmullrom"
						},
						"2.8667": {
							"post": [7.09, -2, -1.55],
							"lerp_mode": "catmullrom"
						},
						"3.0667": {
							"post": [6.94, -3.74, -2.04],
							"lerp_mode": "catmullrom"
						},
						"3.9333": {
							"post": [8.75, -4.81, -2.13],
							"lerp_mode": "catmullrom"
						},
						"4.3": {
							"post": [0.61, 0.59, -1.95],
							"lerp_mode": "catmullrom"
						},
						"4.5": {
							"post": [0.4, 0.8, -1.55],
							"lerp_mode": "catmullrom"
						},
						"4.5667": {
							"post": [1.5, 0.8, 0.02],
							"lerp_mode": "catmullrom"
						},
						"4.6667": {
							"post": [0.7, 0.8, -2.33],
							"lerp_mode": "catmullrom"
						},
						"4.7667": {
							"post": [1.1, 0.8, -1.2],
							"lerp_mode": "catmullrom"
						},
						"4.9": {
							"post": [1.3, 0, -1.55],
							"lerp_mode": "catmullrom"
						},
						"5.1333": {
							"post": [10.1, -3.4, -1.55],
							"lerp_mode": "catmullrom"
						},
						"5.4": {
							"post": [10.5, -6.25, -0.55],
							"lerp_mode": "catmullrom"
						},
						"5.5": {
							"post": [11.71, -6.5, -0.52],
							"lerp_mode": "catmullrom"
						},
						"5.6333": {
							"post": [10.79, -6.99, -0.47],
							"lerp_mode": "catmullrom"
						},
						"5.9": {
							"post": [11.22, -7.46, -0.35],
							"lerp_mode": "catmullrom"
						},
						"6.3333": {
							"post": [10.85, -7.9, -0.1],
							"lerp_mode": "catmullrom"
						},
						"6.4333": {
							"post": [10.27, -7.91, -0.06],
							"lerp_mode": "catmullrom"
						},
						"6.5": {
							"post": [10.73, -7.92, 0.56],
							"lerp_mode": "catmullrom"
						},
						"6.5333": {
							"post": [10.14, -7.93, 0.26],
							"lerp_mode": "catmullrom"
						},
						"6.6333": {
							"post": [9.38, -7.93, 0.01],
							"lerp_mode": "catmullrom"
						},
						"6.7": {
							"post": [10.27, -7.4, -0.02],
							"lerp_mode": "catmullrom"
						},
						"6.7333": {
							"post": [9.08, -7.42, 0.73],
							"lerp_mode": "catmullrom"
						},
						"6.8": {
							"post": [8.65, -7.2, -0.8],
							"lerp_mode": "catmullrom"
						},
						"6.9": {
							"post": [9.55, -5.4, 0.11],
							"lerp_mode": "catmullrom"
						},
						"7.0": {
							"post": [9.92, -3.26, 1.52],
							"lerp_mode": "catmullrom"
						},
						"7.1333": {
							"post": [8.97, -1.18, 0.57],
							"lerp_mode": "catmullrom"
						},
						"7.1667": {
							"post": [7.03, -0.5, 0],
							"lerp_mode": "catmullrom"
						},
						"7.2333": {
							"post": [3.85, 0, 1.6],
							"lerp_mode": "catmullrom"
						},
						"7.3": {
							"post": [2.05, 0, -1.64],
							"lerp_mode": "catmullrom"
						},
						"7.4": {
							"post": [0.02, 0, 0.8],
							"lerp_mode": "catmullrom"
						},
						"7.4667": {
							"post": [-0.5, 0, 0.09],
							"lerp_mode": "catmullrom"
						},
						"7.7": {
							"post": [0, 0, 0],
							"lerp_mode": "catmullrom"
						}
					}
				},
				"bullet_in_mag": {
					"position": {
						"5.3": {
							"pre": [0, 0, 0],
							"post": [0, 1, -1]
						}
					}
				}
			},
			"sound_effects": {
				"0.0": {
					"effect": "tacz:ak47/ak47_inspect_up"
				},
				"1.6667": {
					"effect": "tacz:ak47/ak47_inspect_raise_grab"
				},
				"1.7667": {
					"effect": "tacz:ak47/ak47_inspect_magout"
				},
				"2.6": {
					"effect": "tacz:ak47/ak47_inspect_mvt"
				},
				"4.0667": {
					"effect": "tacz:ak47/ak47_inspect_magbump"
				},
				"4.4": {
					"effect": "tacz:ak47/ak47_inspect_magin"
				},
				"4.7": {
					"effect": "tacz:ak47/ak47_inspect_turn"
				},
				"5.1667": {
					"effect": "tacz:ak47/ak47_inspect_pull"
				},
				"6.2667": {
					"effect": "tacz:ak47/ak47_inspect_magbump"
				},
				"6.3": {
					"effect": "tacz:ak47/ak47_inspect_release"
				},
				"6.6667": {
					"effect": "tacz:ak47/ak47_inspect_hit"
				},
				"6.9": {
					"effect": "tacz:ak47/ak47_inspect_over"
				}
			}
		},
		"draw": {
			"animation_length": 0.85,
			"bones": {
				"root": {
					"rotation": {
						"0.0": [22.5, -22.5, 32.5],
						"0.05": [20.06, -18.7, 31.22],
						"0.1": [16.81, -14.77, 27.74],
						"0.15": [13.95, -14.79, 18.79],
						"0.2": [10.39, -13.75, 10.06],
						"0.25": [4.22, -5.52, 8.04],
						"0.3": [-0.89, 2.46, 7.09],
						"0.35": [-1.11, 3.39, 4.02],
						"0.4": [0.15, 2.42, 0.27],
						"0.45": [1.11, 1.43, -2],
						"0.5": [0.39, 0.29, 2.28],
						"0.55": [0.04, 0.2, -1.89],
						"0.6": [0.01, 0.16, -0.83],
						"0.65": [0.03, 0.12, 0.67],
						"0.7": [0.02, 0.09, 0.71],
						"0.75": [0.01, 0.05, 0.5],
						"0.8": [0.01, 0.02, 0.2],
						"0.85": [0, 0, 0]
					},
					"position": {
						"0.0": [-5, -14, 0],
						"0.05": [-4.77, -12.25, -0.1],
						"0.1": [-4.41, -9.74, -0.25],
						"0.15": [-3.79, -7.23, -0.38],
						"0.2": [-2.68, -4.71, -0.51],
						"0.25": [-1.31, -2.18, -0.63],
						"0.3": [-0.3, -0.4, -0.6],
						"0.35": [0.01, 0.1, -0.37],
						"0.4": [0.07, 0.06, -0.01],
						"0.45": [0.03, -0.18, 0.33],
						"0.5": [0.01, -0.3, 0.5],
						"0.55": [0.02, -0.18, 0.14],
						"0.6": [-0.01, -0.07, -0.32],
						"0.65": [-0.01, -0.03, -0.29],
						"0.7": [0, -0.01, -0.13],
						"0.75": [0, 0, 0]
					}
				},
				"camera": {
					"rotation": {
						"0.0": [0, 0, 0],
						"0.05": [0.24, -0.01, 0.01],
						"0.1": [0.55, -0.05, 0.1],
						"0.15": [0.88, -0.18, 0.43],
						"0.2": [1.1, -0.3, 0.7],
						"0.25": [1.08, -0.3, 0.66],
						"0.3": [0.98, -0.28, 0.53],
						"0.35": [0.85, -0.24, 0.39],
						"0.4": [0.7, -0.2, 0.3],
						"0.45": [0.26, -0.1, 0.37],
						"0.5": [-0.1, 0, 0.4],
						"0.55": [0.2, 0.1, -0.3],
						"0.6": [0.12, 0.06, -0.14],
						"0.65": [0, 0, 0.1],
						"0.7": [-0.01, -0.01, 0.07],
						"0.75": [0, 0, 0]
					}
				}
			},
			"sound_effects": {
				"0.05": {
					"effect": "ar_akilo_drop"
				},
				"0.4": {
					"effect": "ar_akilo_raise_shoulder"
				}
			}
		},
		"put_away": {
			"loop": "hold_on_last_frame",
			"animation_length": 0.4667,
			"bones": {
				"root": {
					"rotation": {
						"0.0": [0, 0, 0],
						"0.0333": [-0.47, -1.28, -1.35],
						"0.0667": [-0.64, -3.66, -2.19],
						"0.1": [-0.13, -6.1, -1.43],
						"0.1333": [0.72, -9.1, 0.04],
						"0.1667": [1.8, -12.38, 1.96],
						"0.2": [2.75, -14.8, 3.7],
						"0.2333": [3.83, -17.28, 5.74],
						"0.2667": [5.02, -20.11, 7.96],
						"0.3": [6.24, -23.59, 10.25],
						"0.3333": [7.57, -28.02, 12.73],
						"0.3667": [9, -33.18, 15.42],
						"0.4": [10.4, -38.56, 18.03],
						"0.4333": [11.64, -43.66, 20.29],
						"0.4667": [12.74, -48.81, 22.19]
					},
					"position": {
						"0.0": [0, 0, 0],
						"0.0667": {
							"pre": [-0.45, -0.49, 0.28],
							"post": [-0.45, -0.49, 0.28],
							"lerp_mode": "catmullrom"
						},
						"0.1333": {
							"post": [-0.64, -1.11, 0.35],
							"lerp_mode": "catmullrom"
						},
						"0.2": {
							"post": [-0.67, -1.72, 0.3],
							"lerp_mode": "catmullrom"
						},
						"0.2667": {
							"post": [-0.58, -2.27, 0.275],
							"lerp_mode": "catmullrom"
						},
						"0.3333": {
							"post": [-0.22, -3.06, 0.2725],
							"lerp_mode": "catmullrom"
						},
						"0.4": {
							"post": [0.42, -4.1, 0.3025],
							"lerp_mode": "catmullrom"
						},
						"0.4667": [1.49, -5.13, 0.39]
					}
				},
				"camera": {
					"rotation": {
						"0.0": [0, 0, 0],
						"0.0333": [0.05, 0, -0.04],
						"0.0667": [0.13, 0, -0.09],
						"0.1": [0.22, 0, -0.13],
						"0.1333": [0.3, 0, -0.12],
						"0.1667": [0.43, 0, 0],
						"0.2": [0.56, 0, 0.18],
						"0.2333": [0.64, 0, 0.3],
						"0.2667": [0.65, 0, 0.3],
						"0.3": [0.62, 0, 0.26],
						"0.3333": [0.57, 0, 0.2],
						"0.4667": [0, 0, 0]
					}
				},
				"left_hand": {
					"rotation": {
						"0.0": [91.18082, 28.18803, 38.64777],
						"0.1667": [65.04503, 6.40497, -40.59144],
						"0.3667": [40.48516, -21.13429, -62.59932]
					},
					"position": {
						"0.0": [-4.55, -2.65, -19.45],
						"0.0667": [-2.42, 0.1, -19.2],
						"0.1667": [-3.8, 2.1, -18.2]
					},
					"scale": [1, 1.2, 1]
				}
			}
		},
		"run_start": {
			"loop": true,
			"animation_length": 0.3333,
			"bones": {
				"root": {
					"rotation": {
						"0.0": {
							"post": [0, 0, 0],
							"lerp_mode": "catmullrom"
						},
						"0.2083": {
							"post": [8.46, -32.28, 1.64],
							"lerp_mode": "catmullrom"
						},
						"0.3333": {
							"post": [12.9375, -38.25572, 2.5],
							"lerp_mode": "catmullrom"
						}
					},
					"position": {
						"0.0": {
							"post": [0, 0, 0],
							"lerp_mode": "catmullrom"
						},
						"0.1667": {
							"post": [0.65, -2.23, 0.88],
							"lerp_mode": "catmullrom"
						},
						"0.3333": {
							"post": [1.54073, -3.25, 1],
							"lerp_mode": "catmullrom"
						}
					}
				}
			}
		},
		"run": {
			"loop": true,
			"animation_length": 0.6667,
			"bones": {
				"root": {
					"rotation": {
						"0.0": {
							"post": [12.94, -40.87, 2.5],
							"lerp_mode": "catmullrom"
						},
						"0.125": {
							"post": [12.9375, -43.74428, 2.5],
							"lerp_mode": "catmullrom"
						},
						"0.25": {
							"post": [12.9375, -43.74428, 2.5],
							"lerp_mode": "catmullrom"
						},
						"0.4167": {
							"post": [12.9375, -38.6901, 2.5],
							"lerp_mode": "catmullrom"
						},
						"0.5417": {
							"post": [12.9375, -38.25572, 2.5],
							"lerp_mode": "catmullrom"
						},
						"0.6667": {
							"post": [12.94, -40.87, 2.5],
							"lerp_mode": "catmullrom"
						}
					},
					"position": {
						"0.0": {
							"post": [2.72615, -2.25, 1],
							"lerp_mode": "catmullrom"
						},
						"0.0833": {
							"post": [2.72615, -2.25, 1],
							"lerp_mode": "catmullrom"
						},
						"0.2083": {
							"post": [1.54073, -3.25, 1],
							"lerp_mode": "catmullrom"
						},
						"0.3333": {
							"post": [0.30024, -2.25, 1],
							"lerp_mode": "catmullrom"
						},
						"0.4167": {
							"post": [0.30024, -2.25, 1],
							"lerp_mode": "catmullrom"
						},
						"0.5417": {
							"post": [1.54073, -3.25, 1],
							"lerp_mode": "catmullrom"
						},
						"0.6667": {
							"post": [2.72615, -2.25, 1],
							"lerp_mode": "catmullrom"
						}
					}
				}
			}
		},
		"run_hold": {
			"loop": true,
			"bones": {
				"root": {
					"rotation": [12.94, -40.87, 2.5],
					"position": [2.72615, -2.25, 1]
				}
			}
		},
		"run2": {
			"loop": true,
			"animation_length": 2.6667,
			"bones": {
				"root": {
					"rotation": {
						"0.0": {
							"post": [12.94, -42.20486, 2.5],
							"lerp_mode": "catmullrom"
						},
						"0.125": {
							"post": [12.9375, -43.20281, 2.5],
							"lerp_mode": "catmullrom"
						},
						"0.25": {
							"post": [12.9375, -43.20281, 2.5],
							"lerp_mode": "catmullrom"
						},
						"0.4167": {
							"post": [12.9375, -41.448, 2.5],
							"lerp_mode": "catmullrom"
						},
						"0.5417": {
							"post": [12.9375, -41.29719, 2.5],
							"lerp_mode": "catmullrom"
						},
						"0.6667": {
							"post": [12.94, -42.20486, 2.5],
							"lerp_mode": "catmullrom"
						},
						"0.7917": {
							"post": [12.9375, -43.20281, 2.5],
							"lerp_mode": "catmullrom"
						},
						"0.9167": {
							"post": [12.9375, -43.20281, 2.5],
							"lerp_mode": "catmullrom"
						},
						"1.0833": {
							"post": [12.9375, -41.448, 2.5],
							"lerp_mode": "catmullrom"
						},
						"1.2083": {
							"post": [12.9375, -41.29719, 2.5],
							"lerp_mode": "catmullrom"
						},
						"1.3333": {
							"post": [12.94, -42.20486, 2.5],
							"lerp_mode": "catmullrom"
						},
						"1.4583": {
							"post": [12.9375, -43.20281, 2.5],
							"lerp_mode": "catmullrom"
						},
						"1.5833": {
							"post": [12.9375, -43.20281, 2.5],
							"lerp_mode": "catmullrom"
						},
						"1.75": {
							"post": [12.9375, -41.448, 2.5],
							"lerp_mode": "catmullrom"
						},
						"1.875": {
							"post": [12.9375, -41.29719, 2.5],
							"lerp_mode": "catmullrom"
						},
						"2.0": {
							"post": [12.94, -42.20486, 2.5],
							"lerp_mode": "catmullrom"
						},
						"2.125": {
							"post": [12.9375, -43.20281, 2.5],
							"lerp_mode": "catmullrom"
						},
						"2.25": {
							"post": [12.9375, -43.20281, 2.5],
							"lerp_mode": "catmullrom"
						},
						"2.4167": {
							"post": [12.9375, -41.448, 2.5],
							"lerp_mode": "catmullrom"
						},
						"2.5417": {
							"post": [12.9375, -41.29719, 2.5],
							"lerp_mode": "catmullrom"
						},
						"2.6667": {
							"post": [12.94, -42.20486, 2.5],
							"lerp_mode": "catmullrom"
						}
					},
					"position": {
						"0.0": {
							"post": [3.12643, -2.25, 0],
							"lerp_mode": "catmullrom"
						},
						"0.0833": {
							"post": [3.12643, -2.25, 0],
							"lerp_mode": "catmullrom"
						},
						"0.2083": {
							"post": [1.54982, -3.25, 0],
							"lerp_mode": "catmullrom"
						},
						"0.3333": {
							"post": [0.14996, -2.25, 0],
							"lerp_mode": "catmullrom"
						},
						"0.4167": {
							"post": [0.14996, -2.25, 0],
							"lerp_mode": "catmullrom"
						},
						"0.5417": {
							"post": [1.54982, -3.25, 0],
							"lerp_mode": "catmullrom"
						},
						"0.6667": {
							"post": [3.12643, -2.25, 0],
							"lerp_mode": "catmullrom"
						},
						"0.75": {
							"post": [3.12643, -2.25, 0],
							"lerp_mode": "catmullrom"
						},
						"0.875": {
							"post": [1.54982, -3.25, 0],
							"lerp_mode": "catmullrom"
						},
						"1.0": {
							"post": [0.14996, -2.25, 0],
							"lerp_mode": "catmullrom"
						},
						"1.0833": {
							"post": [0.14996, -2.25, 0],
							"lerp_mode": "catmullrom"
						},
						"1.2083": {
							"post": [1.54982, -3.25, 0],
							"lerp_mode": "catmullrom"
						},
						"1.3333": {
							"post": [3.12643, -2.25, 0],
							"lerp_mode": "catmullrom"
						},
						"1.4167": {
							"post": [3.12643, -2.25, 0],
							"lerp_mode": "catmullrom"
						},
						"1.5417": {
							"post": [1.54982, -3.25, 0],
							"lerp_mode": "catmullrom"
						},
						"1.6667": {
							"post": [0.14996, -2.25, 0],
							"lerp_mode": "catmullrom"
						},
						"1.75": {
							"post": [0.14996, -2.25, 0],
							"lerp_mode": "catmullrom"
						},
						"1.875": {
							"post": [1.54982, -3.25, 0],
							"lerp_mode": "catmullrom"
						},
						"2.0": {
							"post": [3.12643, -2.25, 0],
							"lerp_mode": "catmullrom"
						},
						"2.0833": {
							"post": [3.12643, -2.25, 0],
							"lerp_mode": "catmullrom"
						},
						"2.2083": {
							"post": [1.54982, -3.25, 0],
							"lerp_mode": "catmullrom"
						},
						"2.3333": {
							"post": [0.14996, -2.25, 0],
							"lerp_mode": "catmullrom"
						},
						"2.4167": {
							"post": [0.14996, -2.25, 0],
							"lerp_mode": "catmullrom"
						},
						"2.5417": {
							"post": [1.54982, -3.25, 0],
							"lerp_mode": "catmullrom"
						},
						"2.6667": {
							"post": [3.12643, -2.25, 0],
							"lerp_mode": "catmullrom"
						}
					}
				},
				"root1": {
					"position": {
						"0.0": {
							"post": [0, 0, 0],
							"lerp_mode": "catmullrom"
						},
						"0.8333": {
							"post": [1, 0.5, 0],
							"lerp_mode": "catmullrom"
						},
						"1.625": {
							"post": [4, 1.25, 0],
							"lerp_mode": "catmullrom"
						},
						"2.2083": {
							"post": [1, 0.25, 0],
							"lerp_mode": "catmullrom"
						},
						"2.6667": {
							"post": [0, 0, 0],
							"lerp_mode": "catmullrom"
						}
					}
				}
			}
		}
	}
}