{
	"format_version": "1.12.0",
	"minecraft:geometry": [
		{
			"description": {
				"identifier": "geometry.unknown",
				"texture_width": 128,
				"texture_height": 128,
				"visible_bounds_width": 6,
				"visible_bounds_height": 4,
				"visible_bounds_offset": [0, 0, 0]
			},
			"bones": [
				{
					"name": "WuQi",
					"pivot": [0, -1.75, 4.5],
					"cubes": [
						{"origin": [-0.95, -25, 3.813], "size": [1.9, 29, 1.374], "inflate": -0.5, "pivot": [0, -1.75, 4.5], "rotation": [90, 0, 0], "uv": [0, 0], "mirror": true},
						{"origin": [-0.95, -25, 3.813], "size": [1.9, 29, 1.374], "inflate": -0.5, "pivot": [0, -1.75, 4.5], "rotation": [90, 0, -45], "uv": [5, 0], "mirror": true},
						{"origin": [-0.95, -25, 3.813], "size": [1.9, 29, 1.374], "inflate": -0.5, "pivot": [0, -1.75, 4.5], "rotation": [90, 0, -135], "uv": [10, 0], "mirror": true},
						{"origin": [-0.95, -25, 3.813], "size": [1.9, 29, 1.374], "inflate": -0.5, "pivot": [0, -1.75, 4.5], "rotation": [90, 0, -90], "uv": [15, 0], "mirror": true},
						{"origin": [1.41678, 6.16897, 3.625], "size": [3, 2.6, 1.75], "inflate": -0.75, "pivot": [0, -1.75, 4.5], "rotation": [90, 30, 90], "uv": [33, 6], "mirror": true},
						{"origin": [7.14434, 3.03899, 3.625], "size": [4.75, 2.5, 1.75], "inflate": -0.75, "pivot": [0, -1.75, 4.5], "rotation": [90, 63.5, 90], "uv": [9, 31], "mirror": true},
						{"origin": [-9.89218, -5.86445, 3.875], "size": [1.5, 1.1, 1.25], "inflate": -0.25, "pivot": [0, -1.75, 4.5], "rotation": [-90, -75, -90], "uv": [0, 77], "mirror": true},
						{"origin": [-10.54912, -6.52764, 3.875], "size": [1.45, 1, 1.25], "inflate": -0.25, "pivot": [0, -1.75, 4.5], "rotation": [-90, -71, -90], "uv": [10, 77], "mirror": true},
						{"origin": [-13.09183, -7.22257, 3.625], "size": [3.5, 1.4, 1.75], "inflate": -0.5, "pivot": [0, -1.75, 4.5], "rotation": [-90, -68.5, -90], "uv": [0, 42], "mirror": true},
						{"origin": [-7.50218, 4.07552, 3.625], "size": [1.35, 2.1, 1.75], "inflate": -0.5, "pivot": [0, -1.75, 4.5], "rotation": [90, -27.75, 90], "uv": [65, 63], "mirror": true},
						{"origin": [-7.91538, 4.77838, 3.625], "size": [1.45, 2.5, 1.75], "inflate": -0.5, "pivot": [0, -1.75, 4.5], "rotation": [90, -30.25, 90], "uv": [67, 50], "mirror": true},
						{"origin": [-8.43728, 5.85561, 3.625], "size": [1.5, 2.25, 1.75], "inflate": -0.5, "pivot": [0, -1.75, 4.5], "rotation": [90, -33.5, 90], "uv": [65, 67], "mirror": true},
						{"origin": [-9.22342, 6.40002, 3.625], "size": [1.5, 2.75, 1.75], "inflate": -0.5, "pivot": [0, -1.75, 4.5], "rotation": [90, -38.5, 90], "uv": [5, 68], "mirror": true},
						{"origin": [-10.69333, 5.0461, 3.625], "size": [1.5, 2, 1.75], "inflate": -0.5, "pivot": [0, -1.75, 4.5], "rotation": [90, -48.5, 90], "uv": [68, 10], "mirror": true},
						{"origin": [-13.7711, -8.92865, 3.625], "size": [2.5, 1.25, 1.75], "inflate": -0.5, "pivot": [0, -1.75, 4.5], "rotation": [-90, -60, -90], "uv": [51, 21], "mirror": true},
						{"origin": [-13.91753, -3.71822, 3.875], "size": [1, 1.25, 1.25], "inflate": -0.25, "pivot": [0, -1.75, 4.5], "rotation": [-90, -85, -90], "uv": [20, 77], "mirror": true},
						{"origin": [-9.67364, 7.29731, 3.875], "size": [1, 1.25, 1.25], "inflate": -0.25, "pivot": [0, -1.75, 4.5], "rotation": [90, -41, 90], "uv": [25, 77], "mirror": true},
						{"origin": [-8.56058, 7.55434, 3.875], "size": [1, 1.25, 1.25], "inflate": -0.25, "pivot": [0, -1.75, 4.5], "rotation": [90, -34.5, 90], "uv": [77, 46], "mirror": true},
						{"origin": [-7.78533, 6.92692, 3.875], "size": [1, 1.75, 1.25], "inflate": -0.25, "pivot": [0, -1.75, 4.5], "rotation": [90, -30, 90], "uv": [77, 49], "mirror": true},
						{"origin": [-7.38878, 5.74711, 3.875], "size": [1, 2, 1.25], "inflate": -0.25, "pivot": [0, -1.75, 4.5], "rotation": [90, -27.5, 90], "uv": [17, 68], "mirror": true},
						{"origin": [-6.93641, 5.08982, 3.625], "size": [1.4, 2, 1.75], "inflate": -0.5, "pivot": [0, -1.75, 4.5], "rotation": [90, -22.5, 90], "uv": [68, 22], "mirror": true},
						{"origin": [-6.27221, 5.12286, 3.625], "size": [1.35, 1.5, 1.75], "inflate": -0.5, "pivot": [0, -1.75, 4.5], "rotation": [90, -17.5, 90], "uv": [77, 58], "mirror": true},
						{"origin": [-14.18721, -7.98725, 3.625], "size": [2.5, 1.25, 1.75], "inflate": -0.5, "pivot": [0, -1.75, 4.5], "rotation": [-90, -64, -90], "uv": [56, 24], "mirror": true},
						{"origin": [-13.22043, -7.32847, 3.625], "size": [2.25, 1.25, 1.75], "inflate": -0.5, "pivot": [0, -1.75, 4.5], "rotation": [-90, -67, -90], "uv": [56, 27], "mirror": true},
						{"origin": [-12.54614, -6.49853, 3.625], "size": [2.5, 1.25, 1.75], "inflate": -0.5, "pivot": [0, -1.75, 4.5], "rotation": [-90, -71, -90], "uv": [55, 56], "mirror": true},
						{"origin": [-11.68108, -5.34675, 3.625], "size": [2.75, 1.25, 1.75], "inflate": -0.5, "pivot": [0, -1.75, 4.5], "rotation": [-90, -77, -90], "uv": [57, 36], "mirror": true},
						{"origin": [-14.43721, -7.88725, 3.625], "size": [1.25, 1.15, 1.75], "inflate": -0.5, "pivot": [0, -1.75, 4.5], "rotation": [-90, -64, -90], "uv": [77, 71], "mirror": true},
						{"origin": [13.03365, 0.18267, 3.625], "size": [2.25, 1.9, 1.75], "inflate": -0.75, "pivot": [0, -1.75, 4.5], "rotation": [90, 74.5, 90], "uv": [57, 39], "mirror": true},
						{"origin": [12.49551, -0.7802, 3.875], "size": [2, 1.6, 1.25], "inflate": -0.5, "pivot": [0, -1.75, 4.5], "rotation": [90, 79.5, 90], "uv": [57, 42], "mirror": true},
						{"origin": [10.85126, -1.69151, 3.875], "size": [2.85, 2.25, 1.25], "inflate": -0.5, "pivot": [0, -1.75, 4.5], "rotation": [90, 83.5, 90], "uv": [46, 48], "mirror": true},
						{"origin": [9.10126, -1.19151, 3.875], "size": [2.75, 1.75, 1.25], "inflate": -0.5, "pivot": [0, -1.75, 4.5], "rotation": [90, 83.5, 90], "uv": [0, 58], "mirror": true},
						{"origin": [14.54105, -4.59497, 3.5], "size": [1.25, 1.25, 2], "inflate": -0.5, "pivot": [0, -1.75, 4.5], "rotation": [90, 70, 90], "uv": [49, 13], "mirror": true},
						{"origin": [2.26107, -17.47142, 3.5], "size": [1.75, 1.325, 2], "inflate": -0.5, "pivot": [0, -1.75, 4.5], "rotation": [-90, 39, -90], "uv": [49, 24], "mirror": true},
						{"origin": [5.33439, -16.40599, 3.75], "size": [1.5, 1.25, 1.5], "inflate": -0.25, "pivot": [0, -1.75, 4.5], "rotation": [-90, 49, -90], "uv": [77, 74], "mirror": true},
						{"origin": [-2.00075, -18.01814, 3.5], "size": [1.325, 1.5, 2], "inflate": -0.5, "pivot": [0, -1.75, 4.5], "rotation": [-90, 19, -90], "uv": [28, 49], "mirror": true},
						{"origin": [-10.57438, -13.97597, 3.75], "size": [3.75, 1.75, 1.5], "inflate": -0.25, "pivot": [0, -1.75, 4.5], "rotation": [-90, -17.5, -90], "uv": [42, 4], "mirror": true},
						{"origin": [-9.01684, -12.79876, 3.75], "size": [3.05, 1.75, 1.5], "inflate": -0.25, "pivot": [0, -1.75, 4.5], "rotation": [-90, -26, -90], "uv": [42, 7], "mirror": true},
						{"origin": [-11.2954, -7.76728, 3.75], "size": [3, 1.25, 1.5], "inflate": -0.25, "pivot": [0, -1.75, 4.5], "rotation": [-90, -58.5, -90], "uv": [42, 10], "mirror": true},
						{"origin": [-8.21951, -8.83334, 3.75], "size": [2.15, 1.25, 1.5], "inflate": -0.25, "pivot": [0, -1.75, 4.5], "rotation": [-90, -51, -90], "uv": [58, 0], "mirror": true},
						{"origin": [-9.54675, -1.55136, 3.75], "size": [2.25, 1.5, 1.5], "inflate": -0.25, "pivot": [0, -1.75, 4.5], "rotation": [90, -79, 90], "uv": [58, 3], "mirror": true},
						{"origin": [-7.74707, -1.02602, 3.75], "size": [2.5, 1.4, 1.5], "inflate": -0.25, "pivot": [0, -1.75, 4.5], "rotation": [90, -75, 90], "uv": [58, 6], "mirror": true},
						{"origin": [-6.06184, -2.48195, 3.75], "size": [1.7, 1, 1.5], "inflate": -0.25, "pivot": [0, -1.75, 4.5], "rotation": [0, -90, 180], "uv": [77, 77], "mirror": true},
						{"origin": [10.47589, -12.79808, 3.5], "size": [1.35, 2.25, 2], "inflate": -0.5, "pivot": [0, -1.75, 4.5], "rotation": [-90, 75, -90], "uv": [42, 13], "mirror": true},
						{"origin": [9.69248, -12.42057, 3.75], "size": [1.5, 2.25, 1.5], "inflate": -0.25, "pivot": [0, -1.75, 4.5], "rotation": [-90, 69, -90], "uv": [68, 26], "mirror": true},
						{"origin": [9.26446, -11.16159, 3.75], "size": [1.5, 2.25, 1.5], "inflate": -0.25, "pivot": [0, -1.75, 4.5], "rotation": [-90, 66.25, -90], "uv": [68, 30], "mirror": true},
						{"origin": [8.82264, -10.18095, 3.75], "size": [1.5, 2, 1.5], "inflate": -0.25, "pivot": [0, -1.75, 4.5], "rotation": [-90, 63, -90], "uv": [32, 68], "mirror": true},
						{"origin": [3.91045, 7.70569, 3.875], "size": [1.5, 1.75, 1.25], "inflate": -0.5, "pivot": [0, -1.75, 4.5], "rotation": [90, 3.5, 90], "uv": [78, 6], "mirror": true},
						{"origin": [22.47012, -5.68356, 4], "size": [1.25, 3, 1], "inflate": -0.25, "pivot": [0, -1.75, 4.5], "rotation": [90, 54.5, 90], "uv": [7, 58], "mirror": true},
						{"origin": [0.37241, -19.79304, -17.5757], "size": [1, 2.75, 1.01], "inflate": -0.25, "pivot": [0, -10.40284, -17.07266], "rotation": [90, 53, 90], "uv": [37, 68], "mirror": true},
						{"origin": [0.01026, -17.59234, -17.5757], "size": [1, 2.5, 1.01], "inflate": -0.25, "pivot": [0, -10.40284, -17.07266], "rotation": [90, 56, 90], "uv": [42, 68], "mirror": true},
						{"origin": [-0.59738, -15.64817, -17.5757], "size": [1, 3, 1.01], "inflate": -0.25, "pivot": [0, -10.40284, -17.07266], "rotation": [90, 63, 90], "uv": [58, 16], "mirror": true},
						{"origin": [-0.75, -13.15284, -17.5757], "size": [1, 3, 1.01], "inflate": -0.25, "pivot": [0, -10.40284, -17.07266], "rotation": [90, 66.5, 90], "uv": [20, 58], "mirror": true},
						{"origin": [-0.75, -10.65284, -17.5757], "size": [1, 3, 1.01], "inflate": -0.25, "pivot": [0, -10.40284, -17.07266], "rotation": [90, 71.5, 90], "uv": [35, 58], "mirror": true},
						{"origin": [22.2192, -5.85424, 4], "size": [1.25, 3.25, 1], "inflate": -0.25, "pivot": [0, -1.75, 4.5], "rotation": [90, 60.5, 90], "uv": [40, 58], "mirror": true},
						{"origin": [21.94494, -5.97563, 4], "size": [1.25, 3.25, 1], "inflate": -0.25, "pivot": [0, -1.75, 4.5], "rotation": [90, 67, 90], "uv": [45, 58], "mirror": true},
						{"origin": [21.54864, -6.69181, 4], "size": [1.4, 3.25, 1], "inflate": -0.25, "pivot": [0, -1.75, 4.5], "rotation": [90, 75, 90], "uv": [58, 45], "mirror": true},
						{"origin": [21.098, -7.18365, 4], "size": [1.75, 2.5, 1], "inflate": -0.25, "pivot": [0, -1.75, 4.5], "rotation": [90, 82.5, 90], "uv": [68, 44], "mirror": true},
						{"origin": [-11.44333, -22.35778, 4], "size": [2, 1, 1], "inflate": -0.25, "pivot": [0, -1.75, 4.5], "rotation": [-90, -40.5, -90], "uv": [58, 9], "mirror": true},
						{"origin": [19.04289, -11.8813, 4], "size": [1.25, 2.25, 1], "inflate": -0.25, "pivot": [0, -1.75, 4.5], "rotation": [-90, 80, -90], "uv": [47, 68], "mirror": true},
						{"origin": [21.65485, -4.48502, 4], "size": [1.25, 2.1, 1], "inflate": -0.25, "pivot": [0, -1.75, 4.5], "rotation": [-90, 73.5, -90], "uv": [0, 69], "mirror": true},
						{"origin": [21.76128, -2.14717, 4], "size": [2.25, 1.6, 1], "inflate": -0.25, "pivot": [0, -1.75, 4.5], "rotation": [-90, 82, -90], "uv": [58, 21], "mirror": true},
						{"origin": [21.48403, -0.82202, 4], "size": [2, 2.85, 1], "inflate": -0.25, "pivot": [0, -1.75, 4.5], "rotation": [90, 89.5, 90], "uv": [49, 28], "mirror": true},
						{"origin": [21.02021, 1.25505, 4], "size": [1.5, 2.1, 1], "inflate": -0.25, "pivot": [0, -1.75, 4.5], "rotation": [90, 81.5, 90], "uv": [22, 69], "mirror": true},
						{"origin": [20.22733, 2.61936, 4], "size": [1.5, 2.6, 1], "inflate": -0.25, "pivot": [0, -1.75, 4.5], "rotation": [90, 72.5, 90], "uv": [27, 69], "mirror": true},
						{"origin": [19.73619, 2.1797, 4], "size": [1.5, 2.85, 1], "inflate": -0.25, "pivot": [0, -1.75, 4.5], "rotation": [90, 67.5, 90], "uv": [69, 34], "mirror": true},
						{"origin": [18.6818, 3.02207, 4], "size": [1.25, 3.25, 1], "inflate": -0.25, "pivot": [0, -1.75, 4.5], "rotation": [90, 57.5, 90], "uv": [50, 58], "mirror": true},
						{"origin": [17.86004, 3.01546, 4], "size": [1, 3, 1], "inflate": -0.25, "pivot": [0, -1.75, 4.5], "rotation": [90, 50, 90], "uv": [25, 59], "mirror": true},
						{"origin": [20.45934, 7.91016, 4], "size": [1, 1, 1], "inflate": -0.25, "pivot": [0, -1.75, 4.5], "rotation": [90, 77, 90], "uv": [78, 9], "mirror": true},
						{"origin": [7.25762, 19.00481, 4], "size": [1.75, 1.5, 1], "inflate": -0.25, "pivot": [0, -1.75, 4.5], "rotation": [90, 32, 90], "uv": [78, 21], "mirror": true},
						{"origin": [22.70799, -7.67221, 4], "size": [1, 3, 1], "inflate": -0.25, "pivot": [0, -1.75, 4.5], "rotation": [-90, 68.5, -90], "uv": [30, 59], "mirror": true},
						{"origin": [22.42239, -7.68911, 4], "size": [1.75, 3, 1], "inflate": -0.25, "pivot": [0, -1.75, 4.5], "rotation": [-90, 74.5, -90], "uv": [55, 59], "mirror": true},
						{"origin": [23.53602, -8.15737, 4], "size": [1.1, 3.5, 1], "inflate": -0.25, "pivot": [0, -1.75, 4.5], "rotation": [-90, 80.5, -90], "uv": [12, 60], "mirror": true},
						{"origin": [23.57373, 2.78264, 4], "size": [1, 1.25, 1], "inflate": -0.25, "pivot": [0, -1.75, 4.5], "rotation": [90, 72, 90], "uv": [78, 24], "mirror": true},
						{"origin": [24.11165, -4.03772, 4], "size": [1, 1, 1], "inflate": -0.25, "pivot": [0, -1.75, 4.5], "rotation": [90, 89.5, 90], "uv": [78, 27], "mirror": true},
						{"origin": [22.41965, -11.14513, 4], "size": [1, 1.75, 1], "inflate": -0.25, "pivot": [0, -1.75, 4.5], "rotation": [-90, 72.5, -90], "uv": [78, 30], "mirror": true},
						{"origin": [21.19091, -12.85183, 4], "size": [1.25, 1.25, 1], "inflate": -0.25, "pivot": [0, -1.75, 4.5], "rotation": [-90, 65, -90], "uv": [78, 40], "mirror": true},
						{"origin": [18.86027, -16.20275, 4], "size": [1.25, 1.25, 1], "inflate": -0.25, "pivot": [0, -1.75, 4.5], "rotation": [-90, 54, -90], "uv": [78, 43], "mirror": true},
						{"origin": [16.2263, -18.75366, 4], "size": [1.25, 1.6, 1], "inflate": -0.25, "pivot": [0, -1.75, 4.5], "rotation": [-90, 44, -90], "uv": [60, 78], "mirror": true},
						{"origin": [3.79814, 19.56393, 3.875], "size": [3.5, 1.6, 1.25], "inflate": -0.5, "pivot": [0, -1.75, 4.5], "rotation": [90, 51, 90], "uv": [42, 18], "mirror": true},
						{"origin": [3.01156, 19.90746, 3.875], "size": [3.5, 2, 1.25], "inflate": -0.5, "pivot": [0, -1.75, 4.5], "rotation": [90, 42.75, 90], "uv": [33, 10], "mirror": true},
						{"origin": [1.78587, 19.07919, 3.875], "size": [1.75, 1.5, 1.25], "inflate": -0.5, "pivot": [0, -1.75, 4.5], "rotation": [90, 25, 90], "uv": [65, 78], "mirror": true},
						{"origin": [-0.52198, 19.26034, 3.875], "size": [2, 2.5, 1.25], "inflate": -0.5, "pivot": [0, -1.75, 4.5], "rotation": [90, 17.5, 90], "uv": [50, 38], "mirror": true},
						{"origin": [-2.27304, 19.19247, 3.875], "size": [2.5, 2.5, 1.25], "inflate": -0.5, "pivot": [0, -1.75, 4.5], "rotation": [90, 11.5, 90], "uv": [50, 42], "mirror": true},
						{"origin": [-4.943, 18.76229, 3.875], "size": [3, 2.5, 1.25], "inflate": -0.5, "pivot": [0, -1.75, 4.5], "rotation": [90, 2.5, 90], "uv": [33, 14], "mirror": true},
						{"origin": [-6.88766, 17.96783, 3.875], "size": [3.15, 2.5, 1.25], "inflate": -0.5, "pivot": [0, -1.75, 4.5], "rotation": [90, -7.5, 90], "uv": [33, 18], "mirror": true},
						{"origin": [-12.1142, 14.98353, 3.875], "size": [2.5, 2.75, 1.25], "inflate": -0.5, "pivot": [0, -1.75, 4.5], "rotation": [90, -28.5, 90], "uv": [51, 0], "mirror": true},
						{"origin": [-13.78614, 12.91439, 3.875], "size": [1.6318, 3.25, 1.25], "inflate": -0.5, "pivot": [0, -1.75, 4.5], "rotation": [90, -38.5, 90], "uv": [60, 59], "mirror": true},
						{"origin": [-14.18133, 11.99473, 3.875], "size": [3.25, 2.5, 1.25], "inflate": -0.5, "pivot": [0, -1.75, 4.5], "rotation": [90, -42.5, 90], "uv": [20, 33], "mirror": true},
						{"origin": [-14.4917, 9.7705, 3.875], "size": [3.25, 2.75, 1.25], "inflate": -0.5, "pivot": [0, -1.75, 4.5], "rotation": [90, -52.5, 90], "uv": [29, 34], "mirror": true},
						{"origin": [-14.94386, 6.90272, 3.875], "size": [3, 2.75, 1.25], "inflate": -0.5, "pivot": [0, -1.75, 4.5], "rotation": [90, -65, 90], "uv": [35, 0], "mirror": true},
						{"origin": [-14.4187, 4.94364, 3.875], "size": [3, 2.75, 1.25], "inflate": -0.5, "pivot": [0, -1.75, 4.5], "rotation": [90, -73.5, 90], "uv": [9, 35], "mirror": true},
						{"origin": [-13.84897, 2.62187, 3.875], "size": [4.1, 2.75, 1.25], "inflate": -0.5, "pivot": [0, -1.75, 4.5], "rotation": [90, -84, 90], "uv": [31, 22], "mirror": true},
						{"origin": [-3.47634, 8.57933, 3.875], "size": [2.25, 2.25, 1.25], "inflate": -0.5, "pivot": [0, -1.75, 4.5], "rotation": [90, -35, 90], "uv": [51, 4], "mirror": true},
						{"origin": [-16.18866, 8.1201, 3.875], "size": [3.25, 2.75, 1.25], "inflate": -0.5, "pivot": [0, -1.75, 4.5], "rotation": [90, -60, 90], "uv": [18, 37], "mirror": true},
						{"origin": [-6.71275, 14.87929, 3.625], "size": [3.6, 1.75, 1.75], "inflate": -0.75, "pivot": [0, -1.75, 4.5], "rotation": [90, -43, 90], "uv": [42, 21], "mirror": true},
						{"origin": [-6.71275, 15.12929, 3.625], "size": [2.6, 1.75, 1.75], "inflate": -0.75, "pivot": [0, -1.75, 4.5], "rotation": [90, -43, 90], "uv": [0, 61], "mirror": true},
						{"origin": [-6.23937, 15.7227, 3.875], "size": [3, 1.75, 1.25], "inflate": -0.5, "pivot": [0, -1.75, 4.5], "rotation": [90, -36, 90], "uv": [23, 42], "mirror": true},
						{"origin": [-4.94442, 16.43868, 3.875], "size": [3.1, 2.25, 1.25], "inflate": -0.5, "pivot": [0, -1.75, 4.5], "rotation": [90, -26, 90], "uv": [0, 38], "mirror": true},
						{"origin": [-3.18588, 16.94578, 3.875], "size": [3.6, 2.5, 1.25], "inflate": -0.5, "pivot": [0, -1.75, 4.5], "rotation": [90, -13.5, 90], "uv": [27, 38], "mirror": true},
						{"origin": [-4.72233, 17.0442, 3.875], "size": [3.5, 2.75, 1.25], "inflate": -0.5, "pivot": [0, -1.75, 4.5], "rotation": [90, -11, 90], "uv": [38, 34], "mirror": true},
						{"origin": [7.75407, 17.65803, 3.875], "size": [2.25, 1.75, 1.25], "inflate": -0.5, "pivot": [0, -1.75, 4.5], "rotation": [90, 41.25, 90], "uv": [61, 30], "mirror": true},
						{"origin": [18.5111, 8.5226, 3.875], "size": [2.5, 2, 1.25], "inflate": -0.5, "pivot": [0, -1.75, 4.5], "rotation": [90, 78.75, 90], "uv": [51, 8], "mirror": true},
						{"origin": [21.4864, 1.11465, 3.875], "size": [1.75, 2, 1.25], "inflate": -0.5, "pivot": [0, -1.75, 4.5], "rotation": [-90, 78.75, -90], "uv": [52, 69], "mirror": true},
						{"origin": [21.80299, -1.33663, 3.875], "size": [1.75, 2, 1.25], "inflate": -0.5, "pivot": [0, -1.75, 4.5], "rotation": [-90, 71.25, -90], "uv": [57, 69], "mirror": true},
						{"origin": [21.85044, -3.46282, 3.875], "size": [1.75, 2.75, 1.25], "inflate": -0.5, "pivot": [0, -1.75, 4.5], "rotation": [-90, 63.5, -90], "uv": [70, 0], "mirror": true},
						{"origin": [21.78004, -4.13042, 3.875], "size": [1.75, 3.5, 1.25], "inflate": -0.5, "pivot": [0, -1.75, 4.5], "rotation": [-90, 57.5, -90], "uv": [62, 50], "mirror": true},
						{"origin": [21.63482, -4.90553, 3.875], "size": [1.6, 3.281, 1.25], "inflate": -0.5, "pivot": [0, -1.75, 4.5], "rotation": [-90, 49.34, -90], "uv": [7, 63], "mirror": true},
						{"origin": [1.55862, 20.03603, 3.875], "size": [4.25, 3, 1.25], "inflate": -0.5, "pivot": [0, -1.75, 4.5], "rotation": [90, 26, 90], "uv": [20, 28], "mirror": true},
						{"origin": [1.9173, 20.99165, 3.875], "size": [4, 2.5, 1.25], "inflate": -0.5, "pivot": [0, -1.75, 4.5], "rotation": [90, 19.25, 90], "uv": [31, 26], "mirror": true},
						{"origin": [1.53139, 21.49618, 3.875], "size": [5, 2.5, 1.25], "inflate": -0.5, "pivot": [0, -1.75, 4.5], "rotation": [90, 11.5, 90], "uv": [20, 18], "mirror": true},
						{"origin": [1.60703, 20.08206, 3.875], "size": [4, 2.5, 1.25], "inflate": -0.5, "pivot": [0, -1.75, 4.5], "rotation": [90, 33.25, 90], "uv": [31, 30], "mirror": true},
						{"origin": [-4.57612, 23.75365, 3.75], "size": [1.5, 1.25, 1.5], "inflate": -0.5, "pivot": [0, -1.75, 4.5], "rotation": [90, 1, 90], "uv": [70, 78], "mirror": true},
						{"origin": [25.15049, 2.24191, 3.875], "size": [1.7, 3.75, 1.25], "inflate": -0.5, "pivot": [0, -1.75, 4.5], "rotation": [90, 89.75, 90], "uv": [63, 12], "mirror": true},
						{"origin": [-1, -1.3731, -22.49484], "size": [2, 4.5, 1.25], "inflate": -0.5, "pivot": [0, 2.6269, -21.86984], "rotation": [90, 89.75, 90], "uv": [36, 38], "mirror": true},
						{"origin": [-1.5, -4.37525, -22.97956], "size": [2, 4, 1.25], "inflate": -0.5, "pivot": [0, -0.87525, -22.35456], "rotation": [89.99997, 87.5, 89.99997], "uv": [36, 38], "mirror": true},
						{"origin": [-1.5, -7.3724, -22.8487], "size": [2, 4, 1.25], "inflate": -0.5, "pivot": [0, -3.8724, -22.2237], "rotation": [89.99999, 80, 89.99999], "uv": [36, 38], "mirror": true},
						{"origin": [-1.5, -10.32682, -22.32776], "size": [2, 4, 1.25], "inflate": -0.5, "pivot": [0, -6.82682, -21.70276], "rotation": [89.99999, 74, 89.99999], "uv": [36, 38], "mirror": true},
						{"origin": [-5.75, -13.21061, -21.50085], "size": [6.25, 4.25, 1.25], "inflate": -0.5, "pivot": [0, -9.71061, -20.87585], "rotation": [90, 69, 90], "uv": [20, 0], "mirror": true},
						{"origin": [-5, -16.65699, -20.18573], "size": [5.5, 4.75, 1.25], "inflate": -0.5, "pivot": [0, -12.40699, -19.56073], "rotation": [90, 56.5, 90], "uv": [20, 6], "mirror": true},
						{"origin": [-4.5, -19.78406, -18.11597], "size": [5, 4.75, 1.25], "inflate": -0.5, "pivot": [0, -15.53406, -17.49097], "rotation": [90, 44, 90], "uv": [20, 12], "mirror": true},
						{"origin": [-4, -21.63903, -15.41845], "size": [4.5, 4, 1.25], "inflate": -0.5, "pivot": [0, -18.13903, -14.79345], "rotation": [90, 37.5, 90], "uv": [20, 22], "mirror": true},
						{"origin": [-3, -24.06864, -12.734], "size": [3.5, 5, 1.25], "inflate": -0.5, "pivot": [0, -19.56864, -12.109], "rotation": [90, 35, 90], "uv": [0, 31], "mirror": true},
						{"origin": [-2, -24.95337, -9.17061], "size": [2.5, 4, 1.25], "inflate": -0.5, "pivot": [0, -21.45337, -8.54561], "rotation": [90, 27.5, 90], "uv": [9, 39], "mirror": true},
						{"origin": [-1.5, -26.11686, -6.39414], "size": [2, 4, 1.25], "inflate": -0.5, "pivot": [0, -22.61686, -5.76914], "rotation": [90, 17.5, 90], "uv": [16, 41], "mirror": true},
						{"origin": [19.60352, 9.81213, 4], "size": [2, 2, 1], "inflate": -0.25, "pivot": [0, -1.75, 4.5], "rotation": [90, 47.5, 90], "uv": [51, 17], "mirror": true},
						{"origin": [17.24315, 12.16703, 4], "size": [2, 1.75, 1], "inflate": -0.25, "pivot": [0, -1.75, 4.5], "rotation": [90, 37.5, 90], "uv": [61, 33], "mirror": true},
						{"origin": [14.4663, 14.57248, 4], "size": [1.75, 1.25, 1], "inflate": -0.25, "pivot": [0, -1.75, 4.5], "rotation": [90, 27.5, 90], "uv": [5, 79], "mirror": true},
						{"origin": [7.79502, 18.26224, 4], "size": [1.5, 1.25, 1], "inflate": -0.25, "pivot": [0, -1.75, 4.5], "rotation": [90, 7.5, 90], "uv": [15, 79], "mirror": true},
						{"origin": [-3.67186, 19.39162, 4], "size": [1.25, 1.25, 1], "inflate": -0.25, "pivot": [0, -1.75, 4.5], "rotation": [90, -22.5, 90], "uv": [30, 79], "mirror": true},
						{"origin": [-17.53558, 11.41561, 4], "size": [1.25, 1, 1], "inflate": -0.25, "pivot": [0, -1.75, 4.5], "rotation": [90, -65, 90], "uv": [79, 33], "mirror": true},
						{"origin": [-21.11169, 4.36555, 4], "size": [1, 1, 1], "inflate": -0.25, "pivot": [0, -1.75, 4.5], "rotation": [90, -85, 90], "uv": [35, 79], "mirror": true},
						{"origin": [-21.90772, -0.11693, 4], "size": [1, 1.35, 1], "inflate": -0.25, "pivot": [0, -1.75, 4.5], "rotation": [-90, -85, -90], "uv": [40, 79], "mirror": true},
						{"origin": [-21.22731, -9.14577, 4], "size": [1, 2, 1], "inflate": -0.25, "pivot": [0, -1.75, 4.5], "rotation": [-90, -64.5, -90], "uv": [70, 4], "mirror": true},
						{"origin": [-18.75159, -11.87376, 4], "size": [1, 2.5, 1], "inflate": -0.25, "pivot": [0, -1.75, 4.5], "rotation": [-90, -46.5, -90], "uv": [10, 70], "mirror": true},
						{"origin": [-17.81557, -12.47134, 3.75], "size": [1.45, 2.875, 1.5], "inflate": -0.5, "pivot": [0, -1.75, 4.5], "rotation": [-90, -39, -90], "uv": [70, 14], "mirror": true},
						{"origin": [-20.0078, -11.0306, 4], "size": [1, 2.5, 1], "inflate": -0.25, "pivot": [0, -1.75, 4.5], "rotation": [-90, -55, -90], "uv": [70, 18], "mirror": true},
						{"origin": [-21.7233, -8.97788, 4], "size": [1, 2, 1], "inflate": -0.25, "pivot": [0, -1.75, 4.5], "rotation": [-90, -69, -90], "uv": [70, 54], "mirror": true},
						{"origin": [-22.48545, -8.17147, 4], "size": [1, 2.75, 1], "inflate": -0.25, "pivot": [0, -1.75, 4.5], "rotation": [-90, -77, -90], "uv": [70, 63], "mirror": true},
						{"origin": [21.68864, 7.28009, 4], "size": [1.5, 2.1, 1], "inflate": -0.25, "pivot": [0, -1.75, 4.5], "rotation": [90, 58, 90], "uv": [70, 67], "mirror": true},
						{"origin": [22.61496, 0.59945, 4], "size": [1.5, 3.5, 1], "inflate": -0.25, "pivot": [0, -1.75, 4.5], "rotation": [90, 39, 90], "uv": [17, 63], "mirror": true},
						{"origin": [22.61947, 0.64931, 4], "size": [2, 3, 1], "inflate": -0.25, "pivot": [0, -1.75, 4.5], "rotation": [90, 46, 90], "uv": [42, 24], "mirror": true},
						{"origin": [22.72553, 1.00577, 4], "size": [2.25, 3.25, 1], "inflate": -0.25, "pivot": [0, -1.75, 4.5], "rotation": [90, 51, 90], "uv": [42, 29], "mirror": true},
						{"origin": [23.37668, -1.28925, 4], "size": [2.25, 3.25, 1], "inflate": -0.25, "pivot": [0, -1.75, 4.5], "rotation": [90, 62.5, 90], "uv": [43, 38], "mirror": true},
						{"origin": [23.61129, -1.88118, 4], "size": [2.25, 3.25, 1], "inflate": -0.25, "pivot": [0, -1.75, 4.5], "rotation": [90, 70, 90], "uv": [43, 43], "mirror": true},
						{"origin": [24.02142, -2.0489, 4], "size": [2, 3.25, 1], "inflate": -0.25, "pivot": [0, -1.75, 4.5], "rotation": [90, 76.5, 90], "uv": [32, 44], "mirror": true},
						{"origin": [24.66166, -1.78142, 4], "size": [1.5, 3.5, 1], "inflate": -0.25, "pivot": [0, -1.75, 4.5], "rotation": [90, 82, 90], "uv": [63, 24], "mirror": true},
						{"origin": [25.35615, -1.50756, 4], "size": [1, 3.5, 1], "inflate": -0.25, "pivot": [0, -1.75, 4.5], "rotation": [90, 88, 90], "uv": [35, 63], "mirror": true},
						{"origin": [25.50315, 0.12137, 4], "size": [1, 2, 1], "inflate": -0.25, "pivot": [0, -1.75, 4.5], "rotation": [-90, 89, -90], "uv": [71, 38], "mirror": true},
						{"origin": [24.60169, 1.65286, 4], "size": [1, 3.25, 1], "inflate": -0.25, "pivot": [0, -1.75, 4.5], "rotation": [90, 81, 90], "uv": [40, 63], "mirror": true},
						{"origin": [25.09867, 1.94353, 4], "size": [1, 2.6, 1], "inflate": -0.25, "pivot": [0, -1.75, 4.5], "rotation": [90, 86.5, 90], "uv": [62, 71], "mirror": true},
						{"origin": [23.4481, 3.82767, 4], "size": [1, 3, 1], "inflate": -0.25, "pivot": [0, -1.75, 4.5], "rotation": [90, 70, 90], "uv": [45, 63], "mirror": true},
						{"origin": [21.57737, -0.65408, 3.865], "size": [1.7, 3.5, 1.27], "inflate": -0.5, "pivot": [0, -1.75, 4.5], "rotation": [90, 7.5, 90], "uv": [63, 45], "mirror": true},
						{"origin": [21.34452, -5.77315, 3.87], "size": [1.7, 3.25, 1.26], "inflate": -0.5, "pivot": [0, -1.75, 4.5], "rotation": [90, 20.75, 90], "uv": [50, 63], "mirror": true},
						{"origin": [21.22512, -4.88488, 3.87], "size": [1.75, 3.25, 1.26], "inflate": -0.5, "pivot": [0, -1.75, 4.5], "rotation": [90, 24.25, 90], "uv": [0, 64], "mirror": true},
						{"origin": [21.1051, -4.61404, 3.87], "size": [1.75, 4, 1.26], "inflate": -0.5, "pivot": [0, -1.75, 4.5], "rotation": [90, 29.25, 90], "uv": [0, 52], "mirror": true},
						{"origin": [20.9508, -4.96227, 3.87], "size": [1.75, 4, 1.26], "inflate": -0.5, "pivot": [0, -1.75, 4.5], "rotation": [90, 37.75, 90], "uv": [5, 52], "mirror": true},
						{"origin": [20.80762, -4.89784, 3.87], "size": [1.75, 4.1, 1.26], "inflate": -0.5, "pivot": [0, -1.75, 4.5], "rotation": [90, 45, 90], "uv": [10, 52], "mirror": true},
						{"origin": [20.66483, -4.91017, 3.87], "size": [1.75, 5.1, 1.26], "inflate": -0.5, "pivot": [0, -1.75, 4.5], "rotation": [90, 52.75, 90], "uv": [0, 45], "mirror": true},
						{"origin": [20.6259, -4.29872, 3.87], "size": [1.75, 3.6, 1.26], "inflate": -0.5, "pivot": [0, -1.75, 4.5], "rotation": [90, 61.5, 90], "uv": [22, 64], "mirror": true},
						{"origin": [20.46435, -5.07519, 3.87], "size": [1.75, 3.6, 1.26], "inflate": -0.5, "pivot": [0, -1.75, 4.5], "rotation": [90, 70, 90], "uv": [27, 64], "mirror": true},
						{"origin": [20.1587, -5.9084, 3.87], "size": [1.75, 5, 1.26], "inflate": -0.5, "pivot": [0, -1.75, 4.5], "rotation": [90, 79, 90], "uv": [5, 45], "mirror": true},
						{"origin": [21.75761, 0.24707, 3.865], "size": [1.75, 3.5, 1.27], "inflate": -0.5, "pivot": [0, -1.75, 4.5], "rotation": [90, 11.5, 90], "uv": [64, 36], "mirror": true},
						{"origin": [22.11833, 0.62087, 3.865], "size": [1.75, 4.25, 1.27], "inflate": -0.5, "pivot": [0, -1.75, 4.5], "rotation": [90, 16.75, 90], "uv": [20, 52], "mirror": true},
						{"origin": [22.74277, 0.55906, 3.865], "size": [1.75, 4.25, 1.27], "inflate": -0.5, "pivot": [0, -1.75, 4.5], "rotation": [90, 24.75, 90], "uv": [35, 52], "mirror": true},
						{"origin": [23.34069, 0.51827, 3.865], "size": [1.75, 4.5, 1.27], "inflate": -0.5, "pivot": [0, -1.75, 4.5], "rotation": [90, 32.5, 90], "uv": [40, 52], "mirror": true},
						{"origin": [23.94848, 0.75492, 3.865], "size": [1.75, 5, 1.27], "inflate": -0.5, "pivot": [0, -1.75, 4.5], "rotation": [90, 40, 90], "uv": [10, 45], "mirror": true},
						{"origin": [24.78205, 0.27283, 3.865], "size": [1.75, 5, 1.27], "inflate": -0.5, "pivot": [0, -1.75, 4.5], "rotation": [90, 50, 90], "uv": [23, 45], "mirror": true},
						{"origin": [25.5599, -1.04808, 3.87], "size": [1.75, 5, 1.26], "inflate": -0.5, "pivot": [0, -1.75, 4.5], "rotation": [90, 61.5, 90], "uv": [15, 47], "mirror": true},
						{"origin": [26.0335, -3.45045, 3.87], "size": [1.75, 4.5, 1.26], "inflate": -0.5, "pivot": [0, -1.75, 4.5], "rotation": [90, 75, 90], "uv": [45, 52], "mirror": true},
						{"origin": [26.07371, -4.00847, 3.87], "size": [1.75, 4.5, 1.26], "inflate": -0.5, "pivot": [0, -1.75, 4.5], "rotation": [90, 83.5, 90], "uv": [50, 52], "mirror": true},
						{"origin": [26.09522, -3.6128, 3.87], "size": [1.75, 4, 1.26], "inflate": -0.5, "pivot": [0, -1.75, 4.5], "rotation": [0, 90, 0], "uv": [25, 53], "mirror": true},
						{"origin": [26.12624, -3.24126, 3.87], "size": [1.75, 3.5, 1.26], "inflate": -0.5, "pivot": [0, -1.75, 4.5], "rotation": [-90, 84.5, -90], "uv": [55, 64], "mirror": true},
						{"origin": [26.19481, -3.3721, 3.87], "size": [1.7, 2.75, 1.26], "inflate": -0.5, "pivot": [0, -1.75, 4.5], "rotation": [-90, 79, -90], "uv": [67, 71], "mirror": true},
						{"origin": [26.1684, -2.14337, 3.87], "size": [1.25, 2.25, 1.26], "inflate": -0.5, "pivot": [0, -1.75, 4.5], "rotation": [-89.99999, 81.5, -89.99999], "uv": [5, 72], "mirror": true},
						{"origin": [26.15963, -3.77341, 3.87], "size": [1.7, 2.5, 1.26], "inflate": -0.5, "pivot": [0, -1.75, 4.5], "rotation": [-90, 74.5, -90], "uv": [15, 72], "mirror": true},
						{"origin": [7.99931, -9.76223, 3.75], "size": [1.5, 1.5, 1.5], "inflate": -0.25, "pivot": [0, -1.75, 4.5], "rotation": [-90, 56.5, -90], "uv": [45, 79], "mirror": true},
						{"origin": [7.2444, -9.64235, 3.75], "size": [1, 2.5, 1.5], "inflate": -0.25, "pivot": [0, -1.75, 4.5], "rotation": [-90, 50.5, -90], "uv": [32, 72], "mirror": true},
						{"origin": [0.24677, 2.41988, 4], "size": [1, 1.775, 1], "inflate": -0.25, "pivot": [0, -1.75, 4.5], "rotation": [90, 12.5, -90], "uv": [50, 79], "mirror": true},
						{"origin": [-0.41505, 2.16988, 4.5496], "size": [1.25, 2.275, 1.43], "inflate": -0.5, "pivot": [0, -1.75, 4.5], "rotation": [100.23089, 7.22044, -34.85278], "uv": [37, 72], "mirror": true},
						{"origin": [-0.41505, 2.16988, 3.0204], "size": [1.25, 2.275, 1.43], "inflate": -0.5, "pivot": [0, -1.75, 4.5], "rotation": [79.76911, 7.22044, -145.14722], "uv": [42, 72], "mirror": true},
						{"origin": [0.59677, 2.41988, 3.75], "size": [1, 2.025, 1.5], "inflate": -0.25, "pivot": [0, -1.75, 4.5], "rotation": [90, 12.5, -90], "uv": [47, 72], "mirror": true},
						{"origin": [1.6409, 3.26391, 4], "size": [1, 1.225, 1], "inflate": -0.25, "pivot": [0, -1.75, 4.5], "rotation": [90, 27, -90], "uv": [55, 79], "mirror": true},
						{"origin": [0.39452, 3.01391, 5.68459], "size": [1.25, 1.725, 1.43], "inflate": -0.5, "pivot": [0, -1.75, 4.5], "rotation": [112.52929, 15.28578, -32.43795], "uv": [0, 80], "mirror": true},
						{"origin": [1.9909, 3.26391, 3.75], "size": [1, 1.225, 1.5], "inflate": -0.25, "pivot": [0, -1.75, 4.5], "rotation": [90, 27, -90], "uv": [80, 0], "mirror": true},
						{"origin": [-3.05005, 3.62159, 4], "size": [1, 2, 1], "inflate": -0.25, "pivot": [0, -1.75, 4.5], "rotation": [90, -17, -90], "uv": [72, 48], "mirror": true},
						{"origin": [-2.65671, 3.37159, 2.19684], "size": [1.25, 2.5, 1.352], "inflate": -0.5, "pivot": [0, -1.75, 4.5], "rotation": [77.80128, -11.93126, -43.72048], "uv": [72, 58], "mirror": true},
						{"origin": [-2.80005, 3.62159, 3.75], "size": [1, 2.1, 1.5], "inflate": -0.25, "pivot": [0, -1.75, 4.5], "rotation": [90, -17, -90], "uv": [72, 71], "mirror": true},
						{"origin": [-2.54767, 5.26469, 4], "size": [1, 1.75, 1], "inflate": -0.25, "pivot": [0, -1.75, 4.5], "rotation": [90, -13, -90], "uv": [80, 3], "mirror": true},
						{"origin": [-2.30147, 5.01469, 2.55208], "size": [1.25, 2.25, 1.352], "inflate": -0.5, "pivot": [0, -1.75, 4.5], "rotation": [80.72834, -9.1526, -44.25627], "uv": [0, 73], "mirror": true},
						{"origin": [-2.29767, 5.26469, 3.75], "size": [1, 1.75, 1.5], "inflate": -0.25, "pivot": [0, -1.75, 4.5], "rotation": [90, -13, -90], "uv": [10, 80], "mirror": true},
						{"origin": [-0.60128, 6.55021, 4], "size": [1, 1.5, 1], "inflate": -0.25, "pivot": [0, -1.75, 4.5], "rotation": [90, 0, -90], "uv": [80, 12], "mirror": true},
						{"origin": [-0.92517, 6.30021, 3.92839], "size": [1.25, 2, 1.352], "inflate": -0.5, "pivot": [0, -1.75, 4.5], "rotation": [90, 0, -45], "uv": [73, 8], "mirror": true},
						{"origin": [0.39452, 3.01391, 1.88541], "size": [1.25, 1.725, 1.43], "inflate": -0.5, "pivot": [0, -1.75, 4.5], "rotation": [67.47071, 15.28578, -147.56205], "uv": [80, 15], "mirror": true},
						{"origin": [-0.35128, 6.55021, 3.75], "size": [1, 1.6, 1.5], "inflate": -0.25, "pivot": [0, -1.75, 4.5], "rotation": [90, 0, -90], "uv": [80, 18], "mirror": true},
						{"origin": [2.34262, 7.03683, 4], "size": [1, 1.5, 1], "inflate": -0.25, "pivot": [0, -1.75, 4.5], "rotation": [90, 18, -90], "uv": [20, 80], "mirror": true},
						{"origin": [2.59262, 7.03683, 3.75], "size": [1, 1.5, 1.5], "inflate": -0.25, "pivot": [0, -1.75, 4.5], "rotation": [90, 18, -90], "uv": [25, 80], "mirror": true},
						{"origin": [1.15648, 6.78683, 6.01004], "size": [1.25, 2, 1.352], "inflate": -0.5, "pivot": [0, -1.75, 4.5], "rotation": [102.93932, 12.62142, -43.563], "uv": [20, 73], "mirror": true},
						{"origin": [-2.65671, 3.37159, 5.45116], "size": [1.25, 2.5, 1.352], "inflate": -0.5, "pivot": [0, -1.75, 4.5], "rotation": [102.19872, -11.93126, -136.27952], "uv": [73, 22], "mirror": true},
						{"origin": [-2.30147, 5.01469, 5.09592], "size": [1.25, 2.25, 1.352], "inflate": -0.5, "pivot": [0, -1.75, 4.5], "rotation": [99.27166, -9.1526, -135.74373], "uv": [25, 73], "mirror": true},
						{"origin": [-0.92517, 6.30021, 3.71961], "size": [1.25, 2, 1.352], "inflate": -0.5, "pivot": [0, -1.75, 4.5], "rotation": [90, 0, -135], "uv": [73, 26], "mirror": true},
						{"origin": [1.15648, 6.78683, 1.63796], "size": [1.25, 2, 1.352], "inflate": -0.5, "pivot": [0, -1.75, 4.5], "rotation": [77.06068, 12.62142, -136.437], "uv": [73, 30], "mirror": true},
						{"origin": [5.14523, -24.37395, 3.75], "size": [1.31, 1, 1.5], "inflate": -0.25, "pivot": [0, -1.75, 4.5], "rotation": [90, -15, 90], "uv": [80, 52], "mirror": true},
						{"origin": [5.39523, -24.37395, 4], "size": [1.3, 1, 1], "inflate": -0.25, "pivot": [0, -1.75, 4.5], "rotation": [90, -15, 90], "uv": [80, 55], "mirror": true},
						{"origin": [4.07121, -24.62395, -0.28479], "size": [1.25, 1.5, 1.346], "inflate": -0.5, "pivot": [0, -1.75, 4.5], "rotation": [100.516, -10.75728, 45.15714], "uv": [80, 61], "mirror": true},
						{"origin": [4.07121, -24.62395, 7.93879], "size": [1.25, 1.5, 1.346], "inflate": -0.5, "pivot": [0, -1.75, 4.5], "rotation": [79.484, -10.75728, 134.84286], "uv": [80, 64], "mirror": true},
						{"origin": [-0.18578, -27.29676, 4], "size": [1, 3, 1], "inflate": -0.25, "pivot": [0, -1.75, 4.5], "rotation": [90, 0, 90], "uv": [60, 64], "mirror": true},
						{"origin": [-0.43578, -27.29676, 3.75], "size": [1, 3, 1.5], "inflate": -0.25, "pivot": [0, -1.75, 4.5], "rotation": [90, 0, 90], "uv": [65, 0], "mirror": true},
						{"origin": [-0.42426, -27.54676, 3.77781], "size": [1.5, 3.5, 1.353], "inflate": -0.5, "pivot": [0, -1.75, 4.5], "rotation": [90, 0, 45], "uv": [65, 5], "mirror": true},
						{"origin": [-0.42426, -27.54676, 3.86919], "size": [1.5, 3.5, 1.353], "inflate": -0.5, "pivot": [0, -1.75, 4.5], "rotation": [90, 0, 135], "uv": [12, 65], "mirror": true},
						{"origin": [-3.70703, -30.15951, 4], "size": [1, 3.6, 1], "inflate": -0.25, "pivot": [0, -1.75, 4.5], "rotation": [90, 8, 90], "uv": [65, 17], "mirror": true},
						{"origin": [-2.66416, -30.40951, 1.37929], "size": [1.25, 4.1, 1.353], "inflate": -0.5, "pivot": [0, -1.75, 4.5], "rotation": [95.67527, 5.64763, 135.28016], "uv": [30, 53], "mirror": true},
						{"origin": [-2.66416, -30.40951, 6.26771], "size": [1.25, 4.1, 1.353], "inflate": -0.5, "pivot": [0, -1.75, 4.5], "rotation": [84.32473, 5.64763, 44.71984], "uv": [53, 46], "mirror": true},
						{"origin": [-3.95703, -30.15951, 3.75], "size": [1, 3.7, 1.5], "inflate": -0.25, "pivot": [0, -1.75, 4.5], "rotation": [90, 8, 90], "uv": [65, 55], "mirror": true},
						{"origin": [-17.39062, -24.90834, 4], "size": [1, 1, 1], "inflate": -0.25, "pivot": [0, -1.75, 4.5], "rotation": [90, 38, 90], "uv": [80, 67], "mirror": true},
						{"origin": [-10.89449, -28.68466, 4], "size": [1, 1, 1], "inflate": -0.25, "pivot": [0, -1.75, 4.5], "rotation": [90, 23, 90], "uv": [75, 80], "mirror": true},
						{"origin": [-3.75703, -30.42751, 3.95], "size": [1, 1, 1.1], "inflate": -0.25, "pivot": [0, -1.75, 4.5], "rotation": [90, 8, 90], "uv": [80, 80], "mirror": true},
						{"origin": [-21.22146, -21.89727, 4], "size": [1, 1, 1], "inflate": -0.25, "pivot": [0, -1.75, 4.5], "rotation": [90, 48, 90], "uv": [81, 36], "mirror": true},
						{"origin": [-21.42146, -21.92227, 3.525], "size": [1.35, 1.5, 1.95], "inflate": -0.5, "pivot": [0, -1.75, 4.5], "rotation": [90, 48, 90], "uv": [60, 81], "mirror": true},
						{"origin": [-21.47146, -16.49627, 17.57472], "size": [1.4, 1.5, 1.318], "inflate": -0.5, "pivot": [0, -1.75, 4.5], "rotation": [45, 48, 90], "uv": [65, 81], "mirror": true},
						{"origin": [-21.47146, -16.49627, -9.89272], "size": [1.4, 1.5, 1.318], "inflate": -0.5, "pivot": [0, -1.75, 4.5], "rotation": [135, 48, 90], "uv": [70, 81], "mirror": true},
						{"origin": [-17.73, -26.00693, 4], "size": [1.875, 1, 1], "inflate": -0.25, "pivot": [0, -1.75, 4.5], "rotation": [90, 35.35, 90], "uv": [5, 82], "mirror": true},
						{"origin": [-17.73, -25.78193, 3.775], "size": [1.875, 1, 1.45], "inflate": -0.25, "pivot": [0, -1.75, 4.5], "rotation": [90, 35.35, 90], "uv": [15, 82], "mirror": true},
						{"origin": [-17.98, -19.40224, -12.79868], "size": [2.375, 1.5, 1.318], "inflate": -0.5, "pivot": [0, -1.75, 4.5], "rotation": [135, 35.35, 90], "uv": [64, 41], "mirror": true},
						{"origin": [-17.98, -19.40224, 20.48068], "size": [2.375, 1.5, 1.318], "inflate": -0.5, "pivot": [0, -1.75, 4.5], "rotation": [45, 35.35, 90], "uv": [65, 60], "mirror": true},
						{"origin": [-13.17385, -25.15834, 15.07342], "size": [1.25, 1.5, 1.33], "inflate": -0.5, "pivot": [0, -1.75, 4.5], "rotation": [62.93187, 27.75563, 42.34323], "uv": [30, 82], "mirror": true},
						{"origin": [-13.17385, -25.15834, -7.40342], "size": [1.25, 1.5, 1.33], "inflate": -0.5, "pivot": [0, -1.75, 4.5], "rotation": [117.06813, 27.75563, 137.65677], "uv": [35, 82], "mirror": true},
						{"origin": [-17.64062, -25.15834, 3.5], "size": [1.284, 1.5, 2], "inflate": -0.5, "pivot": [0, -1.75, 4.5], "rotation": [90, 38, 90], "uv": [54, 32], "mirror": true},
						{"origin": [-16.1788, -26.31507, 3.75], "size": [1.35, 1, 1.5], "inflate": -0.25, "pivot": [0, -1.75, 4.5], "rotation": [90, 33, 90], "uv": [40, 82], "mirror": true},
						{"origin": [-14.80951, -27.90866, 3.5], "size": [1.65, 1.4, 2], "inflate": -0.5, "pivot": [0, -1.75, 4.5], "rotation": [90, 27.8, 90], "uv": [55, 52], "mirror": true},
						{"origin": [-1.63202, -28.47373, 3.75], "size": [1, 4, 1.5], "inflate": -0.25, "pivot": [0, -1.75, 4.5], "rotation": [90, 2, 90], "uv": [15, 54], "mirror": true},
						{"origin": [2.7495, -30.60623, 3.75], "size": [1.425, 2.85, 1.5], "inflate": -0.25, "pivot": [0, -1.75, 4.5], "rotation": [90, -7.5, 90], "uv": [73, 42], "mirror": true},
						{"origin": [10.93959, -29.12993, 3.5], "size": [1.35, 1.65, 2], "inflate": -0.5, "pivot": [0, -1.75, 4.5], "rotation": [90, -25, 90], "uv": [56, 12], "mirror": true}
					]
				},
				{
					"name": "WuQiparts_1",
					"parent": "WuQi",
					"pivot": [0, -0.75784, 33.69607],
					"rotation": [27.5, 0, 0],
					"cubes": [
						{"origin": [-0.5, -1.4053, 32.83119], "size": [1.25, 1.25, 2], "inflate": -0.5, "pivot": [0, -0.9053, 33.83119], "rotation": [90, 32.5, 90], "uv": [44, 0], "mirror": true},
						{"origin": [-0.5, -1.45784, 32.69607], "size": [1.25, 1.2, 2], "inflate": -0.5, "pivot": [0, -0.75784, 33.69607], "rotation": [90, 47.25, 90], "uv": [47, 34], "mirror": true},
						{"origin": [-0.5, -1.7053, 33.08119], "size": [1.5, 1.3, 1.5], "inflate": -0.5, "pivot": [0, -0.9053, 33.83119], "rotation": [90, 47.5, 90], "uv": [52, 73], "mirror": true},
						{"origin": [-0.875, -1.71093, 33.1917], "size": [1.25, 1.25, 1.25], "inflate": -0.5, "pivot": [-0.25, -1.21093, 33.9417], "rotation": [50, 47.5, 90], "uv": [57, 73], "mirror": true},
						{"origin": [-1.06651, -1.59245, 33.08314], "size": [1.25, 1.25, 1.25], "inflate": -0.5, "pivot": [-0.44151, -1.09245, 33.83314], "rotation": [13.25, 47.5, 90], "uv": [10, 74], "mirror": true},
						{"origin": [-0.5, -1.62648, 33.28386], "size": [1.5, 1.25, 1.5], "inflate": -0.5, "pivot": [0, -1.12648, 34.03386], "rotation": [90, 32.5, 90], "uv": [74, 34], "mirror": true},
						{"origin": [-1, -1.83733, 33.14954], "size": [1.5, 1.25, 1.25], "inflate": -0.5, "pivot": [-0.25, -1.33733, 33.89954], "rotation": [50, 32.5, 90], "uv": [75, 0], "mirror": true},
						{"origin": [-1.19151, -1.75099, 33.01401], "size": [1.5, 1.25, 1.25], "inflate": -0.5, "pivot": [-0.44151, -1.25099, 33.76401], "rotation": [12, 32.5, 90], "uv": [75, 3], "mirror": true},
						{"origin": [-0.18349, -1.59245, 33.08314], "size": [1.25, 1.25, 1.25], "inflate": -0.5, "pivot": [0.44151, -1.09245, 33.83314], "rotation": [13.25, -47.5, -90], "uv": [75, 12], "mirror": true},
						{"origin": [-0.375, -1.71093, 33.1917], "size": [1.25, 1.25, 1.25], "inflate": -0.5, "pivot": [0.25, -1.21093, 33.9417], "rotation": [50, -47.5, -90], "uv": [75, 15], "mirror": true},
						{"origin": [-0.5, -1.83733, 33.14954], "size": [1.5, 1.25, 1.25], "inflate": -0.5, "pivot": [0.25, -1.33733, 33.89954], "rotation": [50, -32.5, -90], "uv": [75, 18], "mirror": true},
						{"origin": [-0.30849, -1.75099, 33.01401], "size": [1.5, 1.25, 1.25], "inflate": -0.5, "pivot": [0.44151, -1.25099, 33.76401], "rotation": [12, -32.5, -90], "uv": [75, 52], "mirror": true}
					]
				},
				{
					"name": "WuQiparts_2",
					"parent": "WuQi",
					"pivot": [0, -23.775, 0],
					"rotation": [-9, 0, 0],
					"cubes": [
						{"origin": [-0.75, -24.525, -0.635], "size": [1.5, 1.5, 1.27], "inflate": -0.5, "pivot": [0, -23.775, 0], "rotation": [90, 45, 90], "uv": [75, 55], "mirror": true}
					]
				},
				{
					"name": "WuQiparts_3",
					"parent": "WuQi",
					"pivot": [0, -18.4, -12.3],
					"rotation": [-42.5, 0, 0],
					"cubes": [
						{"origin": [-0.5, -18.9, -12.8], "size": [1, 1, 1], "inflate": -0.25, "pivot": [0, -18.4, -12.3], "rotation": [90, 45, 90], "uv": [62, 75], "mirror": true}
					]
				},
				{
					"name": "WuQiparts_4",
					"parent": "WuQi",
					"pivot": [0, -18.2, -12.1],
					"rotation": [-43.25, 0, 0],
					"cubes": [
						{"origin": [-0.5, -18.7, -12.6], "size": [1, 1, 1], "inflate": -0.25, "pivot": [0, -18.2, -12.1], "rotation": [90, 45, 90], "uv": [75, 62], "mirror": true}
					]
				},
				{
					"name": "WuQiparts_5",
					"parent": "WuQi",
					"pivot": [0, 5.53899, -21.87083],
					"rotation": [-103, 0, 0],
					"cubes": [
						{"origin": [-1, 5.03899, -22.5008], "size": [1.5, 1.5, 1.26], "inflate": -0.5, "pivot": [0, 5.53899, -21.87083], "rotation": [90, 45, 90], "uv": [75, 65], "mirror": true}
					]
				},
				{
					"name": "WuQiparts_6",
					"parent": "WuQi",
					"pivot": [0, 2.73476, -21.17034],
					"rotation": [-95.5, 0, 0],
					"cubes": [
						{"origin": [-0.5, 2.23476, -21.92034], "size": [1.361, 1.361, 1.5], "inflate": -0.5, "pivot": [0, 2.73476, -21.17034], "rotation": [90, -45, 90], "uv": [67, 75], "mirror": true}
					]
				},
				{
					"name": "WuQiparts_7",
					"parent": "WuQi",
					"pivot": [0, 12.96399, -12.94583],
					"rotation": [-144.5, 0, 0],
					"cubes": [
						{"origin": [-1, 12.46399, -13.57083], "size": [1.5, 1.5, 1.25], "inflate": -0.5, "pivot": [0, 12.96399, -12.94583], "rotation": [90, 45, 90], "uv": [75, 68], "mirror": true}
					]
				},
				{
					"name": "WuQiparts_8",
					"parent": "WuQi",
					"pivot": [0, 3.89591, -18.48834],
					"rotation": [-110, 0, 0],
					"cubes": [
						{"origin": [-0.5, 3.39591, -19.23834], "size": [1.35, 1.35, 1.5], "inflate": -0.5, "pivot": [0, 3.89591, -18.48834], "rotation": [-90, 45, -90], "uv": [72, 75], "mirror": true}
					]
				},
				{
					"name": "WuQiparts_9",
					"parent": "WuQi",
					"pivot": [0, 3.62274, -16.75416],
					"rotation": [-132.5, 0, 0],
					"cubes": [
						{"origin": [-0.25, 2.87274, -17.25416], "size": [1, 1, 1], "inflate": -0.25, "pivot": [0, 3.62274, -16.75416], "rotation": [90, 45, 90], "uv": [5, 76], "mirror": true}
					]
				},
				{
					"name": "WuQiparts_10",
					"parent": "WuQi",
					"pivot": [0, -9.54885, -12.59698],
					"rotation": [-35, 0, 0],
					"cubes": [
						{"origin": [-0.5, -10.39885, -13.34698], "size": [1.35, 1.35, 1.5], "inflate": -0.5, "pivot": [0, -9.54885, -12.59698], "rotation": [90, 45, 90], "uv": [15, 76], "mirror": true}
					]
				},
				{
					"name": "WuQiparts_11",
					"parent": "WuQi",
					"pivot": [0, -3.04885, -10.22198],
					"rotation": [13.75, 0, 0],
					"cubes": [
						{"origin": [-0.75, -4.12385, -11.09698], "size": [1.825, 1.825, 1.75], "inflate": -0.75, "pivot": [0, -3.04885, -10.22198], "rotation": [-90, -45, -90], "uv": [30, 76], "mirror": true},
						{"origin": [-0.5, -3.87385, -11.09698], "size": [1.325, 1.175, 1.75], "inflate": -0.5, "pivot": [0, -3.04885, -10.22198], "rotation": [-90, -45, -90], "uv": [35, 76], "mirror": true}
					]
				},
				{
					"name": "WuQiparts_12",
					"parent": "WuQi",
					"pivot": [0, -9.37508, -12.4753],
					"rotation": [-35, 0, 0],
					"cubes": [
						{"origin": [-0.75, -10.62508, -13.3503], "size": [1.75, 1.75, 1.75], "inflate": -0.75, "pivot": [0, -9.37508, -12.4753], "rotation": [90, 45, 90], "uv": [76, 37], "mirror": true}
					]
				},
				{
					"name": "WuQiparts_13",
					"parent": "WuQi",
					"pivot": [0, -6.54731, -5.36106],
					"rotation": [19, 0, 0],
					"cubes": [
						{"origin": [-1.25, -7.79731, -5.98606], "size": [1.75, 1.75, 1.25], "inflate": -0.5, "pivot": [0, -6.54731, -5.36106], "rotation": [90, -45, 90], "uv": [40, 76], "mirror": true}
					]
				},
				{
					"name": "WuQiparts_14",
					"parent": "WuQi",
					"pivot": [0, 1.53799, -4.26736],
					"rotation": [12, 0, 0],
					"cubes": [
						{"origin": [-0.75, 0.18799, -5.14236], "size": [2.1, 2.1, 1.75], "inflate": -0.75, "pivot": [0, 1.53799, -4.26736], "rotation": [90, 45, 90], "uv": [39, 48], "mirror": true},
						{"origin": [-0.5, 0.78799, -5.14236], "size": [1.25, 1.25, 1.75], "inflate": -0.5, "pivot": [0, 1.53799, -4.26736], "rotation": [90, 44.75, 90], "uv": [45, 76], "mirror": true}
					]
				},
				{
					"name": "WuQiparts_15",
					"parent": "WuQi",
					"pivot": [0, -0.4165, -4.71154],
					"rotation": [40, 0, 0],
					"cubes": [
						{"origin": [-0.6, -1.0665, -5.58654], "size": [1.25, 1.15, 1.75], "inflate": -0.5, "pivot": [0, -0.4165, -4.71154], "rotation": [-90, -45, -90], "uv": [50, 76], "mirror": true}
					]
				},
				{
					"name": "WuQiparts_16",
					"parent": "WuQi",
					"pivot": [0, -13.48631, -19.6345],
					"rotation": [-52.15, 0, 0],
					"cubes": [
						{"origin": [-1.025, -13.98631, -20.27], "size": [1.525, 1.525, 1.27], "inflate": -0.5, "pivot": [0, -13.48631, -19.6345], "rotation": [90, 45, 90], "uv": [55, 76], "mirror": true}
					]
				}
			]
		}
	]
}