{
	"format_version": "1.21.0",
	"minecraft:geometry": [
		{
			"description": {
				"identifier": "geometry.unknown",
				"texture_width": 64,
				"texture_height": 64,
				"visible_bounds_width": 5,
				"visible_bounds_height": 2,
				"visible_bounds_offset": [0, 0, 0]
			},
			"bones": [
				{
					"name": "sword4",
					"pivot": [0, -1.5, 4.5],
					"rotation": [0, 0, -180],
					"cubes": [
						{"origin": [-9.87211, -1.65576, 6.25], "size": [1.5, 2.25, 1], "inflate": -0.25, "pivot": [0, -1.5, 7.5], "rotation": [90, -65, 90], "uv": [19, 41]},
						{"origin": [-7.26694, 1.43286, 4.3262], "size": [1, 2.25, 1.25], "inflate": -0.25, "pivot": [0, -1.5, 7.5], "rotation": [-25, -85, 0], "uv": [19, 41]},
						{"origin": [-7.06596, -1.00513, 6.25], "size": [1.5, 2.25, 1], "inflate": -0.25, "pivot": [0, -1.5, 7.5], "rotation": [90, -50, 90], "uv": [19, 41]},
						{"origin": [-7.47943, -1.10424, 6.5], "size": [1.5, 2, 1], "inflate": -0.25, "pivot": [0, -1.5, 7.5], "rotation": [90, -65, 90], "uv": [19, 41]},
						{"origin": [-6.64092, -0.26641, 6.5], "size": [1.5, 1.5, 1], "inflate": -0.25, "pivot": [0, -1.5, 7.5], "rotation": [90, -35, 90], "uv": [45, 0]},
						{"origin": [-4.63418, 2.13097, 7], "size": [1.5, 1.5, 1], "inflate": -0.25, "pivot": [0, -1.5, 7.5], "rotation": [90, 0, 90], "uv": [45, 0]},
						{"origin": [-0.60583, 2.34435, 7.5], "size": [1.4, 2.25, 1], "inflate": -0.25, "pivot": [0, -1.5, 7.5], "rotation": [90, 45, 90], "uv": [19, 41]},
						{"origin": [-3.42162, 1.56619, 7.75], "size": [1, 1.5, 1], "inflate": -0.25, "pivot": [0, -1.5, 7.5], "rotation": [90, 12.5, 90], "uv": [45, 0]},
						{"origin": [-4.18888, -0.23827, 7.75], "size": [1, 1.5, 1], "inflate": -0.25, "pivot": [0, -1.5, 7.5], "rotation": [90, -2.5, 90], "uv": [45, 3]},
						{"origin": [0.64184, 0.01185, 8], "size": [1.25, 2.75, 1], "inflate": -0.25, "pivot": [0, -1.5, 7.5], "rotation": [90, 62.5, 90], "uv": [19, 41]},
						{"origin": [-2.74999, 1.51195, 8], "size": [1.25, 2.25, 1], "inflate": -0.25, "pivot": [0, -1.5, 7.5], "rotation": [90, 12.5, 90], "uv": [19, 41]},
						{"origin": [-2.97416, 1.01618, 8.25], "size": [1.25, 1.75, 1], "inflate": -0.25, "pivot": [0, -1.5, 7.5], "rotation": [90, 2.5, 90], "uv": [45, 0]},
						{"origin": [-3.96199, 2.44413, 8], "size": [1.25, 1.5, 1], "inflate": -0.25, "pivot": [0, -1.5, 7.5], "rotation": [90, -2.5, 90], "uv": [45, 0]},
						{"origin": [-5.66714, 1.62823, 7.75], "size": [1.25, 1.25, 1], "inflate": -0.25, "pivot": [0, -1.5, 7.5], "rotation": [90, -25, 90], "uv": [45, 0]},
						{"origin": [-6.96127, -0.58957, 7.5], "size": [1.25, 2.5, 1], "inflate": -0.25, "pivot": [0, -1.5, 7.5], "rotation": [90, -52.5, 90], "uv": [19, 41]},
						{"origin": [-1.1161, 0.26935, 8.25], "size": [1, 1.5, 1], "inflate": -0.25, "pivot": [0, -1.5, 7.5], "rotation": [90, 30, 90], "uv": [45, 3]},
						{"origin": [-2.52148, 0.34287, 8.25], "size": [1, 2, 1], "inflate": -0.25, "pivot": [0, -1.5, 7.5], "rotation": [90, 17.5, 90], "uv": [24, 42]},
						{"origin": [0.86417, -3.36963, 8.25], "size": [1.25, 3.75, 1], "inflate": -0.25, "pivot": [0, -1.5, 7.5], "rotation": [90, 70, 90], "uv": [40, 4]},
						{"origin": [1.48615, -3.67217, 8.5], "size": [1, 1.75, 1], "inflate": -0.25, "pivot": [0, -1.5, 7.5], "rotation": [90, 42.5, 90], "uv": [45, 3]},
						{"origin": [1.70353, -3.59515, 8.5], "size": [1, 2.75, 1], "inflate": -0.25, "pivot": [0, -1.5, 7.5], "rotation": [90, 40, 90], "uv": [24, 42]},
						{"origin": [1.98666, -5.14106, 8.5], "size": [1, 2.5, 1], "inflate": -0.25, "pivot": [0, -1.5, 7.5], "rotation": [90, 30, 90], "uv": [24, 42]},
						{"origin": [1.6826, -5.3231, 8.5], "size": [1, 2.75, 1], "inflate": -0.25, "pivot": [0, -1.5, 7.5], "rotation": [90, 35, 90], "uv": [24, 42]},
						{"origin": [2.77108, -6.31722, 8.25], "size": [1, 2.5, 1], "inflate": -0.25, "pivot": [0, -1.5, 7.5], "rotation": [90, 15, 90], "uv": [24, 42]},
						{"origin": [0.73203, 0.14824, 8], "size": [1, 2.75, 1], "inflate": -0.25, "pivot": [0, -1.5, 7.5], "rotation": [90, 57.5, 90], "uv": [19, 41]},
						{"origin": [-3.38118, -11.6682, 6.5], "size": [1, 2.25, 1], "inflate": -0.25, "pivot": [0, -1.5, 7.5], "rotation": [-90, -55, -90], "uv": [19, 41]},
						{"origin": [-1.61893, -11.97442, 6.5], "size": [1, 2.25, 1], "inflate": -0.25, "pivot": [0, -1.5, 7.5], "rotation": [-90, -45, -90], "uv": [19, 41]},
						{"origin": [-2.06408, -12.67679, 6.5], "size": [1, 1.25, 1], "inflate": -0.25, "pivot": [0, -1.5, 7.5], "rotation": [-90, -47.5, -90], "uv": [45, 3]},
						{"origin": [-7.65094, -10.99085, 6.5], "size": [1, 1.5, 1], "inflate": -0.25, "pivot": [0, -1.5, 7.5], "rotation": [-90, -80, -90], "uv": [45, 3]},
						{"origin": [-8.53587, 1.64267, 6.25], "size": [1.5, 2, 1], "inflate": -0.25, "pivot": [0, -1.5, 7.5], "rotation": [90, -35, 90], "uv": [19, 41]},
						{"origin": [-8.89204, -0.54268, 7.5], "size": [1.5, 2, 1], "inflate": -0.25, "pivot": [0, -1.5, 7.5], "rotation": [90, -50, 90], "uv": [19, 41]},
						{"origin": [-5.72944, 3.83107, 6], "size": [1.25, 2, 1], "inflate": -0.25, "pivot": [0, -1.5, 7.5], "rotation": [90, -5, 90], "uv": [19, 41]},
						{"origin": [-6.98722, 0.97272, 5.75], "size": [1, 2, 1], "inflate": -0.25, "pivot": [0, -1.5, 7.5], "rotation": [90, -20, 90], "uv": [19, 41]},
						{"origin": [-6.16746, 3.16601, 6], "size": [1, 2, 1], "inflate": -0.25, "pivot": [0, -1.5, 7.5], "rotation": [90, -12.5, 90], "uv": [19, 41]},
						{"origin": [-7.10306, 0.37693, 6], "size": [1, 2, 1], "inflate": -0.25, "pivot": [0, -1.5, 7.5], "rotation": [90, -25, 90], "uv": [19, 41]},
						{"origin": [-6.98389, -5.70435, 5.5], "size": [1, 2, 1], "inflate": -0.25, "pivot": [0, -1.5, 7.5], "rotation": [90, -65, 90], "uv": [24, 42]},
						{"origin": [8.73134, -4.38454, 6.25], "size": [1.25, 2, 1], "inflate": -0.25, "pivot": [0, -1.5, 7.5], "rotation": [90, 82.5, 90], "uv": [19, 41], "mirror": true},
						{"origin": [9.07089, -2.96584, 6.25], "size": [1.25, 1.25, 1], "inflate": -0.25, "pivot": [0, -1.5, 7.5], "rotation": [90, 70, 90], "uv": [45, 6], "mirror": true},
						{"origin": [8.04697, 2.03046, 6], "size": [1.15, 1.5, 1], "inflate": -0.25, "pivot": [0, -1.5, 7.5], "rotation": [90, 35, 90], "uv": [45, 6], "mirror": true},
						{"origin": [8.85512, -3.2278, 5.75], "size": [1, 1.5, 1], "inflate": -0.25, "pivot": [0, -1.5, 7.5], "rotation": [90, 62.5, 90], "uv": [45, 3], "mirror": true},
						{"origin": [8.96584, -1.96144, 5.75], "size": [1, 1.25, 1], "inflate": -0.25, "pivot": [0, -1.5, 7.5], "rotation": [90, 55, 90], "uv": [45, 3], "mirror": true},
						{"origin": [6.07395, -9.96527, 5.5], "size": [1, 2, 1], "inflate": -0.25, "pivot": [0, -1.5, 7.5], "rotation": [-90, 80, -90], "uv": [24, 42], "mirror": true},
						{"origin": [6.78165, -5.6059, 6.25], "size": [1.5, 1.5, 1], "inflate": -0.25, "pivot": [0, -1.5, 7.5], "rotation": [-90, 85, -90], "uv": [45, 6], "mirror": true},
						{"origin": [7.5408, -1.3018, 6.25], "size": [1.5, 1.5, 1], "inflate": -0.25, "pivot": [0, -1.5, 7.5], "rotation": [90, 60, 90], "uv": [45, 6], "mirror": true},
						{"origin": [6.13896, 1.53355, 6.25], "size": [1.5, 2, 1], "inflate": -0.25, "pivot": [0, -1.5, 7.5], "rotation": [90, 30, 90], "uv": [19, 41], "mirror": true},
						{"origin": [7.62526, 0.20815, 6.25], "size": [1, 1.25, 1], "inflate": -0.25, "pivot": [0, -1.5, 7.5], "rotation": [90, 45, 90], "uv": [45, 0], "mirror": true},
						{"origin": [7.71496, -4.55354, 6.25], "size": [1, 1.75, 1], "inflate": -0.25, "pivot": [0, -1.5, 7.5], "rotation": [90, 70, 90], "uv": [45, 0], "mirror": true},
						{"origin": [4.05898, 2.59862, 6.5], "size": [1.5, 2.25, 1], "inflate": -0.25, "pivot": [0, -1.5, 7.5], "rotation": [90, 5, 90], "uv": [19, 41], "mirror": true},
						{"origin": [7.2908, -3.85084, 6.5], "size": [1, 1.75, 1], "inflate": -0.25, "pivot": [0, -1.5, 7.5], "rotation": [90, 60, 90], "uv": [45, 0], "mirror": true},
						{"origin": [2.55189, 2.19309, 6.75], "size": [1, 2.25, 1], "inflate": -0.25, "pivot": [0, -1.5, 7.5], "rotation": [90, -12.5, 90], "uv": [24, 42], "mirror": true},
						{"origin": [2.22377, 2.93486, 6.75], "size": [1, 2, 1], "inflate": -0.25, "pivot": [0, -1.5, 7.5], "rotation": [90, -20, 90], "uv": [24, 42], "mirror": true},
						{"origin": [5.23346, 0.11066, 7], "size": [1, 2, 1], "inflate": -0.25, "pivot": [0, -1.5, 7.5], "rotation": [90, 15, 90], "uv": [19, 41], "mirror": true},
						{"origin": [6.37202, -1.78848, 6.5], "size": [1, 2.25, 1], "inflate": -0.25, "pivot": [0, -1.5, 7.5], "rotation": [90, 35, 90], "uv": [19, 41], "mirror": true},
						{"origin": [-0.03476, 2.25269, 7], "size": [1, 2, 1], "inflate": -0.25, "pivot": [0, -1.5, 7.5], "rotation": [90, -45, 90], "uv": [24, 42], "mirror": true},
						{"origin": [-8.36881, -4.60971, 8.25], "size": [1.5, 1.5, 1], "inflate": -0.25, "pivot": [0, -1.5, 7.5], "rotation": [-90, -85, -90], "uv": [45, 6]},
						{"origin": [3.625, -7.125, -1.1014], "size": [2, 2, 2], "pivot": [0, -1.5, 7.5], "rotation": [-35.26439, 30, -54.73561], "uv": [29, 0]},
						{"origin": [-8.6014, -7.125, 11.125], "size": [2, 2, 2], "pivot": [0, -1.5, 7.5], "rotation": [-135, -45, -180], "uv": [29, 0], "mirror": true},
						{"origin": [0.05326, -16.43092, 6.44825], "size": [1, 5, 1], "pivot": [0, -1.5, 7.5], "rotation": [-87.5, 2.5, -135], "uv": [7, 37]},
						{"origin": [0.09681, -16.4292, 6.40675], "size": [1, 5, 1], "pivot": [0, -1.5, 7.5], "rotation": [-87.50475, 2.49524, 44.89098], "uv": [7, 37], "mirror": true},
						{"origin": [4.34433, -15.9701, 7], "size": [3, 4, 1], "inflate": -0.25, "pivot": [0, -1.5, 7.5], "rotation": [-90, 20, -90], "uv": [0, 27], "mirror": true},
						{"origin": [9.76061, -7.09606, 6.9875], "size": [1.75, 1.25, 1.025], "inflate": -0.25, "pivot": [0, -1.5, 7.5], "rotation": [-90, 60, -90], "uv": [45, 9], "mirror": true},
						{"origin": [7.30518, -15.65044, 6.975], "size": [2, 4, 1.05], "inflate": -0.25, "pivot": [0, -1.5, 7.5], "rotation": [-90, 22.5, -90], "uv": [0, 33], "mirror": true},
						{"origin": [2.17862, -22.16768, 6.9875], "size": [3, 6.5, 1.025], "inflate": -0.25, "pivot": [0, -1.5, 7.5], "rotation": [-90, 6, -90], "uv": [14, 16], "mirror": true},
						{"origin": [2.09879, -47.16716, 7], "size": [2, 25.5, 1], "inflate": -0.25, "pivot": [0, -1.5, 7.5], "rotation": [-90, 3, -90], "uv": [0, 0]},
						{"origin": [-0.5, -3.75, 7], "size": [1, 9, 1], "pivot": [0, -1.5, 7.5], "rotation": [-90, 0, -45], "uv": [23, 22]},
						{"origin": [-0.725, -4.93963, 6.96388], "size": [1.45, 2, 1.5], "inflate": -0.25, "pivot": [0, -1.5, 7.5], "rotation": [-97.5, 0, -45], "uv": [29, 42], "mirror": true},
						{"origin": [-0.675, -6.20597, 6.01798], "size": [1.35, 2, 1.25], "inflate": -0.25, "pivot": [0, -1.5, 7.5], "rotation": [-80, 0, -45], "uv": [12, 43], "mirror": true},
						{"origin": [-0.725, -4.93963, 6.96388], "size": [1.45, 2, 1.5], "inflate": -0.25, "pivot": [0, -1.5, 7.5], "rotation": [-97.5, 0, -135], "uv": [29, 42]},
						{"origin": [-0.675, -6.20597, 6.01798], "size": [1.35, 2, 1.25], "inflate": -0.25, "pivot": [0, -1.5, 7.5], "rotation": [-80, 0, -135], "uv": [12, 43]},
						{"origin": [-0.725, -4.93963, 6.53612], "size": [1.45, 2, 1.5], "inflate": -0.25, "pivot": [0, -1.5, 7.5], "rotation": [-82.5, 0, -45], "uv": [29, 42]},
						{"origin": [-0.675, -6.20597, 7.73202], "size": [1.35, 2, 1.25], "inflate": -0.25, "pivot": [0, -1.5, 7.5], "rotation": [-100, 0, -45], "uv": [12, 43]},
						{"origin": [-0.675, -6.20597, 7.73202], "size": [1.35, 2, 1.25], "inflate": -0.25, "pivot": [0, -1.5, 7.5], "rotation": [-100, 0, -135], "uv": [12, 43], "mirror": true},
						{"origin": [-0.725, -4.93963, 6.53612], "size": [1.45, 2, 1.5], "inflate": -0.25, "pivot": [0, -1.5, 7.5], "rotation": [-82.5, 0, -135], "uv": [29, 42], "mirror": true},
						{"origin": [-0.7, -10.75, 6.8], "size": [1.4, 6, 1.4], "inflate": -0.25, "pivot": [0, -1.5, 7.5], "rotation": [-90, 0, -45], "uv": [19, 33]},
						{"origin": [-0.75, 3.5, 6.75], "size": [1.5, 1, 1.5], "pivot": [0, -1.5, 7.5], "rotation": [-90, 0, -45], "uv": [45, 16]},
						{"origin": [7, -8.5, 7], "size": [1, 14, 1], "pivot": [0, -1.5, 7.5], "rotation": [0, 90, 0], "uv": [14, 0]},
						{"origin": [6.75, -9.025, 6.5], "size": [1.25, 1.275, 2], "inflate": -0.5, "pivot": [0, -1.5, 7.5], "rotation": [-90, 0, -90], "uv": [38, 0]},
						{"origin": [6.725, -9.75, 6.775], "size": [1, 1.5, 1.45], "inflate": -0.25, "pivot": [0, -1.5, 7.5], "rotation": [-90, 0, -90], "uv": [17, 45]},
						{"origin": [6.75, -10.25, 6.5], "size": [1.25, 1.275, 2], "inflate": -0.5, "pivot": [0, -1.5, 7.5], "rotation": [-90, 0, -90], "uv": [38, 0]},
						{"origin": [9.69248, -2.58588, 6.5], "size": [1.75, 1.25, 2], "inflate": -0.5, "pivot": [0, -1.5, 7.5], "rotation": [-90, 45, -90], "uv": [38, 18]},
						{"origin": [9.85682, -3.65966, 6.5], "size": [1.5, 1.25, 2], "inflate": -0.5, "pivot": [0, -1.5, 7.5], "rotation": [-90, 40, -90], "uv": [38, 18]},
						{"origin": [-0.91412, -12.27073, 6.5], "size": [1.75, 1.25, 2], "inflate": -0.5, "pivot": [0, -1.5, 7.5], "rotation": [-90, -45, -90], "uv": [38, 18]},
						{"origin": [0.21501, -12.08101, 6.5], "size": [1.5, 1.25, 2], "inflate": -0.5, "pivot": [0, -1.5, 7.5], "rotation": [-90, -40, -90], "uv": [38, 18]},
						{"origin": [-0.83588, -12.27073, 6.5], "size": [1.75, 1.25, 2], "inflate": -0.5, "pivot": [0, -1.5, 7.5], "rotation": [-90, 45, -90], "uv": [38, 18], "mirror": true},
						{"origin": [-1.71501, -12.08101, 6.5], "size": [1.5, 1.25, 2], "inflate": -0.5, "pivot": [0, -1.5, 7.5], "rotation": [-90, 40, -90], "uv": [38, 18], "mirror": true},
						{"origin": [-11.44248, -2.58588, 6.5], "size": [1.75, 1.25, 2], "inflate": -0.5, "pivot": [0, -1.5, 7.5], "rotation": [-90, -45, -90], "uv": [38, 18], "mirror": true},
						{"origin": [-11.35682, -3.65966, 6.5], "size": [1.5, 1.25, 2], "inflate": -0.5, "pivot": [0, -1.5, 7.5], "rotation": [-90, -40, -90], "uv": [38, 18], "mirror": true},
						{"origin": [-8, -10.25, 6.5], "size": [1.25, 1.275, 2], "inflate": -0.5, "pivot": [0, -1.5, 7.5], "rotation": [-90, 0, -90], "uv": [38, 0], "mirror": true},
						{"origin": [-7.725, -9.75, 6.775], "size": [1, 1.5, 1.45], "inflate": -0.25, "pivot": [0, -1.5, 7.5], "rotation": [-90, 0, -90], "uv": [17, 45], "mirror": true},
						{"origin": [-8, -9.025, 6.5], "size": [1.25, 1.275, 2], "inflate": -0.5, "pivot": [0, -1.5, 7.5], "rotation": [-90, 0, -90], "uv": [38, 0], "mirror": true},
						{"origin": [-37.06245, -38.56245, 6.9875], "size": [1, 1, 1.025], "inflate": -0.25, "pivot": [0, -1.5, 7.5], "rotation": [-90, -45, -90], "uv": [45, 19]},
						{"origin": [-0.75, -51.75, 7], "size": [1.5, 7.25, 1], "inflate": -0.25, "pivot": [0, -1.5, 7.5], "rotation": [-90, 0, -90], "uv": [30, 5]},
						{"origin": [5.65032, -49.97518, 6.9875], "size": [2, 3.75, 1.025], "inflate": -0.25, "pivot": [0, -1.5, 7.5], "rotation": [-90, 7.5, -90], "uv": [37, 13], "mirror": true},
						{"origin": [5.19987, -15.06863, 6.875], "size": [2, 2.5, 1.25], "inflate": -0.25, "pivot": [0, -1.5, 7.5], "rotation": [-90, 20, -90], "uv": [38, 22], "mirror": true},
						{"origin": [10.85712, -6.39984, 6.8625], "size": [1.5, 1, 1.275], "inflate": -0.25, "pivot": [0, -1.5, 7.5], "rotation": [-90, 65, -90], "uv": [45, 22], "mirror": true},
						{"origin": [29.9803, -32.4803, 6.8625], "size": [1, 1, 1.275], "inflate": -0.25, "pivot": [0, -1.5, 7.5], "rotation": [-90, 45, -90], "uv": [45, 25]},
						{"origin": [-0.5, -39.545, 6.875], "size": [1, 3.5, 1.25], "inflate": -0.25, "pivot": [0, -1.5, 7.5], "rotation": [-90, 0, -90], "uv": [40, 29]},
						{"origin": [-0.75, -35.795, 6.875], "size": [1.5, 10, 1.25], "inflate": -0.25, "pivot": [0, -1.5, 7.5], "rotation": [-90, 0, -90], "uv": [19, 0]},
						{"origin": [2.28242, -20.43447, 6.875], "size": [2, 5, 1.25], "inflate": -0.25, "pivot": [0, -1.5, 7.5], "rotation": [-90, 8, -90], "uv": [30, 14], "mirror": true},
						{"origin": [0.48164, -28.51641, 6.8625], "size": [2, 8.5, 1.275], "inflate": -0.25, "pivot": [0, -1.5, 7.5], "rotation": [-90, 2.5, -90], "uv": [23, 12], "mirror": true},
						{"origin": [1.23164, -36.66641, 6.85], "size": [1.25, 9, 1.3], "inflate": -0.25, "pivot": [0, -1.5, 7.5], "rotation": [-90, 2.5, -90], "uv": [24, 0]},
						{"origin": [1.38164, -44.79838, 6.8625], "size": [1.1, 8.882, 1.275], "inflate": -0.25, "pivot": [0, -1.5, 7.5], "rotation": [-90, 2.5, -90], "uv": [9, 27]},
						{"origin": [11.16912, -52.00597, 6.9875], "size": [1.25, 3.51, 1.025], "inflate": -0.25, "pivot": [0, -1.5, 7.5], "rotation": [-90, 13.22, -90], "uv": [40, 34]},
						{"origin": [-14.33148, -15.83148, 6.725], "size": [1, 1, 1.55], "inflate": -0.25, "pivot": [0, -1.5, 7.5], "rotation": [-90, -45, -90], "uv": [45, 28]},
						{"origin": [-0.5, -19.5, 7], "size": [1, 3, 1], "pivot": [0, -1.5, 7.5], "rotation": [-90, 0, -90], "uv": [40, 39]},
						{"origin": [-0.75, -16.5, 7], "size": [1.5, 2, 1], "pivot": [0, -1.5, 7.5], "rotation": [-90, 0, -90], "uv": [0, 44]},
						{"origin": [-1, -14.5, 7], "size": [2, 5, 1], "pivot": [0, -1.5, 7.5], "rotation": [-90, 0, -90], "uv": [28, 32]},
						{"origin": [2.05437, -21.09616, 6.725], "size": [1.1, 6.5, 1.55], "inflate": -0.25, "pivot": [0, -1.5, 7.5], "rotation": [-90, 7.5, -90], "uv": [33, 21]},
						{"origin": [9.78782, -10.2253, 6.9875], "size": [1.25, 1, 1.025], "pivot": [0, -1.5, 7.5], "rotation": [-90, 47.5, -90], "uv": [45, 31], "mirror": true},
						{"origin": [-7.34433, -15.9701, 7], "size": [3, 4, 1], "inflate": -0.25, "pivot": [0, -1.5, 7.5], "rotation": [-90, -20, -90], "uv": [0, 27]},
						{"origin": [-9.30518, -15.65044, 6.975], "size": [2, 4, 1.05], "inflate": -0.25, "pivot": [0, -1.5, 7.5], "rotation": [-90, -22.5, -90], "uv": [0, 33]},
						{"origin": [-5.17862, -22.16768, 6.9875], "size": [3, 6.5, 1.025], "inflate": -0.25, "pivot": [0, -1.5, 7.5], "rotation": [-90, -6, -90], "uv": [14, 16]},
						{"origin": [-4.09879, -47.16716, 7], "size": [2, 25.5, 1], "inflate": -0.25, "pivot": [0, -1.5, 7.5], "rotation": [-90, -3, -90], "uv": [7, 0]},
						{"origin": [-3.15437, -21.09616, 6.727], "size": [1.1, 6.5, 1.51], "inflate": -0.25, "pivot": [0, -1.5, 7.5], "rotation": [-90, -7.5, -90], "uv": [35, 5]},
						{"origin": [-2.55437, -15.09616, 6.725], "size": [1, 1.5, 1.55], "inflate": -0.25, "pivot": [0, -1.5, 7.5], "rotation": [-90, -7.5, -90], "uv": [45, 34]},
						{"origin": [1.55437, -15.09616, 6.725], "size": [1, 1.5, 1.55], "inflate": -0.25, "pivot": [0, -1.5, 7.5], "rotation": [-90, 7.5, -90], "uv": [45, 34], "mirror": true},
						{"origin": [-11.03782, -10.2253, 6.9875], "size": [1.25, 1, 1.025], "pivot": [0, -1.5, 7.5], "rotation": [-90, -47.5, -90], "uv": [45, 31]},
						{"origin": [-12.41912, -52.00597, 6.9875], "size": [1.25, 3.51, 1.025], "inflate": -0.25, "pivot": [0, -1.5, 7.5], "rotation": [-90, -13.22, -90], "uv": [40, 34], "mirror": true},
						{"origin": [-7.65032, -49.97518, 6.9875], "size": [2, 3.75, 1.025], "inflate": -0.25, "pivot": [0, -1.5, 7.5], "rotation": [-90, -7.5, -90], "uv": [37, 13]},
						{"origin": [-4.28242, -20.43447, 6.875], "size": [2, 5, 1.25], "inflate": -0.25, "pivot": [0, -1.5, 7.5], "rotation": [-90, -8, -90], "uv": [30, 14]},
						{"origin": [-2.48164, -28.51641, 6.8625], "size": [2, 8.5, 1.275], "inflate": -0.25, "pivot": [0, -1.5, 7.5], "rotation": [-90, -2.5, -90], "uv": [23, 12]},
						{"origin": [-2.48164, -36.66641, 6.85], "size": [1.25, 9, 1.3], "inflate": -0.25, "pivot": [0, -1.5, 7.5], "rotation": [-90, -2.5, -90], "uv": [14, 24]},
						{"origin": [-2.48164, -44.79838, 6.8625], "size": [1.1, 8.882, 1.275], "inflate": -0.25, "pivot": [0, -1.5, 7.5], "rotation": [-90, -2.5, -90], "uv": [28, 22]},
						{"origin": [-7.19987, -15.06863, 6.875], "size": [2, 2.5, 1.25], "inflate": -0.25, "pivot": [0, -1.5, 7.5], "rotation": [-90, -20, -90], "uv": [38, 22]},
						{"origin": [-11.51061, -7.09606, 6.9875], "size": [1.75, 1.25, 1.025], "inflate": -0.25, "pivot": [0, -1.5, 7.5], "rotation": [-90, -60, -90], "uv": [45, 9]},
						{"origin": [-12.35712, -6.39984, 6.8625], "size": [1.5, 1, 1.275], "inflate": -0.25, "pivot": [0, -1.5, 7.5], "rotation": [-90, -65, -90], "uv": [45, 22]},
						{"origin": [4.1813, -14.22727, 7], "size": [1, 1, 1], "inflate": -0.25, "pivot": [0, -1.5, 7.5], "rotation": [-90, -5, -90], "uv": [45, 37], "mirror": true},
						{"origin": [-5.93581, -12.80972, 7], "size": [1.2, 5.5, 1], "inflate": -0.25, "pivot": [0, -1.5, 7.5], "rotation": [-90, -50, -90], "uv": [35, 37], "mirror": true},
						{"origin": [4.73581, -12.80972, 7], "size": [1.2, 5.5, 1], "inflate": -0.25, "pivot": [0, -1.5, 7.5], "rotation": [-90, 50, -90], "uv": [35, 37]},
						{"origin": [-6.95976, -13.16481, 6.9875], "size": [1, 6, 1.025], "inflate": -0.25, "pivot": [0, -1.5, 7.5], "rotation": [-90, -55, -90], "uv": [14, 35], "mirror": true},
						{"origin": [-4.67125, -14.0949, 6.9877], "size": [1, 6, 1.021], "inflate": -0.25, "pivot": [0, -1.5, 7.5], "rotation": [-90, -45, -90], "uv": [35, 29], "mirror": true},
						{"origin": [-5.1813, -14.22727, 7], "size": [1, 1, 1], "inflate": -0.25, "pivot": [0, -1.5, 7.5], "rotation": [-90, 5, -90], "uv": [45, 37]},
						{"origin": [5.95976, -13.16481, 6.9875], "size": [1, 6, 1.025], "inflate": -0.25, "pivot": [0, -1.5, 7.5], "rotation": [-90, 55, -90], "uv": [14, 35]},
						{"origin": [3.67125, -14.0949, 6.9877], "size": [1, 6, 1.021], "inflate": -0.25, "pivot": [0, -1.5, 7.5], "rotation": [-90, 45, -90], "uv": [35, 29]}
					]
				},
				{
					"name": "flower2",
					"parent": "sword4",
					"pivot": [0, -1.5, 7.5],
					"rotation": [-90, 0, -90]
				},
				{
					"name": "flower_9",
					"parent": "flower2",
					"pivot": [0.75, -9.75, 7.25],
					"rotation": [-5, -5, 0],
					"cubes": [
						{"origin": [0, -10.5, 6.25], "size": [1.5, 1.5, 1], "pivot": [0.75, -9.75, 7.25], "rotation": [-15, -15, 0], "uv": [5, 44]},
						{"origin": [0.14564, -11.25188, 4.61245], "size": [1.25, 1.975, 1.75], "inflate": -0.5, "pivot": [0.75, -9.75, 7.25], "rotation": [-40.70637, 44.18433, 37.35017], "uv": [44, 13]},
						{"origin": [0.19521, -10.3428, 4.61245], "size": [1.25, 1.5, 1.75], "inflate": -0.5, "pivot": [0.75, -9.75, 7.25], "rotation": [16.60724, 55.43993, 108.24695], "uv": [44, 13]},
						{"origin": [-0.22982, -11.00026, 4.43623], "size": [1.25, 1.75, 1.75], "inflate": -0.5, "pivot": [0.75, -9.75, 7.25], "rotation": [-29.62009, 27.70644, 18.2229], "uv": [44, 13]},
						{"origin": [0.14365, -11.11209, 4.58207], "size": [1.25, 1.975, 1.75], "inflate": -0.5, "pivot": [0.75, -9.75, 7.25], "rotation": [-22.7607, 23.91852, -22.60567], "uv": [44, 13]},
						{"origin": [-0.17816, -10.86861, 4.45787], "size": [1.25, 1.75, 1.75], "inflate": -0.5, "pivot": [0.75, -9.75, 7.25], "rotation": [-7.25578, 13.84143, -43.91709], "uv": [44, 13]},
						{"origin": [0.09496, -10.24536, 4.58207], "size": [1.25, 1.5, 1.75], "inflate": -0.5, "pivot": [0.75, -9.75, 7.25], "rotation": [2.48706, 32.46347, 28.00097], "uv": [44, 13]},
						{"origin": [0.15372, -11.27411, 4.62464], "size": [1.25, 1.975, 1.75], "inflate": -0.5, "pivot": [0.75, -9.75, 7.25], "rotation": [3.02691, 25.45919, -76.77712], "uv": [44, 13]},
						{"origin": [-0.23086, -11.02675, 4.43844], "size": [1.25, 1.75, 1.75], "inflate": -0.5, "pivot": [0.75, -9.75, 7.25], "rotation": [14.89051, 24.54398, -101.61862], "uv": [44, 13]},
						{"origin": [0.21665, -10.35281, 4.62464], "size": [1.25, 1.5, 1.75], "inflate": -0.5, "pivot": [0.75, -9.75, 7.25], "rotation": [20.53172, 15.67913, -29.60407], "uv": [44, 13]},
						{"origin": [-0.12187, -10.23499, 4.699], "size": [1.25, 1.5, 1.75], "inflate": -0.5, "pivot": [0.75, -9.75, 7.25], "rotation": [45.6769, 14.03675, -92.55338], "uv": [44, 13]},
						{"origin": [-0.25156, -10.72461, 4.64408], "size": [1.25, 1.75, 1.75], "inflate": -0.5, "pivot": [0.75, -9.75, 7.25], "rotation": [26.00513, 47.22578, -164.45672], "uv": [44, 13]},
						{"origin": [-0.00234, -10.95143, 4.699], "size": [1.25, 1.975, 1.75], "inflate": -0.5, "pivot": [0.75, -9.75, 7.25], "rotation": [25.22038, 41.47334, -133.80685], "uv": [44, 13]},
						{"origin": [-0.23708, -10.27999, 4.60546], "size": [1.25, 1.5, 1.75], "inflate": -0.5, "pivot": [0.75, -9.75, 7.25], "rotation": [47.52758, 42.13107, -172.71271], "uv": [44, 13]},
						{"origin": [-0.11562, -10.90179, 4.60546], "size": [1.25, 1.975, 1.75], "inflate": -0.5, "pivot": [0.75, -9.75, 7.25], "rotation": [-9.91695, 59.44546, 117.36529], "uv": [44, 13]},
						{"origin": [-0.33722, -10.60639, 4.5918], "size": [1.25, 1.75, 1.75], "inflate": -0.5, "pivot": [0.75, -9.75, 7.25], "rotation": [-16.83849, 49.64888, 81.75893], "uv": [44, 13]},
						{"origin": [-0.14725, -10.75183, 4.84265], "size": [1.25, 1.75, 1.75], "inflate": -0.5, "pivot": [0.75, -9.75, 7.25], "rotation": [3.73038, 34.76272, 161.85368], "uv": [44, 13]},
						{"origin": [0.03048, -10.59229, 4.82854], "size": [1.25, 1.975, 1.75], "inflate": -0.5, "pivot": [0.75, -9.75, 7.25], "rotation": [22.58912, 27.81488, -145.51968], "uv": [44, 13]},
						{"origin": [0.27301, -10.61484, 5.06239], "size": [1.25, 1.75, 1.75], "inflate": -0.5, "pivot": [0.75, -9.75, 7.25], "rotation": [18.44852, 1.89257, -99.90819], "uv": [44, 13]},
						{"origin": [0.11407, -10.6527, 5.04099], "size": [1.25, 1.75, 1.75], "inflate": -0.5, "pivot": [0.75, -9.75, 7.25], "rotation": [2.9179, 34.19263, 133.55241], "uv": [44, 13]},
						{"origin": [0.15259, -10.51514, 5.06687], "size": [1.25, 1.75, 1.75], "inflate": -0.5, "pivot": [0.75, -9.75, 7.25], "rotation": [-18.7542, 4.30953, 8.03331], "uv": [44, 13]},
						{"origin": [-0.3453, -10.30351, 4.82892], "size": [1.25, 1.75, 1.75], "inflate": -0.5, "pivot": [0.75, -9.75, 7.25], "rotation": [24.92389, 5.14727, -104.56186], "uv": [44, 13]},
						{"origin": [-0.47796, -10.31298, 4.79035], "size": [1.25, 1.75, 1.75], "inflate": -0.5, "pivot": [0.75, -9.75, 7.25], "rotation": [-11.99488, 4.70393, 11.24293], "uv": [44, 13]},
						{"origin": [-0.06518, -10.50034, 4.78891], "size": [1.25, 1.975, 1.75], "inflate": -0.5, "pivot": [0.75, -9.75, 7.25], "rotation": [-4.73604, 1.91724, -33.75441], "uv": [44, 13]},
						{"origin": [-0.14988, -10.6143, 4.82666], "size": [1.25, 1.75, 1.75], "inflate": -0.5, "pivot": [0.75, -9.75, 7.25], "rotation": [5.29323, -1.98816, -78.59341], "uv": [44, 13]},
						{"origin": [-0.32641, -10.60829, 4.77607], "size": [1.25, 1.75, 1.75], "inflate": -0.5, "pivot": [0.75, -9.75, 7.25], "rotation": [-28.27424, 16.77591, 43.7903], "uv": [44, 13]},
						{"origin": [-0.18798, -10.62719, 4.73804], "size": [1.25, 1.975, 1.75], "inflate": -0.5, "pivot": [0.75, -9.75, 7.25], "rotation": [-15.98151, 38.56861, 89.02474], "uv": [44, 13]},
						{"origin": [-0.4751, -10.49567, 4.77092], "size": [1.25, 1.75, 1.75], "inflate": -0.5, "pivot": [0.75, -9.75, 7.25], "rotation": [11.00667, 36.37474, 146.61975], "uv": [44, 13]}
					]
				},
				{
					"name": "flower_10",
					"parent": "flower2",
					"pivot": [-0.775, -11.5, 7],
					"rotation": [0, 0, 0],
					"cubes": [
						{"origin": [-1.525, -12.25, 6], "size": [1.5, 1.5, 1], "pivot": [-0.775, -11.5, 7], "rotation": [15, 15, 0], "uv": [5, 44]},
						{"origin": [-1.1387, -12.96809, 4.5141], "size": [1.25, 1.975, 1.75], "inflate": -0.5, "pivot": [-0.775, -11.5, 7], "rotation": [9.01521, 39.05589, 71.21611], "uv": [44, 13]},
						{"origin": [-1.18351, -11.89873, 4.5141], "size": [1.25, 1.5, 1.75], "inflate": -0.5, "pivot": [-0.775, -11.5, 7], "rotation": [34.72622, 21.06899, 119.66841], "uv": [44, 13]},
						{"origin": [-1.37541, -12.81443, 4.42395], "size": [1.25, 1.975, 1.75], "inflate": -0.5, "pivot": [-0.775, -11.5, 7], "rotation": [-11.8585, 52.39509, -25.02863], "uv": [44, 13]},
						{"origin": [-1.45954, -11.95746, 4.42395], "size": [1.25, 1.5, 1.75], "inflate": -0.5, "pivot": [-0.775, -11.5, 7], "rotation": [38.29385, 40.45606, 40.40297], "uv": [44, 13]},
						{"origin": [-1.08614, -12.54284, 4.59546], "size": [1.25, 1.975, 1.75], "inflate": -0.5, "pivot": [-0.775, -11.5, 7], "rotation": [-34.87614, 52.45321, -115.7714], "uv": [44, 13]},
						{"origin": [-1.44703, -11.56087, 4.59546], "size": [1.25, 1.5, 1.75], "inflate": -0.5, "pivot": [-0.775, -11.5, 7], "rotation": [32.15041, 53.80717, -36.54128], "uv": [44, 13]},
						{"origin": [-1.38112, -11.8583, 4.65374], "size": [1.25, 1.5, 1.75], "inflate": -0.5, "pivot": [-0.775, -11.5, 7], "rotation": [-10.55307, 36.52381, -136.35534], "uv": [44, 13]},
						{"origin": [-1.24984, -12.79976, 4.65374], "size": [1.25, 1.975, 1.75], "inflate": -0.5, "pivot": [-0.775, -11.5, 7], "rotation": [-33.6012, 18.46763, 176.51558], "uv": [44, 13]},
						{"origin": [-1.55878, -12.21479, 4.52106], "size": [1.25, 1.5, 1.75], "inflate": -0.5, "pivot": [-0.775, -11.5, 7], "rotation": [5.53218, 8.83059, 164.44746], "uv": [44, 13]},
						{"origin": [-1.62755, -12.92622, 4.52106], "size": [1.25, 1.975, 1.75], "inflate": -0.5, "pivot": [-0.775, -11.5, 7], "rotation": [-2.39809, 10.13166, 118.80735], "uv": [44, 13]},
						{"origin": [-1.54254, -12.70711, 4.65209], "size": [1.25, 1.75, 1.75], "inflate": -0.5, "pivot": [-0.775, -11.5, 7], "rotation": [-14.58944, -3.74042, 156.62326], "uv": [44, 13]},
						{"origin": [-1.26714, -12.38621, 4.67272], "size": [1.25, 1.975, 1.75], "inflate": -0.5, "pivot": [-0.775, -11.5, 7], "rotation": [-20.52686, 14.32848, -161.79984], "uv": [44, 13]},
						{"origin": [-1.44243, -12.33007, 4.82057], "size": [1.25, 1.75, 1.75], "inflate": -0.5, "pivot": [-0.775, -11.5, 7], "rotation": [-19.66222, -1.92807, -147.85044], "uv": [44, 13]},
						{"origin": [-1.61039, -12.30113, 4.80829], "size": [1.25, 1.75, 1.75], "inflate": -0.5, "pivot": [-0.775, -11.5, 7], "rotation": [20.29846, -10.23167, 92.39839], "uv": [44, 13]},
						{"origin": [-1.22267, -12.24078, 4.88723], "size": [1.25, 1.75, 1.75], "inflate": -0.5, "pivot": [-0.775, -11.5, 7], "rotation": [7.45994, 35.71643, -22.80692], "uv": [44, 13]},
						{"origin": [-1.67846, -11.90941, 4.64915], "size": [1.25, 1.75, 1.75], "inflate": -0.5, "pivot": [-0.775, -11.5, 7], "rotation": [-14.11224, 24.5336, -115.08668], "uv": [44, 13]},
						{"origin": [-1.91241, -11.85665, 4.58883], "size": [1.25, 1.75, 1.75], "inflate": -0.5, "pivot": [-0.775, -11.5, 7], "rotation": [26.54968, 25.02009, 21.65475], "uv": [44, 13]},
						{"origin": [-1.38842, -12.17663, 4.62248], "size": [1.25, 1.975, 1.75], "inflate": -0.5, "pivot": [-0.775, -11.5, 7], "rotation": [6.4673, 42.89376, -29.18364], "uv": [44, 13]},
						{"origin": [-1.4801, -12.46799, 4.64324], "size": [1.25, 1.75, 1.75], "inflate": -0.5, "pivot": [-0.775, -11.5, 7], "rotation": [-20.15624, 32.65885, -85.75271], "uv": [44, 13]},
						{"origin": [-1.72937, -12.51609, 4.57808], "size": [1.25, 1.75, 1.75], "inflate": -0.5, "pivot": [-0.775, -11.5, 7], "rotation": [15.17846, 12.4926, 55.29609], "uv": [44, 13]},
						{"origin": [-1.52319, -12.39439, 4.56666], "size": [1.25, 1.975, 1.75], "inflate": -0.5, "pivot": [-0.775, -11.5, 7], "rotation": [12.48346, 5.20075, 100.29812], "uv": [44, 13]},
						{"origin": [-1.85373, -12.11182, 4.57714], "size": [1.25, 1.75, 1.75], "inflate": -0.5, "pivot": [-0.775, -11.5, 7], "rotation": [2.54218, -5.05553, 144.17301], "uv": [44, 13]}
					]
				},
				{
					"name": "flower_11",
					"parent": "flower2",
					"pivot": [0.85, -11.95, 7.25],
					"rotation": [5, -5, 0],
					"cubes": [
						{"origin": [0.1, -12.7, 6.25], "size": [1.5, 1.5, 1], "pivot": [0.85, -11.95, 7.25], "rotation": [30, -15, -37.5], "uv": [5, 44]},
						{"origin": [0.47174, -13.46258, 4.67296], "size": [1.25, 1.975, 1.75], "inflate": -0.5, "pivot": [0.85, -11.95, 7.25], "rotation": [-14.9001, 14.45978, 39.81964], "uv": [44, 13]},
						{"origin": [0.46266, -12.39048, 4.67296], "size": [1.25, 1.5, 1.75], "inflate": -0.5, "pivot": [0.85, -11.95, 7.25], "rotation": [0.03078, 20.64807, 86.72601], "uv": [44, 13]},
						{"origin": [0.18924, -13.50847, 4.63603], "size": [1.25, 1.975, 1.75], "inflate": -0.5, "pivot": [0.85, -11.95, 7.25], "rotation": [12.26984, 22.73817, -28.21617], "uv": [44, 13]},
						{"origin": [0.29535, -12.6227, 4.63603], "size": [1.25, 1.5, 1.75], "inflate": -0.5, "pivot": [0.85, -11.95, 7.25], "rotation": [24.56299, 7.74236, 15.99553], "uv": [44, 13]},
						{"origin": [0.41197, -13.00207, 4.77127], "size": [1.25, 1.975, 1.75], "inflate": -0.5, "pivot": [0.85, -11.95, 7.25], "rotation": [46.04019, 63.28469, -75.99747], "uv": [44, 13]},
						{"origin": [0.09476, -12.10713, 4.77127], "size": [1.25, 1.5, 1.75], "inflate": -0.5, "pivot": [0.85, -11.95, 7.25], "rotation": [70.06558, 23.75344, -43.56742], "uv": [44, 13]},
						{"origin": [0.1196, -12.34968, 4.84344], "size": [1.25, 1.5, 1.75], "inflate": -0.5, "pivot": [0.85, -11.95, 7.25], "rotation": [45.76557, 58.25891, -118.58031], "uv": [44, 13]},
						{"origin": [0.25802, -13.19115, 4.84344], "size": [1.25, 1.975, 1.75], "inflate": -0.5, "pivot": [0.85, -11.95, 7.25], "rotation": [-42.37493, 60.21316, 144.61453], "uv": [44, 13]},
						{"origin": [0.04764, -12.72056, 4.7139], "size": [1.25, 1.5, 1.75], "inflate": -0.5, "pivot": [0.85, -11.95, 7.25], "rotation": [-22.0038, 33.79017, 115.52045], "uv": [44, 13]},
						{"origin": [-0.05512, -13.40251, 4.7139], "size": [1.25, 1.975, 1.75], "inflate": -0.5, "pivot": [0.85, -11.95, 7.25], "rotation": [-38.52367, 9.96702, 73.7885], "uv": [44, 13]},
						{"origin": [0.08246, -13.15711, 4.90209], "size": [1.25, 1.75, 1.75], "inflate": -0.5, "pivot": [0.85, -11.95, 7.25], "rotation": [-40.98161, 17.26387, 115.90664], "uv": [44, 13]},
						{"origin": [0.35786, -12.83621, 4.92272], "size": [1.25, 1.975, 1.75], "inflate": -0.5, "pivot": [0.85, -11.95, 7.25], "rotation": [-27.6358, 47.26343, 156.90134], "uv": [44, 13]},
						{"origin": [0.18257, -12.78007, 5.07057], "size": [1.25, 1.75, 1.75], "inflate": -0.5, "pivot": [0.85, -11.95, 7.25], "rotation": [-16.31348, 31.38411, 175.53843], "uv": [44, 13]},
						{"origin": [0.01461, -12.75113, 5.05829], "size": [1.25, 1.75, 1.75], "inflate": -0.5, "pivot": [0.85, -11.95, 7.25], "rotation": [-12.43271, -21.94723, 64.25257], "uv": [44, 13]},
						{"origin": [0.40233, -12.69078, 5.13723], "size": [1.25, 1.75, 1.75], "inflate": -0.5, "pivot": [0.85, -11.95, 7.25], "rotation": [32.89285, 11.41074, -49.76227], "uv": [44, 13]},
						{"origin": [-0.05346, -12.35941, 4.89915], "size": [1.25, 1.75, 1.75], "inflate": -0.5, "pivot": [0.85, -11.95, 7.25], "rotation": [16.27226, 47.89704, -133.97844], "uv": [44, 13]},
						{"origin": [-0.28741, -12.30665, 4.83883], "size": [1.25, 1.75, 1.75], "inflate": -0.5, "pivot": [0.85, -11.95, 7.25], "rotation": [29.50376, -8.31977, -15.39734], "uv": [44, 13]},
						{"origin": [0.23658, -12.62663, 4.87248], "size": [1.25, 1.975, 1.75], "inflate": -0.5, "pivot": [0.85, -11.95, 7.25], "rotation": [35.64008, 20.04515, -50.90227], "uv": [44, 13]},
						{"origin": [0.1449, -12.91799, 4.89324], "size": [1.25, 1.75, 1.75], "inflate": -0.5, "pivot": [0.85, -11.95, 7.25], "rotation": [20.73187, 39.00839, -98.59436], "uv": [44, 13]},
						{"origin": [-0.10437, -12.96609, 4.82808], "size": [1.25, 1.75, 1.75], "inflate": -0.5, "pivot": [0.85, -11.95, 7.25], "rotation": [-0.7099, -17.06145, 18.45529], "uv": [44, 13]},
						{"origin": [0.10181, -12.84439, 4.81666], "size": [1.25, 1.975, 1.75], "inflate": -0.5, "pivot": [0.85, -11.95, 7.25], "rotation": [-19.52434, -4.69434, 62.65233], "uv": [44, 13]},
						{"origin": [-0.22873, -12.56182, 4.82714], "size": [1.25, 1.75, 1.75], "inflate": -0.5, "pivot": [0.85, -11.95, 7.25], "rotation": [-27.34591, 10.23337, 105.27918], "uv": [44, 13]}
					]
				},
				{
					"name": "flower_12",
					"parent": "flower2",
					"pivot": [-1.1, -10, 7.25],
					"rotation": [-5, 5, 0],
					"cubes": [
						{"origin": [-1.85, -10.75, 6.25], "size": [1.5, 1.5, 1], "pivot": [-1.1, -10, 7.25], "rotation": [-15, 15, 0], "uv": [5, 44]},
						{"origin": [-1.4637, -11.46809, 4.7641], "size": [1.25, 1.975, 1.75], "inflate": -0.5, "pivot": [-1.1, -10, 7.25], "rotation": [-8.82951, 66.17092, 64.52618], "uv": [44, 13]},
						{"origin": [-1.50851, -10.39873, 4.7641], "size": [1.25, 1.5, 1.75], "inflate": -0.5, "pivot": [-1.1, -10, 7.25], "rotation": [56.49216, 43.68391, 139.58973], "uv": [44, 13]},
						{"origin": [-1.70041, -11.31443, 4.67395], "size": [1.25, 1.975, 1.75], "inflate": -0.5, "pivot": [-1.1, -10, 7.25], "rotation": [-45.7803, 35.94747, -41.33179], "uv": [44, 13]},
						{"origin": [-1.78454, -10.45746, 4.67395], "size": [1.25, 1.5, 1.75], "inflate": -0.5, "pivot": [-1.1, -10, 7.25], "rotation": [0.49214, 55.62449, 19.52656], "uv": [44, 13]},
						{"origin": [-1.41114, -11.04284, 4.84546], "size": [1.25, 1.975, 1.75], "inflate": -0.5, "pivot": [-1.1, -10, 7.25], "rotation": [-23.44867, 24.82366, -100.47492], "uv": [44, 13]},
						{"origin": [-1.77203, -10.06087, 4.84546], "size": [1.25, 1.5, 1.75], "inflate": -0.5, "pivot": [-1.1, -10, 7.25], "rotation": [2.85216, 33.52093, -49.38557], "uv": [44, 13]},
						{"origin": [-1.70612, -10.3583, 4.90374], "size": [1.25, 1.5, 1.75], "inflate": -0.5, "pivot": [-1.1, -10, 7.25], "rotation": [9.05858, 13.49823, -119.89136], "uv": [44, 13]},
						{"origin": [-1.57484, -11.29976, 4.90374], "size": [1.25, 1.975, 1.75], "inflate": -0.5, "pivot": [-1.1, -10, 7.25], "rotation": [-3.38487, 15.86098, -166.43724], "uv": [44, 13]},
						{"origin": [-1.88378, -10.71479, 4.77106], "size": [1.25, 1.5, 1.75], "inflate": -0.5, "pivot": [-1.1, -10, 7.25], "rotation": [34.70014, 13.32047, 178.10882], "uv": [44, 13]},
						{"origin": [-1.95255, -11.42622, 4.77106], "size": [1.25, 1.975, 1.75], "inflate": -0.5, "pivot": [-1.1, -10, 7.25], "rotation": [15.95991, 33.68514, 133.79028], "uv": [44, 13]},
						{"origin": [-1.86754, -11.20711, 4.90209], "size": [1.25, 1.75, 1.75], "inflate": -0.5, "pivot": [-1.1, -10, 7.25], "rotation": [12.73781, 5.93839, 165.09372], "uv": [44, 13]},
						{"origin": [-1.59214, -10.88621, 4.92272], "size": [1.25, 1.975, 1.75], "inflate": -0.5, "pivot": [-1.1, -10, 7.25], "rotation": [6.13286, 2.26735, -149.92683], "uv": [44, 13]},
						{"origin": [-2.07413, -10.74369, 5.05147], "size": [1.25, 1.75, 1.75], "inflate": -0.5, "pivot": [-1.1, -10, 7.25], "rotation": [9.22954, -30.03244, -142.82595], "uv": [44, 13]},
						{"origin": [-2.14612, -10.80113, 5.05917], "size": [1.25, 1.75, 1.75], "inflate": -0.5, "pivot": [-1.1, -10, 7.25], "rotation": [22.7883, 12.1088, 97.72174], "uv": [44, 13]},
						{"origin": [-1.82821, -10.82386, 5.08656], "size": [1.25, 1.75, 1.75], "inflate": -0.5, "pivot": [-1.1, -10, 7.25], "rotation": [-26.04605, 11.47284, -32.87913], "uv": [44, 13]},
						{"origin": [-2.00346, -10.40941, 4.89915], "size": [1.25, 1.75, 1.75], "inflate": -0.5, "pivot": [-1.1, -10, 7.25], "rotation": [-4.05488, -2.72311, -105.18974], "uv": [44, 13]},
						{"origin": [-2.23741, -10.35665, 4.83883], "size": [1.25, 1.75, 1.75], "inflate": -0.5, "pivot": [-1.1, -10, 7.25], "rotation": [-5.23877, 34.04009, 13.56181], "uv": [44, 13]},
						{"origin": [-1.71342, -10.67663, 4.87248], "size": [1.25, 1.975, 1.75], "inflate": -0.5, "pivot": [-1.1, -10, 7.25], "rotation": [-22.80326, 26.38844, -38.31013], "uv": [44, 13]},
						{"origin": [-1.8051, -10.96799, 4.89324], "size": [1.25, 1.75, 1.75], "inflate": -0.5, "pivot": [-1.1, -10, 7.25], "rotation": [-24.13202, 3.94395, -79.10762], "uv": [44, 13]},
						{"origin": [-2.05437, -11.01609, 4.82808], "size": [1.25, 1.75, 1.75], "inflate": -0.5, "pivot": [-1.1, -10, 7.25], "rotation": [-2.76088, 36.55098, 55.56631], "uv": [44, 13]},
						{"origin": [-1.84819, -10.89439, 4.81666], "size": [1.25, 1.975, 1.75], "inflate": -0.5, "pivot": [-1.1, -10, 7.25], "rotation": [20.67341, 33.1326, 111.00738], "uv": [44, 13]},
						{"origin": [-2.17873, -10.61182, 4.82714], "size": [1.25, 1.75, 1.75], "inflate": -0.5, "pivot": [-1.1, -10, 7.25], "rotation": [27.23895, 10.22074, 153.24774], "uv": [44, 13]}
					]
				},
				{
					"name": "flower_13",
					"parent": "flower2",
					"pivot": [0.75, -9.75, 7.75],
					"rotation": [5, 5, 0],
					"cubes": [
						{"origin": [0, -10.5, 7.75], "size": [1.5, 1.5, 1], "pivot": [0.75, -9.75, 7.75], "rotation": [15, 15, 0], "uv": [5, 44]},
						{"origin": [0.14564, -11.25188, 8.63755], "size": [1.25, 1.975, 1.75], "inflate": -0.5, "pivot": [0.75, -9.75, 7.75], "rotation": [40.70637, -44.18433, 37.35017], "uv": [44, 13]},
						{"origin": [0.19521, -10.3428, 8.63755], "size": [1.25, 1.5, 1.75], "inflate": -0.5, "pivot": [0.75, -9.75, 7.75], "rotation": [-16.60724, -55.43993, 108.24695], "uv": [44, 13]},
						{"origin": [-0.22982, -11.00026, 8.81377], "size": [1.25, 1.75, 1.75], "inflate": -0.5, "pivot": [0.75, -9.75, 7.75], "rotation": [29.62009, -27.70644, 18.2229], "uv": [44, 13]},
						{"origin": [0.14365, -11.11209, 8.66793], "size": [1.25, 1.975, 1.75], "inflate": -0.5, "pivot": [0.75, -9.75, 7.75], "rotation": [22.7607, -23.91852, -22.60567], "uv": [44, 13]},
						{"origin": [-0.17816, -10.86861, 8.79213], "size": [1.25, 1.75, 1.75], "inflate": -0.5, "pivot": [0.75, -9.75, 7.75], "rotation": [7.25578, -13.84143, -43.91709], "uv": [44, 13]},
						{"origin": [0.09496, -10.24536, 8.66793], "size": [1.25, 1.5, 1.75], "inflate": -0.5, "pivot": [0.75, -9.75, 7.75], "rotation": [-2.48706, -32.46347, 28.00097], "uv": [44, 13]},
						{"origin": [0.15372, -11.27411, 8.62536], "size": [1.25, 1.975, 1.75], "inflate": -0.5, "pivot": [0.75, -9.75, 7.75], "rotation": [-3.02691, -25.45919, -76.77712], "uv": [44, 13]},
						{"origin": [-0.23086, -11.02675, 8.81156], "size": [1.25, 1.75, 1.75], "inflate": -0.5, "pivot": [0.75, -9.75, 7.75], "rotation": [-14.89051, -24.54398, -101.61862], "uv": [44, 13]},
						{"origin": [0.21665, -10.35281, 8.62536], "size": [1.25, 1.5, 1.75], "inflate": -0.5, "pivot": [0.75, -9.75, 7.75], "rotation": [-20.53172, -15.67913, -29.60407], "uv": [44, 13]},
						{"origin": [-0.12187, -10.23499, 8.551], "size": [1.25, 1.5, 1.75], "inflate": -0.5, "pivot": [0.75, -9.75, 7.75], "rotation": [-45.6769, -14.03675, -92.55338], "uv": [44, 13]},
						{"origin": [-0.25156, -10.72461, 8.60592], "size": [1.25, 1.75, 1.75], "inflate": -0.5, "pivot": [0.75, -9.75, 7.75], "rotation": [-26.00513, -47.22578, -164.45672], "uv": [44, 13]},
						{"origin": [-0.00234, -10.95143, 8.551], "size": [1.25, 1.975, 1.75], "inflate": -0.5, "pivot": [0.75, -9.75, 7.75], "rotation": [-25.22038, -41.47334, -133.80685], "uv": [44, 13]},
						{"origin": [-0.23708, -10.27999, 8.64454], "size": [1.25, 1.5, 1.75], "inflate": -0.5, "pivot": [0.75, -9.75, 7.75], "rotation": [-47.52758, -42.13107, -172.71271], "uv": [44, 13]},
						{"origin": [-0.11562, -10.90179, 8.64454], "size": [1.25, 1.975, 1.75], "inflate": -0.5, "pivot": [0.75, -9.75, 7.75], "rotation": [9.91695, -59.44546, 117.36529], "uv": [44, 13]},
						{"origin": [-0.33722, -10.60639, 8.6582], "size": [1.25, 1.75, 1.75], "inflate": -0.5, "pivot": [0.75, -9.75, 7.75], "rotation": [16.83849, -49.64888, 81.75893], "uv": [44, 13]},
						{"origin": [-0.14725, -10.75183, 8.40735], "size": [1.25, 1.75, 1.75], "inflate": -0.5, "pivot": [0.75, -9.75, 7.75], "rotation": [-3.73038, -34.76272, 161.85368], "uv": [44, 13]},
						{"origin": [0.03048, -10.59229, 8.42146], "size": [1.25, 1.975, 1.75], "inflate": -0.5, "pivot": [0.75, -9.75, 7.75], "rotation": [-22.58912, -27.81488, -145.51968], "uv": [44, 13]},
						{"origin": [0.27301, -10.61484, 8.18761], "size": [1.25, 1.75, 1.75], "inflate": -0.5, "pivot": [0.75, -9.75, 7.75], "rotation": [-18.44852, -1.89257, -99.90819], "uv": [44, 13]},
						{"origin": [0.11407, -10.6527, 8.20901], "size": [1.25, 1.75, 1.75], "inflate": -0.5, "pivot": [0.75, -9.75, 7.75], "rotation": [-2.9179, -34.19263, 133.55241], "uv": [44, 13]},
						{"origin": [0.15259, -10.51514, 8.18313], "size": [1.25, 1.75, 1.75], "inflate": -0.5, "pivot": [0.75, -9.75, 7.75], "rotation": [18.7542, -4.30953, 8.03331], "uv": [44, 13]},
						{"origin": [-0.3453, -10.30351, 8.42108], "size": [1.25, 1.75, 1.75], "inflate": -0.5, "pivot": [0.75, -9.75, 7.75], "rotation": [-24.92389, -5.14727, -104.56186], "uv": [44, 13]},
						{"origin": [-0.47796, -10.31298, 8.45965], "size": [1.25, 1.75, 1.75], "inflate": -0.5, "pivot": [0.75, -9.75, 7.75], "rotation": [11.99488, -4.70393, 11.24293], "uv": [44, 13]},
						{"origin": [-0.06518, -10.50034, 8.46109], "size": [1.25, 1.975, 1.75], "inflate": -0.5, "pivot": [0.75, -9.75, 7.75], "rotation": [4.73604, -1.91724, -33.75441], "uv": [44, 13]},
						{"origin": [-0.14988, -10.6143, 8.42334], "size": [1.25, 1.75, 1.75], "inflate": -0.5, "pivot": [0.75, -9.75, 7.75], "rotation": [-5.29323, 1.98816, -78.59341], "uv": [44, 13]},
						{"origin": [-0.32641, -10.60829, 8.47393], "size": [1.25, 1.75, 1.75], "inflate": -0.5, "pivot": [0.75, -9.75, 7.75], "rotation": [28.27424, -16.77591, 43.7903], "uv": [44, 13]},
						{"origin": [-0.18798, -10.62719, 8.51196], "size": [1.25, 1.975, 1.75], "inflate": -0.5, "pivot": [0.75, -9.75, 7.75], "rotation": [15.98151, -38.56861, 89.02474], "uv": [44, 13]},
						{"origin": [-0.4751, -10.49567, 8.47908], "size": [1.25, 1.75, 1.75], "inflate": -0.5, "pivot": [0.75, -9.75, 7.75], "rotation": [-11.00667, -36.37474, 146.61975], "uv": [44, 13]}
					]
				},
				{
					"name": "flower_14",
					"parent": "flower2",
					"pivot": [-0.775, -11.5, 8],
					"rotation": [0, 0, 0],
					"cubes": [
						{"origin": [-1.525, -12.25, 8], "size": [1.5, 1.5, 1], "pivot": [-0.775, -11.5, 8], "rotation": [-15, -15, 0], "uv": [5, 44]},
						{"origin": [-1.1387, -12.96809, 8.7359], "size": [1.25, 1.975, 1.75], "inflate": -0.5, "pivot": [-0.775, -11.5, 8], "rotation": [-9.01521, -39.05589, 71.21611], "uv": [44, 13]},
						{"origin": [-1.18351, -11.89873, 8.7359], "size": [1.25, 1.5, 1.75], "inflate": -0.5, "pivot": [-0.775, -11.5, 8], "rotation": [-34.72622, -21.06899, 119.66841], "uv": [44, 13]},
						{"origin": [-1.37541, -12.81443, 8.82605], "size": [1.25, 1.975, 1.75], "inflate": -0.5, "pivot": [-0.775, -11.5, 8], "rotation": [11.8585, -52.39509, -25.02863], "uv": [44, 13]},
						{"origin": [-1.45954, -11.95746, 8.82605], "size": [1.25, 1.5, 1.75], "inflate": -0.5, "pivot": [-0.775, -11.5, 8], "rotation": [-38.29385, -40.45606, 40.40297], "uv": [44, 13]},
						{"origin": [-1.08614, -12.54284, 8.65454], "size": [1.25, 1.975, 1.75], "inflate": -0.5, "pivot": [-0.775, -11.5, 8], "rotation": [34.87614, -52.45321, -115.7714], "uv": [44, 13]},
						{"origin": [-1.44703, -11.56087, 8.65454], "size": [1.25, 1.5, 1.75], "inflate": -0.5, "pivot": [-0.775, -11.5, 8], "rotation": [-32.15041, -53.80717, -36.54128], "uv": [44, 13]},
						{"origin": [-1.38112, -11.8583, 8.59626], "size": [1.25, 1.5, 1.75], "inflate": -0.5, "pivot": [-0.775, -11.5, 8], "rotation": [10.55307, -36.52381, -136.35534], "uv": [44, 13]},
						{"origin": [-1.24984, -12.79976, 8.59626], "size": [1.25, 1.975, 1.75], "inflate": -0.5, "pivot": [-0.775, -11.5, 8], "rotation": [33.6012, -18.46763, 176.51558], "uv": [44, 13]},
						{"origin": [-1.55878, -12.21479, 8.72894], "size": [1.25, 1.5, 1.75], "inflate": -0.5, "pivot": [-0.775, -11.5, 8], "rotation": [-5.53218, -8.83059, 164.44746], "uv": [44, 13]},
						{"origin": [-1.62755, -12.92622, 8.72894], "size": [1.25, 1.975, 1.75], "inflate": -0.5, "pivot": [-0.775, -11.5, 8], "rotation": [2.39809, -10.13166, 118.80735], "uv": [44, 13]},
						{"origin": [-1.54254, -12.70711, 8.59791], "size": [1.25, 1.75, 1.75], "inflate": -0.5, "pivot": [-0.775, -11.5, 8], "rotation": [14.58944, 3.74042, 156.62326], "uv": [44, 13]},
						{"origin": [-1.26714, -12.38621, 8.57728], "size": [1.25, 1.975, 1.75], "inflate": -0.5, "pivot": [-0.775, -11.5, 8], "rotation": [20.52686, -14.32848, -161.79984], "uv": [44, 13]},
						{"origin": [-1.44243, -12.33007, 8.42943], "size": [1.25, 1.75, 1.75], "inflate": -0.5, "pivot": [-0.775, -11.5, 8], "rotation": [19.66222, 1.92807, -147.85044], "uv": [44, 13]},
						{"origin": [-1.61039, -12.30113, 8.44171], "size": [1.25, 1.75, 1.75], "inflate": -0.5, "pivot": [-0.775, -11.5, 8], "rotation": [-20.29846, 10.23167, 92.39839], "uv": [44, 13]},
						{"origin": [-1.22267, -12.24078, 8.36277], "size": [1.25, 1.75, 1.75], "inflate": -0.5, "pivot": [-0.775, -11.5, 8], "rotation": [-7.45994, -35.71643, -22.80692], "uv": [44, 13]},
						{"origin": [-1.67846, -11.90941, 8.60085], "size": [1.25, 1.75, 1.75], "inflate": -0.5, "pivot": [-0.775, -11.5, 8], "rotation": [14.11224, -24.5336, -115.08668], "uv": [44, 13]},
						{"origin": [-1.91241, -11.85665, 8.66117], "size": [1.25, 1.75, 1.75], "inflate": -0.5, "pivot": [-0.775, -11.5, 8], "rotation": [-26.54968, -25.02009, 21.65475], "uv": [44, 13]},
						{"origin": [-1.38842, -12.17663, 8.62752], "size": [1.25, 1.975, 1.75], "inflate": -0.5, "pivot": [-0.775, -11.5, 8], "rotation": [-6.4673, -42.89376, -29.18364], "uv": [44, 13]},
						{"origin": [-1.4801, -12.46799, 8.60676], "size": [1.25, 1.75, 1.75], "inflate": -0.5, "pivot": [-0.775, -11.5, 8], "rotation": [20.15624, -32.65885, -85.75271], "uv": [44, 13]},
						{"origin": [-1.72937, -12.51609, 8.67192], "size": [1.25, 1.75, 1.75], "inflate": -0.5, "pivot": [-0.775, -11.5, 8], "rotation": [-15.17846, -12.4926, 55.29609], "uv": [44, 13]},
						{"origin": [-1.52319, -12.39439, 8.68334], "size": [1.25, 1.975, 1.75], "inflate": -0.5, "pivot": [-0.775, -11.5, 8], "rotation": [-12.48346, -5.20075, 100.29812], "uv": [44, 13]},
						{"origin": [-1.85373, -12.11182, 8.67286], "size": [1.25, 1.75, 1.75], "inflate": -0.5, "pivot": [-0.775, -11.5, 8], "rotation": [-2.54218, 5.05553, 144.17301], "uv": [44, 13]}
					]
				},
				{
					"name": "flower_15",
					"parent": "flower2",
					"pivot": [0.85, -11.95, 7.75],
					"rotation": [-5, 5, 0],
					"cubes": [
						{"origin": [0.1, -12.7, 7.75], "size": [1.5, 1.5, 1], "pivot": [0.85, -11.95, 7.75], "rotation": [-30, 15, -37.5], "uv": [5, 44]},
						{"origin": [0.47174, -13.46258, 8.57704], "size": [1.25, 1.975, 1.75], "inflate": -0.5, "pivot": [0.85, -11.95, 7.75], "rotation": [14.9001, -14.45978, 39.81964], "uv": [44, 13]},
						{"origin": [0.46266, -12.39048, 8.57704], "size": [1.25, 1.5, 1.75], "inflate": -0.5, "pivot": [0.85, -11.95, 7.75], "rotation": [-0.03078, -20.64807, 86.72601], "uv": [44, 13]},
						{"origin": [0.18924, -13.50847, 8.61397], "size": [1.25, 1.975, 1.75], "inflate": -0.5, "pivot": [0.85, -11.95, 7.75], "rotation": [-12.26984, -22.73817, -28.21617], "uv": [44, 13]},
						{"origin": [0.29535, -12.6227, 8.61397], "size": [1.25, 1.5, 1.75], "inflate": -0.5, "pivot": [0.85, -11.95, 7.75], "rotation": [-24.56299, -7.74236, 15.99553], "uv": [44, 13]},
						{"origin": [0.41197, -13.00207, 8.47873], "size": [1.25, 1.975, 1.75], "inflate": -0.5, "pivot": [0.85, -11.95, 7.75], "rotation": [-46.04019, -63.28469, -75.99747], "uv": [44, 13]},
						{"origin": [0.09476, -12.10713, 8.47873], "size": [1.25, 1.5, 1.75], "inflate": -0.5, "pivot": [0.85, -11.95, 7.75], "rotation": [-70.06558, -23.75344, -43.56742], "uv": [44, 13]},
						{"origin": [0.1196, -12.34968, 8.40656], "size": [1.25, 1.5, 1.75], "inflate": -0.5, "pivot": [0.85, -11.95, 7.75], "rotation": [-45.76557, -58.25891, -118.58031], "uv": [44, 13]},
						{"origin": [0.25802, -13.19115, 8.40656], "size": [1.25, 1.975, 1.75], "inflate": -0.5, "pivot": [0.85, -11.95, 7.75], "rotation": [42.37493, -60.21316, 144.61453], "uv": [44, 13]},
						{"origin": [0.04764, -12.72056, 8.5361], "size": [1.25, 1.5, 1.75], "inflate": -0.5, "pivot": [0.85, -11.95, 7.75], "rotation": [22.0038, -33.79017, 115.52045], "uv": [44, 13]},
						{"origin": [-0.05512, -13.40251, 8.5361], "size": [1.25, 1.975, 1.75], "inflate": -0.5, "pivot": [0.85, -11.95, 7.75], "rotation": [38.52367, -9.96702, 73.7885], "uv": [44, 13]},
						{"origin": [0.08246, -13.15711, 8.34791], "size": [1.25, 1.75, 1.75], "inflate": -0.5, "pivot": [0.85, -11.95, 7.75], "rotation": [40.98161, -17.26387, 115.90664], "uv": [44, 13]},
						{"origin": [0.35786, -12.83621, 8.32728], "size": [1.25, 1.975, 1.75], "inflate": -0.5, "pivot": [0.85, -11.95, 7.75], "rotation": [27.6358, -47.26343, 156.90134], "uv": [44, 13]},
						{"origin": [0.18257, -12.78007, 8.17943], "size": [1.25, 1.75, 1.75], "inflate": -0.5, "pivot": [0.85, -11.95, 7.75], "rotation": [16.31348, -31.38411, 175.53843], "uv": [44, 13]},
						{"origin": [0.01461, -12.75113, 8.19171], "size": [1.25, 1.75, 1.75], "inflate": -0.5, "pivot": [0.85, -11.95, 7.75], "rotation": [12.43271, 21.94723, 64.25257], "uv": [44, 13]},
						{"origin": [0.40233, -12.69078, 8.11277], "size": [1.25, 1.75, 1.75], "inflate": -0.5, "pivot": [0.85, -11.95, 7.75], "rotation": [-32.89285, -11.41074, -49.76227], "uv": [44, 13]},
						{"origin": [-0.05346, -12.35941, 8.35085], "size": [1.25, 1.75, 1.75], "inflate": -0.5, "pivot": [0.85, -11.95, 7.75], "rotation": [-16.27226, -47.89704, -133.97844], "uv": [44, 13]},
						{"origin": [-0.28741, -12.30665, 8.41117], "size": [1.25, 1.75, 1.75], "inflate": -0.5, "pivot": [0.85, -11.95, 7.75], "rotation": [-29.50376, 8.31977, -15.39734], "uv": [44, 13]},
						{"origin": [0.23658, -12.62663, 8.37752], "size": [1.25, 1.975, 1.75], "inflate": -0.5, "pivot": [0.85, -11.95, 7.75], "rotation": [-35.64008, -20.04515, -50.90227], "uv": [44, 13]},
						{"origin": [0.1449, -12.91799, 8.35676], "size": [1.25, 1.75, 1.75], "inflate": -0.5, "pivot": [0.85, -11.95, 7.75], "rotation": [-20.73187, -39.00839, -98.59436], "uv": [44, 13]},
						{"origin": [-0.10437, -12.96609, 8.42192], "size": [1.25, 1.75, 1.75], "inflate": -0.5, "pivot": [0.85, -11.95, 7.75], "rotation": [0.7099, 17.06145, 18.45529], "uv": [44, 13]},
						{"origin": [0.10181, -12.84439, 8.43334], "size": [1.25, 1.975, 1.75], "inflate": -0.5, "pivot": [0.85, -11.95, 7.75], "rotation": [19.52434, 4.69434, 62.65233], "uv": [44, 13]},
						{"origin": [-0.22873, -12.56182, 8.42286], "size": [1.25, 1.75, 1.75], "inflate": -0.5, "pivot": [0.85, -11.95, 7.75], "rotation": [27.34591, -10.23337, 105.27918], "uv": [44, 13]}
					]
				},
				{
					"name": "flower_16",
					"parent": "flower2",
					"pivot": [-1.1, -10, 7.75],
					"rotation": [5, -5, 0],
					"cubes": [
						{"origin": [-1.85, -10.75, 7.75], "size": [1.5, 1.5, 1], "pivot": [-1.1, -10, 7.75], "rotation": [15, -15, 0], "uv": [5, 44]},
						{"origin": [-1.4637, -11.46809, 8.4859], "size": [1.25, 1.975, 1.75], "inflate": -0.5, "pivot": [-1.1, -10, 7.75], "rotation": [8.82951, -66.17092, 64.52618], "uv": [44, 13]},
						{"origin": [-1.50851, -10.39873, 8.4859], "size": [1.25, 1.5, 1.75], "inflate": -0.5, "pivot": [-1.1, -10, 7.75], "rotation": [-56.49216, -43.68391, 139.58973], "uv": [44, 13]},
						{"origin": [-1.70041, -11.31443, 8.57605], "size": [1.25, 1.975, 1.75], "inflate": -0.5, "pivot": [-1.1, -10, 7.75], "rotation": [45.7803, -35.94747, -41.33179], "uv": [44, 13]},
						{"origin": [-1.78454, -10.45746, 8.57605], "size": [1.25, 1.5, 1.75], "inflate": -0.5, "pivot": [-1.1, -10, 7.75], "rotation": [-0.49214, -55.62449, 19.52656], "uv": [44, 13]},
						{"origin": [-1.41114, -11.04284, 8.40454], "size": [1.25, 1.975, 1.75], "inflate": -0.5, "pivot": [-1.1, -10, 7.75], "rotation": [23.44867, -24.82366, -100.47492], "uv": [44, 13]},
						{"origin": [-1.77203, -10.06087, 8.40454], "size": [1.25, 1.5, 1.75], "inflate": -0.5, "pivot": [-1.1, -10, 7.75], "rotation": [-2.85216, -33.52093, -49.38557], "uv": [44, 13]},
						{"origin": [-1.70612, -10.3583, 8.34626], "size": [1.25, 1.5, 1.75], "inflate": -0.5, "pivot": [-1.1, -10, 7.75], "rotation": [-9.05858, -13.49823, -119.89136], "uv": [44, 13]},
						{"origin": [-1.57484, -11.29976, 8.34626], "size": [1.25, 1.975, 1.75], "inflate": -0.5, "pivot": [-1.1, -10, 7.75], "rotation": [3.38487, -15.86098, -166.43724], "uv": [44, 13]},
						{"origin": [-1.88378, -10.71479, 8.47894], "size": [1.25, 1.5, 1.75], "inflate": -0.5, "pivot": [-1.1, -10, 7.75], "rotation": [-34.70014, -13.32047, 178.10882], "uv": [44, 13]},
						{"origin": [-1.95255, -11.42622, 8.47894], "size": [1.25, 1.975, 1.75], "inflate": -0.5, "pivot": [-1.1, -10, 7.75], "rotation": [-15.95991, -33.68514, 133.79028], "uv": [44, 13]},
						{"origin": [-1.86754, -11.20711, 8.34791], "size": [1.25, 1.75, 1.75], "inflate": -0.5, "pivot": [-1.1, -10, 7.75], "rotation": [-12.73781, -5.93839, 165.09372], "uv": [44, 13]},
						{"origin": [-1.59214, -10.88621, 8.32728], "size": [1.25, 1.975, 1.75], "inflate": -0.5, "pivot": [-1.1, -10, 7.75], "rotation": [-6.13286, -2.26735, -149.92683], "uv": [44, 13]},
						{"origin": [-2.07413, -10.74369, 8.19853], "size": [1.25, 1.75, 1.75], "inflate": -0.5, "pivot": [-1.1, -10, 7.75], "rotation": [-9.22954, 30.03244, -142.82595], "uv": [44, 13]},
						{"origin": [-2.14612, -10.80113, 8.19083], "size": [1.25, 1.75, 1.75], "inflate": -0.5, "pivot": [-1.1, -10, 7.75], "rotation": [-22.7883, -12.1088, 97.72174], "uv": [44, 13]},
						{"origin": [-1.82821, -10.82386, 8.16344], "size": [1.25, 1.75, 1.75], "inflate": -0.5, "pivot": [-1.1, -10, 7.75], "rotation": [26.04605, -11.47284, -32.87913], "uv": [44, 13]},
						{"origin": [-2.00346, -10.40941, 8.35085], "size": [1.25, 1.75, 1.75], "inflate": -0.5, "pivot": [-1.1, -10, 7.75], "rotation": [4.05488, 2.72311, -105.18974], "uv": [44, 13]},
						{"origin": [-2.23741, -10.35665, 8.41117], "size": [1.25, 1.75, 1.75], "inflate": -0.5, "pivot": [-1.1, -10, 7.75], "rotation": [5.23877, -34.04009, 13.56181], "uv": [44, 13]},
						{"origin": [-1.71342, -10.67663, 8.37752], "size": [1.25, 1.975, 1.75], "inflate": -0.5, "pivot": [-1.1, -10, 7.75], "rotation": [22.80326, -26.38844, -38.31013], "uv": [44, 13]},
						{"origin": [-1.8051, -10.96799, 8.35676], "size": [1.25, 1.75, 1.75], "inflate": -0.5, "pivot": [-1.1, -10, 7.75], "rotation": [24.13202, -3.94395, -79.10762], "uv": [44, 13]},
						{"origin": [-2.05437, -11.01609, 8.42192], "size": [1.25, 1.75, 1.75], "inflate": -0.5, "pivot": [-1.1, -10, 7.75], "rotation": [2.76088, -36.55098, 55.56631], "uv": [44, 13]},
						{"origin": [-1.84819, -10.89439, 8.43334], "size": [1.25, 1.975, 1.75], "inflate": -0.5, "pivot": [-1.1, -10, 7.75], "rotation": [-20.67341, -33.1326, 111.00738], "uv": [44, 13]},
						{"origin": [-2.17873, -10.61182, 8.42286], "size": [1.25, 1.75, 1.75], "inflate": -0.5, "pivot": [-1.1, -10, 7.75], "rotation": [-27.23895, -10.22074, 153.24774], "uv": [44, 13]}
					]
				},
				{
					"name": "leaf_13",
					"parent": "flower2",
					"pivot": [0, -9.5, 6.25],
					"rotation": [5, 0, 147.5],
					"cubes": [
						{"origin": [-1.25, -12, 5.5], "size": [1.5, 1.5, 1.25], "inflate": -0.5, "pivot": [0, -10.75, 6.25], "rotation": [0, 0, -45], "uv": [34, 44], "mirror": true},
						{"origin": [-0.75, -11.7, 5.49375], "size": [1.5, 3, 1.2625], "inflate": -0.5, "uv": [0, 39], "mirror": true},
						{"origin": [-1.85355, -11.95711, 5.4877], "size": [2, 1.4, 1.271], "inflate": -0.5, "pivot": [-0.35355, -11.45711, 6.25], "rotation": [0, 0, 75], "uv": [38, 26]},
						{"origin": [-1.86237, -10.99118, 5.5], "size": [1.75, 1.25, 1.25], "inflate": -0.5, "pivot": [-0.61237, -10.49118, 6.25], "rotation": [0, 0, 135], "uv": [39, 44]},
						{"origin": [0.11237, -10.99118, 5.5], "size": [1.75, 1.25, 1.25], "inflate": -0.5, "pivot": [0.61237, -10.49118, 6.25], "rotation": [0, 0, -135], "uv": [44, 44], "mirror": true},
						{"origin": [-0.14645, -11.95711, 5.4875], "size": [2, 1.4, 1.275], "inflate": -0.5, "pivot": [0.35355, -11.45711, 6.25], "rotation": [0, 0, -75], "uv": [24, 39], "mirror": true}
					]
				},
				{
					"name": "leaf_14",
					"parent": "flower2",
					"pivot": [-0.25, -12, 6.5],
					"rotation": [-7.5, 10, 37.5],
					"cubes": [
						{"origin": [-1.5, -14.5, 5.75], "size": [1.5, 1.5, 1.25], "inflate": -0.5, "pivot": [-0.25, -13.25, 6.5], "rotation": [0, 0, -45], "uv": [34, 44], "mirror": true},
						{"origin": [-1, -14.2, 5.74375], "size": [1.5, 3, 1.2625], "inflate": -0.5, "uv": [0, 39], "mirror": true},
						{"origin": [-2.10355, -14.45711, 5.7377], "size": [2, 1.4, 1.271], "inflate": -0.5, "pivot": [-0.60355, -13.95711, 6.5], "rotation": [0, 0, 75], "uv": [38, 26]},
						{"origin": [-2.11237, -13.49118, 5.75], "size": [1.75, 1.25, 1.25], "inflate": -0.5, "pivot": [-0.86237, -12.99118, 6.5], "rotation": [0, 0, 135], "uv": [39, 44]},
						{"origin": [-0.13763, -13.49118, 5.75], "size": [1.75, 1.25, 1.25], "inflate": -0.5, "pivot": [0.36237, -12.99118, 6.5], "rotation": [0, 0, -135], "uv": [44, 44], "mirror": true},
						{"origin": [-0.39645, -14.45711, 5.7375], "size": [2, 1.4, 1.275], "inflate": -0.5, "pivot": [0.10355, -13.95711, 6.5], "rotation": [0, 0, -75], "uv": [24, 39], "mirror": true}
					]
				},
				{
					"name": "leaf_15",
					"parent": "flower2",
					"pivot": [2, -11, 6.5],
					"rotation": [-10, -25, -102.5],
					"cubes": [
						{"origin": [1.75, -13.5, 5.75], "size": [1.5, 1.5, 1.25], "inflate": -0.5, "pivot": [2, -12.25, 6.5], "rotation": [0, 0, 45], "uv": [34, 44]},
						{"origin": [1.25, -13.2, 5.74375], "size": [1.5, 3.25, 1.2625], "inflate": -0.5, "uv": [0, 39]},
						{"origin": [1.85355, -13.45711, 5.7377], "size": [2.275, 1.45, 1.271], "inflate": -0.5, "pivot": [2.35355, -12.95711, 6.5], "rotation": [0, 0, -75], "uv": [38, 26], "mirror": true},
						{"origin": [2.18737, -12.21618, 5.75], "size": [1.75, 1.25, 1.25], "inflate": -0.5, "pivot": [2.68737, -11.71618, 6.5], "rotation": [0, 0, -135], "uv": [39, 44], "mirror": true},
						{"origin": [0.06263, -12.21618, 5.75], "size": [1.75, 1.25, 1.25], "inflate": -0.5, "pivot": [1.31263, -11.71618, 6.5], "rotation": [0, 0, 135], "uv": [44, 44]},
						{"origin": [-0.12855, -13.45711, 5.7375], "size": [2.275, 1.45, 1.275], "inflate": -0.5, "pivot": [1.64645, -12.95711, 6.5], "rotation": [0, 0, 75], "uv": [24, 39]}
					]
				},
				{
					"name": "leaf_16",
					"parent": "flower2",
					"pivot": [0.5, -12.75, 6.75],
					"rotation": [-10, -10, -35],
					"cubes": [
						{"origin": [0.25, -15.25, 6], "size": [1.5, 1.5, 1.25], "inflate": -0.5, "pivot": [0.5, -14, 6.75], "rotation": [0, 0, 45], "uv": [34, 44]},
						{"origin": [-0.25, -14.95, 5.99375], "size": [1.5, 2.25, 1.2625], "inflate": -0.5, "uv": [40, 9]},
						{"origin": [0.35355, -15.20711, 5.9877], "size": [2, 1.4, 1.271], "inflate": -0.5, "pivot": [0.85355, -14.70711, 6.75], "rotation": [0, 0, -75], "uv": [38, 26], "mirror": true},
						{"origin": [0.61237, -14.24118, 6], "size": [1.75, 1.25, 1.25], "inflate": -0.5, "pivot": [1.11237, -13.74118, 6.75], "rotation": [0, 0, -135], "uv": [39, 44], "mirror": true},
						{"origin": [-1.36237, -14.24118, 6], "size": [1.75, 1.25, 1.25], "inflate": -0.5, "pivot": [-0.11237, -13.74118, 6.75], "rotation": [0, 0, 135], "uv": [44, 44]},
						{"origin": [-1.35355, -15.20711, 5.9875], "size": [2, 1.4, 1.275], "inflate": -0.5, "pivot": [0.14645, -14.70711, 6.75], "rotation": [0, 0, 75], "uv": [24, 39]}
					]
				},
				{
					"name": "leaf_17",
					"parent": "flower2",
					"pivot": [-2, -10.6, 6.5],
					"rotation": [-10, 10, 80],
					"cubes": [
						{"origin": [-2.25, -13.1, 5.75], "size": [1.5, 1.5, 1.25], "inflate": -0.5, "pivot": [-2, -11.85, 6.5], "rotation": [0, 0, 45], "uv": [34, 44]},
						{"origin": [-2.75, -12.8, 5.74375], "size": [1.5, 3.25, 1.2625], "inflate": -0.5, "uv": [0, 39]},
						{"origin": [-2.14645, -13.05711, 5.7377], "size": [2.275, 1.45, 1.271], "inflate": -0.5, "pivot": [-1.64645, -12.55711, 6.5], "rotation": [0, 0, -75], "uv": [38, 26], "mirror": true},
						{"origin": [-1.81263, -11.81618, 5.75], "size": [1.75, 1.25, 1.25], "inflate": -0.5, "pivot": [-1.31263, -11.31618, 6.5], "rotation": [0, 0, -135], "uv": [39, 44], "mirror": true},
						{"origin": [-3.93737, -11.81618, 5.75], "size": [1.75, 1.25, 1.25], "inflate": -0.5, "pivot": [-2.68737, -11.31618, 6.5], "rotation": [0, 0, 135], "uv": [44, 44]},
						{"origin": [-4.12855, -13.05711, 5.7375], "size": [2.275, 1.45, 1.275], "inflate": -0.5, "pivot": [-2.35355, -12.55711, 6.5], "rotation": [0, 0, 75], "uv": [24, 39]}
					]
				},
				{
					"name": "leaf_18",
					"parent": "flower2",
					"pivot": [2, -10.5, 7],
					"rotation": [-10, -32.5, -137.5],
					"cubes": [
						{"origin": [1.75, -13, 6.25], "size": [1.5, 1.5, 1.25], "inflate": -0.5, "pivot": [2, -11.75, 7], "rotation": [0, 0, 45], "uv": [34, 44]},
						{"origin": [1.25, -12.7, 6.24375], "size": [1.5, 3, 1.2625], "inflate": -0.5, "uv": [0, 39]},
						{"origin": [1.85355, -12.95711, 6.2377], "size": [2, 1.4, 1.271], "inflate": -0.5, "pivot": [2.35355, -12.45711, 7], "rotation": [0, 0, -75], "uv": [38, 26], "mirror": true},
						{"origin": [2.11237, -11.99118, 6.25], "size": [1.75, 1.25, 1.25], "inflate": -0.5, "pivot": [2.61237, -11.49118, 7], "rotation": [0, 0, -135], "uv": [39, 44], "mirror": true},
						{"origin": [0.13763, -11.99118, 6.25], "size": [1.75, 1.25, 1.25], "inflate": -0.5, "pivot": [1.38763, -11.49118, 7], "rotation": [0, 0, 135], "uv": [44, 44]},
						{"origin": [0.14645, -12.95711, 6.2375], "size": [2, 1.4, 1.275], "inflate": -0.5, "pivot": [1.64645, -12.45711, 7], "rotation": [0, 0, 75], "uv": [24, 39]}
					]
				},
				{
					"name": "leaf_19",
					"parent": "flower2",
					"pivot": [0, -9.5, 8.75],
					"rotation": [-5, 0, 147.5],
					"cubes": [
						{"origin": [-1.25, -12, 8.25], "size": [1.5, 1.5, 1.25], "inflate": -0.5, "pivot": [0, -10.75, 8.75], "rotation": [0, 0, -45], "uv": [34, 44], "mirror": true},
						{"origin": [-0.75, -11.7, 8.24375], "size": [1.5, 3, 1.2625], "inflate": -0.5, "uv": [0, 39], "mirror": true},
						{"origin": [-1.85355, -11.95711, 8.2413], "size": [2, 1.4, 1.271], "inflate": -0.5, "pivot": [-0.35355, -11.45711, 8.75], "rotation": [0, 0, 75], "uv": [38, 26]},
						{"origin": [-1.86237, -10.99118, 8.25], "size": [1.75, 1.25, 1.25], "inflate": -0.5, "pivot": [-0.61237, -10.49118, 8.75], "rotation": [0, 0, 135], "uv": [39, 44]},
						{"origin": [0.11237, -10.99118, 8.25], "size": [1.75, 1.25, 1.25], "inflate": -0.5, "pivot": [0.61237, -10.49118, 8.75], "rotation": [0, 0, -135], "uv": [44, 44], "mirror": true},
						{"origin": [-0.14645, -11.95711, 8.2375], "size": [2, 1.4, 1.275], "inflate": -0.5, "pivot": [0.35355, -11.45711, 8.75], "rotation": [0, 0, -75], "uv": [24, 39], "mirror": true}
					]
				},
				{
					"name": "leaf_20",
					"parent": "flower2",
					"pivot": [-0.25, -12, 8.5],
					"rotation": [7.5, -10, 37.5],
					"cubes": [
						{"origin": [-1.5, -14.5, 8], "size": [1.5, 1.5, 1.25], "inflate": -0.5, "pivot": [-0.25, -13.25, 8.5], "rotation": [0, 0, -45], "uv": [34, 44], "mirror": true},
						{"origin": [-1, -14.2, 7.99375], "size": [1.5, 3, 1.2625], "inflate": -0.5, "uv": [0, 39], "mirror": true},
						{"origin": [-2.10355, -14.45711, 7.9913], "size": [2, 1.4, 1.271], "inflate": -0.5, "pivot": [-0.60355, -13.95711, 8.5], "rotation": [0, 0, 75], "uv": [38, 26]},
						{"origin": [-2.11237, -13.49118, 8], "size": [1.75, 1.25, 1.25], "inflate": -0.5, "pivot": [-0.86237, -12.99118, 8.5], "rotation": [0, 0, 135], "uv": [39, 44]},
						{"origin": [-0.13763, -13.49118, 8], "size": [1.75, 1.25, 1.25], "inflate": -0.5, "pivot": [0.36237, -12.99118, 8.5], "rotation": [0, 0, -135], "uv": [44, 44], "mirror": true},
						{"origin": [-0.39645, -14.45711, 7.9875], "size": [2, 1.4, 1.275], "inflate": -0.5, "pivot": [0.10355, -13.95711, 8.5], "rotation": [0, 0, -75], "uv": [24, 39], "mirror": true}
					]
				},
				{
					"name": "leaf_21",
					"parent": "flower2",
					"pivot": [2, -11, 8.5],
					"rotation": [10, 25, -102.5],
					"cubes": [
						{"origin": [1.75, -13.5, 8], "size": [1.5, 1.5, 1.25], "inflate": -0.5, "pivot": [2, -12.25, 8.5], "rotation": [0, 0, 45], "uv": [34, 44]},
						{"origin": [1.25, -13.2, 7.99375], "size": [1.5, 3.25, 1.2625], "inflate": -0.5, "uv": [0, 39]},
						{"origin": [1.85355, -13.45711, 7.9913], "size": [2.275, 1.45, 1.271], "inflate": -0.5, "pivot": [2.35355, -12.95711, 8.5], "rotation": [0, 0, -75], "uv": [38, 26], "mirror": true},
						{"origin": [2.18737, -12.21618, 8], "size": [1.75, 1.25, 1.25], "inflate": -0.5, "pivot": [2.68737, -11.71618, 8.5], "rotation": [0, 0, -135], "uv": [39, 44], "mirror": true},
						{"origin": [0.06263, -12.21618, 8], "size": [1.75, 1.25, 1.25], "inflate": -0.5, "pivot": [1.31263, -11.71618, 8.5], "rotation": [0, 0, 135], "uv": [44, 44]},
						{"origin": [-0.12855, -13.45711, 7.9875], "size": [2.275, 1.45, 1.275], "inflate": -0.5, "pivot": [1.64645, -12.95711, 8.5], "rotation": [0, 0, 75], "uv": [24, 39]}
					]
				},
				{
					"name": "leaf_22",
					"parent": "flower2",
					"pivot": [0.5, -12.75, 8.25],
					"rotation": [10, 10, -35],
					"cubes": [
						{"origin": [0.25, -15.25, 7.75], "size": [1.5, 1.5, 1.25], "inflate": -0.5, "pivot": [0.5, -14, 8.25], "rotation": [0, 0, 45], "uv": [34, 44]},
						{"origin": [-0.25, -14.95, 7.74375], "size": [1.5, 2.25, 1.2625], "inflate": -0.5, "uv": [40, 9]},
						{"origin": [0.35355, -15.20711, 7.7413], "size": [2, 1.4, 1.271], "inflate": -0.5, "pivot": [0.85355, -14.70711, 8.25], "rotation": [0, 0, -75], "uv": [38, 26], "mirror": true},
						{"origin": [0.61237, -14.24118, 7.75], "size": [1.75, 1.25, 1.25], "inflate": -0.5, "pivot": [1.11237, -13.74118, 8.25], "rotation": [0, 0, -135], "uv": [39, 44], "mirror": true},
						{"origin": [-1.36237, -14.24118, 7.75], "size": [1.75, 1.25, 1.25], "inflate": -0.5, "pivot": [-0.11237, -13.74118, 8.25], "rotation": [0, 0, 135], "uv": [44, 44]},
						{"origin": [-1.35355, -15.20711, 7.7375], "size": [2, 1.4, 1.275], "inflate": -0.5, "pivot": [0.14645, -14.70711, 8.25], "rotation": [0, 0, 75], "uv": [24, 39]}
					]
				},
				{
					"name": "leaf_23",
					"parent": "flower2",
					"pivot": [-2, -10.6, 8.5],
					"rotation": [10, -10, 80],
					"cubes": [
						{"origin": [-2.25, -13.1, 8], "size": [1.5, 1.5, 1.25], "inflate": -0.5, "pivot": [-2, -11.85, 8.5], "rotation": [0, 0, 45], "uv": [34, 44]},
						{"origin": [-2.75, -12.8, 7.99375], "size": [1.5, 3.25, 1.2625], "inflate": -0.5, "uv": [0, 39]},
						{"origin": [-2.14645, -13.05711, 7.9913], "size": [2.275, 1.45, 1.271], "inflate": -0.5, "pivot": [-1.64645, -12.55711, 8.5], "rotation": [0, 0, -75], "uv": [38, 26], "mirror": true},
						{"origin": [-1.81263, -11.81618, 8], "size": [1.75, 1.25, 1.25], "inflate": -0.5, "pivot": [-1.31263, -11.31618, 8.5], "rotation": [0, 0, -135], "uv": [39, 44], "mirror": true},
						{"origin": [-3.93737, -11.81618, 8], "size": [1.75, 1.25, 1.25], "inflate": -0.5, "pivot": [-2.68737, -11.31618, 8.5], "rotation": [0, 0, 135], "uv": [44, 44]},
						{"origin": [-4.12855, -13.05711, 7.9875], "size": [2.275, 1.45, 1.275], "inflate": -0.5, "pivot": [-2.35355, -12.55711, 8.5], "rotation": [0, 0, 75], "uv": [24, 39]}
					]
				},
				{
					"name": "leaf_24",
					"parent": "flower2",
					"pivot": [2, -10.5, 8],
					"rotation": [10, 32.5, -137.5],
					"cubes": [
						{"origin": [1.75, -13, 7.5], "size": [1.5, 1.5, 1.25], "inflate": -0.5, "pivot": [2, -11.75, 8], "rotation": [0, 0, 45], "uv": [34, 44]},
						{"origin": [1.25, -12.7, 7.49375], "size": [1.5, 3, 1.2625], "inflate": -0.5, "uv": [0, 39]},
						{"origin": [1.85355, -12.95711, 7.4913], "size": [2, 1.4, 1.271], "inflate": -0.5, "pivot": [2.35355, -12.45711, 8], "rotation": [0, 0, -75], "uv": [38, 26], "mirror": true},
						{"origin": [2.11237, -11.99118, 7.5], "size": [1.75, 1.25, 1.25], "inflate": -0.5, "pivot": [2.61237, -11.49118, 8], "rotation": [0, 0, -135], "uv": [39, 44], "mirror": true},
						{"origin": [0.13763, -11.99118, 7.5], "size": [1.75, 1.25, 1.25], "inflate": -0.5, "pivot": [1.38763, -11.49118, 8], "rotation": [0, 0, 135], "uv": [44, 44]},
						{"origin": [0.14645, -12.95711, 7.4875], "size": [2, 1.4, 1.275], "inflate": -0.5, "pivot": [1.64645, -12.45711, 8], "rotation": [0, 0, 75], "uv": [24, 39]}
					]
				}
			]
		}
	]
}