{
	"format_version": "1.12.0",
	"minecraft:geometry": [
		{
			"description": {
				"identifier": "geometry.grip_magpul_afg_2",
				"texture_width": 128,
				"texture_height": 128,
				"visible_bounds_width": 2,
				"visible_bounds_height": 1.5,
				"visible_bounds_offset": [0, 0.25, 0]
			},
			"bones": [
				{
					"name": "grip",
					"pivot": [0, 0.3, 2],
					"cubes": [
						{
							"origin": [0.5, 0.2, -1.25],
							"size": [0.05, 0.125, 3],
							"uv": {
								"east": {"uv": [10, 0], "uv_size": [1, 1]},
								"west": {"uv": [10, 0], "uv_size": [1, 1]},
								"up": {"uv": [11, 1], "uv_size": [-1, -1]}
							}
						},
						{
							"origin": [0.5, 0.20952, 1.75],
							"size": [0.05, 0.11548, 0.04783],
							"pivot": [0.4875, 0.325, 1.75],
							"rotation": [-22.5, 0, 0],
							"uv": {
								"east": {"uv": [10, 0], "uv_size": [1, 1]},
								"south": {"uv": [10, 0], "uv_size": [1, 1]},
								"west": {"uv": [10, 0], "uv_size": [1, 1]},
								"up": {"uv": [11, 1], "uv_size": [-1, -1]}
							}
						},
						{
							"origin": [-0.55, 0.20952, 1.75],
							"size": [0.05, 0.11548, 0.04783],
							"pivot": [-0.4875, 0.325, 1.75],
							"rotation": [-22.5, 0, 0],
							"uv": {
								"east": {"uv": [11, 0], "uv_size": [-1, 1]},
								"south": {"uv": [11, 0], "uv_size": [-1, 1]},
								"west": {"uv": [11, 0], "uv_size": [-1, 1]},
								"up": {"uv": [10, 1], "uv_size": [1, -1]}
							}
						},
						{
							"origin": [0.5, 0.075, -1.25],
							"size": [0.05, 0.25, 0.6],
							"pivot": [0.175, 0.325, -0.75],
							"rotation": [-15, 0, 0],
							"uv": {
								"east": {"uv": [10, 0], "uv_size": [1, 1]},
								"west": {"uv": [10, 0], "uv_size": [1, 1]},
								"up": {"uv": [11, 1], "uv_size": [-1, -1]}
							}
						},
						{
							"origin": [0.5, -0.92059, -1.23297],
							"size": [0.05, 1.375, 0.375],
							"pivot": [0.175, 0.45441, -1.23297],
							"rotation": [-43, 0, 0],
							"uv": {
								"north": {"uv": [10, 0], "uv_size": [1, 1]},
								"east": {"uv": [10, 0], "uv_size": [1, 1]},
								"west": {"uv": [10, 0], "uv_size": [1, 1]},
								"down": {"uv": [11, 1], "uv_size": [-1, -1]}
							}
						},
						{
							"origin": [0.5, -0.80695, -2.02145],
							"size": [0.05, 1.75, 0.125],
							"pivot": [0.175, -0.80695, -1.89645],
							"rotation": [-54, 0, 0],
							"uv": {
								"east": {"uv": [10, 0], "uv_size": [1, 1]},
								"south": {"uv": [10, 0], "uv_size": [1, 1]},
								"west": {"uv": [10, 0], "uv_size": [1, 1]}
							}
						},
						{
							"origin": [-0.5, -0.3, -0.875],
							"size": [1, 0.6, 2.875],
							"uv": {
								"east": {"uv": [6, 0], "uv_size": [1, 1]},
								"west": {"uv": [6, 0], "uv_size": [1, 1]},
								"up": {"uv": [5, 1], "uv_size": [-1, -1]}
							}
						},
						{
							"origin": [-0.5, -0.075, -1.2375],
							"size": [1, 0.375, 0.3625],
							"pivot": [0, 0.3, -0.875],
							"rotation": [-15, 0, 0],
							"uv": {
								"up": {"uv": [5, 1], "uv_size": [-1, -1]}
							}
						},
						{
							"origin": [-0.5, -0.89368, -1.22515],
							"size": [1, 1.2875, 0.2875],
							"pivot": [0, 0.39382, -1.22515],
							"rotation": [-43, 0, 0],
							"uv": {
								"north": {"uv": [4, 0], "uv_size": [1, 1]},
								"down": {"uv": [7, 1], "uv_size": [-1, -1]}
							}
						},
						{
							"origin": [-0.5, -0.74387, -2.01796],
							"size": [1, 0.25, 0.125],
							"pivot": [0, -0.74387, -1.89296],
							"rotation": [-54, 0, 0],
							"uv": {
								"south": {"uv": [6, 0], "uv_size": [1, 1]}
							}
						},
						{
							"origin": [0.375, -0.27856, 1.5],
							"size": [0.125, 0.5, 0.45],
							"pivot": [0.5, -0.02856, 1.75],
							"rotation": [45, -22.5, 0],
							"uv": {
								"west": {"uv": [6, 0], "uv_size": [1, 1]}
							}
						},
						{
							"origin": [0.375, -0.27856, -0.875],
							"size": [0.125, 0.45, 0.5],
							"pivot": [0.5, -0.02856, -0.625],
							"rotation": [45, 22.5, 0],
							"uv": {
								"west": {"uv": [8, 0], "uv_size": [1, 1]}
							}
						},
						{
							"origin": [0.5103, -0.02856, -0.29836],
							"size": [0.125, 0.325, 1.72172],
							"pivot": [0.6353, -0.02856, -0.29836],
							"rotation": [0, 0, -21],
							"uv": {
								"west": {"uv": [12, 0], "uv_size": [1, 1]}
							}
						},
						{
							"origin": [0.5103, -0.45356, -0.29836],
							"size": [0.125, 0.425, 1.72172],
							"pivot": [0.6353, -0.02856, -0.29836],
							"rotation": [0, 0, 21],
							"uv": {
								"west": {"uv": [6, 0], "uv_size": [1, 1]}
							}
						},
						{
							"origin": [0.5103, -0.02856, -0.29836],
							"size": [0.125, 0.325, 0.175],
							"pivot": [0.6353, -0.02856, -0.29836],
							"rotation": [40.75, 0, -21],
							"uv": {
								"west": {"uv": [12, 0], "uv_size": [1, 1]}
							}
						},
						{
							"origin": [0.5103, -0.02856, 1.24836],
							"size": [0.125, 0.325, 0.175],
							"pivot": [0.6353, -0.02856, 1.42336],
							"rotation": [-40.75, 0, -21],
							"uv": {
								"west": {"uv": [12, 0], "uv_size": [1, 1]}
							}
						},
						{
							"origin": [0.5103, -0.51606, -0.29836],
							"size": [0.125, 0.0375, 0.02],
							"pivot": [0.6353, -0.02856, -0.29836],
							"rotation": [-40.75, 0, 21],
							"uv": {
								"west": {"uv": [6, 0], "uv_size": [1, 1]}
							}
						},
						{
							"origin": [0.5103, -0.45356, 1.04836],
							"size": [0.125, 0.425, 0.375],
							"pivot": [0.6353, -0.02856, 1.42336],
							"rotation": [40.75, 0, 21],
							"uv": {
								"west": {"uv": [6, 0], "uv_size": [1, 1]}
							}
						},
						{
							"origin": [0.5, -0.48367, -1.7015],
							"size": [0.05, 0.95, 0.125],
							"pivot": [0.175, -0.48367, -1.4515],
							"rotation": [-54, 0, 0],
							"uv": {
								"west": {"uv": [10, 0], "uv_size": [1, 1]}
							}
						},
						{
							"origin": [0.3, -0.7, 0.825],
							"size": [0.25, 1.075, 0.5],
							"pivot": [-0.075, 0.375, 2.125],
							"rotation": [52.5, 0, 0],
							"uv": {
								"north": {"uv": [10, 0], "uv_size": [1, 1]},
								"east": {"uv": [10, 0], "uv_size": [1, 1]},
								"south": {"uv": [10, 0], "uv_size": [1, 1]},
								"west": {"uv": [10, 0], "uv_size": [1, 1]},
								"down": {"uv": [11, 1], "uv_size": [-1, -1]}
							}
						},
						{
							"origin": [0.3, -0.73385, 0.5494],
							"size": [0.25, 0.375, 1.0125],
							"uv": {
								"east": {"uv": [10, 0], "uv_size": [1, 1]},
								"west": {"uv": [10, 0], "uv_size": [1, 1]},
								"up": {"uv": [11, 1], "uv_size": [-1, -1]},
								"down": {"uv": [11, 1], "uv_size": [-1, -1]}
							}
						},
						{
							"origin": [-0.5575, -0.60885, 0.59849],
							"size": [1.115, 0.125, 0.0518],
							"pivot": [0.29875, -0.54635, 0.62439],
							"rotation": [22.5, 0, 0],
							"uv": {
								"east": {"uv": [6, 0], "uv_size": [1, 1]},
								"west": {"uv": [6, 0], "uv_size": [1, 1]}
							}
						},
						{
							"origin": [-0.5575, -0.60885, 0.59849],
							"size": [1.115, 0.125, 0.0518],
							"pivot": [0.29875, -0.54635, 0.62439],
							"rotation": [-112.5, 0, 0],
							"uv": {
								"east": {"uv": [6, 0], "uv_size": [1, 1]},
								"west": {"uv": [6, 0], "uv_size": [1, 1]}
							}
						},
						{
							"origin": [-0.5575, -0.60885, 0.59849],
							"size": [1.115, 0.125, 0.0518],
							"pivot": [0.29875, -0.54635, 0.62439],
							"rotation": [-67.5, 0, 0],
							"uv": {
								"east": {"uv": [6, 0], "uv_size": [1, 1]},
								"west": {"uv": [6, 0], "uv_size": [1, 1]}
							}
						},
						{
							"origin": [-0.5575, -0.60885, 0.59849],
							"size": [1.115, 0.125, 0.0518],
							"pivot": [0.29875, -0.54635, 0.62439],
							"rotation": [-22.5, 0, 0],
							"uv": {
								"east": {"uv": [6, 0], "uv_size": [1, 1]},
								"west": {"uv": [6, 0], "uv_size": [1, 1]}
							}
						},
						{
							"origin": [-0.555, -0.54635, 0.5778],
							"size": [1.11, 0.1125, 0.0932],
							"pivot": [0.29875, -0.54635, 0.62439],
							"rotation": [-22.5, 0, 0],
							"uv": {
								"east": {"uv": [12, 0], "uv_size": [1, 1]},
								"west": {"uv": [12, 0], "uv_size": [1, 1]}
							}
						},
						{
							"origin": [-0.555, -0.65885, 0.5778],
							"size": [1.11, 0.225, 0.0932],
							"pivot": [0.29875, -0.54635, 0.62439],
							"rotation": [112.5, 0, 0],
							"uv": {
								"east": {"uv": [12, 0], "uv_size": [1, 1]},
								"west": {"uv": [12, 0], "uv_size": [1, 1]}
							}
						},
						{
							"origin": [-0.555, -0.54635, 0.5778],
							"size": [1.11, 0.1125, 0.0932],
							"pivot": [0.29875, -0.54635, 0.62439],
							"rotation": [22.5, 0, 0],
							"uv": {
								"east": {"uv": [12, 0], "uv_size": [1, 1]},
								"west": {"uv": [12, 0], "uv_size": [1, 1]}
							}
						},
						{
							"origin": [-0.555, -0.54635, 0.5778],
							"size": [1.11, 0.1125, 0.0932],
							"pivot": [0.29875, -0.54635, 0.62439],
							"rotation": [67.5, 0, 0],
							"uv": {
								"east": {"uv": [12, 0], "uv_size": [1, 1]},
								"west": {"uv": [12, 0], "uv_size": [1, 1]}
							}
						},
						{
							"origin": [-0.556, -0.65885, 0.5778],
							"size": [1.112, 0.1125, 0.0932],
							"pivot": [0.29875, -0.54635, 0.62439],
							"rotation": [22.5, 0, 0],
							"uv": {
								"east": {"uv": [14, 0], "uv_size": [1, 1]},
								"west": {"uv": [14, 0], "uv_size": [1, 1]}
							}
						},
						{
							"origin": [-0.556, -0.65885, 0.5778],
							"size": [1.112, 0.1125, 0.0932],
							"pivot": [0.29875, -0.54635, 0.62439],
							"rotation": [-22.5, 0, 0],
							"uv": {
								"east": {"uv": [14, 0], "uv_size": [1, 1]},
								"west": {"uv": [14, 0], "uv_size": [1, 1]}
							}
						},
						{
							"origin": [-0.556, -0.65885, 0.5778],
							"size": [1.112, 0.1125, 0.0932],
							"pivot": [0.29875, -0.54635, 0.62439],
							"rotation": [67.5, 0, 0],
							"uv": {
								"east": {"uv": [14, 0], "uv_size": [1, 1]},
								"west": {"uv": [14, 0], "uv_size": [1, 1]}
							}
						},
						{
							"origin": [-0.5525, -0.67135, 0.57264],
							"size": [1.105, 0.25, 0.1035],
							"pivot": [0.29875, -0.54635, 0.62439],
							"rotation": [22.5, 0, 0],
							"uv": {
								"east": {"uv": [6, 0], "uv_size": [1, 1]},
								"west": {"uv": [6, 0], "uv_size": [1, 1]}
							}
						},
						{
							"origin": [-0.5525, -0.67135, 0.57264],
							"size": [1.105, 0.25, 0.1035],
							"pivot": [0.29875, -0.54635, 0.62439],
							"rotation": [67.5, 0, 0],
							"uv": {
								"east": {"uv": [6, 0], "uv_size": [1, 1]},
								"west": {"uv": [6, 0], "uv_size": [1, 1]}
							}
						},
						{
							"origin": [-0.5525, -0.67135, 0.57264],
							"size": [1.105, 0.25, 0.1035],
							"pivot": [0.29875, -0.54635, 0.62439],
							"rotation": [112.5, 0, 0],
							"uv": {
								"east": {"uv": [6, 0], "uv_size": [1, 1]},
								"west": {"uv": [6, 0], "uv_size": [1, 1]}
							}
						},
						{
							"origin": [-0.5525, -0.67135, 0.57264],
							"size": [1.105, 0.25, 0.1035],
							"pivot": [0.29875, -0.54635, 0.62439],
							"rotation": [-22.5, 0, 0],
							"uv": {
								"east": {"uv": [6, 0], "uv_size": [1, 1]},
								"west": {"uv": [6, 0], "uv_size": [1, 1]}
							}
						},
						{
							"origin": [0.3, -0.62135, 0.43689],
							"size": [0.25, 0.15, 0.1125],
							"uv": {
								"north": {"uv": [10, 0], "uv_size": [1, 1]},
								"east": {"uv": [10, 0], "uv_size": [1, 1]},
								"west": {"uv": [10, 0], "uv_size": [1, 1]}
							}
						},
						{
							"origin": [0.3, -0.47135, 0.43689],
							"size": [0.25, 0.1591, 0.125],
							"pivot": [0.4875, -0.47135, 0.43689],
							"rotation": [-45, 0, 0],
							"uv": {
								"north": {"uv": [10, 0], "uv_size": [1, 1]},
								"west": {"uv": [10, 0], "uv_size": [1, 1]}
							}
						},
						{
							"origin": [0.3, -0.62135, 0.43689],
							"size": [0.25, 0.125, 0.1591],
							"pivot": [0.4875, -0.62135, 0.43689],
							"rotation": [-45, 0, 0],
							"uv": {
								"east": {"uv": [10, 0], "uv_size": [1, 1]},
								"west": {"uv": [10, 0], "uv_size": [1, 1]},
								"down": {"uv": [11, 1], "uv_size": [-1, -1]}
							}
						},
						{
							"origin": [0.37871, -0.35978, -0.62474],
							"size": [0.125, 0.0125, 0.02474],
							"pivot": [0.44121, -0.35978, -0.62474],
							"rotation": [-10, 0, 21],
							"uv": {
								"west": {"uv": [6, 0], "uv_size": [1, 1]}
							}
						},
						{
							"origin": [0.5103, -0.37855, -0.29836],
							"size": [0.125, 0.35, 0.25],
							"pivot": [0.6353, -0.02856, -0.29836],
							"rotation": [-40.75, 0, 21],
							"uv": {
								"west": {"uv": [6, 0], "uv_size": [1, 1]}
							}
						},
						{
							"origin": [0.375, -0.3821, -1],
							"size": [0.125, 0.55, 0.625],
							"pivot": [0.5, -0.3821, -0.625],
							"rotation": [12.45392, -1.08089, 4.88206],
							"uv": {
								"west": {"uv": [8, 0], "uv_size": [1, 1]}
							}
						},
						{
							"origin": [-0.5, -0.3821, -1.875],
							"size": [1, 0.125, 1.5],
							"pivot": [0.5, -0.3821, -0.625],
							"rotation": [12.5, 0, 0],
							"uv": {
								"down": {"uv": [7, 1], "uv_size": [-1, -1]}
							}
						},
						{
							"origin": [0.375, -0.3821, -1.75],
							"size": [0.125, 0.375, 0.75],
							"pivot": [0.5, -0.3821, -0.625],
							"rotation": [12.45392, -1.08089, 4.88206],
							"uv": {
								"west": {"uv": [8, 0], "uv_size": [1, 1]}
							}
						},
						{
							"origin": [0.37871, -0.35978, -0.6],
							"size": [0.125, 0.0375, 0.0875],
							"pivot": [0.44121, -0.35978, -0.62474],
							"rotation": [-10, 0, 21],
							"uv": {
								"west": {"uv": [6, 0], "uv_size": [1, 1]}
							}
						},
						{
							"origin": [0.5103, -0.47855, -0.29836],
							"size": [0.125, 0.1, 0.0825],
							"pivot": [0.6353, -0.02856, -0.29836],
							"rotation": [-40.75, 0, 21],
							"uv": {
								"west": {"uv": [6, 0], "uv_size": [1, 1]}
							}
						},
						{
							"origin": [0.37871, -0.35978, -0.5125],
							"size": [0.125, 0.175, 1.0125],
							"pivot": [0.44121, -0.35978, -0.62474],
							"rotation": [-10, 0, 21],
							"uv": {
								"west": {"uv": [6, 0], "uv_size": [1, 1]}
							}
						},
						{
							"origin": [0.54646, -0.60934, 0.48291],
							"size": [0.125, 0.175, 1.25],
							"pivot": [0.67146, 0.06565, -0.14209],
							"rotation": [0, 0, 21],
							"uv": {}
						},
						{
							"origin": [-0.42956, -0.56451, 0.47041],
							"size": [0.85913, 0.125, 1.2625],
							"uv": {
								"down": {"uv": [7, 1], "uv_size": [-1, -1]}
							}
						},
						{
							"origin": [-0.42956, -0.56451, 0.22041],
							"size": [0.85913, 0.125, 0.25],
							"pivot": [0, -0.56451, 0.47041],
							"rotation": [-11, 0, 0],
							"uv": {
								"down": {"uv": [7, 1], "uv_size": [-1, -1]}
							}
						},
						{
							"origin": [-0.67146, -0.60934, 0.48291],
							"size": [0.125, 0.175, 1.25],
							"pivot": [-0.67146, 0.06565, -0.14209],
							"rotation": [0, 0, -21],
							"uv": {}
						},
						{
							"origin": [-0.5037, -0.35978, -0.5125],
							"size": [0.125, 0.175, 1.0125],
							"pivot": [-0.4412, -0.35978, -0.62474],
							"rotation": [-10, 0, -21],
							"uv": {
								"east": {"uv": [7, 1], "uv_size": [-1, -1]}
							}
						},
						{
							"origin": [-0.46106, -0.48244, -0.6469],
							"size": [0.5, 0.125, 1.1375],
							"pivot": [-0.46106, -0.48244, -0.01564],
							"rotation": [-9.37834, 3.48647, -0.78606],
							"uv": {
								"down": {"uv": [6, 0], "uv_size": [1, 1]}
							}
						},
						{
							"origin": [-0.03893, -0.48244, -0.6469],
							"size": [0.5, 0.125, 1.1375],
							"pivot": [0.46107, -0.48244, -0.01564],
							"rotation": [-9.37834, -3.48647, 0.78606],
							"uv": {
								"down": {"uv": [7, 0], "uv_size": [-1, 1]}
							}
						},
						{
							"origin": [-0.6353, -0.47855, -0.29836],
							"size": [0.125, 0.1, 0.0825],
							"pivot": [-0.6353, -0.02856, -0.29836],
							"rotation": [-40.75, 0, -21],
							"uv": {
								"east": {"uv": [7, 1], "uv_size": [-1, -1]}
							}
						},
						{
							"origin": [-0.5037, -0.35978, -0.6],
							"size": [0.125, 0.0375, 0.0875],
							"pivot": [-0.4412, -0.35978, -0.62474],
							"rotation": [-10, 0, -21],
							"uv": {
								"east": {"uv": [7, 1], "uv_size": [-1, -1]}
							}
						},
						{
							"origin": [-0.5, -0.3821, -1.75],
							"size": [0.125, 0.375, 0.75],
							"pivot": [-0.5, -0.3821, -0.625],
							"rotation": [12.45392, 1.08089, -4.88206],
							"uv": {
								"east": {"uv": [9, 0], "uv_size": [-1, 1]}
							}
						},
						{
							"origin": [-0.5, -0.3821, -1],
							"size": [0.125, 0.55, 0.625],
							"pivot": [-0.5, -0.3821, -0.625],
							"rotation": [12.45392, 1.08089, -4.88206],
							"uv": {
								"east": {"uv": [9, 0], "uv_size": [-1, 1]}
							}
						},
						{
							"origin": [-0.6353, -0.37855, -0.29836],
							"size": [0.125, 0.35, 0.25],
							"pivot": [-0.6353, -0.02856, -0.29836],
							"rotation": [-40.75, 0, -21],
							"uv": {
								"east": {"uv": [7, 1], "uv_size": [-1, -1]}
							}
						},
						{
							"origin": [-0.5037, -0.35978, -0.62474],
							"size": [0.125, 0.0125, 0.02474],
							"pivot": [-0.4412, -0.35978, -0.62474],
							"rotation": [-10, 0, -21],
							"uv": {}
						},
						{
							"origin": [-0.55, -0.62135, 0.43689],
							"size": [0.25, 0.125, 0.1591],
							"pivot": [-0.4875, -0.62135, 0.43689],
							"rotation": [-45, 0, 0],
							"uv": {
								"east": {"uv": [11, 0], "uv_size": [-1, 1]},
								"west": {"uv": [11, 0], "uv_size": [-1, 1]},
								"down": {"uv": [10, 1], "uv_size": [1, -1]}
							}
						},
						{
							"origin": [-0.55, -0.47135, 0.43689],
							"size": [0.25, 0.1591, 0.125],
							"pivot": [-0.4875, -0.47135, 0.43689],
							"rotation": [-45, 0, 0],
							"uv": {
								"north": {"uv": [11, 0], "uv_size": [-1, 1]},
								"east": {"uv": [11, 0], "uv_size": [-1, 1]}
							}
						},
						{
							"origin": [-0.55, -0.62135, 0.43689],
							"size": [0.25, 0.15, 0.1125],
							"uv": {
								"north": {"uv": [11, 0], "uv_size": [-1, 1]},
								"east": {"uv": [11, 0], "uv_size": [-1, 1]},
								"west": {"uv": [11, 0], "uv_size": [-1, 1]}
							}
						},
						{
							"origin": [-0.55, -0.73385, 0.5494],
							"size": [0.25, 0.375, 1.0125],
							"uv": {
								"east": {"uv": [11, 0], "uv_size": [-1, 1]},
								"west": {"uv": [11, 0], "uv_size": [-1, 1]},
								"up": {"uv": [10, 1], "uv_size": [1, -1]},
								"down": {"uv": [10, 1], "uv_size": [1, -1]}
							}
						},
						{
							"origin": [-0.55, -0.7, 0.825],
							"size": [0.25, 1.075, 0.5],
							"pivot": [0.075, 0.375, 2.125],
							"rotation": [52.5, 0, 0],
							"uv": {
								"north": {"uv": [11, 0], "uv_size": [-1, 1]},
								"east": {"uv": [11, 0], "uv_size": [-1, 1]},
								"south": {"uv": [11, 0], "uv_size": [-1, 1]},
								"west": {"uv": [11, 0], "uv_size": [-1, 1]},
								"up": {"uv": [10, 1], "uv_size": [1, -1]},
								"down": {"uv": [10, 1], "uv_size": [1, -1]}
							}
						},
						{
							"origin": [-0.55, -0.48367, -1.7015],
							"size": [0.05, 0.95, 0.125],
							"pivot": [-0.175, -0.48367, -1.4515],
							"rotation": [-54, 0, 0],
							"uv": {
								"east": {"uv": [11, 0], "uv_size": [-1, 1]}
							}
						},
						{
							"origin": [-0.6353, -0.45356, 1.04836],
							"size": [0.125, 0.425, 0.375],
							"pivot": [-0.6353, -0.02856, 1.42336],
							"rotation": [40.75, 0, -21],
							"uv": {
								"east": {"uv": [7, 1], "uv_size": [-1, -1]}
							}
						},
						{
							"origin": [-0.6353, -0.51606, -0.29836],
							"size": [0.125, 0.0375, 0.02],
							"pivot": [-0.6353, -0.02856, -0.29836],
							"rotation": [-40.75, 0, -21],
							"uv": {
								"east": {"uv": [7, 1], "uv_size": [-1, -1]}
							}
						},
						{
							"origin": [-0.6353, -0.02856, 1.24836],
							"size": [0.125, 0.325, 0.175],
							"pivot": [-0.6353, -0.02856, 1.42336],
							"rotation": [-40.75, 0, 21],
							"uv": {
								"east": {"uv": [13, 0], "uv_size": [-1, 1]}
							}
						},
						{
							"origin": [-0.6353, -0.02856, -0.29836],
							"size": [0.125, 0.325, 0.175],
							"pivot": [-0.6353, -0.02856, -0.29836],
							"rotation": [40.75, 0, 21],
							"uv": {
								"east": {"uv": [13, 0], "uv_size": [-1, 1]}
							}
						},
						{
							"origin": [-0.6353, -0.45356, -0.29836],
							"size": [0.125, 0.425, 1.72172],
							"pivot": [-0.6353, -0.02856, -0.29836],
							"rotation": [0, 0, -21],
							"uv": {
								"east": {"uv": [7, 0], "uv_size": [-1, 1]}
							}
						},
						{
							"origin": [-0.6353, -0.02856, -0.29836],
							"size": [0.125, 0.325, 1.72172],
							"pivot": [-0.6353, -0.02856, -0.29836],
							"rotation": [0, 0, 21],
							"uv": {
								"east": {"uv": [13, 0], "uv_size": [-1, 1]}
							}
						},
						{
							"origin": [-0.5, -0.27856, -0.875],
							"size": [0.125, 0.45, 0.5],
							"pivot": [-0.5, -0.02856, -0.625],
							"rotation": [45, -22.5, 0],
							"uv": {
								"east": {"uv": [9, 0], "uv_size": [-1, 1]}
							}
						},
						{
							"origin": [-0.5, -0.27856, 1.5],
							"size": [0.125, 0.5, 0.45],
							"pivot": [-0.5, -0.02856, 1.75],
							"rotation": [45, 22.5, 0],
							"uv": {
								"east": {"uv": [7, 0], "uv_size": [-1, 1]}
							}
						},
						{
							"origin": [-0.55, -0.80695, -2.02145],
							"size": [0.05, 1.75, 0.125],
							"pivot": [-0.175, -0.80695, -1.89645],
							"rotation": [-54, 0, 0],
							"uv": {
								"east": {"uv": [11, 0], "uv_size": [-1, 1]},
								"west": {"uv": [11, 0], "uv_size": [-1, 1]}
							}
						},
						{
							"origin": [-0.55, -0.92059, -1.23297],
							"size": [0.05, 1.375, 0.375],
							"pivot": [-0.175, 0.45441, -1.23297],
							"rotation": [-43, 0, 0],
							"uv": {
								"north": {"uv": [11, 0], "uv_size": [-1, 1]},
								"east": {"uv": [11, 0], "uv_size": [-1, 1]},
								"west": {"uv": [11, 0], "uv_size": [-1, 1]},
								"down": {"uv": [10, 1], "uv_size": [1, -1]}
							}
						},
						{
							"origin": [-0.55, 0.075, -1.25],
							"size": [0.05, 0.25, 0.6],
							"pivot": [-0.175, 0.325, -0.75],
							"rotation": [-15, 0, 0],
							"uv": {
								"east": {"uv": [11, 0], "uv_size": [-1, 1]},
								"west": {"uv": [11, 0], "uv_size": [-1, 1]},
								"up": {"uv": [10, 1], "uv_size": [1, -1]}
							}
						},
						{
							"origin": [-0.55, 0.2, -1.25],
							"size": [0.05, 0.125, 3],
							"uv": {
								"east": {"uv": [11, 0], "uv_size": [-1, 1]},
								"west": {"uv": [11, 0], "uv_size": [-1, 1]},
								"up": {"uv": [10, 1], "uv_size": [1, -1]}
							}
						},
						{
							"origin": [-0.5, -0.9375, 1.175],
							"size": [1, 1.2375, 0.825],
							"pivot": [0, 0.3, 2],
							"rotation": [40, 0, 0],
							"uv": {
								"east": {"uv": [6, 0], "uv_size": [1, 1]},
								"south": {"uv": [6, 0], "uv_size": [1, 1]},
								"west": {"uv": [6, 0], "uv_size": [1, 1]},
								"down": {"uv": [7, 1], "uv_size": [-1, -1]}
							}
						},
						{
							"origin": [-0.45, -1.17828, 2.16347],
							"size": [0.9, 1.5, 0.5],
							"pivot": [0, -1.17828, 2.16347],
							"rotation": [52.5, 0, 0],
							"uv": {
								"north": {"uv": [6, 0], "uv_size": [1, 1]}
							}
						}
					]
				}
			]
		}
	]
}