{
	"format_version": "1.12.0",
	"minecraft:geometry": [
		{
			"description": {
				"identifier": "geometry.muzzle_silencer_phantom_s1",
				"texture_width": 128,
				"texture_height": 128,
				"visible_bounds_width": 2,
				"visible_bounds_height": 1.5,
				"visible_bounds_offset": [0, 0.25, 0]
			},
			"bones": [
				{
					"name": "muzzle_silencer_ursus",
					"pivot": [0, 0, 0],
					"cubes": [
						{
							"origin": [-0.36244, -0.875, -5.25],
							"size": [0.72487, 1.75, 5],
							"uv": {
								"north": {"uv": [49, 33], "uv_size": [0.5, 2]},
								"south": {"uv": [49, 35], "uv_size": [0.5, 2]},
								"up": {"uv": [14, 36], "uv_size": [0.5, 5]},
								"down": {"uv": [15, 41], "uv_size": [0.5, -5]}
							}
						},
						{
							"origin": [-0.31066, 0.35, -8.25],
							"size": [0.62132, 0.4, 8.25],
							"uv": {
								"north": {"uv": [46, 70], "uv_size": [0.5, 0.5]},
								"south": {"uv": [70, 46], "uv_size": [0.5, 0.5]},
								"up": {"uv": [4, 26], "uv_size": [0.5, 8.5]},
								"down": {"uv": [18, 34.5], "uv_size": [0.5, -8.5]}
							}
						},
						{
							"origin": [-0.25888, -0.625, -8.5],
							"size": [0.51777, 0.25, 0.25],
							"uv": {
								"north": {"uv": [47, 70], "uv_size": [0.5, 0.5]},
								"up": {"uv": [70, 47], "uv_size": [0.5, 0.5]},
								"down": {"uv": [48, 70.5], "uv_size": [0.5, -0.5]}
							}
						},
						{
							"origin": [-0.36244, -0.875, -5.25],
							"size": [0.72487, 1.75, 5],
							"pivot": [0, 0, -4.25],
							"rotation": [0, 0, 45],
							"uv": {
								"north": {"uv": [49, 37], "uv_size": [0.5, 2]},
								"south": {"uv": [38, 49], "uv_size": [0.5, 2]},
								"up": {"uv": [22, 36], "uv_size": [0.5, 5]},
								"down": {"uv": [23, 41], "uv_size": [0.5, -5]}
							}
						},
						{
							"origin": [-0.31066, 0.35, -8.25],
							"size": [0.62132, 0.4, 8.25],
							"pivot": [0, 0, -7.25],
							"rotation": [0, 0, 45],
							"uv": {
								"north": {"uv": [70, 48], "uv_size": [0.5, 0.5]},
								"south": {"uv": [49, 70], "uv_size": [0.5, 0.5]},
								"up": {"uv": [19, 26], "uv_size": [0.5, 8.5]},
								"down": {"uv": [26, 33.5], "uv_size": [0.5, -8.5]}
							}
						},
						{
							"origin": [0.04112, -0.625, -8.5],
							"size": [0.21777, 0.25, 0.25],
							"pivot": [0, 0, -7.5],
							"rotation": [0, 0, 45],
							"uv": {
								"north": {"uv": [70, 49], "uv_size": [0.5, 0.5]},
								"east": {"uv": [50, 70], "uv_size": [0.5, 0.5]},
								"up": {"uv": [70, 50], "uv_size": [0.5, 0.5]},
								"down": {"uv": [51, 70.5], "uv_size": [0.5, -0.5]}
							}
						},
						{
							"origin": [-0.36244, -0.875, -5.25],
							"size": [0.72487, 1.75, 5],
							"pivot": [0, 0, -4.25],
							"rotation": [0, 0, 90],
							"uv": {
								"north": {"uv": [39, 49], "uv_size": [0.5, 2]},
								"south": {"uv": [49, 39], "uv_size": [0.5, 2]},
								"up": {"uv": [26, 36], "uv_size": [0.5, 5]},
								"down": {"uv": [27, 41], "uv_size": [0.5, -5]}
							}
						},
						{
							"origin": [-0.31066, 0.35, -8.25],
							"size": [0.62132, 0.4, 8.25],
							"pivot": [0, 0, -7.25],
							"rotation": [0, 0, 90],
							"uv": {
								"north": {"uv": [70, 51], "uv_size": [0.5, 0.5]},
								"south": {"uv": [52, 70], "uv_size": [0.5, 0.5]},
								"up": {"uv": [6, 27], "uv_size": [0.5, 8.5]},
								"down": {"uv": [7, 35.5], "uv_size": [0.5, -8.5]}
							}
						},
						{
							"origin": [-0.25888, -0.625, -8.5],
							"size": [0.51777, 0.25, 0.25],
							"pivot": [0, 0, -7.5],
							"rotation": [0, 0, 90],
							"uv": {
								"north": {"uv": [70, 52], "uv_size": [0.5, 0.5]},
								"up": {"uv": [53, 70], "uv_size": [0.5, 0.5]},
								"down": {"uv": [70, 53.5], "uv_size": [0.5, -0.5]}
							}
						},
						{
							"origin": [-0.36244, -0.875, -5.25],
							"size": [0.72487, 1.75, 5],
							"pivot": [0, 0, -4.25],
							"rotation": [0, 0, 135],
							"uv": {
								"north": {"uv": [40, 49], "uv_size": [0.5, 2]},
								"south": {"uv": [41, 49], "uv_size": [0.5, 2]},
								"up": {"uv": [33, 36], "uv_size": [0.5, 5]},
								"down": {"uv": [34, 41], "uv_size": [0.5, -5]}
							}
						},
						{
							"origin": [-0.31066, 0.35, -8.25],
							"size": [0.62132, 0.4, 8.25],
							"pivot": [0, 0, -7.25],
							"rotation": [0, 0, 135],
							"uv": {
								"north": {"uv": [54, 70], "uv_size": [0.5, 0.5]},
								"south": {"uv": [70, 54], "uv_size": [0.5, 0.5]},
								"up": {"uv": [8, 27], "uv_size": [0.5, 8.5]},
								"down": {"uv": [9, 35.5], "uv_size": [0.5, -8.5]}
							}
						},
						{
							"origin": [-0.25888, -0.625, -8.5],
							"size": [0.21777, 0.25, 0.25],
							"pivot": [0, 0, -7.5],
							"rotation": [0, 0, 135],
							"uv": {
								"north": {"uv": [55, 70], "uv_size": [0.5, 0.5]},
								"west": {"uv": [70, 55], "uv_size": [0.5, 0.5]},
								"up": {"uv": [56, 70], "uv_size": [0.5, 0.5]},
								"down": {"uv": [70, 56.5], "uv_size": [0.5, -0.5]}
							}
						},
						{
							"origin": [-0.41421, -1, -5],
							"size": [0.82843, 2, 0.175],
							"pivot": [0, 0, -1.25],
							"rotation": [0, 0, 135],
							"uv": {
								"north": {"uv": [40, 16], "uv_size": [1, 2]},
								"south": {"uv": [20, 40], "uv_size": [1, 2]},
								"up": {"uv": [16, 61], "uv_size": [1, 0.5]},
								"down": {"uv": [61, 16.5], "uv_size": [1, -0.5]}
							}
						},
						{
							"origin": [-0.41421, -1, -5],
							"size": [0.82843, 2, 0.175],
							"pivot": [0, 0, -1.25],
							"rotation": [0, 0, 90],
							"uv": {
								"north": {"uv": [40, 27], "uv_size": [1, 2]},
								"south": {"uv": [28, 40], "uv_size": [1, 2]},
								"up": {"uv": [17, 61], "uv_size": [1, 0.5]},
								"down": {"uv": [61, 17.5], "uv_size": [1, -0.5]}
							}
						},
						{
							"origin": [-0.41421, -1, -5],
							"size": [0.82843, 2, 0.175],
							"pivot": [0, 0, -1.25],
							"rotation": [0, 0, -180],
							"uv": {
								"north": {"uv": [40, 33], "uv_size": [1, 2]},
								"south": {"uv": [40, 36], "uv_size": [1, 2]},
								"up": {"uv": [18, 61], "uv_size": [1, 0.5]},
								"down": {"uv": [61, 18.5], "uv_size": [1, -0.5]}
							}
						},
						{
							"origin": [-0.41421, -1, -5],
							"size": [0.82843, 2, 0.175],
							"pivot": [0, 0, -1.25],
							"rotation": [0, 0, -135],
							"uv": {
								"north": {"uv": [40, 38], "uv_size": [1, 2]},
								"south": {"uv": [40, 40], "uv_size": [1, 2]},
								"up": {"uv": [19, 61], "uv_size": [1, 0.5]},
								"down": {"uv": [61, 19.5], "uv_size": [1, -0.5]}
							}
						},
						{
							"origin": [-0.41421, -1, -4.675],
							"size": [0.82843, 2, 0.175],
							"pivot": [0, 0, -1.25],
							"rotation": [0, 0, -180],
							"uv": {
								"north": {"uv": [0, 41], "uv_size": [1, 2]},
								"south": {"uv": [1, 41], "uv_size": [1, 2]},
								"up": {"uv": [20, 61], "uv_size": [1, 0.5]},
								"down": {"uv": [61, 20.5], "uv_size": [1, -0.5]}
							}
						},
						{
							"origin": [-0.41421, -1, -4.675],
							"size": [0.82843, 2, 0.175],
							"pivot": [0, 0, -1.25],
							"rotation": [0, 0, 135],
							"uv": {
								"north": {"uv": [41, 1], "uv_size": [1, 2]},
								"south": {"uv": [2, 41], "uv_size": [1, 2]},
								"up": {"uv": [21, 61], "uv_size": [1, 0.5]},
								"down": {"uv": [61, 21.5], "uv_size": [1, -0.5]}
							}
						},
						{
							"origin": [-0.41421, -1, -4.675],
							"size": [0.82843, 2, 0.175],
							"pivot": [0, 0, -1.25],
							"rotation": [0, 0, 90],
							"uv": {
								"north": {"uv": [13, 41], "uv_size": [1, 2]},
								"south": {"uv": [41, 13], "uv_size": [1, 2]},
								"up": {"uv": [22, 61], "uv_size": [1, 0.5]},
								"down": {"uv": [61, 22.5], "uv_size": [1, -0.5]}
							}
						},
						{
							"origin": [-0.41421, -1, -4.675],
							"size": [0.82843, 2, 0.175],
							"pivot": [0, 0, -1.25],
							"rotation": [0, 0, -135],
							"uv": {
								"north": {"uv": [14, 41], "uv_size": [1, 2]},
								"south": {"uv": [15, 41], "uv_size": [1, 2]},
								"up": {"uv": [23, 61], "uv_size": [1, 0.5]},
								"down": {"uv": [61, 23.5], "uv_size": [1, -0.5]}
							}
						},
						{
							"origin": [-0.1, -1.1, -4.85],
							"size": [0.2, 2.2, 0.2],
							"pivot": [0, 0, -4.75],
							"rotation": [0, -45, 67.5],
							"uv": {
								"north": {"uv": [49, 41], "uv_size": [0.5, 2]},
								"east": {"uv": [42, 49], "uv_size": [0.5, 2]},
								"south": {"uv": [43, 49], "uv_size": [0.5, 2]},
								"west": {"uv": [44, 49], "uv_size": [0.5, 2]},
								"up": {"uv": [57, 70], "uv_size": [0.5, 0.5]},
								"down": {"uv": [70, 57.5], "uv_size": [0.5, -0.5]}
							}
						},
						{
							"origin": [-0.1, -1.1, -4.85],
							"size": [0.2, 2.2, 0.2],
							"pivot": [0, 0, -4.75],
							"rotation": [0, -45, 112.5],
							"uv": {
								"north": {"uv": [49, 44], "uv_size": [0.5, 2]},
								"east": {"uv": [45, 49], "uv_size": [0.5, 2]},
								"south": {"uv": [46, 49], "uv_size": [0.5, 2]},
								"west": {"uv": [47, 49], "uv_size": [0.5, 2]},
								"up": {"uv": [58, 70], "uv_size": [0.5, 0.5]},
								"down": {"uv": [70, 58.5], "uv_size": [0.5, -0.5]}
							}
						},
						{
							"origin": [-0.1, -1.1, -0.85],
							"size": [0.2, 2.2, 0.2],
							"pivot": [0, 0, -0.75],
							"rotation": [0, -45, 112.5],
							"uv": {
								"north": {"uv": [49, 47], "uv_size": [0.5, 2]},
								"east": {"uv": [48, 49], "uv_size": [0.5, 2]},
								"south": {"uv": [49, 49], "uv_size": [0.5, 2]},
								"west": {"uv": [0, 50], "uv_size": [0.5, 2]},
								"up": {"uv": [59, 70], "uv_size": [0.5, 0.5]},
								"down": {"uv": [70, 59.5], "uv_size": [0.5, -0.5]}
							}
						},
						{
							"origin": [-0.1, -1.1, -0.85],
							"size": [0.2, 2.2, 0.2],
							"pivot": [0, 0, -0.75],
							"rotation": [0, -45, 67.5],
							"uv": {
								"north": {"uv": [50, 0], "uv_size": [0.5, 2]},
								"east": {"uv": [2, 50], "uv_size": [0.5, 2]},
								"south": {"uv": [50, 2], "uv_size": [0.5, 2]},
								"west": {"uv": [3, 50], "uv_size": [0.5, 2]},
								"up": {"uv": [60, 70], "uv_size": [0.5, 0.5]},
								"down": {"uv": [70, 60.5], "uv_size": [0.5, -0.5]}
							}
						},
						{
							"origin": [-0.41421, -1, -0.675],
							"size": [0.82843, 2, 0.175],
							"pivot": [0, 0, 2.75],
							"rotation": [0, 0, -135],
							"uv": {
								"north": {"uv": [41, 16], "uv_size": [1, 2]},
								"south": {"uv": [17, 41], "uv_size": [1, 2]},
								"up": {"uv": [24, 61], "uv_size": [1, 0.5]},
								"down": {"uv": [61, 24.5], "uv_size": [1, -0.5]}
							}
						},
						{
							"origin": [-0.41421, -1, -0.675],
							"size": [0.82843, 2, 0.175],
							"pivot": [0, 0, 2.75],
							"rotation": [0, 0, 90],
							"uv": {
								"north": {"uv": [18, 41], "uv_size": [1, 2]},
								"south": {"uv": [41, 20], "uv_size": [1, 2]},
								"up": {"uv": [25, 61], "uv_size": [1, 0.5]},
								"down": {"uv": [61, 25.5], "uv_size": [1, -0.5]}
							}
						},
						{
							"origin": [-0.41421, -1, -0.675],
							"size": [0.82843, 2, 0.175],
							"pivot": [0, 0, 2.75],
							"rotation": [0, 0, 135],
							"uv": {
								"north": {"uv": [22, 41], "uv_size": [1, 2]},
								"south": {"uv": [23, 41], "uv_size": [1, 2]},
								"up": {"uv": [26, 61], "uv_size": [1, 0.5]},
								"down": {"uv": [61, 26.5], "uv_size": [1, -0.5]}
							}
						},
						{
							"origin": [-0.41421, -1, -0.675],
							"size": [0.82843, 2, 0.175],
							"pivot": [0, 0, 2.75],
							"rotation": [0, 0, -180],
							"uv": {
								"north": {"uv": [25, 41], "uv_size": [1, 2]},
								"south": {"uv": [41, 25], "uv_size": [1, 2]},
								"up": {"uv": [27, 61], "uv_size": [1, 0.5]},
								"down": {"uv": [61, 27.5], "uv_size": [1, -0.5]}
							}
						},
						{
							"origin": [-0.41421, -1, -1],
							"size": [0.82843, 2, 0.175],
							"pivot": [0, 0, 2.75],
							"rotation": [0, 0, -135],
							"uv": {
								"north": {"uv": [26, 41], "uv_size": [1, 2]},
								"south": {"uv": [27, 41], "uv_size": [1, 2]},
								"up": {"uv": [28, 61], "uv_size": [1, 0.5]},
								"down": {"uv": [61, 28.5], "uv_size": [1, -0.5]}
							}
						},
						{
							"origin": [-0.41421, -1, -1],
							"size": [0.82843, 2, 0.175],
							"pivot": [0, 0, 2.75],
							"rotation": [0, 0, -180],
							"uv": {
								"north": {"uv": [41, 27], "uv_size": [1, 2]},
								"south": {"uv": [29, 41], "uv_size": [1, 2]},
								"up": {"uv": [29, 61], "uv_size": [1, 0.5]},
								"down": {"uv": [61, 29.5], "uv_size": [1, -0.5]}
							}
						},
						{
							"origin": [-0.41421, -1, -1],
							"size": [0.82843, 2, 0.175],
							"pivot": [0, 0, 2.75],
							"rotation": [0, 0, 90],
							"uv": {
								"north": {"uv": [31, 41], "uv_size": [1, 2]},
								"south": {"uv": [33, 41], "uv_size": [1, 2]},
								"up": {"uv": [30, 61], "uv_size": [1, 0.5]},
								"down": {"uv": [61, 30.5], "uv_size": [1, -0.5]}
							}
						},
						{
							"origin": [-0.41421, -1, -1],
							"size": [0.82843, 2, 0.175],
							"pivot": [0, 0, 2.75],
							"rotation": [0, 0, 135],
							"uv": {
								"north": {"uv": [41, 33], "uv_size": [1, 2]},
								"south": {"uv": [34, 41], "uv_size": [1, 2]},
								"up": {"uv": [31, 61], "uv_size": [1, 0.5]},
								"down": {"uv": [61, 31.5], "uv_size": [1, -0.5]}
							}
						},
						{
							"origin": [-0.25888, 0.375, -8.5],
							"size": [0.51777, 0.25, 0.25],
							"uv": {
								"north": {"uv": [61, 70], "uv_size": [0.5, 0.5]},
								"up": {"uv": [70, 61], "uv_size": [0.5, 0.5]},
								"down": {"uv": [62, 70.5], "uv_size": [0.5, -0.5]}
							}
						},
						{
							"origin": [-0.25888, 0.375, -8.5],
							"size": [0.21777, 0.25, 0.25],
							"pivot": [0, 0, -7.5],
							"rotation": [0, 0, 135],
							"uv": {
								"north": {"uv": [70, 62], "uv_size": [0.5, 0.5]},
								"west": {"uv": [63, 70], "uv_size": [0.5, 0.5]},
								"up": {"uv": [70, 63], "uv_size": [0.5, 0.5]},
								"down": {"uv": [64, 70.5], "uv_size": [0.5, -0.5]}
							}
						},
						{
							"origin": [-0.25888, 0.375, -8.5],
							"size": [0.51777, 0.25, 0.25],
							"pivot": [0, 0, -7.5],
							"rotation": [0, 0, 90],
							"uv": {
								"north": {"uv": [70, 64], "uv_size": [0.5, 0.5]},
								"up": {"uv": [65, 70], "uv_size": [0.5, 0.5]},
								"down": {"uv": [70, 65.5], "uv_size": [0.5, -0.5]}
							}
						},
						{
							"origin": [0.04112, 0.375, -8.5],
							"size": [0.21777, 0.25, 0.25],
							"pivot": [0, 0, -7.5],
							"rotation": [0, 0, 45],
							"uv": {
								"north": {"uv": [66, 70], "uv_size": [0.5, 0.5]},
								"east": {"uv": [70, 66], "uv_size": [0.5, 0.5]},
								"up": {"uv": [67, 70], "uv_size": [0.5, 0.5]},
								"down": {"uv": [70, 67.5], "uv_size": [0.5, -0.5]}
							}
						},
						{
							"origin": [-0.7625, -0.2, -7.35],
							"size": [1.525, 0.4, 0.4],
							"pivot": [0, 0, -7.15],
							"rotation": [45, 0, 0],
							"uv": {
								"east": {"uv": [68, 70], "uv_size": [0.5, 0.5]},
								"west": {"uv": [68, 70], "uv_size": [0.5, 0.5]}
							}
						},
						{
							"origin": [-0.7625, -0.2, -6.35],
							"size": [1.525, 0.4, 0.4],
							"pivot": [0, 0, -6.15],
							"rotation": [45, 0, 0],
							"uv": {
								"east": {"uv": [68, 70], "uv_size": [0.5, 0.5]},
								"west": {"uv": [68, 70], "uv_size": [0.5, 0.5]}
							}
						},
						{
							"origin": [-0.7625, -0.2, -7.85],
							"size": [1.525, 0.4, 0.4],
							"pivot": [0, 0, -7.65],
							"rotation": [45, 0, -45],
							"uv": {
								"east": {"uv": [68, 70], "uv_size": [0.5, 0.5]},
								"west": {"uv": [68, 70], "uv_size": [0.5, 0.5]}
							}
						},
						{
							"origin": [-0.7625, -0.2, -6.85],
							"size": [1.525, 0.4, 0.4],
							"pivot": [0, 0, -6.65],
							"rotation": [45, 0, -45],
							"uv": {
								"east": {"uv": [68, 70], "uv_size": [0.5, 0.5]},
								"west": {"uv": [68, 70], "uv_size": [0.5, 0.5]}
							}
						},
						{
							"origin": [-0.7625, -0.2, -5.85],
							"size": [1.525, 0.4, 0.4],
							"pivot": [0, 0, -5.65],
							"rotation": [45, 0, -45],
							"uv": {
								"east": {"uv": [68, 70], "uv_size": [0.5, 0.5]},
								"west": {"uv": [68, 70], "uv_size": [0.5, 0.5]}
							}
						},
						{
							"origin": [-0.7625, -0.2, -6.85],
							"size": [1.525, 0.4, 0.4],
							"pivot": [0, 0, -6.65],
							"rotation": [45, 0, 45],
							"uv": {
								"east": {"uv": [68, 70], "uv_size": [0.5, 0.5]},
								"west": {"uv": [68, 70], "uv_size": [0.5, 0.5]}
							}
						},
						{
							"origin": [-0.7625, -0.2, -7.85],
							"size": [1.525, 0.4, 0.4],
							"pivot": [0, 0, -7.65],
							"rotation": [45, 0, 45],
							"uv": {
								"east": {"uv": [68, 70], "uv_size": [0.5, 0.5]},
								"west": {"uv": [68, 70], "uv_size": [0.5, 0.5]}
							}
						},
						{
							"origin": [-0.7625, -0.2, -5.85],
							"size": [1.525, 0.4, 0.4],
							"pivot": [0, 0, -5.65],
							"rotation": [45, 0, 45],
							"uv": {
								"east": {"uv": [68, 70], "uv_size": [0.5, 0.5]},
								"west": {"uv": [68, 70], "uv_size": [0.5, 0.5]}
							}
						},
						{
							"origin": [-0.7625, -0.2, -6.35],
							"size": [1.525, 0.4, 0.4],
							"pivot": [0, 0, -6.15],
							"rotation": [45, 0, -90],
							"uv": {
								"east": {"uv": [68, 70], "uv_size": [0.5, 0.5]},
								"west": {"uv": [68, 70], "uv_size": [0.5, 0.5]}
							}
						},
						{
							"origin": [-0.7625, -0.2, -7.35],
							"size": [1.525, 0.4, 0.4],
							"pivot": [0, 0, -7.15],
							"rotation": [45, 0, -90],
							"uv": {
								"east": {"uv": [68, 70], "uv_size": [0.5, 0.5]},
								"west": {"uv": [68, 70], "uv_size": [0.5, 0.5]}
							}
						},
						{
							"origin": [-0.25888, -0.625, -8.5],
							"size": [0.21777, 0.25, 0.25],
							"pivot": [0, 0, -7.5],
							"rotation": [0, 0, 45],
							"uv": {
								"north": {"uv": [70, 68], "uv_size": [0.5, 0.5]},
								"west": {"uv": [69, 70], "uv_size": [0.5, 0.5]},
								"up": {"uv": [70, 69], "uv_size": [0.5, 0.5]},
								"down": {"uv": [70, 70.5], "uv_size": [0.5, -0.5]}
							}
						},
						{
							"origin": [-0.25888, 0.375, -8.5],
							"size": [0.21777, 0.25, 0.25],
							"pivot": [0, 0, -7.5],
							"rotation": [0, 0, 45],
							"uv": {
								"north": {"uv": [0, 71], "uv_size": [0.5, 0.5]},
								"west": {"uv": [71, 0], "uv_size": [0.5, 0.5]},
								"up": {"uv": [1, 71], "uv_size": [0.5, 0.5]},
								"down": {"uv": [71, 1.5], "uv_size": [0.5, -0.5]}
							}
						},
						{
							"origin": [0.01612, 0.375, -8.5],
							"size": [0.24277, 0.25, 0.25],
							"pivot": [0, 0, -7.5],
							"rotation": [0, 0, 135],
							"uv": {
								"north": {"uv": [2, 71], "uv_size": [0.5, 0.5]},
								"east": {"uv": [71, 2], "uv_size": [0.5, 0.5]},
								"up": {"uv": [3, 71], "uv_size": [0.5, 0.5]},
								"down": {"uv": [71, 3.5], "uv_size": [0.5, -0.5]}
							}
						},
						{
							"origin": [0.01612, -0.625, -8.5],
							"size": [0.24277, 0.25, 0.25],
							"pivot": [0, 0, -7.5],
							"rotation": [0, 0, 135],
							"uv": {
								"north": {"uv": [4, 71], "uv_size": [0.5, 0.5]},
								"east": {"uv": [71, 4], "uv_size": [0.5, 0.5]},
								"up": {"uv": [5, 71], "uv_size": [0.5, 0.5]},
								"down": {"uv": [71, 5.5], "uv_size": [0.5, -0.5]}
							}
						},
						{
							"origin": [-0.25888, -0.625, -8.4],
							"size": [0.51777, 0.25, 0.15],
							"pivot": [0, 0, -7.5],
							"rotation": [0, 0, 45],
							"uv": {
								"north": {"uv": [6, 71], "uv_size": [0.5, 0.5]},
								"up": {"uv": [71, 6], "uv_size": [0.5, 0.5]},
								"down": {"uv": [7, 71.5], "uv_size": [0.5, -0.5]}
							}
						},
						{
							"origin": [-0.25888, 0.375, -8.4],
							"size": [0.51777, 0.25, 0.15],
							"pivot": [0, 0, -7.5],
							"rotation": [0, 0, 45],
							"uv": {
								"north": {"uv": [71, 7], "uv_size": [0.5, 0.5]},
								"up": {"uv": [8, 71], "uv_size": [0.5, 0.5]},
								"down": {"uv": [71, 8.5], "uv_size": [0.5, -0.5]}
							}
						},
						{
							"origin": [-0.25888, 0.375, -8.4],
							"size": [0.51777, 0.25, 0.15],
							"pivot": [0, 0, -7.5],
							"rotation": [0, 0, 135],
							"uv": {
								"north": {"uv": [9, 71], "uv_size": [0.5, 0.5]},
								"up": {"uv": [71, 9], "uv_size": [0.5, 0.5]},
								"down": {"uv": [10, 71.5], "uv_size": [0.5, -0.5]}
							}
						},
						{
							"origin": [-0.25888, -0.625, -8.4],
							"size": [0.51777, 0.25, 0.15],
							"pivot": [0, 0, -7.5],
							"rotation": [0, 0, 135],
							"uv": {
								"north": {"uv": [71, 10], "uv_size": [0.5, 0.5]},
								"up": {"uv": [11, 71], "uv_size": [0.5, 0.5]},
								"down": {"uv": [71, 11.5], "uv_size": [0.5, -0.5]}
							}
						},
						{
							"origin": [-0.31066, -0.75, -8.25],
							"size": [0.62132, 0.4, 8.25],
							"pivot": [0, 0, -7.25],
							"rotation": [0, 0, 135],
							"uv": {
								"north": {"uv": [12, 71], "uv_size": [0.5, 0.5]},
								"south": {"uv": [71, 12], "uv_size": [0.5, 0.5]},
								"up": {"uv": [27, 10], "uv_size": [0.5, 8.5]},
								"down": {"uv": [22, 35.5], "uv_size": [0.5, -8.5]}
							}
						},
						{
							"origin": [-0.31066, -0.75, -8.25],
							"size": [0.62132, 0.4, 8.25],
							"uv": {
								"north": {"uv": [13, 71], "uv_size": [0.5, 0.5]},
								"south": {"uv": [71, 13], "uv_size": [0.5, 0.5]},
								"up": {"uv": [23, 27], "uv_size": [0.5, 8.5]},
								"down": {"uv": [27, 33.5], "uv_size": [0.5, -8.5]}
							}
						},
						{
							"origin": [-0.31066, -0.75, -8.25],
							"size": [0.62132, 0.4, 8.25],
							"pivot": [0, 0, -7.25],
							"rotation": [0, 0, 90],
							"uv": {
								"north": {"uv": [14, 71], "uv_size": [0.5, 0.5]},
								"south": {"uv": [71, 14], "uv_size": [0.5, 0.5]},
								"up": {"uv": [28, 10], "uv_size": [0.5, 8.5]},
								"down": {"uv": [24, 36.5], "uv_size": [0.5, -8.5]}
							}
						},
						{
							"origin": [-0.31066, -0.75, -8.25],
							"size": [0.62132, 0.4, 8.25],
							"pivot": [0, 0, -7.25],
							"rotation": [0, 0, 45],
							"uv": {
								"north": {"uv": [15, 71], "uv_size": [0.5, 0.5]},
								"south": {"uv": [71, 15], "uv_size": [0.5, 0.5]},
								"up": {"uv": [25, 28], "uv_size": [0.5, 8.5]},
								"down": {"uv": [28, 33.5], "uv_size": [0.5, -8.5]}
							}
						},
						{
							"origin": [-0.375, -0.375, -5.35],
							"size": [0.75, 0.75, 0.1],
							"uv": {
								"north": {"uv": [4, 50], "uv_size": [1, 1]}
							}
						}
					]
				}
			]
		}
	]
}