{
	"format_version": "1.12.0",
	"minecraft:geometry": [
		{
			"description": {
				"identifier": "geometry.unknown",
				"texture_width": 128,
				"texture_height": 128,
				"visible_bounds_width": 8,
				"visible_bounds_height": 3,
				"visible_bounds_offset": [0, 0.5, 0]
			},
			"bones": [
				{
					"name": "scope_body",
					"pivot": [0, -0.05, -2.5],
					"cubes": [
						{
							"origin": [0.875, 0.275, -7.25],
							"size": [0.25, 0.35, 0.15],
							"pivot": [1.125, 0.125, 0],
							"rotation": [0, 0, 5],
							"uv": {
								"north": {"uv": [8, 1], "uv_size": [1, 1]},
								"west": {"uv": [8, 1], "uv_size": [1, 1]}
							}
						},
						{
							"origin": [0.375, 0.23347, -7.79127],
							"size": [0.45, 0.3, 0.25],
							"pivot": [0, 1.63347, -7.79127],
							"rotation": [23.75, 0, 0],
							"uv": {
								"east": {"uv": [9, 1], "uv_size": [-1, 1]}
							}
						},
						{
							"origin": [0.375, 0.49391, -7.27828],
							"size": [0.1, 0.3, 0.25],
							"pivot": [0.375, 0.49391, -7.15328],
							"rotation": [22.12256, 8.86602, -20.76344],
							"uv": {
								"east": {"uv": [9, 1], "uv_size": [-1, 1]}
							}
						},
						{
							"origin": [-0.325, 0.62663, -7.34825],
							"size": [0.65, 0, 0.25],
							"uv": {
								"down": {"uv": [9, 2], "uv_size": [-1, -1]}
							}
						},
						{
							"origin": [-0.825, 0.23347, -7.79127],
							"size": [0.45, 0.3, 0.25],
							"pivot": [0, 1.63347, -7.79127],
							"rotation": [23.75, 0, 0],
							"uv": {
								"west": {"uv": [8, 1], "uv_size": [1, 1]}
							}
						},
						{
							"origin": [-0.475, 0.49391, -7.27828],
							"size": [0.1, 0.3, 0.25],
							"pivot": [-0.375, 0.49391, -7.15328],
							"rotation": [22.12256, -8.86602, 20.76344],
							"uv": {
								"west": {"uv": [8, 1], "uv_size": [1, 1]}
							}
						},
						{
							"origin": [0.5, 0.4, -7.25],
							"size": [0.25, 1.725, 10.25],
							"pivot": [0.75, 2.125, -4.75],
							"rotation": [0, 0, -10],
							"uv": {
								"west": {"uv": [14, 1], "uv_size": [1, 1]}
							}
						},
						{
							"origin": [0.225, 2.875, -7.5],
							"size": [0.125, 0.25, 1.75],
							"pivot": [0.35, 3.125, -6.625],
							"rotation": [0, 0, -10],
							"uv": {
								"east": {"uv": [6, 1], "uv_size": [1, 1]},
								"west": {"uv": [10, 1], "uv_size": [1, 1]}
							}
						},
						{
							"origin": [0.5, 1.375, -7.525],
							"size": [0.25, 0.75, 0.275],
							"pivot": [0.75, 2.125, -4.75],
							"rotation": [0, 0, -10],
							"uv": {
								"west": {"uv": [14, 1], "uv_size": [1, 1]}
							}
						},
						{
							"origin": [0.5, 1.43395, -7.82507],
							"size": [0.25, 1.55, 0.5],
							"pivot": [0.75, 2.125, -4.75],
							"rotation": [22.5, 0, -10],
							"uv": {
								"north": {"uv": [14, 1], "uv_size": [1, 1]},
								"east": {"uv": [10, 1], "uv_size": [1, 1]},
								"west": {"uv": [14, 1], "uv_size": [1, 1]}
							}
						},
						{
							"origin": [0.81711, 0.01565, -7.32654],
							"size": [0.25, 0.3, 0.25],
							"pivot": [0.94211, 0.31565, -7.32654],
							"rotation": [66, 0, -10],
							"uv": {
								"north": {"uv": [14, 1], "uv_size": [1, 1]},
								"east": {"uv": [10, 1], "uv_size": [1, 1]},
								"west": {"uv": [14, 1], "uv_size": [1, 1]}
							}
						},
						{
							"origin": [0.56654, 1.74761, -7.9197],
							"size": [0.25, 0.55, 0.5],
							"pivot": [0.81654, 1.74761, -7.9197],
							"rotation": [-46, 0, -10],
							"uv": {
								"north": {"uv": [10, 4], "uv_size": [1, 1]},
								"east": {"uv": [10, 1], "uv_size": [1, 1]},
								"west": {"uv": [14, 1], "uv_size": [1, 1]}
							}
						},
						{
							"origin": [0.875, 2.54949, -6.64176],
							"size": [0.25, 0.525, 2.9119],
							"pivot": [1.125, 0.125, 0],
							"rotation": [20, 0, 5],
							"uv": {
								"west": {"uv": [8, 1], "uv_size": [1, 1]},
								"up": {"uv": [11, 2], "uv_size": [-1, -1]}
							}
						},
						{
							"origin": [0.625, 2.82449, -5.64176],
							"size": [0.25, 0.25, 1.9119],
							"pivot": [1.125, 0.125, 0],
							"rotation": [20, 0, 5],
							"uv": {
								"up": {"uv": [11, 2], "uv_size": [-1, -1]}
							}
						},
						{
							"origin": [0.375, -0.55, -4.25],
							"size": [0.25, 0.25, 4.25],
							"pivot": [0.625, -0.3, -3.625],
							"rotation": [0, 0, 45],
							"uv": {
								"north": {"uv": [4, 1], "uv_size": [1, 1]},
								"south": {"uv": [4, 1], "uv_size": [1, 1]},
								"west": {"uv": [4, 1], "uv_size": [1, 1]},
								"down": {"uv": [5, 2], "uv_size": [-1, -1]}
							}
						},
						{
							"origin": [0.875, 1.36872, 2.50261],
							"size": [0.25, 0.75, 0.5],
							"pivot": [1.125, 0.125, 0],
							"rotation": [-22.5, 0, 5],
							"uv": {
								"east": {"uv": [8, 1], "uv_size": [1, 1]},
								"south": {"uv": [8, 1], "uv_size": [1, 1]},
								"west": {"uv": [8, 1], "uv_size": [1, 1]}
							}
						},
						{
							"origin": [0.875, 0.425, -6.27626],
							"size": [0.25, 0.55, 2.07626],
							"pivot": [1.125, 0.125, 0],
							"rotation": [0, 0, 5],
							"uv": {
								"south": {"uv": [8, 1], "uv_size": [1, 1]},
								"west": {"uv": [8, 1], "uv_size": [1, 1]}
							}
						},
						{
							"origin": [0.956, 0.78126, -4.53377],
							"size": [0.25, 0.275, 3],
							"pivot": [1.081, 1.05626, 3.63268],
							"rotation": [-4, 0, 5],
							"uv": {
								"west": {"uv": [8, 1], "uv_size": [1, 1]}
							}
						},
						{
							"origin": [0.98052, 1.04536, -2.0338],
							"size": [0.225, 1.1, 5.66648],
							"pivot": [1.20552, 1.04536, 3.63268],
							"rotation": [-3.86412, -1.03449, -9.9651],
							"uv": {
								"west": {"uv": [10, 1], "uv_size": [1, 1]}
							}
						},
						{
							"origin": [0.98052, 1.04536, 3.13268],
							"size": [0.225, 0.9, 0.5],
							"pivot": [1.20552, 1.04536, 3.63268],
							"rotation": [-23.86412, -1.03449, -9.9651],
							"uv": {
								"south": {"uv": [8, 1], "uv_size": [1, 1]},
								"west": {"uv": [10, 1], "uv_size": [1, 1]}
							}
						},
						{
							"origin": [0.956, 1.03126, 3.38268],
							"size": [0.25, 0.025, 0.25],
							"pivot": [1.081, 1.05626, 3.63268],
							"rotation": [-4, 0, 5],
							"uv": {
								"south": {"uv": [8, 1], "uv_size": [1, 1]},
								"west": {"uv": [8, 1], "uv_size": [1, 1]}
							}
						},
						{
							"origin": [0.875, 2.11872, 2.97761],
							"size": [0.25, 0.225, 0.025],
							"pivot": [1.125, 0.125, 0],
							"rotation": [-22.5, 0, 5],
							"uv": {
								"south": {"uv": [8, 1], "uv_size": [1, 1]},
								"west": {"uv": [8, 1], "uv_size": [1, 1]}
							}
						},
						{
							"origin": [0.956, 0.95626, 3.38268],
							"size": [0.25, 0.075, 0.215],
							"pivot": [1.081, 1.05626, 3.63268],
							"rotation": [-4, 0, 5],
							"uv": {
								"west": {"uv": [8, 1], "uv_size": [1, 1]}
							}
						},
						{
							"origin": [0.875, 2.11872, 2.77761],
							"size": [0.25, 0.15, 0.2],
							"pivot": [1.125, 0.125, 0],
							"rotation": [-22.5, 0, 5],
							"uv": {
								"west": {"uv": [8, 1], "uv_size": [1, 1]}
							}
						},
						{
							"origin": [0.83352, 1.83324, 3.74489],
							"size": [0.225, 0.39926, 0.25],
							"pivot": [0.93352, 1.83324, 3.99448],
							"rotation": [46.63588, -1.03449, -9.9651],
							"uv": {
								"south": {"uv": [10, 1], "uv_size": [1, 1]},
								"west": {"uv": [10, 1], "uv_size": [1, 1]}
							}
						},
						{
							"origin": [1.00517, 1.58786, -4.51388],
							"size": [0.25, 0.02499, 2.73127],
							"pivot": [1.25517, 1.61286, -4.51388],
							"rotation": [19.88588, -1.03449, -9.9651],
							"uv": {
								"west": {"uv": [10, 1], "uv_size": [1, 1]}
							}
						},
						{
							"origin": [0.95552, 1.04536, -4.4838],
							"size": [0.25, 0.025, 2.45],
							"pivot": [1.20552, 1.04536, 3.63268],
							"rotation": [-3.86412, -1.03449, -9.9651],
							"uv": {
								"west": {"uv": [10, 1], "uv_size": [1, 1]}
							}
						},
						{
							"origin": [1.00517, 1.56286, -4.395],
							"size": [0.25, 0.025, 2.60627],
							"pivot": [1.25517, 1.61286, -4.51388],
							"rotation": [19.88588, -1.03449, -9.9651],
							"uv": {
								"west": {"uv": [10, 1], "uv_size": [1, 1]}
							}
						},
						{
							"origin": [0.95552, 1.07036, -4.3588],
							"size": [0.25, 0.05, 2.325],
							"pivot": [1.20552, 1.04536, 3.63268],
							"rotation": [-3.86412, -1.03449, -9.9651],
							"uv": {
								"west": {"uv": [10, 1], "uv_size": [1, 1]}
							}
						},
						{
							"origin": [1.00517, 1.48786, -4.22],
							"size": [0.25, 0.075, 2.43127],
							"pivot": [1.25517, 1.61286, -4.51388],
							"rotation": [19.88588, -1.03449, -9.9651],
							"uv": {
								"west": {"uv": [10, 1], "uv_size": [1, 1]}
							}
						},
						{
							"origin": [0.95552, 1.12036, -4.0588],
							"size": [0.25, 0.125, 2.025],
							"pivot": [1.20552, 1.04536, 3.63268],
							"rotation": [-3.86412, -1.03449, -9.9651],
							"uv": {
								"west": {"uv": [10, 1], "uv_size": [1, 1]}
							}
						},
						{
							"origin": [1.00517, 1.28786, -3.745],
							"size": [0.25, 0.2, 1.95627],
							"pivot": [1.25517, 1.61286, -4.51388],
							"rotation": [19.88588, -1.03449, -9.9651],
							"uv": {
								"west": {"uv": [10, 1], "uv_size": [1, 1]}
							}
						},
						{
							"origin": [0.95552, 1.24536, -3.2838],
							"size": [0.25, 0.325, 1.25],
							"pivot": [1.20552, 1.04536, 3.63268],
							"rotation": [-3.86412, -1.03449, -9.9651],
							"uv": {
								"west": {"uv": [10, 1], "uv_size": [1, 1]}
							}
						},
						{
							"origin": [1.00517, 1.08786, -2.495],
							"size": [0.25, 0.2, 0.70627],
							"pivot": [1.25517, 1.61286, -4.51388],
							"rotation": [19.88588, -1.03449, -9.9651],
							"uv": {
								"west": {"uv": [10, 1], "uv_size": [1, 1]}
							}
						},
						{
							"origin": [0.956, 0.40626, -0.03377],
							"size": [0.25, 0.65, 3.41645],
							"pivot": [1.081, 1.05626, 3.63268],
							"rotation": [-4, 0, 5],
							"uv": {
								"west": {"uv": [8, 1], "uv_size": [1, 1]}
							}
						},
						{
							"origin": [0.875, 1.125, -4.5],
							"size": [0.25, 0.225, 3.6],
							"pivot": [1.125, 0.125, 0],
							"rotation": [0, 0, 5],
							"uv": {
								"west": {"uv": [8, 1], "uv_size": [1, 1]},
								"down": {"uv": [9, 2], "uv_size": [-1, -1]}
							}
						},
						{
							"origin": [0.956, 0.83126, -1.53377],
							"size": [0.25, 0.225, 1.5],
							"pivot": [1.081, 1.05626, 3.63268],
							"rotation": [-4, 0, 5],
							"uv": {
								"west": {"uv": [8, 1], "uv_size": [1, 1]}
							}
						},
						{
							"origin": [0.96263, 0.10709, -4.675],
							"size": [0.25, 1.025, 0.675],
							"pivot": [1.08763, 1.13209, -4],
							"rotation": [-45, 0, 5],
							"uv": {
								"south": {"uv": [8, 1], "uv_size": [1, 1]},
								"west": {"uv": [8, 1], "uv_size": [1, 1]}
							}
						},
						{
							"origin": [0.96263, -0.28212, -1],
							"size": [0.25, 1.41421, 0.325],
							"pivot": [1.08763, 1.13209, -1],
							"rotation": [45, 0, 5],
							"uv": {
								"north": {"uv": [8, 1], "uv_size": [1, 1]},
								"east": {"uv": [8, 1], "uv_size": [1, 1]},
								"west": {"uv": [8, 1], "uv_size": [1, 1]}
							}
						},
						{
							"origin": [0.96263, 0.08209, -3.25],
							"size": [0.15, 1.05, 0.2],
							"pivot": [1.08763, 1.13209, -3.25],
							"rotation": [45, 0, 5],
							"uv": {
								"north": {"uv": [8, 1], "uv_size": [1, 1]},
								"south": {"uv": [8, 1], "uv_size": [1, 1]},
								"west": {"uv": [12, 1], "uv_size": [1, 1]}
							}
						},
						{
							"origin": [0.95944, 0.14561, -0.51612],
							"size": [0.25, 0.975, 0.45],
							"pivot": [1.08444, 1.09561, -0.51612],
							"rotation": [26, 0, 5],
							"uv": {
								"west": {"uv": [8, 1], "uv_size": [1, 1]}
							}
						},
						{
							"origin": [0.96263, 1.03209, -4.25],
							"size": [0.15, 0.1, 3.5],
							"pivot": [1.08763, 1.13209, -2.25],
							"rotation": [0, 0, 5],
							"uv": {
								"west": {"uv": [12, 1], "uv_size": [1, 1]},
								"down": {"uv": [9, 2], "uv_size": [-1, -1]}
							}
						},
						{
							"origin": [0.96263, 0.23209, -4],
							"size": [0.15, 0.9, 0.1],
							"pivot": [1.08763, 1.13209, -4],
							"rotation": [-45, 0, 5],
							"uv": {
								"south": {"uv": [8, 1], "uv_size": [1, 1]},
								"west": {"uv": [12, 1], "uv_size": [1, 1]}
							}
						},
						{
							"origin": [0.96263, 0.23209, -1.1],
							"size": [0.15, 0.9, 0.1],
							"pivot": [1.08763, 1.13209, -1],
							"rotation": [45, 0, 5],
							"uv": {
								"north": {"uv": [8, 1], "uv_size": [1, 1]},
								"west": {"uv": [12, 1], "uv_size": [1, 1]}
							}
						},
						{
							"origin": [0.875, 0.375, -4.75],
							"size": [0.15, 0.15, 4.5],
							"pivot": [1.125, 0.125, 0],
							"rotation": [0, 0, 5],
							"uv": {
								"west": {"uv": [12, 1], "uv_size": [1, 1]},
								"up": {"uv": [9, 2], "uv_size": [-1, -1]},
								"down": {"uv": [9, 2], "uv_size": [-1, -1]}
							}
						},
						{
							"origin": [0.2269, 2.70329, -7],
							"size": [0.125, 0.4, 1.25],
							"pivot": [0.2269, 3.10329, -5.75],
							"rotation": [10, 0, -10],
							"uv": {
								"east": {"uv": [6, 1], "uv_size": [1, 1]},
								"south": {"uv": [10, 1], "uv_size": [1, 1]},
								"west": {"uv": [10, 1], "uv_size": [1, 1]},
								"down": {"uv": [11, 2], "uv_size": [-1, -1]}
							}
						},
						{
							"origin": [0.21816, 2.79686, -7.75],
							"size": [0.1, 0.1, 0.25],
							"pivot": [-0.125, 2.975, -7.75],
							"rotation": [9.85108, 1.72794, -9.85108],
							"uv": {
								"north": {"uv": [12, 1], "uv_size": [1, 1]},
								"east": {"uv": [10, 1], "uv_size": [1, 1]},
								"west": {"uv": [12, 1], "uv_size": [1, 1]}
							}
						},
						{
							"origin": [0.358, 2.50159, -7.41155],
							"size": [0.1, 0.375, 0.5],
							"pivot": [0.333, 2.50159, -6.91155],
							"rotation": [0, 0, -10],
							"uv": {
								"west": {"uv": [10, 1], "uv_size": [1, 1]},
								"down": {"uv": [11, 2], "uv_size": [-1, -1]}
							}
						},
						{
							"origin": [0.358, 2.50159, -7.41155],
							"size": [0.1, 0.59832, 0.1521],
							"pivot": [0.333, 2.50159, -7.41155],
							"rotation": [22.5, 0, -10],
							"uv": {
								"north": {"uv": [10, 1], "uv_size": [1, 1]},
								"west": {"uv": [10, 1], "uv_size": [1, 1]},
								"up": {"uv": [11, 2], "uv_size": [-1, -1]}
							}
						},
						{
							"origin": [0.24312, 2.46946, -7.73139],
							"size": [0.1, 0.4, 0.2],
							"pivot": [0.29312, 2.86946, -7.73139],
							"rotation": [24.85108, 1.72794, -9.85108],
							"uv": {
								"north": {"uv": [12, 1], "uv_size": [1, 1]},
								"east": {"uv": [10, 1], "uv_size": [1, 1]},
								"west": {"uv": [12, 1], "uv_size": [1, 1]}
							}
						},
						{
							"origin": [0.31022, 2.51272, -7.56336],
							"size": [0.1, 0.5, 0.65],
							"pivot": [0.36022, 2.51272, -7.56336],
							"rotation": [0, 1.72794, -9.85108],
							"uv": {
								"east": {"uv": [10, 1], "uv_size": [1, 1]},
								"west": {"uv": [12, 1], "uv_size": [1, 1]},
								"down": {"uv": [13, 2], "uv_size": [-1, -1]}
							}
						},
						{
							"origin": [0.3, 2.35, -7.2],
							"size": [0.1, 0.125, 0.7],
							"pivot": [0.4, 2.475, -7.35],
							"rotation": [0, 0, -15],
							"uv": {
								"east": {"uv": [8, 1], "uv_size": [1, 1]},
								"west": {"uv": [8, 1], "uv_size": [1, 1]},
								"up": {"uv": [9, 2], "uv_size": [-1, -1]}
							}
						},
						{
							"origin": [0.3, 2.225, -7.35],
							"size": [0.1, 0.25, 0.15],
							"pivot": [0.4, 2.475, -7.35],
							"rotation": [0, 0, -15],
							"uv": {
								"north": {"uv": [8, 1], "uv_size": [1, 1]},
								"east": {"uv": [8, 1], "uv_size": [1, 1]},
								"west": {"uv": [8, 1], "uv_size": [1, 1]},
								"down": {"uv": [9, 2], "uv_size": [-1, -1]}
							}
						},
						{
							"origin": [0.3, 2.20275, -7.24569],
							"size": [0.1, 0.12465, 0.73278],
							"pivot": [0.4, 2.475, -7.35],
							"rotation": [10, 0, -15],
							"uv": {
								"east": {"uv": [8, 1], "uv_size": [1, 1]},
								"south": {"uv": [8, 1], "uv_size": [1, 1]},
								"west": {"uv": [8, 1], "uv_size": [1, 1]},
								"down": {"uv": [9, 2], "uv_size": [-1, -1]}
							}
						},
						{
							"origin": [0.375, 0.10204, -7.22742],
							"size": [0.45, 0.25, 0.25],
							"pivot": [0, 0.35204, -7.22742],
							"rotation": [45, 0, 0],
							"uv": {
								"north": {"uv": [8, 1], "uv_size": [1, 1]},
								"east": {"uv": [8, 1], "uv_size": [1, 1]}
							}
						},
						{
							"origin": [0.53151, 2.07296, -1.95278],
							"size": [0.5, 0.25, 5.66648],
							"pivot": [1.03151, 2.32296, 0.88046],
							"rotation": [-3.98483, -0.34834, 0.01212],
							"uv": {
								"east": {"uv": [8, 1], "uv_size": [1, 1]},
								"up": {"uv": [9, 2], "uv_size": [-1, -1]}
							}
						},
						{
							"origin": [0.51072, 1.77607, 3.4568],
							"size": [0.50357, 0.35, 0.25],
							"pivot": [1.01428, 2.12607, 3.7068],
							"rotation": [41.25, 0, 0],
							"uv": {
								"east": {"uv": [10, 1], "uv_size": [1, 1]},
								"south": {"uv": [10, 1], "uv_size": [1, 1]}
							}
						},
						{
							"origin": [0.75517, 1.36285, -4.51388],
							"size": [0.5, 0.25, 2.73127],
							"pivot": [1.25517, 1.61286, -4.51388],
							"rotation": [19.50715, -4.07339, -1.48423],
							"uv": {
								"up": {"uv": [11, 2], "uv_size": [-1, -1]}
							}
						},
						{
							"origin": [0.54873, 2.26984, -3.19588],
							"size": [0.5, 0.25, 1.25],
							"pivot": [1.04873, 2.51984, -1.94588],
							"rotation": [19.45589, -0.0665, -0.06621],
							"uv": {
								"east": {"uv": [8, 1], "uv_size": [1, 1]},
								"up": {"uv": [11, 2], "uv_size": [-1, -1]}
							}
						},
						{
							"origin": [0.25, 1.875, -3.5],
							"size": [0.25, 0.5, 1.2],
							"uv": {
								"east": {"uv": [4, 1], "uv_size": [1, 1]},
								"west": {"uv": [4, 4], "uv_size": [1, 1]},
								"up": {"uv": [5, 5], "uv_size": [-1, -1]}
							}
						},
						{
							"origin": [0.25, 1.875, -4.25],
							"size": [0.25, 0.5, 0.75],
							"pivot": [0, 2.375, -3.5],
							"rotation": [15, 0, 0],
							"uv": {
								"north": {"uv": [4, 4], "uv_size": [1, 1]},
								"east": {"uv": [4, 1], "uv_size": [1, 1]},
								"west": {"uv": [4, 4], "uv_size": [1, 1]},
								"up": {"uv": [7, 5], "uv_size": [-1, -1]}
							}
						},
						{
							"origin": [0.80623, 1.38485, -4.51371],
							"size": [0.45, 0.25, 0.25],
							"pivot": [1.03123, 1.63485, -4.51371],
							"rotation": [-5, 0, 5],
							"uv": {
								"up": {"uv": [11, 2], "uv_size": [-1, -1]}
							}
						},
						{
							"origin": [0.08572, 1.77607, -0.7932],
							"size": [0.27857, 0.25, 3.25],
							"pivot": [1.11428, 2.12607, 3.7068],
							"rotation": [-4, 0, 0],
							"uv": {
								"east": {"uv": [4, 4], "uv_size": [1, 1]},
								"west": {"uv": [4, 4], "uv_size": [1, 1]},
								"up": {"uv": [5, 5], "uv_size": [-1, -1]}
							}
						},
						{
							"origin": [0.88259, 0.26004, -7.05],
							"size": [0.275, 0.25, 0.1036],
							"pivot": [1.02009, 0.38504, -6.9982],
							"rotation": [0, 0, 5],
							"uv": {
								"west": {"uv": [2, 1], "uv_size": [1, 1]}
							}
						},
						{
							"origin": [0.88259, 0.26004, -7.05],
							"size": [0.275, 0.25, 0.1036],
							"pivot": [1.02009, 0.38504, -6.9982],
							"rotation": [45, 0, 5],
							"uv": {
								"west": {"uv": [2, 1], "uv_size": [1, 1]}
							}
						},
						{
							"origin": [0.88259, 0.26004, -7.05],
							"size": [0.275, 0.25, 0.1036],
							"pivot": [1.02009, 0.38504, -6.9982],
							"rotation": [90, 0, 5],
							"uv": {
								"west": {"uv": [2, 1], "uv_size": [1, 1]}
							}
						},
						{
							"origin": [0.88259, 0.26004, -7.05],
							"size": [0.275, 0.25, 0.1036],
							"pivot": [1.02009, 0.38504, -6.9982],
							"rotation": [135, 0, 5],
							"uv": {
								"west": {"uv": [2, 1], "uv_size": [1, 1]}
							}
						},
						{
							"origin": [0.875, 0.125, -7.1],
							"size": [0.25, 0.3, 2.9],
							"pivot": [1.125, 0.125, 0],
							"rotation": [0, 0, 5],
							"uv": {
								"east": {"uv": [8, 1], "uv_size": [1, 1]},
								"south": {"uv": [8, 1], "uv_size": [1, 1]},
								"west": {"uv": [8, 1], "uv_size": [1, 1]},
								"down": {"uv": [9, 2], "uv_size": [-1, -1]}
							}
						},
						{
							"origin": [0.88855, 0.07319, -7.25],
							"size": [0.25, 0.21213, 0.25],
							"pivot": [1.01355, 0.28532, -7.25],
							"rotation": [45, 0, 5],
							"uv": {
								"north": {"uv": [8, 1], "uv_size": [1, 1]},
								"east": {"uv": [8, 1], "uv_size": [1, 1]},
								"west": {"uv": [8, 1], "uv_size": [1, 1]}
							}
						},
						{
							"origin": [0.92772, 0.24617, -6.45],
							"size": [0.25, 0.35, 1.45],
							"pivot": [0.90272, 0.59617, 4.225],
							"rotation": [0, 0, 5],
							"uv": {
								"west": {"uv": [0, 80], "uv_size": [29, 7]}
							}
						},
						{
							"origin": [0.956, 0.15626, 0.21623],
							"size": [0.25, 0.25, 2.69145],
							"pivot": [1.081, 1.05626, 3.63268],
							"rotation": [-4, 0, 5],
							"uv": {
								"west": {"uv": [8, 1], "uv_size": [1, 1]}
							}
						},
						{
							"origin": [0.875, 0.425, -4.2],
							"size": [0.15, 0.6, 0.1],
							"pivot": [1.125, 0.125, 0],
							"rotation": [0, 0, 5],
							"uv": {
								"south": {"uv": [8, 1], "uv_size": [1, 1]},
								"west": {"uv": [12, 1], "uv_size": [1, 1]}
							}
						},
						{
							"origin": [0.96263, 0.08209, -1.45],
							"size": [0.15, 1.05, 0.2],
							"pivot": [1.08763, 1.13209, -1.25],
							"rotation": [-45, 0, 5],
							"uv": {
								"north": {"uv": [9, 1], "uv_size": [-1, 1]},
								"south": {"uv": [9, 1], "uv_size": [-1, 1]},
								"west": {"uv": [13, 1], "uv_size": [-1, 1]}
							}
						},
						{
							"origin": [0.82491, 1.63649, 3.50439],
							"size": [0.25, 0.3, 0.3],
							"pivot": [1.07491, 1.78649, 3.65439],
							"rotation": [-33.36493, -0.78963, -9.91467],
							"uv": {
								"west": {"uv": [10, 4], "uv_size": [1, 1]}
							}
						},
						{
							"origin": [0.875, 0.125, 0],
							"size": [0.25, 0.3, 3.25],
							"pivot": [1.125, 0.125, 0],
							"rotation": [0, 0, 5],
							"uv": {
								"east": {"uv": [8, 1], "uv_size": [1, 1]},
								"west": {"uv": [8, 1], "uv_size": [1, 1]},
								"down": {"uv": [9, 2], "uv_size": [-1, -1]}
							}
						},
						{
							"origin": [0.96263, 0.53209, -3.45],
							"size": [0.15, 0.6, 0.2],
							"pivot": [1.08763, 1.13209, -3.5],
							"rotation": [0, 0, 5],
							"uv": {
								"north": {"uv": [8, 1], "uv_size": [1, 1]},
								"south": {"uv": [8, 1], "uv_size": [1, 1]},
								"west": {"uv": [12, 1], "uv_size": [1, 1]}
							}
						},
						{
							"origin": [-1.125, 0.275, -7.25],
							"size": [0.25, 0.35, 0.15],
							"pivot": [-1.125, 0.125, 0],
							"rotation": [0, 0, -5],
							"uv": {
								"north": {"uv": [9, 1], "uv_size": [-1, 1]},
								"east": {"uv": [9, 1], "uv_size": [-1, 1]}
							}
						},
						{
							"origin": [-0.75, 0.4, -7.25],
							"size": [0.25, 1.725, 10.25],
							"pivot": [-0.75, 2.125, -4.75],
							"rotation": [0, 0, 10],
							"uv": {
								"east": {"uv": [15, 1], "uv_size": [-1, 1]}
							}
						},
						{
							"origin": [-0.35, 2.875, -7.5],
							"size": [0.125, 0.25, 1.75],
							"pivot": [-0.35, 3.125, -6.625],
							"rotation": [0, 0, 10],
							"uv": {
								"east": {"uv": [11, 1], "uv_size": [-1, 1]},
								"west": {"uv": [7, 1], "uv_size": [-1, 1]}
							}
						},
						{
							"origin": [-0.75, 1.375, -7.525],
							"size": [0.25, 0.75, 0.275],
							"pivot": [-0.75, 2.125, -4.75],
							"rotation": [0, 0, 10],
							"uv": {
								"east": {"uv": [15, 1], "uv_size": [-1, 1]}
							}
						},
						{
							"origin": [-0.75, 1.43395, -7.82507],
							"size": [0.25, 1.55, 0.5],
							"pivot": [-0.75, 2.125, -4.75],
							"rotation": [22.5, 0, 10],
							"uv": {
								"north": {"uv": [15, 1], "uv_size": [-1, 1]},
								"east": {"uv": [15, 1], "uv_size": [-1, 1]},
								"west": {"uv": [11, 1], "uv_size": [-1, 1]}
							}
						},
						{
							"origin": [-1.06711, 0.01565, -7.32654],
							"size": [0.25, 0.3, 0.25],
							"pivot": [-0.94211, 0.31565, -7.32654],
							"rotation": [66, 0, 10],
							"uv": {
								"north": {"uv": [15, 1], "uv_size": [-1, 1]},
								"east": {"uv": [15, 1], "uv_size": [-1, 1]},
								"west": {"uv": [11, 1], "uv_size": [-1, 1]}
							}
						},
						{
							"origin": [-0.81654, 1.74761, -7.9197],
							"size": [0.25, 0.55, 0.5],
							"pivot": [-0.81654, 1.74761, -7.9197],
							"rotation": [-46, 0, 10],
							"uv": {
								"north": {"uv": [11, 4], "uv_size": [-1, 1]},
								"east": {"uv": [15, 1], "uv_size": [-1, 1]},
								"west": {"uv": [11, 1], "uv_size": [-1, 1]}
							}
						},
						{
							"origin": [-1.125, 2.54949, -6.64176],
							"size": [0.25, 0.525, 2.9119],
							"pivot": [-1.125, 0.125, 0],
							"rotation": [20, 0, -5],
							"uv": {
								"east": {"uv": [9, 1], "uv_size": [-1, 1]},
								"up": {"uv": [10, 2], "uv_size": [1, -1]}
							}
						},
						{
							"origin": [-0.875, 2.82449, -5.64176],
							"size": [0.25, 0.25, 1.9119],
							"pivot": [-1.125, 0.125, 0],
							"rotation": [20, 0, -5],
							"uv": {
								"up": {"uv": [10, 2], "uv_size": [1, -1]}
							}
						},
						{
							"origin": [-0.625, -0.55, -4.25],
							"size": [0.25, 0.25, 4.25],
							"pivot": [-0.625, -0.3, -3.625],
							"rotation": [0, 0, -45],
							"uv": {
								"north": {"uv": [5, 1], "uv_size": [-1, 1]},
								"east": {"uv": [5, 1], "uv_size": [-1, 1]},
								"south": {"uv": [5, 1], "uv_size": [-1, 1]},
								"down": {"uv": [4, 2], "uv_size": [1, -1]}
							}
						},
						{
							"origin": [-1.125, 1.36872, 2.50261],
							"size": [0.25, 0.75, 0.5],
							"pivot": [-1.125, 0.125, 0],
							"rotation": [-22.5, 0, -5],
							"uv": {
								"east": {"uv": [9, 1], "uv_size": [-1, 1]},
								"south": {"uv": [9, 1], "uv_size": [-1, 1]},
								"west": {"uv": [9, 1], "uv_size": [-1, 1]}
							}
						},
						{
							"origin": [-1.125, 0.425, -6.27626],
							"size": [0.25, 0.55, 2.07626],
							"pivot": [-1.125, 0.125, 0],
							"rotation": [0, 0, -5],
							"uv": {
								"east": {"uv": [9, 1], "uv_size": [-1, 1]},
								"south": {"uv": [9, 1], "uv_size": [-1, 1]}
							}
						},
						{
							"origin": [-1.206, 0.78126, -4.53377],
							"size": [0.25, 0.275, 3],
							"pivot": [-1.081, 1.05626, 3.63268],
							"rotation": [-4, 0, -5],
							"uv": {
								"east": {"uv": [9, 1], "uv_size": [-1, 1]}
							}
						},
						{
							"origin": [-1.20552, 1.04536, -2.0338],
							"size": [0.225, 1.1, 5.66648],
							"pivot": [-1.20552, 1.04536, 3.63268],
							"rotation": [-3.86412, 1.03449, 9.9651],
							"uv": {
								"east": {"uv": [11, 1], "uv_size": [-1, 1]}
							}
						},
						{
							"origin": [-1.20552, 1.04536, 3.13268],
							"size": [0.225, 0.9, 0.5],
							"pivot": [-1.20552, 1.04536, 3.63268],
							"rotation": [-23.86412, 1.03449, 9.9651],
							"uv": {
								"east": {"uv": [11, 1], "uv_size": [-1, 1]},
								"south": {"uv": [9, 1], "uv_size": [-1, 1]}
							}
						},
						{
							"origin": [-1.206, 1.03126, 3.38268],
							"size": [0.25, 0.025, 0.25],
							"pivot": [-1.081, 1.05626, 3.63268],
							"rotation": [-4, 0, -5],
							"uv": {
								"east": {"uv": [9, 1], "uv_size": [-1, 1]},
								"south": {"uv": [9, 1], "uv_size": [-1, 1]}
							}
						},
						{
							"origin": [-1.125, 2.11872, 2.97761],
							"size": [0.25, 0.225, 0.025],
							"pivot": [-1.125, 0.125, 0],
							"rotation": [-22.5, 0, -5],
							"uv": {
								"east": {"uv": [9, 1], "uv_size": [-1, 1]},
								"south": {"uv": [9, 1], "uv_size": [-1, 1]}
							}
						},
						{
							"origin": [-1.206, 0.95626, 3.38268],
							"size": [0.25, 0.075, 0.215],
							"pivot": [-1.081, 1.05626, 3.63268],
							"rotation": [-4, 0, -5],
							"uv": {
								"east": {"uv": [9, 1], "uv_size": [-1, 1]}
							}
						},
						{
							"origin": [-1.125, 2.11872, 2.77761],
							"size": [0.25, 0.15, 0.2],
							"pivot": [-1.125, 0.125, 0],
							"rotation": [-22.5, 0, -5],
							"uv": {
								"east": {"uv": [9, 1], "uv_size": [-1, 1]}
							}
						},
						{
							"origin": [-1.05852, 1.83324, 3.74489],
							"size": [0.225, 0.39926, 0.25],
							"pivot": [-0.93352, 1.83324, 3.99448],
							"rotation": [46.63588, 1.03449, 9.9651],
							"uv": {
								"east": {"uv": [11, 1], "uv_size": [-1, 1]},
								"south": {"uv": [11, 1], "uv_size": [-1, 1]}
							}
						},
						{
							"origin": [-1.25517, 1.58786, -4.51388],
							"size": [0.25, 0.02499, 2.73127],
							"pivot": [-1.25517, 1.61286, -4.51388],
							"rotation": [19.88588, 1.03449, 9.9651],
							"uv": {
								"east": {"uv": [11, 1], "uv_size": [-1, 1]}
							}
						},
						{
							"origin": [-1.20552, 1.04536, -4.4838],
							"size": [0.25, 0.025, 2.45],
							"pivot": [-1.20552, 1.04536, 3.63268],
							"rotation": [-3.86412, 1.03449, 9.9651],
							"uv": {
								"east": {"uv": [11, 1], "uv_size": [-1, 1]}
							}
						},
						{
							"origin": [-1.25517, 1.56286, -4.395],
							"size": [0.25, 0.025, 2.60627],
							"pivot": [-1.25517, 1.61286, -4.51388],
							"rotation": [19.88588, 1.03449, 9.9651],
							"uv": {
								"east": {"uv": [11, 1], "uv_size": [-1, 1]}
							}
						},
						{
							"origin": [-1.20552, 1.07036, -4.3588],
							"size": [0.25, 0.05, 2.325],
							"pivot": [-1.20552, 1.04536, 3.63268],
							"rotation": [-3.86412, 1.03449, 9.9651],
							"uv": {
								"east": {"uv": [11, 1], "uv_size": [-1, 1]}
							}
						},
						{
							"origin": [-1.25517, 1.48786, -4.22],
							"size": [0.25, 0.075, 2.43127],
							"pivot": [-1.25517, 1.61286, -4.51388],
							"rotation": [19.88588, 1.03449, 9.9651],
							"uv": {
								"east": {"uv": [11, 1], "uv_size": [-1, 1]}
							}
						},
						{
							"origin": [-1.20552, 1.12036, -4.0588],
							"size": [0.25, 0.125, 2.025],
							"pivot": [-1.20552, 1.04536, 3.63268],
							"rotation": [-3.86412, 1.03449, 9.9651],
							"uv": {
								"east": {"uv": [11, 1], "uv_size": [-1, 1]}
							}
						},
						{
							"origin": [-1.25517, 1.28786, -3.745],
							"size": [0.25, 0.2, 1.95627],
							"pivot": [-1.25517, 1.61286, -4.51388],
							"rotation": [19.88588, 1.03449, 9.9651],
							"uv": {
								"east": {"uv": [11, 1], "uv_size": [-1, 1]}
							}
						},
						{
							"origin": [-1.20552, 1.24536, -3.2838],
							"size": [0.25, 0.325, 1.25],
							"pivot": [-1.20552, 1.04536, 3.63268],
							"rotation": [-3.86412, 1.03449, 9.9651],
							"uv": {
								"east": {"uv": [11, 1], "uv_size": [-1, 1]}
							}
						},
						{
							"origin": [-1.25517, 1.08786, -2.495],
							"size": [0.25, 0.2, 0.70627],
							"pivot": [-1.25517, 1.61286, -4.51388],
							"rotation": [19.88588, 1.03449, 9.9651],
							"uv": {
								"east": {"uv": [11, 1], "uv_size": [-1, 1]}
							}
						},
						{
							"origin": [-1.206, 0.40626, -0.03377],
							"size": [0.25, 0.65, 3.41645],
							"pivot": [-1.081, 1.05626, 3.63268],
							"rotation": [-4, 0, -5],
							"uv": {
								"east": {"uv": [9, 1], "uv_size": [-1, 1]}
							}
						},
						{
							"origin": [-1.125, 1.125, -4.5],
							"size": [0.25, 0.225, 3.6],
							"pivot": [-1.125, 0.125, 0],
							"rotation": [0, 0, -5],
							"uv": {
								"east": {"uv": [9, 1], "uv_size": [-1, 1]},
								"down": {"uv": [8, 2], "uv_size": [1, -1]}
							}
						},
						{
							"origin": [-1.206, 0.83126, -1.53377],
							"size": [0.25, 0.225, 1.5],
							"pivot": [-1.081, 1.05626, 3.63268],
							"rotation": [-4, 0, -5],
							"uv": {
								"east": {"uv": [9, 1], "uv_size": [-1, 1]}
							}
						},
						{
							"origin": [-1.21263, 0.10709, -4.675],
							"size": [0.25, 1.025, 0.675],
							"pivot": [-1.08763, 1.13209, -4],
							"rotation": [-45, 0, -5],
							"uv": {
								"east": {"uv": [9, 1], "uv_size": [-1, 1]},
								"south": {"uv": [9, 1], "uv_size": [-1, 1]}
							}
						},
						{
							"origin": [-1.21263, -0.28212, -1],
							"size": [0.25, 1.41421, 0.325],
							"pivot": [-1.08763, 1.13209, -1],
							"rotation": [45, 0, -5],
							"uv": {
								"north": {"uv": [9, 1], "uv_size": [-1, 1]},
								"east": {"uv": [9, 1], "uv_size": [-1, 1]},
								"west": {"uv": [9, 1], "uv_size": [-1, 1]}
							}
						},
						{
							"origin": [-1.11263, 0.08209, -3.25],
							"size": [0.15, 1.05, 0.2],
							"pivot": [-1.08763, 1.13209, -3.25],
							"rotation": [45, 0, -5],
							"uv": {
								"north": {"uv": [9, 1], "uv_size": [-1, 1]},
								"east": {"uv": [13, 1], "uv_size": [-1, 1]},
								"south": {"uv": [9, 1], "uv_size": [-1, 1]}
							}
						},
						{
							"origin": [-1.20944, 0.14561, -0.51612],
							"size": [0.25, 0.975, 0.45],
							"pivot": [-1.08444, 1.09561, -0.51612],
							"rotation": [26, 0, -5],
							"uv": {
								"east": {"uv": [9, 1], "uv_size": [-1, 1]}
							}
						},
						{
							"origin": [-1.11263, 1.03209, -4.25],
							"size": [0.15, 0.1, 3.5],
							"pivot": [-1.08763, 1.13209, -2.25],
							"rotation": [0, 0, -5],
							"uv": {
								"east": {"uv": [13, 1], "uv_size": [-1, 1]},
								"down": {"uv": [8, 2], "uv_size": [1, -1]}
							}
						},
						{
							"origin": [-1.11263, 0.23209, -4],
							"size": [0.15, 0.9, 0.1],
							"pivot": [-1.08763, 1.13209, -4],
							"rotation": [-45, 0, -5],
							"uv": {
								"east": {"uv": [13, 1], "uv_size": [-1, 1]},
								"south": {"uv": [9, 1], "uv_size": [-1, 1]}
							}
						},
						{
							"origin": [-1.11263, 0.23209, -1.1],
							"size": [0.15, 0.9, 0.1],
							"pivot": [-1.08763, 1.13209, -1],
							"rotation": [45, 0, -5],
							"uv": {
								"north": {"uv": [9, 1], "uv_size": [-1, 1]},
								"east": {"uv": [13, 1], "uv_size": [-1, 1]}
							}
						},
						{
							"origin": [-1.025, 0.375, -4.75],
							"size": [0.15, 0.15, 4.5],
							"pivot": [-1.125, 0.125, 0],
							"rotation": [0, 0, -5],
							"uv": {
								"east": {"uv": [13, 1], "uv_size": [-1, 1]},
								"up": {"uv": [8, 2], "uv_size": [1, -1]},
								"down": {"uv": [8, 2], "uv_size": [1, -1]}
							}
						},
						{
							"origin": [-0.3519, 2.70329, -7],
							"size": [0.125, 0.4, 1.25],
							"pivot": [-0.2269, 3.10329, -5.75],
							"rotation": [10, 0, 10],
							"uv": {
								"east": {"uv": [11, 1], "uv_size": [-1, 1]},
								"south": {"uv": [11, 1], "uv_size": [-1, 1]},
								"west": {"uv": [7, 1], "uv_size": [-1, 1]},
								"down": {"uv": [10, 2], "uv_size": [1, -1]}
							}
						},
						{
							"origin": [-0.31816, 2.79686, -7.75],
							"size": [0.1, 0.1, 0.25],
							"pivot": [0.125, 2.975, -7.75],
							"rotation": [9.85108, -1.72794, 9.85108],
							"uv": {
								"north": {"uv": [13, 1], "uv_size": [-1, 1]},
								"east": {"uv": [13, 1], "uv_size": [-1, 1]},
								"west": {"uv": [11, 1], "uv_size": [-1, 1]}
							}
						},
						{
							"origin": [-0.458, 2.50159, -7.41155],
							"size": [0.1, 0.375, 0.5],
							"pivot": [-0.333, 2.50159, -6.91155],
							"rotation": [0, 0, 10],
							"uv": {
								"east": {"uv": [11, 1], "uv_size": [-1, 1]},
								"down": {"uv": [10, 2], "uv_size": [1, -1]}
							}
						},
						{
							"origin": [-0.458, 2.50159, -7.41155],
							"size": [0.1, 0.59832, 0.1521],
							"pivot": [-0.333, 2.50159, -7.41155],
							"rotation": [22.5, 0, 10],
							"uv": {
								"north": {"uv": [11, 1], "uv_size": [-1, 1]},
								"east": {"uv": [11, 1], "uv_size": [-1, 1]},
								"up": {"uv": [10, 2], "uv_size": [1, -1]}
							}
						},
						{
							"origin": [-0.34312, 2.46946, -7.73139],
							"size": [0.1, 0.4, 0.2],
							"pivot": [-0.29312, 2.86946, -7.73139],
							"rotation": [24.85108, -1.72794, 9.85108],
							"uv": {
								"north": {"uv": [13, 1], "uv_size": [-1, 1]},
								"east": {"uv": [13, 1], "uv_size": [-1, 1]},
								"west": {"uv": [11, 1], "uv_size": [-1, 1]}
							}
						},
						{
							"origin": [-0.41022, 2.51272, -7.56336],
							"size": [0.1, 0.5, 0.65],
							"pivot": [-0.36022, 2.51272, -7.56336],
							"rotation": [0, -1.72794, 9.85108],
							"uv": {
								"east": {"uv": [13, 1], "uv_size": [-1, 1]},
								"west": {"uv": [7, 1], "uv_size": [-1, 1]},
								"down": {"uv": [12, 2], "uv_size": [1, -1]}
							}
						},
						{
							"origin": [-0.4, 2.35, -7.2],
							"size": [0.1, 0.125, 0.7],
							"pivot": [-0.4, 2.475, -7.35],
							"rotation": [0, 0, 15],
							"uv": {
								"east": {"uv": [9, 1], "uv_size": [-1, 1]},
								"west": {"uv": [9, 1], "uv_size": [-1, 1]},
								"up": {"uv": [8, 2], "uv_size": [1, -1]}
							}
						},
						{
							"origin": [-0.4, 2.225, -7.35],
							"size": [0.1, 0.25, 0.15],
							"pivot": [-0.4, 2.475, -7.35],
							"rotation": [0, 0, 15],
							"uv": {
								"north": {"uv": [9, 1], "uv_size": [-1, 1]},
								"east": {"uv": [9, 1], "uv_size": [-1, 1]},
								"west": {"uv": [9, 1], "uv_size": [-1, 1]},
								"down": {"uv": [8, 2], "uv_size": [1, -1]}
							}
						},
						{
							"origin": [-0.4, 2.20275, -7.24569],
							"size": [0.1, 0.12465, 0.73278],
							"pivot": [-0.4, 2.475, -7.35],
							"rotation": [10, 0, 15],
							"uv": {
								"east": {"uv": [9, 1], "uv_size": [-1, 1]},
								"south": {"uv": [9, 1], "uv_size": [-1, 1]},
								"west": {"uv": [9, 1], "uv_size": [-1, 1]},
								"down": {"uv": [8, 2], "uv_size": [1, -1]}
							}
						},
						{
							"origin": [-0.825, 0.10204, -7.22742],
							"size": [0.45, 0.25, 0.25],
							"pivot": [0, 0.35204, -7.22742],
							"rotation": [45, 0, 0],
							"uv": {
								"north": {"uv": [9, 1], "uv_size": [-1, 1]},
								"west": {"uv": [9, 1], "uv_size": [-1, 1]}
							}
						},
						{
							"origin": [-1.03151, 2.07296, -1.95278],
							"size": [0.5, 0.25, 5.66648],
							"pivot": [-1.03151, 2.32296, 0.88046],
							"rotation": [-3.98483, 0.34834, -0.01212],
							"uv": {
								"west": {"uv": [9, 1], "uv_size": [-1, 1]},
								"up": {"uv": [8, 2], "uv_size": [1, -1]}
							}
						},
						{
							"origin": [-1.01428, 1.77607, 3.4568],
							"size": [0.50357, 0.35, 0.25],
							"pivot": [-1.01428, 2.12607, 3.7068],
							"rotation": [41.25, 0, 0],
							"uv": {
								"south": {"uv": [11, 1], "uv_size": [-1, 1]},
								"west": {"uv": [11, 1], "uv_size": [-1, 1]}
							}
						},
						{
							"origin": [-1.25517, 1.36285, -4.51388],
							"size": [0.5, 0.25, 2.73127],
							"pivot": [-1.25517, 1.61286, -4.51388],
							"rotation": [19.50715, 4.07339, 1.48423],
							"uv": {
								"up": {"uv": [10, 2], "uv_size": [1, -1]}
							}
						},
						{
							"origin": [-1.04873, 2.26984, -3.19588],
							"size": [0.5, 0.25, 1.25],
							"pivot": [-1.04873, 2.51984, -1.94588],
							"rotation": [19.45589, 0.0665, 0.06621],
							"uv": {
								"west": {"uv": [9, 1], "uv_size": [-1, 1]},
								"up": {"uv": [10, 2], "uv_size": [1, -1]}
							}
						},
						{
							"origin": [-0.5, 1.875, -3.5],
							"size": [0.25, 0.5, 1.2],
							"uv": {
								"east": {"uv": [5, 4], "uv_size": [-1, 1]},
								"west": {"uv": [5, 1], "uv_size": [-1, 1]},
								"up": {"uv": [4, 5], "uv_size": [1, -1]}
							}
						},
						{
							"origin": [-0.5, 1.875, -4.25],
							"size": [0.25, 0.5, 0.75],
							"pivot": [0, 2.375, -3.5],
							"rotation": [15, 0, 0],
							"uv": {
								"north": {"uv": [5, 4], "uv_size": [-1, 1]},
								"east": {"uv": [5, 4], "uv_size": [-1, 1]},
								"west": {"uv": [5, 1], "uv_size": [-1, 1]},
								"up": {"uv": [6, 5], "uv_size": [1, -1]}
							}
						},
						{
							"origin": [-1.25623, 1.38485, -4.51371],
							"size": [0.45, 0.25, 0.25],
							"pivot": [-1.03123, 1.63485, -4.51371],
							"rotation": [-5, 0, -5],
							"uv": {
								"up": {"uv": [10, 2], "uv_size": [1, -1]}
							}
						},
						{
							"origin": [-0.36428, 1.77607, -0.7932],
							"size": [0.27857, 0.25, 3.25],
							"pivot": [-1.11428, 2.12607, 3.7068],
							"rotation": [-4, 0, 0],
							"uv": {
								"east": {"uv": [5, 4], "uv_size": [-1, 1]},
								"west": {"uv": [5, 4], "uv_size": [-1, 1]},
								"up": {"uv": [4, 5], "uv_size": [1, -1]}
							}
						},
						{
							"origin": [-1.15759, 0.26004, -7.05],
							"size": [0.275, 0.25, 0.1036],
							"pivot": [-1.02009, 0.38504, -6.9982],
							"rotation": [0, 0, -5],
							"uv": {
								"east": {"uv": [3, 1], "uv_size": [-1, 1]}
							}
						},
						{
							"origin": [-1.15759, 0.26004, -7.05],
							"size": [0.275, 0.25, 0.1036],
							"pivot": [-1.02009, 0.38504, -6.9982],
							"rotation": [45, 0, -5],
							"uv": {
								"east": {"uv": [3, 1], "uv_size": [-1, 1]}
							}
						},
						{
							"origin": [-1.15759, 0.26004, -7.05],
							"size": [0.275, 0.25, 0.1036],
							"pivot": [-1.02009, 0.38504, -6.9982],
							"rotation": [90, 0, -5],
							"uv": {
								"east": {"uv": [3, 1], "uv_size": [-1, 1]}
							}
						},
						{
							"origin": [-1.15759, 0.26004, -7.05],
							"size": [0.275, 0.25, 0.1036],
							"pivot": [-1.02009, 0.38504, -6.9982],
							"rotation": [135, 0, -5],
							"uv": {
								"east": {"uv": [3, 1], "uv_size": [-1, 1]}
							}
						},
						{
							"origin": [-1.125, 0.125, -7.1],
							"size": [0.25, 0.3, 2.9],
							"pivot": [-1.125, 0.125, 0],
							"rotation": [0, 0, -5],
							"uv": {
								"east": {"uv": [9, 1], "uv_size": [-1, 1]},
								"south": {"uv": [9, 1], "uv_size": [-1, 1]},
								"west": {"uv": [9, 1], "uv_size": [-1, 1]},
								"down": {"uv": [8, 2], "uv_size": [1, -1]}
							}
						},
						{
							"origin": [-1.13855, 0.07319, -7.25],
							"size": [0.25, 0.21213, 0.25],
							"pivot": [-1.01355, 0.28532, -7.25],
							"rotation": [45, 0, -5],
							"uv": {
								"north": {"uv": [9, 1], "uv_size": [-1, 1]},
								"east": {"uv": [9, 1], "uv_size": [-1, 1]},
								"west": {"uv": [9, 1], "uv_size": [-1, 1]}
							}
						},
						{
							"origin": [-1.17772, 0.24617, -6.45],
							"size": [0.25, 0.35, 1.45],
							"pivot": [-0.90272, 0.59617, 4.225],
							"rotation": [0, 0, -5],
							"uv": {
								"east": {"uv": [0, 80], "uv_size": [29, 7]}
							}
						},
						{
							"origin": [-1.206, 0.15626, 0.21623],
							"size": [0.25, 0.25, 2.69145],
							"pivot": [-1.081, 1.05626, 3.63268],
							"rotation": [-4, 0, -5],
							"uv": {
								"east": {"uv": [9, 1], "uv_size": [-1, 1]}
							}
						},
						{
							"origin": [-1.025, 0.425, -4.2],
							"size": [0.15, 0.6, 0.1],
							"pivot": [-1.125, 0.125, 0],
							"rotation": [0, 0, -5],
							"uv": {
								"east": {"uv": [13, 1], "uv_size": [-1, 1]},
								"south": {"uv": [9, 1], "uv_size": [-1, 1]}
							}
						},
						{
							"origin": [-1.11263, 0.08209, -1.45],
							"size": [0.15, 1.05, 0.2],
							"pivot": [-1.08763, 1.13209, -1.25],
							"rotation": [-45, 0, -5],
							"uv": {
								"north": {"uv": [8, 1], "uv_size": [1, 1]},
								"east": {"uv": [12, 1], "uv_size": [1, 1]},
								"south": {"uv": [8, 1], "uv_size": [1, 1]}
							}
						},
						{
							"origin": [-1.07491, 1.63649, 3.50439],
							"size": [0.25, 0.3, 0.3],
							"pivot": [-1.07491, 1.78649, 3.65439],
							"rotation": [-33.36493, 0.78963, 9.91467],
							"uv": {
								"east": {"uv": [11, 4], "uv_size": [-1, 1]}
							}
						},
						{
							"origin": [-1.125, 0.125, 0],
							"size": [0.25, 0.3, 3.25],
							"pivot": [-1.125, 0.125, 0],
							"rotation": [0, 0, -5],
							"uv": {
								"east": {"uv": [9, 1], "uv_size": [-1, 1]},
								"west": {"uv": [9, 1], "uv_size": [-1, 1]},
								"down": {"uv": [8, 2], "uv_size": [1, -1]}
							}
						},
						{
							"origin": [-1.11263, 0.53209, -3.45],
							"size": [0.15, 0.6, 0.2],
							"pivot": [-1.08763, 1.13209, -3.5],
							"rotation": [0, 0, -5],
							"uv": {
								"north": {"uv": [9, 1], "uv_size": [-1, 1]},
								"east": {"uv": [13, 1], "uv_size": [-1, 1]},
								"south": {"uv": [9, 1], "uv_size": [-1, 1]}
							}
						},
						{
							"origin": [-0.625, -0.3, -4.25],
							"size": [1.25, 0.675, 4.25],
							"uv": {
								"north": {"uv": [4, 1], "uv_size": [1, 1]},
								"east": {"uv": [4, 1], "uv_size": [1, 1]},
								"south": {"uv": [4, 1], "uv_size": [1, 1]},
								"west": {"uv": [4, 1], "uv_size": [1, 1]},
								"down": {"uv": [5, 2], "uv_size": [-1, -1]}
							}
						},
						{
							"origin": [-0.75, 1.875, -7.525],
							"size": [1.5, 0.25, 5.275],
							"uv": {
								"up": {"uv": [15, 2], "uv_size": [-1, -1]}
							}
						},
						{
							"origin": [-0.75, 1.875, -7.525],
							"size": [1.5, 0.25, 0.25],
							"pivot": [0, 2.125, -7.525],
							"rotation": [-38.75, 0, 0],
							"uv": {
								"north": {"uv": [10, 4], "uv_size": [1, 1]},
								"down": {"uv": [11, 2], "uv_size": [-1, -1]}
							}
						},
						{
							"origin": [-0.325, 2.4952, -7.5653],
							"size": [0.65, 0.125, 0.1],
							"pivot": [0, 2.6202, -7.5653],
							"rotation": [50, 0, 0],
							"uv": {
								"north": {"uv": [8, 1], "uv_size": [1, 1]}
							}
						},
						{
							"origin": [-0.325, 2.53985, -7.46954],
							"size": [0.65, 0.5, 0.5],
							"uv": {
								"south": {"uv": [8, 1], "uv_size": [1, 1]},
								"down": {"uv": [9, 2], "uv_size": [-1, -1]}
							}
						},
						{
							"origin": [-0.325, 2.875, -7.75],
							"size": [0.65, 0.1, 0.85],
							"pivot": [0, 2.975, -7.75],
							"rotation": [10, 0, 0],
							"uv": {
								"north": {"uv": [12, 1], "uv_size": [1, 1]},
								"up": {"uv": [13, 2], "uv_size": [-1, -1]},
								"down": {"uv": [7, 2], "uv_size": [-1, -1]}
							}
						},
						{
							"origin": [-0.35, 3.025, -7.65],
							"size": [0.7, 0.1, 0.15],
							"pivot": [0, 3.125, -7.5],
							"rotation": [27.75, 0, 0],
							"uv": {
								"north": {"uv": [10, 1], "uv_size": [1, 1]},
								"up": {"uv": [11, 2], "uv_size": [-1, -1]}
							}
						},
						{
							"origin": [-0.35, 3.025, -7.5],
							"size": [0.7, 0.1, 1.75],
							"uv": {
								"south": {"uv": [10, 1], "uv_size": [1, 1]},
								"up": {"uv": [11, 2], "uv_size": [-1, -1]},
								"down": {"uv": [7, 2], "uv_size": [-1, -1]}
							}
						},
						{
							"origin": [-0.4, 2.4, -7.35],
							"size": [0.8, 0.075, 0.15],
							"uv": {
								"north": {"uv": [8, 1], "uv_size": [1, 1]},
								"south": {"uv": [8, 1], "uv_size": [1, 1]},
								"up": {"uv": [9, 2], "uv_size": [-1, -1]},
								"down": {"uv": [9, 2], "uv_size": [-1, -1]}
							}
						},
						{
							"origin": [-0.36811, 2.20764, -7.35],
							"size": [0.73622, 0.075, 0.15],
							"uv": {
								"north": {"uv": [8, 1], "uv_size": [1, 1]},
								"up": {"uv": [9, 2], "uv_size": [-1, -1]}
							}
						},
						{
							"origin": [-0.35, 2.125, -7.25],
							"size": [0.7, 0.275, 0.75],
							"uv": {
								"north": {"uv": [6, 1], "uv_size": [1, 1]},
								"east": {"uv": [6, 1], "uv_size": [1, 1]},
								"south": {"uv": [6, 1], "uv_size": [1, 1]},
								"west": {"uv": [6, 1], "uv_size": [1, 1]},
								"up": {"uv": [7, 2], "uv_size": [-1, -1]}
							}
						},
						{
							"origin": [-0.325, 0.62663, -7.34825],
							"size": [0.65, 0, 0.25],
							"uv": {
								"down": {"uv": [9, 2], "uv_size": [-1, -1]}
							}
						},
						{
							"origin": [-0.825, 0.17526, -7.05065],
							"size": [1.65, 0.533, 0.15939],
							"pivot": [0, 0.17526, -7.05065],
							"rotation": [26.25, 0, 0],
							"uv": {
								"north": {"uv": [5, 4], "uv_size": [-1, 1]}
							}
						},
						{
							"origin": [-0.9, 0.17526, -7.05065],
							"size": [1.8, 0.25, 10.25],
							"uv": {
								"east": {"uv": [6, 1], "uv_size": [1, 1]},
								"south": {"uv": [6, 1], "uv_size": [1, 1]},
								"west": {"uv": [6, 1], "uv_size": [1, 1]},
								"down": {"uv": [7, 2], "uv_size": [-1, -1]}
							}
						},
						{
							"origin": [-0.5, 1.625, -7.25],
							"size": [1, 0.5, 1.75],
							"pivot": [0, 2.125, -7.25],
							"rotation": [10, 0, 0],
							"uv": {
								"east": {"uv": [4, 4], "uv_size": [1, 1]},
								"west": {"uv": [4, 4], "uv_size": [1, 1]},
								"up": {"uv": [7, 5], "uv_size": [-1, -1]}
							}
						},
						{
							"origin": [-0.25, 1.85, -4.25],
							"size": [0.5, 0.5, 0.75],
							"pivot": [0, 2.35, -3.5],
							"rotation": [15, 0, 0],
							"uv": {
								"north": {"uv": [6, 1], "uv_size": [1, 1]},
								"up": {"uv": [9, 2], "uv_size": [-1, -1]}
							}
						},
						{
							"origin": [-0.25, 1.875, -3.5],
							"size": [0.5, 0.475, 1.2],
							"uv": {
								"up": {"uv": [7, 2], "uv_size": [-1, -1]}
							}
						},
						{
							"origin": [-0.5, 1.92888, -5.52659],
							"size": [1, 0.5, 0.5],
							"pivot": [0, 2.42888, -5.52659],
							"rotation": [-45, 0, 0],
							"uv": {
								"east": {"uv": [4, 4], "uv_size": [1, 1]},
								"west": {"uv": [4, 4], "uv_size": [1, 1]},
								"up": {"uv": [5, 5], "uv_size": [-1, -1]}
							}
						},
						{
							"origin": [-0.25, 1.82888, -5.42659],
							"size": [0.5, 0.5, 0.5],
							"pivot": [0, 2.32888, -5.42659],
							"rotation": [-22.5, 0, 0],
							"uv": {
								"east": {"uv": [6, 1], "uv_size": [1, 1]},
								"west": {"uv": [6, 1], "uv_size": [1, 1]},
								"up": {"uv": [9, 2], "uv_size": [-1, -1]}
							}
						},
						{
							"origin": [-0.51428, 1.77607, 2.4568],
							"size": [1.02857, 0.3, 1.25],
							"pivot": [1.01428, 2.12607, 3.7068],
							"rotation": [-4, 0, 0],
							"uv": {
								"north": {"uv": [14, 1], "uv_size": [1, 1]},
								"south": {"uv": [14, 1], "uv_size": [1, 1]},
								"up": {"uv": [15, 2], "uv_size": [-1, -1]}
							}
						},
						{
							"origin": [-0.61428, 1.77607, -1.9432],
							"size": [1.22857, 0.3, 1.15],
							"pivot": [1.01428, 2.12607, 3.7068],
							"rotation": [-4, 0, 0],
							"uv": {
								"south": {"uv": [14, 1], "uv_size": [1, 1]},
								"up": {"uv": [15, 2], "uv_size": [-1, -1]}
							}
						},
						{
							"origin": [-0.61428, 2.22032, -3.18292],
							"size": [1.22857, 0.25, 1.25],
							"pivot": [0, 2.47032, -1.93292],
							"rotation": [18.5, 0, 0],
							"uv": {
								"up": {"uv": [15, 2], "uv_size": [-1, -1]}
							}
						},
						{
							"origin": [-1.01428, 1.87607, -2.0432],
							"size": [2.02857, 0, 5.75],
							"pivot": [1.01428, 2.12607, 3.7068],
							"rotation": [-4, 0, 0],
							"uv": {
								"up": {"uv": [7, 2], "uv_size": [-1, -1]}
							}
						}
					]
				},
				{
					"name": "scope_body_illuminated",
					"parent": "scope_body",
					"pivot": [0, 2.975, -7.75],
					"cubes": [
						{
							"origin": [-0.825, 0.23347, -7.79127],
							"size": [0.45, 0.3, 0.25],
							"pivot": [0, 1.63347, -7.79127],
							"rotation": [23.75, 0, 0],
							"uv": {
								"north": {"uv": [1, 4], "uv_size": [1, 1]}
							}
						},
						{
							"origin": [-0.475, 0.49391, -7.27828],
							"size": [0.1, 0.3, 0.25],
							"pivot": [-0.375, 0.49391, -7.15328],
							"rotation": [22.12256, -8.86602, 20.76344],
							"uv": {
								"north": {"uv": [1, 4], "uv_size": [1, 1]}
							}
						},
						{
							"origin": [-0.825, 0.53347, -7.79127],
							"size": [1.65, 1.1, 0.25],
							"pivot": [0, 1.63347, -7.79127],
							"rotation": [23.75, 0, 0],
							"uv": {
								"north": {"uv": [1, 4], "uv_size": [1, 1]}
							}
						},
						{
							"origin": [0.375, 0.49391, -7.27828],
							"size": [0.1, 0.3, 0.25],
							"pivot": [0.375, 0.49391, -7.15328],
							"rotation": [22.12256, 8.86602, -20.76344],
							"uv": {
								"north": {"uv": [2, 4], "uv_size": [-1, 1]}
							}
						},
						{
							"origin": [0.375, 0.23347, -7.79127],
							"size": [0.45, 0.3, 0.25],
							"pivot": [0, 1.63347, -7.79127],
							"rotation": [23.75, 0, 0],
							"uv": {
								"north": {"uv": [2, 4], "uv_size": [-1, 1]}
							}
						},
						{
							"origin": [-0.75, 1.575, -7.425],
							"size": [1.5, 0.3, 0.15],
							"pivot": [0, 2.125, -7.525],
							"rotation": [-38.75, 0, 0],
							"uv": {
								"north": {"uv": [1, 4], "uv_size": [1, 1]}
							}
						},
						{
							"origin": [-0.4, 2.275, -7.325],
							"size": [0.8, 0.125, 0.125],
							"uv": {
								"north": {"uv": [1, 4], "uv_size": [1, 1]}
							}
						},
						{
							"origin": [-0.325, 2.575, -7.75],
							"size": [0.65, 0.3, 0.1],
							"pivot": [0, 2.975, -7.75],
							"rotation": [27.5, 0, 0],
							"uv": {
								"north": {"uv": [1, 4], "uv_size": [1, 1]}
							}
						}
					]
				},
				{
					"name": "Quick_release",
					"parent": "scope_body",
					"pivot": [1.025, 0.3, -3.45],
					"cubes": [
						{
							"origin": [-0.925, -0.1625, -3.75],
							"size": [1.85, 0.125, 0.4],
							"uv": {
								"north": {"uv": [8, 1], "uv_size": [1, 1]},
								"south": {"uv": [8, 1], "uv_size": [1, 1]},
								"up": {"uv": [9, 2], "uv_size": [-1, -1]},
								"down": {"uv": [9, 2], "uv_size": [-1, -1]}
							}
						},
						{
							"origin": [0.925, -0.1625, -3.75],
							"size": [0.14142, 0.125, 0.1],
							"pivot": [0.925, 0.05, -3.75],
							"rotation": [0, -45, 0],
							"uv": {
								"north": {"uv": [10, 1], "uv_size": [1, 1]},
								"up": {"uv": [9, 2], "uv_size": [-1, -1]},
								"down": {"uv": [9, 2], "uv_size": [-1, -1]}
							}
						},
						{
							"origin": [0.625, -0.1625, -3.65],
							"size": [0.4, 0.125, 0.2],
							"uv": {
								"west": {"uv": [8, 1], "uv_size": [1, 1]},
								"up": {"uv": [9, 2], "uv_size": [-1, -1]},
								"down": {"uv": [9, 2], "uv_size": [-1, -1]}
							}
						},
						{
							"origin": [1.025, -0.1625, -3.45],
							"size": [0.14142, 0.125, 0.1],
							"pivot": [1.025, 0.05, -3.45],
							"rotation": [0, -135, 0],
							"uv": {
								"north": {"uv": [8, 1], "uv_size": [1, 1]},
								"up": {"uv": [9, 2], "uv_size": [-1, -1]},
								"down": {"uv": [9, 2], "uv_size": [-1, -1]}
							}
						},
						{
							"origin": [-1.06642, -0.1625, -3.75],
							"size": [0.14142, 0.125, 0.1],
							"pivot": [-0.925, 0.05, -3.75],
							"rotation": [0, 45, 0],
							"uv": {
								"north": {"uv": [11, 1], "uv_size": [-1, 1]},
								"up": {"uv": [8, 2], "uv_size": [1, -1]},
								"down": {"uv": [8, 2], "uv_size": [1, -1]}
							}
						},
						{
							"origin": [-1.025, -0.1625, -3.65],
							"size": [0.4, 0.125, 0.2],
							"uv": {
								"east": {"uv": [9, 1], "uv_size": [-1, 1]},
								"up": {"uv": [8, 2], "uv_size": [1, -1]},
								"down": {"uv": [8, 2], "uv_size": [1, -1]}
							}
						},
						{
							"origin": [-1.16642, -0.1625, -3.45],
							"size": [0.14142, 0.125, 0.1],
							"pivot": [-1.025, 0.05, -3.45],
							"rotation": [0, 135, 0],
							"uv": {
								"north": {"uv": [9, 1], "uv_size": [-1, 1]},
								"up": {"uv": [8, 2], "uv_size": [1, -1]},
								"down": {"uv": [8, 2], "uv_size": [1, -1]}
							}
						}
					]
				},
				{
					"name": "Right_release",
					"parent": "Quick_release",
					"pivot": [0.825, -0.125, -3.55],
					"cubes": [
						{
							"origin": [0.725, -0.3, -3.75],
							"size": [0.2, 0.125, 0.2],
							"uv": {
								"north": {"uv": [4, 4], "uv_size": [1, 1]},
								"east": {"uv": [4, 4], "uv_size": [1, 1]},
								"south": {"uv": [4, 4], "uv_size": [1, 1]},
								"west": {"uv": [4, 4], "uv_size": [1, 1]},
								"up": {"uv": [5, 5], "uv_size": [-1, -1]},
								"down": {"uv": [5, 5], "uv_size": [-1, -1]}
							}
						},
						{
							"origin": [0.925, -0.3, -3.75],
							"size": [0.14142, 0.125, 0.1],
							"pivot": [0.925, -0.1, -3.75],
							"rotation": [0, -45, 0],
							"uv": {
								"north": {"uv": [6, 4], "uv_size": [1, 1]},
								"east": {"uv": [4, 4], "uv_size": [1, 1]},
								"south": {"uv": [4, 4], "uv_size": [1, 1]},
								"west": {"uv": [4, 4], "uv_size": [1, 1]},
								"up": {"uv": [5, 5], "uv_size": [-1, -1]},
								"down": {"uv": [5, 5], "uv_size": [-1, -1]}
							}
						},
						{
							"origin": [0.925, -0.025, -3.75],
							"size": [0.14142, 0.125, 0.1],
							"pivot": [0.925, -0.1, -3.75],
							"rotation": [0, -45, 0],
							"uv": {
								"north": {"uv": [6, 4], "uv_size": [1, 1]},
								"east": {"uv": [4, 4], "uv_size": [1, 1]},
								"south": {"uv": [4, 4], "uv_size": [1, 1]},
								"west": {"uv": [4, 4], "uv_size": [1, 1]},
								"up": {"uv": [5, 5], "uv_size": [-1, -1]},
								"down": {"uv": [5, 5], "uv_size": [-1, -1]}
							}
						},
						{
							"origin": [0.625, -0.3, -3.65],
							"size": [0.14142, 0.125, 0.1],
							"pivot": [0.625, -0.1, -3.65],
							"rotation": [0, 45, 0],
							"uv": {
								"north": {"uv": [6, 4], "uv_size": [1, 1]},
								"east": {"uv": [4, 4], "uv_size": [1, 1]},
								"south": {"uv": [4, 4], "uv_size": [1, 1]},
								"west": {"uv": [4, 4], "uv_size": [1, 1]},
								"up": {"uv": [5, 5], "uv_size": [-1, -1]},
								"down": {"uv": [5, 5], "uv_size": [-1, -1]}
							}
						},
						{
							"origin": [0.625, -0.025, -3.65],
							"size": [0.14142, 0.125, 0.1],
							"pivot": [0.625, -0.1, -3.65],
							"rotation": [0, 45, 0],
							"uv": {
								"north": {"uv": [6, 4], "uv_size": [1, 1]},
								"east": {"uv": [4, 4], "uv_size": [1, 1]},
								"south": {"uv": [4, 4], "uv_size": [1, 1]},
								"west": {"uv": [4, 4], "uv_size": [1, 1]},
								"up": {"uv": [5, 5], "uv_size": [-1, -1]},
								"down": {"uv": [5, 5], "uv_size": [-1, -1]}
							}
						},
						{
							"origin": [0.725, -0.025, -3.75],
							"size": [0.2, 0.125, 0.2],
							"uv": {
								"north": {"uv": [4, 4], "uv_size": [1, 1]},
								"east": {"uv": [4, 4], "uv_size": [1, 1]},
								"south": {"uv": [4, 4], "uv_size": [1, 1]},
								"west": {"uv": [4, 4], "uv_size": [1, 1]},
								"up": {"uv": [5, 5], "uv_size": [-1, -1]},
								"down": {"uv": [5, 5], "uv_size": [-1, -1]}
							}
						},
						{
							"origin": [0.625, -0.025, -3.65],
							"size": [0.4, 0.125, 0.3],
							"uv": {
								"north": {"uv": [4, 4], "uv_size": [1, 1]},
								"east": {"uv": [4, 4], "uv_size": [1, 1]},
								"south": {"uv": [4, 4], "uv_size": [1, 1]},
								"west": {"uv": [4, 4], "uv_size": [1, 1]},
								"up": {"uv": [5, 5], "uv_size": [-1, -1]},
								"down": {"uv": [5, 5], "uv_size": [-1, -1]}
							}
						},
						{
							"origin": [0.625, -0.3, -3.65],
							"size": [0.4, 0.125, 0.3],
							"uv": {
								"north": {"uv": [4, 4], "uv_size": [1, 1]},
								"east": {"uv": [4, 4], "uv_size": [1, 1]},
								"south": {"uv": [4, 4], "uv_size": [1, 1]},
								"west": {"uv": [4, 4], "uv_size": [1, 1]},
								"up": {"uv": [5, 5], "uv_size": [-1, -1]},
								"down": {"uv": [5, 5], "uv_size": [-1, -1]}
							}
						},
						{
							"origin": [0.75, -0.325, -3.625],
							"size": [0.15, 0.45, 0.15],
							"pivot": [0.825, -0.2375, -3.55],
							"rotation": [0, 45, 0],
							"uv": {
								"north": {"uv": [8, 1], "uv_size": [1, 1]},
								"east": {"uv": [8, 1], "uv_size": [1, 1]},
								"south": {"uv": [8, 1], "uv_size": [1, 1]},
								"west": {"uv": [8, 1], "uv_size": [1, 1]},
								"up": {"uv": [9, 2], "uv_size": [-1, -1]},
								"down": {"uv": [9, 2], "uv_size": [-1, -1]}
							}
						},
						{
							"origin": [0.825, -0.3, -3.35],
							"size": [0.2, 0.4, 0.5],
							"uv": {
								"north": {"uv": [4, 4], "uv_size": [1, 1]},
								"east": {"uv": [4, 4], "uv_size": [1, 1]},
								"south": {"uv": [4, 4], "uv_size": [1, 1]},
								"west": {"uv": [4, 4], "uv_size": [1, 1]},
								"up": {"uv": [5, 5], "uv_size": [-1, -1]},
								"down": {"uv": [5, 5], "uv_size": [-1, -1]}
							}
						},
						{
							"origin": [0.825, -0.3, -2.85],
							"size": [0.2, 0.3, 1.5],
							"uv": {
								"east": {"uv": [4, 4], "uv_size": [1, 1]},
								"south": {"uv": [4, 4], "uv_size": [1, 1]},
								"west": {"uv": [4, 4], "uv_size": [1, 1]},
								"up": {"uv": [5, 5], "uv_size": [-1, -1]},
								"down": {"uv": [5, 5], "uv_size": [-1, -1]}
							}
						},
						{
							"origin": [0.825, -0.3, -1.6],
							"size": [0.25, 0.3, 0.25],
							"pivot": [0.825, -0.15, -1.35],
							"rotation": [0, 45, 0],
							"uv": {
								"north": {"uv": [4, 4], "uv_size": [1, 1]},
								"east": {"uv": [4, 4], "uv_size": [1, 1]},
								"up": {"uv": [5, 5], "uv_size": [-1, -1]},
								"down": {"uv": [5, 5], "uv_size": [-1, -1]}
							}
						},
						{
							"origin": [0.825, 0, -2.1],
							"size": [0.2, 0.1, 0.65],
							"uv": {
								"east": {"uv": [4, 4], "uv_size": [1, 1]},
								"west": {"uv": [4, 4], "uv_size": [1, 1]},
								"up": {"uv": [5, 5], "uv_size": [-1, -1]}
							}
						},
						{
							"origin": [0.825, -0.04142, -1.55],
							"size": [0.2, 0.14142, 0.1],
							"pivot": [0.925, 0.1, -1.45],
							"rotation": [45, 0, 0],
							"uv": {
								"east": {"uv": [4, 4], "uv_size": [1, 1]},
								"south": {"uv": [4, 4], "uv_size": [1, 1]},
								"west": {"uv": [4, 4], "uv_size": [1, 1]}
							}
						},
						{
							"origin": [0.825, -0.1, -3.05],
							"size": [0.2, 0.2, 0.2],
							"pivot": [0.925, 0.1, -2.85],
							"rotation": [45, 0, 0],
							"uv": {
								"east": {"uv": [4, 4], "uv_size": [1, 1]},
								"south": {"uv": [4, 4], "uv_size": [1, 1]},
								"west": {"uv": [4, 4], "uv_size": [1, 1]}
							}
						},
						{
							"origin": [0.825, -0.1, -2.3],
							"size": [0.2, 0.2, 0.2],
							"pivot": [0.925, 0.1, -2.1],
							"rotation": [45, 0, 0],
							"uv": {
								"east": {"uv": [4, 4], "uv_size": [1, 1]},
								"west": {"uv": [4, 4], "uv_size": [1, 1]},
								"up": {"uv": [5, 5], "uv_size": [-1, -1]}
							}
						},
						{
							"origin": [0.625, -0.3, -3.35],
							"size": [0.2, 0.1, 0.5],
							"pivot": [0.625, -0.1, -3.35],
							"rotation": [0, 25, 0],
							"uv": {
								"north": {"uv": [4, 4], "uv_size": [1, 1]},
								"east": {"uv": [4, 4], "uv_size": [1, 1]},
								"south": {"uv": [4, 4], "uv_size": [1, 1]},
								"west": {"uv": [4, 4], "uv_size": [1, 1]},
								"up": {"uv": [5, 5], "uv_size": [-1, -1]},
								"down": {"uv": [5, 5], "uv_size": [-1, -1]}
							}
						},
						{
							"origin": [0.625, 0, -3.35],
							"size": [0.2, 0.1, 0.5],
							"pivot": [0.625, 0.2, -3.35],
							"rotation": [0, 25, 0],
							"uv": {
								"north": {"uv": [4, 4], "uv_size": [1, 1]},
								"east": {"uv": [4, 4], "uv_size": [1, 1]},
								"south": {"uv": [4, 4], "uv_size": [1, 1]},
								"west": {"uv": [4, 4], "uv_size": [1, 1]},
								"up": {"uv": [5, 5], "uv_size": [-1, -1]},
								"down": {"uv": [5, 5], "uv_size": [-1, -1]}
							}
						}
					]
				},
				{
					"name": "Left_release",
					"parent": "Quick_release",
					"pivot": [-0.825, -0.125, -3.55],
					"cubes": [
						{
							"origin": [-0.925, -0.3, -3.75],
							"size": [0.2, 0.125, 0.2],
							"uv": {
								"north": {"uv": [5, 4], "uv_size": [-1, 1]},
								"east": {"uv": [5, 4], "uv_size": [-1, 1]},
								"south": {"uv": [5, 4], "uv_size": [-1, 1]},
								"west": {"uv": [5, 4], "uv_size": [-1, 1]},
								"up": {"uv": [4, 5], "uv_size": [1, -1]},
								"down": {"uv": [4, 5], "uv_size": [1, -1]}
							}
						},
						{
							"origin": [-1.06642, -0.3, -3.75],
							"size": [0.14142, 0.125, 0.1],
							"pivot": [-0.925, -0.1, -3.75],
							"rotation": [0, 45, 0],
							"uv": {
								"north": {"uv": [7, 4], "uv_size": [-1, 1]},
								"east": {"uv": [5, 4], "uv_size": [-1, 1]},
								"south": {"uv": [5, 4], "uv_size": [-1, 1]},
								"west": {"uv": [5, 4], "uv_size": [-1, 1]},
								"up": {"uv": [4, 5], "uv_size": [1, -1]},
								"down": {"uv": [4, 5], "uv_size": [1, -1]}
							}
						},
						{
							"origin": [-1.06642, -0.025, -3.75],
							"size": [0.14142, 0.125, 0.1],
							"pivot": [-0.925, -0.1, -3.75],
							"rotation": [0, 45, 0],
							"uv": {
								"north": {"uv": [7, 4], "uv_size": [-1, 1]},
								"east": {"uv": [5, 4], "uv_size": [-1, 1]},
								"south": {"uv": [5, 4], "uv_size": [-1, 1]},
								"west": {"uv": [5, 4], "uv_size": [-1, 1]},
								"up": {"uv": [4, 5], "uv_size": [1, -1]},
								"down": {"uv": [4, 5], "uv_size": [1, -1]}
							}
						},
						{
							"origin": [-0.76642, -0.3, -3.65],
							"size": [0.14142, 0.125, 0.1],
							"pivot": [-0.625, -0.1, -3.65],
							"rotation": [0, -45, 0],
							"uv": {
								"north": {"uv": [7, 4], "uv_size": [-1, 1]},
								"east": {"uv": [5, 4], "uv_size": [-1, 1]},
								"south": {"uv": [5, 4], "uv_size": [-1, 1]},
								"west": {"uv": [5, 4], "uv_size": [-1, 1]},
								"up": {"uv": [4, 5], "uv_size": [1, -1]},
								"down": {"uv": [4, 5], "uv_size": [1, -1]}
							}
						},
						{
							"origin": [-0.76642, -0.025, -3.65],
							"size": [0.14142, 0.125, 0.1],
							"pivot": [-0.625, -0.1, -3.65],
							"rotation": [0, -45, 0],
							"uv": {
								"north": {"uv": [7, 4], "uv_size": [-1, 1]},
								"east": {"uv": [5, 4], "uv_size": [-1, 1]},
								"south": {"uv": [5, 4], "uv_size": [-1, 1]},
								"west": {"uv": [5, 4], "uv_size": [-1, 1]},
								"up": {"uv": [4, 5], "uv_size": [1, -1]},
								"down": {"uv": [4, 5], "uv_size": [1, -1]}
							}
						},
						{
							"origin": [-0.925, -0.025, -3.75],
							"size": [0.2, 0.125, 0.2],
							"uv": {
								"north": {"uv": [5, 4], "uv_size": [-1, 1]},
								"east": {"uv": [5, 4], "uv_size": [-1, 1]},
								"south": {"uv": [5, 4], "uv_size": [-1, 1]},
								"west": {"uv": [5, 4], "uv_size": [-1, 1]},
								"up": {"uv": [4, 5], "uv_size": [1, -1]},
								"down": {"uv": [4, 5], "uv_size": [1, -1]}
							}
						},
						{
							"origin": [-1.025, -0.025, -3.65],
							"size": [0.4, 0.125, 0.3],
							"uv": {
								"north": {"uv": [5, 4], "uv_size": [-1, 1]},
								"east": {"uv": [5, 4], "uv_size": [-1, 1]},
								"south": {"uv": [5, 4], "uv_size": [-1, 1]},
								"west": {"uv": [5, 4], "uv_size": [-1, 1]},
								"up": {"uv": [4, 5], "uv_size": [1, -1]},
								"down": {"uv": [4, 5], "uv_size": [1, -1]}
							}
						},
						{
							"origin": [-1.025, -0.3, -3.65],
							"size": [0.4, 0.125, 0.3],
							"uv": {
								"north": {"uv": [5, 4], "uv_size": [-1, 1]},
								"east": {"uv": [5, 4], "uv_size": [-1, 1]},
								"south": {"uv": [5, 4], "uv_size": [-1, 1]},
								"west": {"uv": [5, 4], "uv_size": [-1, 1]},
								"up": {"uv": [4, 5], "uv_size": [1, -1]},
								"down": {"uv": [4, 5], "uv_size": [1, -1]}
							}
						},
						{
							"origin": [-0.9, -0.325, -3.625],
							"size": [0.15, 0.45, 0.15],
							"pivot": [-0.825, -0.2375, -3.55],
							"rotation": [0, -45, 0],
							"uv": {
								"north": {"uv": [9, 1], "uv_size": [-1, 1]},
								"east": {"uv": [9, 1], "uv_size": [-1, 1]},
								"south": {"uv": [9, 1], "uv_size": [-1, 1]},
								"west": {"uv": [9, 1], "uv_size": [-1, 1]},
								"up": {"uv": [8, 2], "uv_size": [1, -1]},
								"down": {"uv": [8, 2], "uv_size": [1, -1]}
							}
						},
						{
							"origin": [-1.025, -0.3, -3.35],
							"size": [0.2, 0.4, 0.5],
							"uv": {
								"north": {"uv": [5, 4], "uv_size": [-1, 1]},
								"east": {"uv": [5, 4], "uv_size": [-1, 1]},
								"south": {"uv": [5, 4], "uv_size": [-1, 1]},
								"west": {"uv": [5, 4], "uv_size": [-1, 1]},
								"up": {"uv": [4, 5], "uv_size": [1, -1]},
								"down": {"uv": [4, 5], "uv_size": [1, -1]}
							}
						},
						{
							"origin": [-1.025, -0.3, -2.85],
							"size": [0.2, 0.3, 1.5],
							"uv": {
								"east": {"uv": [5, 4], "uv_size": [-1, 1]},
								"south": {"uv": [5, 4], "uv_size": [-1, 1]},
								"west": {"uv": [5, 4], "uv_size": [-1, 1]},
								"up": {"uv": [4, 5], "uv_size": [1, -1]},
								"down": {"uv": [4, 5], "uv_size": [1, -1]}
							}
						},
						{
							"origin": [-1.075, -0.3, -1.6],
							"size": [0.25, 0.3, 0.25],
							"pivot": [-0.825, -0.15, -1.35],
							"rotation": [0, -45, 0],
							"uv": {
								"north": {"uv": [5, 4], "uv_size": [-1, 1]},
								"west": {"uv": [5, 4], "uv_size": [-1, 1]},
								"up": {"uv": [4, 5], "uv_size": [1, -1]},
								"down": {"uv": [4, 5], "uv_size": [1, -1]}
							}
						},
						{
							"origin": [-1.025, 0, -2.1],
							"size": [0.2, 0.1, 0.65],
							"uv": {
								"east": {"uv": [5, 4], "uv_size": [-1, 1]},
								"west": {"uv": [5, 4], "uv_size": [-1, 1]},
								"up": {"uv": [4, 5], "uv_size": [1, -1]}
							}
						},
						{
							"origin": [-1.025, -0.04142, -1.55],
							"size": [0.2, 0.14142, 0.1],
							"pivot": [-0.925, 0.1, -1.45],
							"rotation": [45, 0, 0],
							"uv": {
								"east": {"uv": [5, 4], "uv_size": [-1, 1]},
								"south": {"uv": [5, 4], "uv_size": [-1, 1]},
								"west": {"uv": [5, 4], "uv_size": [-1, 1]}
							}
						},
						{
							"origin": [-1.025, -0.1, -3.05],
							"size": [0.2, 0.2, 0.2],
							"pivot": [-0.925, 0.1, -2.85],
							"rotation": [45, 0, 0],
							"uv": {
								"east": {"uv": [5, 4], "uv_size": [-1, 1]},
								"south": {"uv": [5, 4], "uv_size": [-1, 1]},
								"west": {"uv": [5, 4], "uv_size": [-1, 1]}
							}
						},
						{
							"origin": [-1.025, -0.1, -2.3],
							"size": [0.2, 0.2, 0.2],
							"pivot": [-0.925, 0.1, -2.1],
							"rotation": [45, 0, 0],
							"uv": {
								"east": {"uv": [5, 4], "uv_size": [-1, 1]},
								"west": {"uv": [5, 4], "uv_size": [-1, 1]},
								"up": {"uv": [4, 5], "uv_size": [1, -1]}
							}
						},
						{
							"origin": [-0.825, -0.3, -3.35],
							"size": [0.2, 0.1, 0.5],
							"pivot": [-0.625, -0.1, -3.35],
							"rotation": [0, -25, 0],
							"uv": {
								"north": {"uv": [5, 4], "uv_size": [-1, 1]},
								"east": {"uv": [5, 4], "uv_size": [-1, 1]},
								"south": {"uv": [5, 4], "uv_size": [-1, 1]},
								"west": {"uv": [5, 4], "uv_size": [-1, 1]},
								"up": {"uv": [4, 5], "uv_size": [1, -1]},
								"down": {"uv": [4, 5], "uv_size": [1, -1]}
							}
						},
						{
							"origin": [-0.825, 0, -3.35],
							"size": [0.2, 0.1, 0.5],
							"pivot": [-0.625, 0.2, -3.35],
							"rotation": [0, -25, 0],
							"uv": {
								"north": {"uv": [5, 4], "uv_size": [-1, 1]},
								"east": {"uv": [5, 4], "uv_size": [-1, 1]},
								"south": {"uv": [5, 4], "uv_size": [-1, 1]},
								"west": {"uv": [5, 4], "uv_size": [-1, 1]},
								"up": {"uv": [4, 5], "uv_size": [1, -1]},
								"down": {"uv": [4, 5], "uv_size": [1, -1]}
							}
						}
					]
				},
				{
					"name": "ocular_ring",
					"pivot": [-0.93748, 1.7017, 4.1697],
					"cubes": [
						{
							"origin": [-1.00123, 1.71603, 3.7697],
							"size": [2.00246, 0.2, 0.4],
							"uv": {
								"south": {"uv": [12, 1], "uv_size": [1, 1]},
								"up": {"uv": [13, 2], "uv_size": [-1, -1]},
								"down": {"uv": [13, 2], "uv_size": [-1, -1]}
							}
						},
						{
							"origin": [0.83748, 1.7017, 3.7697],
							"size": [0.2, 0.2, 0.4],
							"pivot": [0.93748, 1.7017, 4.1697],
							"rotation": [0, 0, -10],
							"uv": {
								"east": {"uv": [12, 1], "uv_size": [1, 1]},
								"south": {"uv": [12, 1], "uv_size": [1, 1]},
								"west": {"uv": [14, 1], "uv_size": [1, 1]}
							}
						},
						{
							"origin": [0.95552, 0.94536, 3.48268],
							"size": [0.2, 0.85, 0.4],
							"pivot": [1.20552, 1.04536, 3.88268],
							"rotation": [-22.5, 0, -10],
							"uv": {
								"east": {"uv": [12, 1], "uv_size": [1, 1]},
								"south": {"uv": [12, 1], "uv_size": [1, 1]},
								"west": {"uv": [14, 1], "uv_size": [1, 1]}
							}
						},
						{
							"origin": [0.95571, 0.23991, 3.46345],
							"size": [0.2, 0.8, 0.4],
							"pivot": [1.15571, 1.03991, 3.61345],
							"rotation": [-21.80633, 5.68422, 3.9042],
							"uv": {
								"east": {"uv": [12, 1], "uv_size": [1, 1]},
								"south": {"uv": [12, 1], "uv_size": [1, 1]},
								"west": {"uv": [14, 1], "uv_size": [1, 1]}
							}
						},
						{
							"origin": [0.89311, 0.21344, 3.2336],
							"size": [0.2, 0.25, 0.325],
							"pivot": [0.99311, 0.21344, 3.5586],
							"rotation": [0, 5.68422, 3.9042],
							"uv": {
								"east": {"uv": [12, 1], "uv_size": [1, 1]},
								"west": {"uv": [14, 1], "uv_size": [1, 1]},
								"down": {"uv": [13, 2], "uv_size": [-1, -1]}
							}
						},
						{
							"origin": [-0.91883, 0.22022, 3.21851],
							"size": [1.83766, 0.2, 0.1],
							"uv": {
								"south": {"uv": [12, 1], "uv_size": [1, 1]},
								"up": {"uv": [13, 2], "uv_size": [-1, -1]},
								"down": {"uv": [13, 2], "uv_size": [-1, -1]}
							}
						},
						{
							"origin": [-1.15571, 0.23991, 3.46345],
							"size": [0.2, 0.8, 0.4],
							"pivot": [-1.15571, 1.03991, 3.61345],
							"rotation": [-21.80633, -5.68422, -3.9042],
							"uv": {
								"east": {"uv": [15, 1], "uv_size": [-1, 1]},
								"south": {"uv": [13, 1], "uv_size": [-1, 1]},
								"west": {"uv": [13, 1], "uv_size": [-1, 1]}
							}
						},
						{
							"origin": [-1.09311, 0.21344, 3.2336],
							"size": [0.2, 0.25, 0.325],
							"pivot": [-0.99311, 0.21344, 3.5586],
							"rotation": [0, -5.68422, -3.9042],
							"uv": {
								"east": {"uv": [15, 1], "uv_size": [-1, 1]},
								"west": {"uv": [13, 1], "uv_size": [-1, 1]},
								"down": {"uv": [12, 2], "uv_size": [1, -1]}
							}
						},
						{
							"origin": [-1.15552, 0.94536, 3.48268],
							"size": [0.2, 0.85, 0.4],
							"pivot": [-1.20552, 1.04536, 3.88268],
							"rotation": [-22.5, 0, 10],
							"uv": {
								"east": {"uv": [15, 1], "uv_size": [-1, 1]},
								"south": {"uv": [13, 1], "uv_size": [-1, 1]},
								"west": {"uv": [13, 1], "uv_size": [-1, 1]}
							}
						},
						{
							"origin": [-1.03748, 1.7017, 3.7697],
							"size": [0.2, 0.2, 0.4],
							"pivot": [-0.93748, 1.7017, 4.1697],
							"rotation": [0, 0, 10],
							"uv": {
								"east": {"uv": [15, 1], "uv_size": [-1, 1]},
								"south": {"uv": [13, 1], "uv_size": [-1, 1]},
								"west": {"uv": [13, 1], "uv_size": [-1, 1]}
							}
						}
					]
				},
				{
					"name": "ocular",
					"pivot": [0, 1.1, 3.83757],
					"cubes": [
						{
							"origin": [-1.01428, 0.21293, 3.58757],
							"size": [2.02857, 1.65, 0.25],
							"pivot": [0, 1.86293, 3.83757],
							"rotation": [-22.5, 0, 0],
							"uv": {
								"south": {"uv": [2, 1], "uv_size": [1, 1]}
							}
						}
					]
				},
				{
					"name": "division",
					"pivot": [0, 1.1, -64]
				},
				{
					"name": "division_illuminated",
					"parent": "division",
					"pivot": [0, 1.1, -64],
					"cubes": [
						{
							"origin": [2.25, -0.7, -8.1],
							"size": [0.05, 0.5, 0.1],
							"pivot": [2.3, -0.7, -8],
							"rotation": [0, 0, 10],
							"uv": {
								"south": {"uv": [1, 3], "uv_size": [-1, 1]}
							}
						},
						{
							"origin": [-0.25, -0.59825, -8.1],
							"size": [0.5, 0.05, 0.1],
							"uv": {
								"south": {"uv": [0, 3], "uv_size": [1, 1]}
							}
						},
						{
							"origin": [-0.25, -0.64825, -8.1],
							"size": [0.05, 0.05, 0.1],
							"uv": {
								"south": {"uv": [0, 3], "uv_size": [1, 1]}
							}
						},
						{
							"origin": [0.2, -0.64825, -8.1],
							"size": [0.05, 0.05, 0.1],
							"uv": {
								"south": {"uv": [1, 3], "uv_size": [-1, 1]}
							}
						},
						{
							"origin": [-0.2, -0.64825, -8.1],
							"size": [0.3, 0.05, 0.1],
							"uv": {
								"south": {"uv": [1, 0], "uv_size": [-1, 1]}
							}
						},
						{
							"origin": [-0.25, -0.69825, -8.1],
							"size": [0.5, 0.05, 0.1],
							"uv": {
								"south": {"uv": [0, 3], "uv_size": [1, 1]}
							}
						},
						{
							"origin": [1.45, -0.7, -8.1],
							"size": [0.85, 0.05, 0.1],
							"uv": {
								"south": {"uv": [1, 3], "uv_size": [-1, 1]}
							}
						},
						{
							"origin": [-2.3, -0.7, -8.1],
							"size": [0.85, 0.05, 0.1],
							"uv": {
								"south": {"uv": [0, 3], "uv_size": [1, 1]}
							}
						},
						{
							"origin": [-2.3, -0.7, -8.1],
							"size": [0.05, 0.5, 0.1],
							"pivot": [-2.3, -0.7, -8],
							"rotation": [0, 0, -10],
							"uv": {
								"south": {"uv": [0, 3], "uv_size": [1, 1]}
							}
						},
						{
							"origin": [-2.3, 2.85, -8.1],
							"size": [0.85, 0.05, 0.1],
							"uv": {
								"south": {"uv": [0, 4], "uv_size": [1, -1]}
							}
						},
						{
							"origin": [-2.3, 2.4, -8.1],
							"size": [0.05, 0.5, 0.1],
							"pivot": [-2.3, 2.9, -8],
							"rotation": [0, 0, 10],
							"uv": {
								"south": {"uv": [0, 4], "uv_size": [1, -1]}
							}
						},
						{
							"origin": [2.25, 2.4, -8.1],
							"size": [0.05, 0.5, 0.1],
							"pivot": [2.3, 2.9, -8],
							"rotation": [0, 0, -10],
							"uv": {
								"south": {"uv": [1, 4], "uv_size": [-1, -1]}
							}
						},
						{
							"origin": [1.45, 2.85, -8.1],
							"size": [0.85, 0.05, 0.1],
							"uv": {
								"south": {"uv": [1, 4], "uv_size": [-1, -1]}
							}
						},
						{
							"origin": [1.95, 3.1, -16.1],
							"size": [0.85, 0.05, 0.1],
							"uv": {
								"south": {"uv": [1, 4], "uv_size": [-1, -1]}
							}
						},
						{
							"origin": [2.75, 2.65, -16.1],
							"size": [0.05, 0.5, 0.1],
							"pivot": [2.8, 3.15, -16],
							"rotation": [0, 0, -10],
							"uv": {
								"south": {"uv": [1, 4], "uv_size": [-1, -1]}
							}
						},
						{
							"origin": [1.95, -0.95, -16.1],
							"size": [0.85, 0.05, 0.1],
							"uv": {
								"south": {"uv": [1, 3], "uv_size": [-1, 1]}
							}
						},
						{
							"origin": [2.75, -0.95, -16.1],
							"size": [0.05, 0.5, 0.1],
							"pivot": [2.8, -0.95, -16],
							"rotation": [0, 0, 10],
							"uv": {
								"south": {"uv": [1, 3], "uv_size": [-1, 1]}
							}
						},
						{
							"origin": [-2.8, -0.95, -16.1],
							"size": [0.85, 0.05, 0.1],
							"uv": {
								"south": {"uv": [0, 3], "uv_size": [1, 1]}
							}
						},
						{
							"origin": [-2.8, -0.95, -16.1],
							"size": [0.05, 0.5, 0.1],
							"pivot": [-2.8, -0.95, -16],
							"rotation": [0, 0, -10],
							"uv": {
								"south": {"uv": [0, 3], "uv_size": [1, 1]}
							}
						},
						{
							"origin": [-2.8, 2.65, -16.1],
							"size": [0.05, 0.5, 0.1],
							"pivot": [-2.8, 3.15, -16],
							"rotation": [0, 0, 10],
							"uv": {
								"south": {"uv": [0, 4], "uv_size": [1, -1]}
							}
						},
						{
							"origin": [-2.8, 3.1, -16.1],
							"size": [0.85, 0.05, 0.1],
							"uv": {
								"south": {"uv": [0, 4], "uv_size": [1, -1]}
							}
						},
						{
							"origin": [-2.2, 2.6, -8.1],
							"size": [0.8, 0.2, 0.1],
							"pivot": [0, 1.1, -8.1],
							"rotation": [0, 0, -180],
							"uv": {
								"south": {"uv": [40, 128], "uv_size": [-40, -10]}
							}
						},
						{
							"origin": [0.25, 1.05, -64.001],
							"size": [0.75, 0.1, 0],
							"pivot": [0, 1.1, -64],
							"rotation": [0, 0, -30],
							"uv": {
								"south": {"uv": [0, 0], "uv_size": [1, 1]}
							}
						},
						{
							"origin": [0.25, 1.05, -64.001],
							"size": [0.75, 0.1, 0],
							"pivot": [0, 1.1, -64],
							"rotation": [0, 0, 90],
							"uv": {
								"south": {"uv": [0, 0], "uv_size": [1, 1]}
							}
						},
						{
							"origin": [0.25, 1.05, -64.001],
							"size": [0.75, 0.1, 0],
							"pivot": [0, 1.1, -64],
							"rotation": [0, 0, -150],
							"uv": {
								"south": {"uv": [0, 0], "uv_size": [1, 1]}
							}
						},
						{
							"origin": [0.14142, 0.88787, -64.001],
							"size": [0.07071, 0.07071, 0],
							"pivot": [0, 1.1, -64],
							"rotation": [0, 0, -75],
							"uv": {
								"south": {"uv": [0, 0], "uv_size": [1, 1]}
							}
						},
						{
							"origin": [0.14142, 0.88787, -64.001],
							"size": [0.07071, 0.07071, 0],
							"pivot": [0, 1.1, -64],
							"rotation": [0, 0, 165],
							"uv": {
								"south": {"uv": [0, 0], "uv_size": [1, 1]}
							}
						},
						{
							"origin": [0.14142, 0.88787, -64.001],
							"size": [0.07071, 0.07071, 0],
							"pivot": [0, 1.1, -64],
							"rotation": [0, 0, 45],
							"uv": {
								"south": {"uv": [0, 0], "uv_size": [1, 1]}
							}
						},
						{
							"origin": [0.61872, 0.3045, -64.001],
							"size": [0.17678, 0.17678, 0],
							"pivot": [0, 1.1, -64],
							"rotation": [0, 0, 45],
							"uv": {
								"south": {"uv": [0, 0], "uv_size": [1, 1]}
							}
						},
						{
							"origin": [0.61872, 0.3045, -64.001],
							"size": [0.17678, 0.17678, 0],
							"pivot": [0, 1.1, -64],
							"rotation": [0, 0, 165],
							"uv": {
								"south": {"uv": [0, 0], "uv_size": [1, 1]}
							}
						},
						{
							"origin": [0.61872, 0.3045, -64.001],
							"size": [0.17678, 0.17678, 0],
							"pivot": [0, 1.1, -64],
							"rotation": [0, 0, -75],
							"uv": {
								"south": {"uv": [0, 0], "uv_size": [1, 1]}
							}
						},
						{
							"origin": [-1.75, 0.975, -64.001],
							"size": [0.75, 0.25, 0],
							"pivot": [0, 1.1, -64],
							"rotation": [0, 0, -90],
							"uv": {
								"south": {"uv": [0, 0], "uv_size": [1, 1]}
							}
						},
						{
							"origin": [1, 0.975, -64.001],
							"size": [0.75, 0.25, 0],
							"pivot": [0, 1.1, -64],
							"rotation": [0, 0, -30],
							"uv": {
								"south": {"uv": [0, 0], "uv_size": [1, 1]}
							}
						},
						{
							"origin": [-1.75, 0.975, -64.001],
							"size": [0.75, 0.25, 0],
							"pivot": [0, 1.1, -64],
							"rotation": [0, 0, 30],
							"uv": {
								"south": {"uv": [0, 0], "uv_size": [1, 1]}
							}
						}
					]
				},
				{
					"name": "scope_view",
					"pivot": [0, 1.1, 9]
				}
			]
		}
	]
}