{
	"format_version": "1.12.0",
	"minecraft:geometry": [
		{
			"description": {
				"identifier": "geometry.unknown",
				"texture_width": 128,
				"texture_height": 128,
				"visible_bounds_width": 8,
				"visible_bounds_height": 3,
				"visible_bounds_offset": [0, 0.5, 0]
			},
			"bones": [
				{
					"name": "scope_body",
					"pivot": [0, 0.025, -8.5],
					"cubes": [
						{
							"origin": [-0.75, -0.40795, -7.71412],
							"size": [1.5, 0.2, 0.225],
							"uv": {
								"south": {"uv": [9, 0], "uv_size": [-1, 1]},
								"down": {"uv": [8, 1], "uv_size": [1, -1]}
							}
						},
						{
							"origin": [-0.75, -0.43619, -7.82956],
							"size": [1.5, 0.25, 0.475],
							"uv": {
								"up": {"uv": [6, 1], "uv_size": [1, -1]}
							}
						},
						{
							"origin": [-0.75, -0.40795, -7.71412],
							"size": [1.5, 0.25, 0.225],
							"pivot": [0, -0.40795, -7.71412],
							"rotation": [27.5, 0, 0],
							"uv": {
								"north": {"uv": [9, 0], "uv_size": [-1, 1]}
							}
						},
						{
							"origin": [0.5, -0.33619, -7.72956],
							"size": [0.3, 0.15, 0.375],
							"pivot": [0.5, -0.18619, -7.59206],
							"rotation": [5.85463, 13.83447, -66.78912],
							"uv": {
								"north": {"uv": [6, 0], "uv_size": [1, 1]},
								"up": {"uv": [7, 1], "uv_size": [-1, -1]}
							}
						},
						{
							"origin": [-0.40881, -0.4742, -8.28739],
							"size": [0.81762, 1.45, 0.098],
							"pivot": [0, 1.2258, -8.53939],
							"rotation": [26.39218, 0, 0],
							"uv": {
								"north": {"uv": [2, 0], "uv_size": [1, 1]}
							}
						},
						{
							"origin": [-0.8, -0.33619, -7.72956],
							"size": [0.3, 0.15, 0.375],
							"pivot": [-0.5, -0.18619, -7.59206],
							"rotation": [5.85463, -13.83447, 66.78912],
							"uv": {
								"north": {"uv": [7, 0], "uv_size": [-1, 1]},
								"up": {"uv": [6, 1], "uv_size": [1, -1]}
							}
						},
						{
							"origin": [-0.04119, -0.31202, -8.20432],
							"size": [0.35, 1.55, 0.1],
							"pivot": [0.40881, 1.11298, -8.20432],
							"rotation": [25.32665, 7.68158, -15.77159],
							"uv": {
								"north": {"uv": [5, 0], "uv_size": [-1, 1]}
							}
						},
						{
							"origin": [-0.30881, -0.31202, -8.20432],
							"size": [0.35, 1.55, 0.1],
							"pivot": [-0.40881, 1.11298, -8.20432],
							"rotation": [25.32665, -7.68158, 15.77159],
							"uv": {
								"north": {"uv": [4, 0], "uv_size": [1, 1]}
							}
						},
						{
							"origin": [-0.40881, 0.9758, -8.53939],
							"size": [0.81762, 0.25, 0.25],
							"pivot": [0, 1.2258, -8.53939],
							"rotation": [26.39218, 0, 0],
							"uv": {
								"north": {"uv": [8, 0], "uv_size": [1, 1]}
							}
						},
						{
							"origin": [-0.1, 1.2, -7.1101],
							"size": [0.2, 0.32071, 0.57071],
							"pivot": [0.25, 1.45, -7.03939],
							"rotation": [-45, 0, 0],
							"uv": {
								"east": {"uv": [6, 0], "uv_size": [1, 1]},
								"west": {"uv": [6, 0], "uv_size": [1, 1]},
								"up": {"uv": [9, 1], "uv_size": [-1, -1]}
							}
						},
						{
							"origin": [-0.1, 1.25, -8.53939],
							"size": [0.2, 0.3, 1.5],
							"uv": {
								"east": {"uv": [6, 0], "uv_size": [1, 1]},
								"west": {"uv": [6, 0], "uv_size": [1, 1]},
								"up": {"uv": [7, 1], "uv_size": [-1, -1]}
							}
						},
						{
							"origin": [-0.4, 1.15, 2.5],
							"size": [0.8, 0.1, 0.25],
							"uv": {
								"up": {"uv": [8, 1], "uv_size": [1, -1]}
							}
						},
						{
							"origin": [-0.15, 1, 2.25],
							"size": [0.3, 0.25, 0.25],
							"pivot": [0, 1.25, 2.5],
							"rotation": [22.5, 0, 0],
							"uv": {
								"up": {"uv": [10, 1], "uv_size": [1, -1]}
							}
						},
						{
							"origin": [-0.15, 1, -8.25],
							"size": [0.3, 0.25, 0.25],
							"pivot": [0, 1.25, -8.25],
							"rotation": [-22.5, 0, 0],
							"uv": {
								"up": {"uv": [6, 0], "uv_size": [1, 1]}
							}
						},
						{
							"origin": [-0.41174, 1.14435, -0.76704],
							"size": [0.27349, 0.10993, 0.26704],
							"uv": {
								"west": {"uv": [4, 0], "uv_size": [1, 1]},
								"up": {"uv": [6, 1], "uv_size": [1, -1]}
							}
						},
						{
							"origin": [0.13825, 1.14435, -0.76704],
							"size": [0.27349, 0.10993, 0.26704],
							"uv": {
								"east": {"uv": [4, 0], "uv_size": [1, 1]},
								"up": {"uv": [7, 1], "uv_size": [-1, -1]}
							}
						},
						{
							"origin": [-0.4, 1.15, -8.25],
							"size": [0.25, 0.1, 10.75],
							"uv": {
								"west": {"uv": [6, 0], "uv_size": [1, 1]},
								"up": {"uv": [8, 1], "uv_size": [1, -1]}
							}
						},
						{
							"origin": [-0.15, 1.15, -8.25],
							"size": [0.3, 0, 11],
							"uv": {
								"west": {"uv": [6, 0], "uv_size": [1, 1]},
								"up": {"uv": [6, 1], "uv_size": [1, -1]}
							}
						},
						{
							"origin": [0.15, 1.15, -8.25],
							"size": [0.25, 0.1, 10.75],
							"uv": {
								"east": {"uv": [6, 0], "uv_size": [1, 1]},
								"up": {"uv": [9, 1], "uv_size": [-1, -1]}
							}
						},
						{
							"origin": [-0.4, 1.2258, -8.53939],
							"size": [0.8, 0.0242, 0.28939],
							"uv": {
								"north": {"uv": [8, 0], "uv_size": [1, 1]},
								"up": {"uv": [9, 1], "uv_size": [-1, -1]}
							}
						},
						{
							"origin": [-0.1, 1.25, -8.53939],
							"size": [0.2, 0.27189, 0.12679],
							"pivot": [0.25, 1.25, -8.53939],
							"rotation": [25, 0, 0],
							"uv": {
								"north": {"uv": [6, 0], "uv_size": [1, 1]},
								"east": {"uv": [6, 0], "uv_size": [1, 1]},
								"west": {"uv": [6, 0], "uv_size": [1, 1]},
								"up": {"uv": [7, 1], "uv_size": [-1, -1]}
							}
						},
						{
							"origin": [-0.65567, 0.24692, -7.52587],
							"size": [1.31135, 0.09881, 10.51749],
							"pivot": [0, 0.24573, 2.99029],
							"rotation": [2.34645, 0, 0],
							"uv": {
								"south": {"uv": [5, 0], "uv_size": [1, 1]},
								"down": {"uv": [9, 1], "uv_size": [-1, -1]}
							}
						},
						{
							"origin": [-0.275, 0.26711, 2.57663],
							"size": [0.25, 0.75, 0.1],
							"pivot": [-0.275, 1.01711, 2.67663],
							"rotation": [24.14242, -8.46722, 18.18609],
							"uv": {
								"south": {"uv": [1, 0], "uv_size": [1, 1]}
							}
						},
						{
							"origin": [0.025, 0.26711, 2.57663],
							"size": [0.25, 0.75, 0.1],
							"pivot": [0.275, 1.01711, 2.67663],
							"rotation": [24.14242, 8.46722, -18.18609],
							"uv": {
								"south": {"uv": [1, 0], "uv_size": [1, 1]}
							}
						},
						{
							"origin": [-0.275, 0.29211, 2.57663],
							"size": [0.55, 0.725, 0.1],
							"pivot": [0.1, 1.01711, 2.67663],
							"rotation": [25.5, 0, 0],
							"uv": {
								"south": {"uv": [1, 0], "uv_size": [1, 1]}
							}
						},
						{
							"origin": [-0.325, 1.05, -4.25],
							"size": [0.65, 0.1, 7],
							"uv": {}
						}
					]
				},
				{
					"name": "Right_scope_body",
					"parent": "scope_body",
					"pivot": [0, 1.25, -8.53939],
					"cubes": [
						{
							"origin": [0.53385, 0.27757, 3.00392],
							"size": [0.125, 0.1, 0.1],
							"pivot": [0.63385, 0.37757, 3.05392],
							"rotation": [25, 0, 0],
							"uv": {
								"south": {"uv": [6, 0], "uv_size": [1, 1]},
								"down": {"uv": [7, 1], "uv_size": [-1, -1]}
							}
						},
						{
							"origin": [0.81452, -0.16364, -7.7999],
							"size": [0.1, 1.50646, 0.25],
							"pivot": [0.91452, -0.16364, -7.8499],
							"rotation": [25, 0, -20],
							"uv": {
								"west": {"uv": [8, 0], "uv_size": [1, 1]}
							}
						},
						{
							"origin": [0.15, 1.12424, -8.48939],
							"size": [0.25, 0.1, 0.73939],
							"pivot": [0.4, 1.25, -7.75],
							"rotation": [0, 0, -20],
							"uv": {
								"west": {"uv": [8, 0], "uv_size": [1, 1]}
							}
						},
						{
							"origin": [0.34301, 0.20683, -8.16439],
							"size": [0.1, 0.925, 0.41439],
							"pivot": [0.44301, 1.13183, -8.16439],
							"rotation": [15, 0, -20],
							"uv": {
								"west": {"uv": [8, 0], "uv_size": [1, 1]}
							}
						},
						{
							"origin": [0.81452, -0.16364, -7.8499],
							"size": [0.1, 0.55, 6.6],
							"pivot": [0.91452, -0.16364, -7.8499],
							"rotation": [2.5, 0, -20],
							"uv": {
								"west": {"uv": [8, 0], "uv_size": [1, 1]}
							}
						},
						{
							"origin": [0.3, 0.25, -7.75],
							"size": [0.1, 1, 10.5],
							"pivot": [0.4, 1.25, -7.75],
							"rotation": [0, 0, -20],
							"uv": {
								"west": {"uv": [8, 0], "uv_size": [1, 1]}
							}
						},
						{
							"origin": [0.3125, 0.45, -8.175],
							"size": [0.1, 0.05, 4],
							"pivot": [0.4, 1.25, -7.75],
							"rotation": [0, 0, -20],
							"uv": {
								"west": {"uv": [4, 0], "uv_size": [1, 1]}
							}
						},
						{
							"origin": [0.57128, -0.1426, -4.225],
							"size": [0.1, 0.675, 0.05],
							"pivot": [0.62128, 0.5324, -4.175],
							"rotation": [35, 0, -20],
							"uv": {
								"west": {"uv": [4, 0], "uv_size": [1, 1]}
							}
						},
						{
							"origin": [0.81452, -0.16364, -1.2499],
							"size": [0.1, 0.55, 4.25],
							"pivot": [0.91452, -0.16364, -7.8499],
							"rotation": [2.5, 0, -20],
							"uv": {
								"west": {"uv": [8, 0], "uv_size": [1, 1]},
								"down": {"uv": [9, 1], "uv_size": [-1, -1]}
							}
						},
						{
							"origin": [0.566, -0.14294, -1.2728],
							"size": [0.25, 0.3, 0.025],
							"pivot": [0.691, -0.14294, -1.2478],
							"rotation": [-37.65059, -0.85481, -0.01753],
							"uv": {
								"east": {"uv": [6, 0], "uv_size": [1, 1]},
								"south": {"uv": [6, 0], "uv_size": [1, 1]},
								"west": {"uv": [6, 0], "uv_size": [1, 1]}
							}
						},
						{
							"origin": [0.566, -0.14294, -1.3228],
							"size": [0.25, 0.25, 0.05],
							"pivot": [0.691, -0.14294, -1.2478],
							"rotation": [-37.65059, -0.85481, -0.01753],
							"uv": {
								"east": {"uv": [6, 0], "uv_size": [1, 1]},
								"west": {"uv": [6, 0], "uv_size": [1, 1]}
							}
						},
						{
							"origin": [0.66452, -0.20882, -1.2499],
							"size": [0.25, 0.025, 0.16784],
							"pivot": [0.91452, -0.16364, -7.8499],
							"rotation": [2.34941, -0.85481, -0.01753],
							"uv": {
								"east": {"uv": [6, 0], "uv_size": [1, 1]},
								"west": {"uv": [6, 0], "uv_size": [1, 1]}
							}
						},
						{
							"origin": [0.66452, -0.18382, -1.2499],
							"size": [0.25, 0.02019, 0.19284],
							"pivot": [0.91452, -0.16364, -7.8499],
							"rotation": [2.34941, -0.85481, -0.01753],
							"uv": {
								"south": {"uv": [6, 0], "uv_size": [1, 1]},
								"west": {"uv": [6, 0], "uv_size": [1, 1]}
							}
						},
						{
							"origin": [0.66452, -0.30882, -1.2499],
							"size": [0.25, 0.1, 0.08],
							"pivot": [0.91452, -0.16364, -7.8499],
							"rotation": [2.34941, -0.85481, -0.01753],
							"uv": {
								"east": {"uv": [6, 0], "uv_size": [1, 1]},
								"west": {"uv": [6, 0], "uv_size": [1, 1]}
							}
						},
						{
							"origin": [0.66452, -0.44304, -7.84227],
							"size": [0.25, 0.2794, 0.025],
							"pivot": [0.91452, -0.16364, -7.8499],
							"rotation": [27.34941, -0.85481, -0.01753],
							"uv": {
								"north": {"uv": [6, 0], "uv_size": [1, 1]},
								"west": {"uv": [6, 0], "uv_size": [1, 1]}
							}
						},
						{
							"origin": [0.66452, -0.44304, -7.81727],
							"size": [0.25, 0.2544, 0.025],
							"pivot": [0.91452, -0.16364, -7.8499],
							"rotation": [27.34941, -0.85481, -0.01753],
							"uv": {
								"west": {"uv": [6, 0], "uv_size": [1, 1]}
							}
						},
						{
							"origin": [0.66452, -0.18864, -7.8249],
							"size": [0.25, 0.025, 0.1],
							"pivot": [0.91452, -0.16364, -7.8499],
							"rotation": [2.34941, -0.85481, -0.01753],
							"uv": {
								"west": {"uv": [6, 0], "uv_size": [1, 1]}
							}
						},
						{
							"origin": [0.66452, -0.28864, -7.7749],
							"size": [0.25, 0.1, 0.05],
							"pivot": [0.91452, -0.16364, -7.8499],
							"rotation": [2.34941, -0.85481, -0.01753],
							"uv": {
								"west": {"uv": [6, 0], "uv_size": [1, 1]}
							}
						},
						{
							"origin": [0.66452, -0.41364, -7.7249],
							"size": [0.25, 0.25, 6.475],
							"pivot": [0.91452, -0.16364, -7.8499],
							"rotation": [2.34941, -0.85481, -0.01753],
							"uv": {
								"east": {"uv": [6, 0], "uv_size": [1, 1]},
								"west": {"uv": [6, 0], "uv_size": [1, 1]},
								"down": {"uv": [7, 1], "uv_size": [-1, -1]}
							}
						},
						{
							"origin": [0.375, 1.22424, -8.53939],
							"size": [0.025, 0.02576, 0.78939],
							"pivot": [0.4, 1.25, -7.75],
							"rotation": [0, 0, -20],
							"uv": {
								"north": {"uv": [8, 0], "uv_size": [1, 1]},
								"west": {"uv": [8, 0], "uv_size": [1, 1]}
							}
						},
						{
							"origin": [0.15881, -0.40566, -8.53939],
							"size": [0.25, 1.63146, 0.25],
							"pivot": [0.40881, 1.2258, -8.53939],
							"rotation": [25.25756, 7.91988, -16.28059],
							"uv": {
								"north": {"uv": [9, 0], "uv_size": [-1, 1]},
								"east": {"uv": [7, 0], "uv_size": [-1, 1]}
							}
						},
						{
							"origin": [0.66452, -0.16364, -7.8499],
							"size": [0.25, 1.63146, 0.05],
							"pivot": [0.91452, -0.16364, -7.8499],
							"rotation": [25, 0, -20],
							"uv": {
								"west": {"uv": [8, 0], "uv_size": [1, 1]}
							}
						},
						{
							"origin": [0.40567, 0.25516, -7.32476],
							"size": [0.25, 0.09873, 10.41616],
							"pivot": [0.65567, 0.25516, 3.1914],
							"rotation": [2.34971, -0.86164, -0.03762],
							"uv": {
								"east": {"uv": [8, 0], "uv_size": [1, 1]},
								"south": {"uv": [5, 0], "uv_size": [1, 1]},
								"down": {"uv": [9, 1], "uv_size": [-1, -1]}
							}
						},
						{
							"origin": [0.66452, -0.18864, -7.8249],
							"size": [0.1, 0.125, 0.3],
							"pivot": [0.91452, -0.16364, -7.8499],
							"rotation": [2.34941, -0.85481, -0.01753],
							"uv": {}
						},
						{
							"origin": [0.81452, -0.16254, 0.00828],
							"size": [0.1125, 0.01401, 0.03382],
							"pivot": [0.91452, -0.16364, -7.8499],
							"rotation": [2.5, 0, -20],
							"uv": {
								"west": {"uv": [6, 0], "uv_size": [1, 1]}
							}
						},
						{
							"origin": [0.34864, -0.11267, -0.51319],
							"size": [0.1, 0.08839, 0.03661],
							"pivot": [0.43614, 1.15072, -0.72658],
							"rotation": [25, 0, -20],
							"uv": {
								"west": {"uv": [6, 0], "uv_size": [1, 1]}
							}
						},
						{
							"origin": [0.81452, -0.16254, -0.22269],
							"size": [0.1125, 0.09567, 0.23097],
							"pivot": [0.91452, -0.16364, -7.8499],
							"rotation": [2.5, 0, -20],
							"uv": {
								"west": {"uv": [6, 0], "uv_size": [1, 1]}
							}
						},
						{
							"origin": [0.3125, 1.14435, -0.72658],
							"size": [0.1, 0.10565, 0.22658],
							"pivot": [0.4, 1.25, -0.75],
							"rotation": [0, 0, -20],
							"uv": {
								"west": {"uv": [6, 0], "uv_size": [1, 1]}
							}
						},
						{
							"origin": [0.34864, -0.02428, -0.72658],
							"size": [0.1, 1.175, 0.25],
							"pivot": [0.43614, 1.15072, -0.72658],
							"rotation": [25, 0, -20],
							"uv": {
								"west": {"uv": [6, 0], "uv_size": [1, 1]}
							}
						},
						{
							"origin": [0.34864, 1.15072, -0.72658],
							"size": [0.1, 0.09576, 0.04465],
							"pivot": [0.43614, 1.15072, -0.72658],
							"rotation": [25, 0, -20],
							"uv": {
								"west": {"uv": [6, 0], "uv_size": [1, 1]}
							}
						},
						{
							"origin": [0.3125, 1.23113, -0.76704],
							"size": [0.1, 0.01887, 0.04047],
							"pivot": [0.4, 1.25, -0.75],
							"rotation": [0, 0, -20],
							"uv": {
								"west": {"uv": [6, 0], "uv_size": [1, 1]}
							}
						},
						{
							"origin": [0.15, 1.25, -8.53939],
							"size": [0.15, 0.2, 4],
							"uv": {
								"east": {"uv": [13, 0], "uv_size": [-1, 1]},
								"west": {"uv": [13, 0], "uv_size": [-1, 1]},
								"up": {"uv": [12, 1], "uv_size": [1, -1]}
							}
						},
						{
							"origin": [0.151, 1.2, -4.53939],
							"size": [0.149, 0.25, 0.5],
							"pivot": [0, 1.45, -4.53939],
							"rotation": [-45, 0, 0],
							"uv": {
								"east": {"uv": [13, 0], "uv_size": [-1, 1]},
								"west": {"uv": [13, 0], "uv_size": [-1, 1]},
								"up": {"uv": [14, 1], "uv_size": [1, -1]}
							}
						},
						{
							"origin": [0.15, 1.25, -8.53939],
							"size": [0.15, 0.18126, 0.08452],
							"pivot": [0, 1.25, -8.53939],
							"rotation": [25, 0, 0],
							"uv": {
								"north": {"uv": [13, 0], "uv_size": [-1, 1]},
								"east": {"uv": [13, 0], "uv_size": [-1, 1]},
								"west": {"uv": [13, 0], "uv_size": [-1, 1]},
								"up": {"uv": [12, 1], "uv_size": [1, -1]}
							}
						}
					]
				},
				{
					"name": "Left_scope_body",
					"parent": "scope_body",
					"pivot": [0, 1.25, -8.53939],
					"cubes": [
						{
							"origin": [-0.65885, 0.27757, 3.00392],
							"size": [0.125, 0.1, 0.1],
							"pivot": [-0.63385, 0.37757, 3.05392],
							"rotation": [25, 0, 0],
							"uv": {
								"south": {"uv": [7, 0], "uv_size": [-1, 1]},
								"down": {"uv": [6, 1], "uv_size": [1, -1]}
							}
						},
						{
							"origin": [-0.91452, -0.16364, -7.7999],
							"size": [0.1, 1.50646, 0.25],
							"pivot": [-0.91452, -0.16364, -7.8499],
							"rotation": [25, 0, 20],
							"uv": {
								"east": {"uv": [9, 0], "uv_size": [-1, 1]}
							}
						},
						{
							"origin": [-0.4, 1.12424, -8.48939],
							"size": [0.25, 0.1, 0.73939],
							"pivot": [-0.4, 1.25, -7.75],
							"rotation": [0, 0, 20],
							"uv": {
								"east": {"uv": [9, 0], "uv_size": [-1, 1]}
							}
						},
						{
							"origin": [-0.44301, 0.20683, -8.16439],
							"size": [0.1, 0.925, 0.41439],
							"pivot": [-0.44301, 1.13183, -8.16439],
							"rotation": [15, 0, 20],
							"uv": {
								"east": {"uv": [9, 0], "uv_size": [-1, 1]}
							}
						},
						{
							"origin": [-0.91452, -0.16364, -7.8499],
							"size": [0.1, 0.55, 6.6],
							"pivot": [-0.91452, -0.16364, -7.8499],
							"rotation": [2.5, 0, 20],
							"uv": {
								"east": {"uv": [9, 0], "uv_size": [-1, 1]}
							}
						},
						{
							"origin": [-0.4, 0.25, -7.75],
							"size": [0.1, 1, 10.5],
							"pivot": [-0.4, 1.25, -7.75],
							"rotation": [0, 0, 20],
							"uv": {
								"east": {"uv": [9, 0], "uv_size": [-1, 1]}
							}
						},
						{
							"origin": [-0.4125, 0.45, -8.175],
							"size": [0.1, 0.05, 4],
							"pivot": [-0.4, 1.25, -7.75],
							"rotation": [0, 0, 20],
							"uv": {
								"east": {"uv": [5, 0], "uv_size": [-1, 1]}
							}
						},
						{
							"origin": [-0.67128, -0.1426, -4.225],
							"size": [0.1, 0.675, 0.05],
							"pivot": [-0.62128, 0.5324, -4.175],
							"rotation": [35, 0, 20],
							"uv": {
								"east": {"uv": [5, 0], "uv_size": [-1, 1]}
							}
						},
						{
							"origin": [-0.91452, -0.16364, -1.2499],
							"size": [0.1, 0.55, 4.25],
							"pivot": [-0.91452, -0.16364, -7.8499],
							"rotation": [2.5, 0, 20],
							"uv": {
								"east": {"uv": [9, 0], "uv_size": [-1, 1]},
								"down": {"uv": [8, 1], "uv_size": [1, -1]}
							}
						},
						{
							"origin": [-0.816, -0.14294, -1.2728],
							"size": [0.25, 0.3, 0.025],
							"pivot": [-0.691, -0.14294, -1.2478],
							"rotation": [-37.65059, 0.85481, 0.01753],
							"uv": {
								"east": {"uv": [7, 0], "uv_size": [-1, 1]},
								"south": {"uv": [7, 0], "uv_size": [-1, 1]},
								"west": {"uv": [7, 0], "uv_size": [-1, 1]}
							}
						},
						{
							"origin": [-0.816, -0.14294, -1.3228],
							"size": [0.25, 0.25, 0.05],
							"pivot": [-0.691, -0.14294, -1.2478],
							"rotation": [-37.65059, 0.85481, 0.01753],
							"uv": {
								"east": {"uv": [7, 0], "uv_size": [-1, 1]},
								"west": {"uv": [7, 0], "uv_size": [-1, 1]}
							}
						},
						{
							"origin": [-0.91452, -0.20882, -1.2499],
							"size": [0.25, 0.025, 0.16784],
							"pivot": [-0.91452, -0.16364, -7.8499],
							"rotation": [2.34941, 0.85481, 0.01753],
							"uv": {
								"east": {"uv": [7, 0], "uv_size": [-1, 1]},
								"west": {"uv": [7, 0], "uv_size": [-1, 1]}
							}
						},
						{
							"origin": [-0.91452, -0.18382, -1.2499],
							"size": [0.25, 0.02019, 0.19284],
							"pivot": [-0.91452, -0.16364, -7.8499],
							"rotation": [2.34941, 0.85481, 0.01753],
							"uv": {
								"east": {"uv": [7, 0], "uv_size": [-1, 1]},
								"south": {"uv": [7, 0], "uv_size": [-1, 1]}
							}
						},
						{
							"origin": [-0.91452, -0.30882, -1.2499],
							"size": [0.25, 0.1, 0.08],
							"pivot": [-0.91452, -0.16364, -7.8499],
							"rotation": [2.34941, 0.85481, 0.01753],
							"uv": {
								"east": {"uv": [7, 0], "uv_size": [-1, 1]},
								"west": {"uv": [7, 0], "uv_size": [-1, 1]}
							}
						},
						{
							"origin": [-0.91452, -0.44304, -7.84227],
							"size": [0.25, 0.2794, 0.025],
							"pivot": [-0.91452, -0.16364, -7.8499],
							"rotation": [27.34941, 0.85481, 0.01753],
							"uv": {
								"north": {"uv": [7, 0], "uv_size": [-1, 1]},
								"east": {"uv": [7, 0], "uv_size": [-1, 1]}
							}
						},
						{
							"origin": [-0.91452, -0.44304, -7.81727],
							"size": [0.25, 0.2544, 0.025],
							"pivot": [-0.91452, -0.16364, -7.8499],
							"rotation": [27.34941, 0.85481, 0.01753],
							"uv": {
								"east": {"uv": [7, 0], "uv_size": [-1, 1]}
							}
						},
						{
							"origin": [-0.91452, -0.18864, -7.8249],
							"size": [0.25, 0.025, 0.1],
							"pivot": [-0.91452, -0.16364, -7.8499],
							"rotation": [2.34941, 0.85481, 0.01753],
							"uv": {
								"east": {"uv": [7, 0], "uv_size": [-1, 1]}
							}
						},
						{
							"origin": [-0.91452, -0.28864, -7.7749],
							"size": [0.25, 0.1, 0.05],
							"pivot": [-0.91452, -0.16364, -7.8499],
							"rotation": [2.34941, 0.85481, 0.01753],
							"uv": {
								"east": {"uv": [7, 0], "uv_size": [-1, 1]}
							}
						},
						{
							"origin": [-0.91452, -0.41364, -7.7249],
							"size": [0.25, 0.25, 6.475],
							"pivot": [-0.91452, -0.16364, -7.8499],
							"rotation": [2.34941, 0.85481, 0.01753],
							"uv": {
								"east": {"uv": [7, 0], "uv_size": [-1, 1]},
								"west": {"uv": [7, 0], "uv_size": [-1, 1]},
								"down": {"uv": [6, 1], "uv_size": [1, -1]}
							}
						},
						{
							"origin": [-0.4, 1.22424, -8.53939],
							"size": [0.025, 0.02576, 0.78939],
							"pivot": [-0.4, 1.25, -7.75],
							"rotation": [0, 0, 20],
							"uv": {
								"north": {"uv": [9, 0], "uv_size": [-1, 1]},
								"east": {"uv": [9, 0], "uv_size": [-1, 1]}
							}
						},
						{
							"origin": [-0.40881, -0.40566, -8.53939],
							"size": [0.25, 1.63146, 0.25],
							"pivot": [-0.40881, 1.2258, -8.53939],
							"rotation": [25.25756, -7.91988, 16.28059],
							"uv": {
								"north": {"uv": [8, 0], "uv_size": [1, 1]},
								"west": {"uv": [6, 0], "uv_size": [1, 1]}
							}
						},
						{
							"origin": [-0.91452, -0.16364, -7.8499],
							"size": [0.25, 1.63146, 0.05],
							"pivot": [-0.91452, -0.16364, -7.8499],
							"rotation": [25, 0, 20],
							"uv": {
								"east": {"uv": [9, 0], "uv_size": [-1, 1]}
							}
						},
						{
							"origin": [-0.65567, 0.25516, -7.32476],
							"size": [0.25, 0.09873, 10.41616],
							"pivot": [-0.65567, 0.25516, 3.1914],
							"rotation": [2.34971, 0.86164, 0.03762],
							"uv": {
								"south": {"uv": [6, 0], "uv_size": [-1, 1]},
								"west": {"uv": [9, 0], "uv_size": [-1, 1]},
								"down": {"uv": [8, 1], "uv_size": [1, -1]}
							}
						},
						{
							"origin": [-0.76452, -0.18864, -7.8249],
							"size": [0.1, 0.125, 0.3],
							"pivot": [-0.91452, -0.16364, -7.8499],
							"rotation": [2.34941, 0.85481, 0.01753],
							"uv": {}
						},
						{
							"origin": [-0.92702, -0.16254, 0.00828],
							"size": [0.1125, 0.01401, 0.03382],
							"pivot": [-0.91452, -0.16364, -7.8499],
							"rotation": [2.5, 0, 20],
							"uv": {
								"east": {"uv": [7, 0], "uv_size": [-1, 1]}
							}
						},
						{
							"origin": [-0.44864, -0.11267, -0.51319],
							"size": [0.1, 0.08839, 0.03661],
							"pivot": [-0.43614, 1.15072, -0.72658],
							"rotation": [25, 0, 20],
							"uv": {
								"east": {"uv": [7, 0], "uv_size": [-1, 1]}
							}
						},
						{
							"origin": [-0.92702, -0.16254, -0.22269],
							"size": [0.1125, 0.09567, 0.23097],
							"pivot": [-0.91452, -0.16364, -7.8499],
							"rotation": [2.5, 0, 20],
							"uv": {
								"east": {"uv": [7, 0], "uv_size": [-1, 1]}
							}
						},
						{
							"origin": [-0.4125, 1.14435, -0.72658],
							"size": [0.1, 0.10565, 0.22658],
							"pivot": [-0.4, 1.25, -0.75],
							"rotation": [0, 0, 20],
							"uv": {
								"east": {"uv": [7, 0], "uv_size": [-1, 1]}
							}
						},
						{
							"origin": [-0.44864, -0.02428, -0.72658],
							"size": [0.1, 1.175, 0.25],
							"pivot": [-0.43614, 1.15072, -0.72658],
							"rotation": [25, 0, 20],
							"uv": {
								"east": {"uv": [7, 0], "uv_size": [-1, 1]}
							}
						},
						{
							"origin": [-0.44864, 1.15072, -0.72658],
							"size": [0.1, 0.09576, 0.04465],
							"pivot": [-0.43614, 1.15072, -0.72658],
							"rotation": [25, 0, 20],
							"uv": {
								"east": {"uv": [7, 0], "uv_size": [-1, 1]}
							}
						},
						{
							"origin": [-0.4125, 1.23113, -0.76704],
							"size": [0.1, 0.01887, 0.04047],
							"pivot": [-0.4, 1.25, -0.75],
							"rotation": [0, 0, 20],
							"uv": {
								"east": {"uv": [7, 0], "uv_size": [-1, 1]}
							}
						},
						{
							"origin": [-0.3, 1.25, -8.53939],
							"size": [0.15, 0.2, 4],
							"uv": {
								"east": {"uv": [12, 0], "uv_size": [1, 1]},
								"west": {"uv": [12, 0], "uv_size": [1, 1]},
								"up": {"uv": [13, 1], "uv_size": [-1, -1]}
							}
						},
						{
							"origin": [-0.3, 1.2, -4.53939],
							"size": [0.149, 0.25, 0.5],
							"pivot": [0, 1.45, -4.53939],
							"rotation": [-45, 0, 0],
							"uv": {
								"east": {"uv": [12, 0], "uv_size": [1, 1]},
								"west": {"uv": [12, 0], "uv_size": [1, 1]},
								"up": {"uv": [15, 1], "uv_size": [-1, -1]}
							}
						},
						{
							"origin": [-0.3, 1.25, -8.53939],
							"size": [0.15, 0.18126, 0.08452],
							"pivot": [0, 1.25, -8.53939],
							"rotation": [25, 0, 0],
							"uv": {
								"north": {"uv": [12, 0], "uv_size": [1, 1]},
								"east": {"uv": [12, 0], "uv_size": [1, 1]},
								"west": {"uv": [12, 0], "uv_size": [1, 1]},
								"up": {"uv": [13, 1], "uv_size": [-1, -1]}
							}
						}
					]
				},
				{
					"name": "scope_body_illuminated",
					"parent": "scope_body",
					"pivot": [0.14974, -0.06483, -7.56347],
					"cubes": [
						{
							"origin": [-0.00881, -0.08702, -8.20332],
							"size": [0.25, 1.4, 0.099],
							"pivot": [-0.40881, 1.11298, -8.20432],
							"rotation": [25.32665, -7.68158, 15.77159],
							"uv": {
								"north": {"uv": [1, 17], "uv_size": [1, 1]}
							}
						},
						{
							"origin": [-0.44974, -0.06483, -7.61297],
							"size": [0.3, 0.1, 0.099],
							"pivot": [-0.14974, -0.06483, -7.56347],
							"rotation": [26.39218, 0, 0],
							"uv": {
								"north": {"uv": [1, 17], "uv_size": [1, 1]}
							}
						},
						{
							"origin": [-0.24119, -0.08702, -8.20332],
							"size": [0.25, 1.4, 0.099],
							"pivot": [0.40881, 1.11298, -8.20432],
							"rotation": [25.32665, 7.68158, -15.77159],
							"uv": {
								"north": {"uv": [2, 17], "uv_size": [-1, 1]}
							}
						},
						{
							"origin": [0.14974, -0.06483, -7.61297],
							"size": [0.3, 0.1, 0.099],
							"pivot": [0.14974, -0.06483, -7.56347],
							"rotation": [26.39218, 0, 0],
							"uv": {
								"north": {"uv": [2, 17], "uv_size": [-1, 1]}
							}
						}
					]
				},
				{
					"name": "ocular_ring",
					"pivot": [0, 0.025, -8.5],
					"cubes": [
						{
							"origin": [0.2, 0.19021, 2.60683],
							"size": [0.1, 1.05, 0.1],
							"pivot": [0.3, 1.24021, 2.70683],
							"rotation": [23.88625, 7.60534, -16.63906],
							"uv": {
								"east": {"uv": [4, 0], "uv_size": [1, 1]},
								"south": {"uv": [6, 0], "uv_size": [1, 1]}
							}
						},
						{
							"origin": [-0.3, 0.19021, 2.60683],
							"size": [0.1, 1.05, 0.1],
							"pivot": [-0.3, 1.24021, 2.70683],
							"rotation": [23.88625, -7.60534, 16.63906],
							"uv": {
								"south": {"uv": [7, 0], "uv_size": [-1, 1]},
								"west": {"uv": [5, 0], "uv_size": [-1, 1]}
							}
						},
						{
							"origin": [-0.6, 0.30257, 2.90392],
							"size": [1.2, 0.1, 0.199],
							"pivot": [0.63385, 0.37757, 3.05392],
							"rotation": [25, 0, 0],
							"uv": {
								"south": {"uv": [5, 0], "uv_size": [1, 1]},
								"up": {"uv": [5, 1], "uv_size": [-1, -1]},
								"down": {"uv": [5, 1], "uv_size": [-1, -1]}
							}
						},
						{
							"origin": [0.375, 0.29495, 2.99452],
							"size": [0.2, 0.1, 0.099],
							"pivot": [0.375, 0.39495, 3.03202],
							"rotation": [18.2489, 17.38772, -42.18626],
							"uv": {
								"south": {"uv": [5, 0], "uv_size": [1, 1]},
								"up": {"uv": [6, 1], "uv_size": [-1, -1]}
							}
						},
						{
							"origin": [-0.575, 0.29495, 2.99452],
							"size": [0.2, 0.1, 0.099],
							"pivot": [-0.375, 0.39495, 3.03202],
							"rotation": [18.2489, -17.38772, 42.18626],
							"uv": {
								"south": {"uv": [6, 0], "uv_size": [-1, 1]},
								"up": {"uv": [5, 1], "uv_size": [1, -1]}
							}
						},
						{
							"origin": [-0.3, 1.05, 2.65],
							"size": [0.6, 0.1, 0.099],
							"pivot": [0, 1.15, 2.75],
							"rotation": [25, 0, 0],
							"uv": {
								"south": {"uv": [6, 0], "uv_size": [1, 1]},
								"down": {"uv": [5, 1], "uv_size": [-1, -1]}
							}
						},
						{
							"origin": [0.3, 0.21418, 2.53155],
							"size": [0.1, 1.03582, 0.21845],
							"pivot": [0.4, 1.25, 2.75],
							"rotation": [25, 0, -20],
							"uv": {
								"east": {"uv": [6, 0], "uv_size": [1, 1]},
								"south": {"uv": [10, 0], "uv_size": [1, 1]},
								"west": {"uv": [8, 0], "uv_size": [1, 1]}
							}
						},
						{
							"origin": [-0.4, 1.15, 2.5],
							"size": [0.8, 0.1, 0.25],
							"pivot": [0, 1.25, 2.75],
							"rotation": [17.5, 0, 0],
							"uv": {
								"south": {"uv": [10, 0], "uv_size": [1, 1]},
								"down": {"uv": [7, 1], "uv_size": [-1, -1]}
							}
						},
						{
							"origin": [-0.4, 0.21418, 2.53155],
							"size": [0.1, 1.03582, 0.21845],
							"pivot": [-0.4, 1.25, 2.75],
							"rotation": [25, 0, 20],
							"uv": {
								"east": {"uv": [9, 0], "uv_size": [-1, 1]},
								"south": {"uv": [11, 0], "uv_size": [-1, 1]},
								"west": {"uv": [7, 0], "uv_size": [-1, 1]}
							}
						},
						{
							"origin": [-0.91452, -0.16364, 3.0001],
							"size": [0.1, 0.0836, 0.20182],
							"pivot": [-0.91452, -0.16364, -7.8499],
							"rotation": [2.5, 0, 20],
							"uv": {
								"east": {"uv": [9, 0], "uv_size": [-1, 1]},
								"south": {"uv": [9, 0], "uv_size": [-1, 1]},
								"west": {"uv": [7, 0], "uv_size": [-1, 1]},
								"down": {"uv": [8, 1], "uv_size": [1, -1]}
							}
						},
						{
							"origin": [0.81452, -0.16364, 3.0001],
							"size": [0.1, 0.0836, 0.20182],
							"pivot": [0.91452, -0.16364, -7.8499],
							"rotation": [2.5, 0, -20],
							"uv": {
								"east": {"uv": [6, 0], "uv_size": [1, 1]},
								"south": {"uv": [8, 0], "uv_size": [1, 1]},
								"west": {"uv": [8, 0], "uv_size": [1, 1]},
								"down": {"uv": [9, 1], "uv_size": [-1, -1]}
							}
						}
					]
				},
				{
					"name": "ocular_ring_illuminated",
					"parent": "ocular_ring",
					"pivot": [0, 0.64064, 2.93173],
					"cubes": [
						{
							"origin": [-0.33132, 1.05, 2.65],
							"size": [0.66263, 0.10503, 0.1],
							"pivot": [0, 1.15, 2.75],
							"rotation": [25, 0, 0],
							"uv": {
								"south": {"uv": [2, 18], "uv_size": [1, 1]}
							}
						},
						{
							"origin": [-0.575, 0.28888, 2.99452],
							"size": [0.23536, 0.1, 0.1001],
							"pivot": [-0.375, 0.39495, 3.03202],
							"rotation": [18.2489, -17.38772, 42.18626],
							"uv": {
								"south": {"uv": [1, 18], "uv_size": [-1, 1]}
							}
						},
						{
							"origin": [0.33964, 0.28888, 2.99452],
							"size": [0.23536, 0.1, 0.1001],
							"pivot": [0.375, 0.39495, 3.03202],
							"rotation": [18.2489, 17.38772, -42.18626],
							"uv": {
								"south": {"uv": [0, 18], "uv_size": [1, 1]}
							}
						},
						{
							"origin": [-0.425, 0.30257, 3.00392],
							"size": [0.85, 0.1, 0.1001],
							"pivot": [0.63385, 0.37757, 3.05392],
							"rotation": [25, 0, 0],
							"uv": {
								"south": {"uv": [0, 18], "uv_size": [1, 1]}
							}
						},
						{
							"origin": [0.4, 1.14021, 2.60683],
							"size": [0.775, 0.1, 0.101],
							"pivot": [0.3, 1.24021, 2.70683],
							"rotation": [8.30822, -23.66324, 70.00662],
							"uv": {
								"south": {"uv": [0.9, 18], "uv_size": [1.3, 1]}
							}
						},
						{
							"origin": [-1.175, 1.14021, 2.60683],
							"size": [0.775, 0.1, 0.101],
							"pivot": [-0.3, 1.24021, 2.70683],
							"rotation": [8.30822, 23.66324, -70.00662],
							"uv": {
								"south": {"uv": [2.2, 19], "uv_size": [-1.3, -1]}
							}
						}
					]
				},
				{
					"name": "ocular",
					"pivot": [0, 0.75, 0.5],
					"cubes": [
						{
							"origin": [-0.275, 0.29211, 2.60163],
							"size": [0.55, 0.725, 0.1],
							"pivot": [0.1, 1.01711, 2.70163],
							"rotation": [25.5, 0, 0],
							"uv": {
								"south": {"uv": [1, 0], "uv_size": [1, 1]}
							}
						},
						{
							"origin": [0.025, 0.26711, 2.60163],
							"size": [0.25, 0.75, 0.1],
							"pivot": [0.275, 1.01711, 2.70163],
							"rotation": [24.14242, 8.46722, -18.18609],
							"uv": {
								"south": {"uv": [1, 0], "uv_size": [1, 1]}
							}
						},
						{
							"origin": [-0.275, 0.26711, 2.60163],
							"size": [0.25, 0.75, 0.1],
							"pivot": [-0.275, 1.01711, 2.70163],
							"rotation": [24.14242, -8.46722, 18.18609],
							"uv": {
								"south": {"uv": [2, 0], "uv_size": [-1, 1]}
							}
						}
					]
				},
				{
					"name": "division",
					"pivot": [0, 0.7, -63]
				},
				{
					"name": "division_illuminated",
					"parent": "division",
					"pivot": [0, 0.7, -63],
					"cubes": [
						{
							"origin": [-0.13165, 1.65, -7.25],
							"size": [0.2133, 0.15, 0.25],
							"pivot": [0, 0.7, -7],
							"rotation": [0, 0, -15],
							"uv": {
								"south": {"uv": [3, 7], "uv_size": [1, -1]}
							}
						},
						{
							"origin": [-0.39088, 1.5955, -7.25],
							"size": [0.06339, 0.13595, 0.25],
							"pivot": [0, 0.7, -7],
							"rotation": [0, 0, 10],
							"uv": {
								"south": {"uv": [3, 7], "uv_size": [1, -1]}
							}
						},
						{
							"origin": [-0.33881, 1.73145, -7.25],
							"size": [0.01132, 0.02428, 0.25],
							"pivot": [0, 0.7, -7],
							"rotation": [0, 0, 10],
							"uv": {
								"south": {"uv": [3, 7], "uv_size": [1, -1]}
							}
						},
						{
							"origin": [0.32749, 1.73145, -7.25],
							"size": [0.01132, 0.02428, 0.25],
							"pivot": [0, 0.7, -7],
							"rotation": [0, 0, -100],
							"uv": {
								"south": {"uv": [4, 7], "uv_size": [-1, -1]}
							}
						},
						{
							"origin": [0.32749, 1.5955, -7.25],
							"size": [0.06339, 0.13595, 0.25],
							"pivot": [0, 0.7, -7],
							"rotation": [0, 0, -100],
							"uv": {
								"south": {"uv": [4, 7], "uv_size": [-1, -1]}
							}
						},
						{
							"origin": [-0.13165, 1.65, -7.25],
							"size": [0.2633, 0.05, 0.25],
							"pivot": [0, 0.7, -7],
							"rotation": [0, 0, -30],
							"uv": {
								"south": {"uv": [3, 7], "uv_size": [1, -1]}
							}
						},
						{
							"origin": [-0.13165, 1.65, -7.25],
							"size": [0.2633, 0.05, 0.25],
							"pivot": [0, 0.7, -7],
							"rotation": [0, 0, -45],
							"uv": {
								"south": {"uv": [3, 7], "uv_size": [1, -1]}
							}
						},
						{
							"origin": [0.48754, 1.39628, -7.25],
							"size": [0.15, 0.05, 0.25],
							"pivot": [0, 0.7, -7],
							"rotation": [0, 0, -35],
							"uv": {
								"south": {"uv": [4, 7], "uv_size": [1, -1]}
							}
						},
						{
							"origin": [-0.63754, 1.39628, -7.25],
							"size": [0.15, 0.05, 0.25],
							"pivot": [0, 0.7, -7],
							"rotation": [0, 0, 35],
							"uv": {
								"south": {"uv": [5, 7], "uv_size": [-1, -1]}
							}
						},
						{
							"origin": [-0.70924, 1.49867, -7.25],
							"size": [0.15, 0.05, 0.25],
							"pivot": [0, 0.7, -7],
							"rotation": [0, 0, 35],
							"uv": {
								"south": {"uv": [4, 7], "uv_size": [-1, -1]}
							}
						},
						{
							"origin": [0.55924, 1.49867, -7.25],
							"size": [0.15, 0.05, 0.25],
							"pivot": [0, 0.7, -7],
							"rotation": [0, 0, -35],
							"uv": {
								"south": {"uv": [3, 7], "uv_size": [1, -1]}
							}
						},
						{
							"origin": [-0.13165, 1.65, -7.25],
							"size": [0.2633, 0.05, 0.25],
							"pivot": [0, 0.7, -7],
							"rotation": [0, 0, -60],
							"uv": {
								"south": {"uv": [3, 7], "uv_size": [1, -1]}
							}
						},
						{
							"origin": [-0.08165, 1.65, -7.25],
							"size": [0.2133, 0.15, 0.25],
							"pivot": [0, 0.7, -7],
							"rotation": [0, 0, -75],
							"uv": {
								"south": {"uv": [3, 7], "uv_size": [1, -1]}
							}
						},
						{
							"origin": [0.61401, 1.4368, -7.25],
							"size": [0.05, 0.15, 0.25],
							"pivot": [0, 0.7, -7],
							"rotation": [0, 0, -105],
							"uv": {
								"south": {"uv": [3, 7], "uv_size": [1, -1]}
							}
						},
						{
							"origin": [-0.66401, 1.4368, -7.25],
							"size": [0.05, 0.15, 0.25],
							"pivot": [0, 0.7, -7],
							"rotation": [0, 0, 15],
							"uv": {
								"south": {"uv": [4, 7], "uv_size": [-1, -1]}
							}
						},
						{
							"origin": [-0.13911, 1.77321, -7.25],
							"size": [0.05745, 0.02679, 0.25],
							"pivot": [0, 0.7, -7],
							"rotation": [0, 0, -75],
							"uv": {
								"south": {"uv": [3, 7], "uv_size": [1, -1]}
							}
						},
						{
							"origin": [0.08165, 1.77321, -7.25],
							"size": [0.05745, 0.02679, 0.25],
							"pivot": [0, 0.7, -7],
							"rotation": [0, 0, -15],
							"uv": {
								"south": {"uv": [4, 7], "uv_size": [-1, -1]}
							}
						},
						{
							"origin": [0.08165, 1.77321, -7.25],
							"size": [0.05745, 0.02679, 0.25],
							"pivot": [0, 0.7, -7],
							"rotation": [0, 0, 75],
							"uv": {
								"south": {"uv": [4, 7], "uv_size": [-1, -1]}
							}
						},
						{
							"origin": [-0.13165, 1.65, -7.25],
							"size": [0.2133, 0.15, 0.25],
							"pivot": [0, 0.7, -7],
							"rotation": [0, 0, 75],
							"uv": {
								"south": {"uv": [3, 7], "uv_size": [1, -1]}
							}
						},
						{
							"origin": [-0.39088, 1.5955, -7.25],
							"size": [0.06339, 0.13595, 0.25],
							"pivot": [0, 0.7, -7],
							"rotation": [0, 0, 100],
							"uv": {
								"south": {"uv": [3, 7], "uv_size": [1, -1]}
							}
						},
						{
							"origin": [-0.33881, 1.73145, -7.25],
							"size": [0.01132, 0.02428, 0.25],
							"pivot": [0, 0.7, -7],
							"rotation": [0, 0, 100],
							"uv": {
								"south": {"uv": [3, 7], "uv_size": [1, -1]}
							}
						},
						{
							"origin": [0.32749, 1.73145, -7.25],
							"size": [0.01132, 0.02428, 0.25],
							"pivot": [0, 0.7, -7],
							"rotation": [0, 0, -10],
							"uv": {
								"south": {"uv": [4, 7], "uv_size": [-1, -1]}
							}
						},
						{
							"origin": [0.32749, 1.5955, -7.25],
							"size": [0.06339, 0.13595, 0.25],
							"pivot": [0, 0.7, -7],
							"rotation": [0, 0, -10],
							"uv": {
								"south": {"uv": [4, 7], "uv_size": [-1, -1]}
							}
						},
						{
							"origin": [-0.13165, 1.65, -7.25],
							"size": [0.2633, 0.05, 0.25],
							"pivot": [0, 0.7, -7],
							"rotation": [0, 0, 60],
							"uv": {
								"south": {"uv": [3, 7], "uv_size": [1, -1]}
							}
						},
						{
							"origin": [-0.13165, 1.65, -7.25],
							"size": [0.2633, 0.05, 0.25],
							"pivot": [0, 0.7, -7],
							"rotation": [0, 0, 45],
							"uv": {
								"south": {"uv": [3, 7], "uv_size": [1, -1]}
							}
						},
						{
							"origin": [-0.005, 1.575, -7.25],
							"size": [0.01, 0.05, 0.25],
							"pivot": [0, 0.7, -7],
							"rotation": [0, 0, 45],
							"uv": {
								"south": {"uv": [3, 7], "uv_size": [1, -1]}
							}
						},
						{
							"origin": [-0.005, 1.575, -7.25],
							"size": [0.01, 0.05, 0.25],
							"pivot": [0, 0.7, -7],
							"rotation": [0, 0, 61],
							"uv": {
								"south": {"uv": [3, 7], "uv_size": [1, -1]}
							}
						},
						{
							"origin": [-0.005, 1.575, -7.25],
							"size": [0.01, 0.05, 0.25],
							"pivot": [0, 0.7, -7],
							"rotation": [0, 0, 29],
							"uv": {
								"south": {"uv": [3, 7], "uv_size": [1, -1]}
							}
						},
						{
							"origin": [-0.005, 1.575, -7.25],
							"size": [0.01, 0.05, 0.25],
							"pivot": [0, 0.7, -7],
							"rotation": [0, 0, 77],
							"uv": {
								"south": {"uv": [3, 7], "uv_size": [1, -1]}
							}
						},
						{
							"origin": [-0.005, 1.575, -7.25],
							"size": [0.01, 0.05, 0.25],
							"pivot": [0, 0.7, -7],
							"rotation": [0, 0, 13],
							"uv": {
								"south": {"uv": [3, 7], "uv_size": [1, -1]}
							}
						},
						{
							"origin": [-0.005, 1.575, -7.25],
							"size": [0.01, 0.05, 0.25],
							"pivot": [0, 0.7, -7],
							"rotation": [0, 0, -77],
							"uv": {
								"south": {"uv": [3, 7], "uv_size": [1, -1]}
							}
						},
						{
							"origin": [-0.005, 1.575, -7.25],
							"size": [0.01, 0.05, 0.25],
							"pivot": [0, 0.7, -7],
							"rotation": [0, 0, -61],
							"uv": {
								"south": {"uv": [3, 7], "uv_size": [1, -1]}
							}
						},
						{
							"origin": [-0.005, 1.575, -7.25],
							"size": [0.01, 0.05, 0.25],
							"pivot": [0, 0.7, -7],
							"rotation": [0, 0, -45],
							"uv": {
								"south": {"uv": [3, 7], "uv_size": [1, -1]}
							}
						},
						{
							"origin": [-0.005, 1.575, -7.25],
							"size": [0.01, 0.05, 0.25],
							"pivot": [0, 0.7, -7],
							"rotation": [0, 0, -29],
							"uv": {
								"south": {"uv": [3, 7], "uv_size": [1, -1]}
							}
						},
						{
							"origin": [-0.005, 1.575, -7.25],
							"size": [0.01, 0.05, 0.25],
							"pivot": [0, 0.7, -7],
							"rotation": [0, 0, -13],
							"uv": {
								"south": {"uv": [3, 7], "uv_size": [1, -1]}
							}
						},
						{
							"origin": [-0.005, 1.575, -7.25],
							"size": [0.01, 0.05, 0.25],
							"pivot": [0, 0.7, -7],
							"rotation": [0, 0, 103],
							"uv": {
								"south": {"uv": [3, 7], "uv_size": [1, -1]}
							}
						},
						{
							"origin": [-0.005, 1.575, -7.25],
							"size": [0.01, 0.05, 0.25],
							"pivot": [0, 0.7, -7],
							"rotation": [0, 0, 119],
							"uv": {
								"south": {"uv": [3, 7], "uv_size": [1, -1]}
							}
						},
						{
							"origin": [-0.005, 1.575, -7.25],
							"size": [0.01, 0.05, 0.25],
							"pivot": [0, 0.7, -7],
							"rotation": [0, 0, 135],
							"uv": {
								"south": {"uv": [3, 7], "uv_size": [1, -1]}
							}
						},
						{
							"origin": [-0.005, 1.575, -7.25],
							"size": [0.01, 0.05, 0.25],
							"pivot": [0, 0.7, -7],
							"rotation": [0, 0, 151],
							"uv": {
								"south": {"uv": [3, 7], "uv_size": [1, -1]}
							}
						},
						{
							"origin": [-0.005, 1.575, -7.25],
							"size": [0.01, 0.05, 0.25],
							"pivot": [0, 0.7, -7],
							"rotation": [0, 0, 167],
							"uv": {
								"south": {"uv": [3, 7], "uv_size": [1, -1]}
							}
						},
						{
							"origin": [-0.005, 1.575, -7.25],
							"size": [0.01, 0.05, 0.25],
							"pivot": [0, 0.7, -7],
							"rotation": [0, 0, -167],
							"uv": {
								"south": {"uv": [3, 7], "uv_size": [1, -1]}
							}
						},
						{
							"origin": [-0.005, 1.575, -7.25],
							"size": [0.01, 0.05, 0.25],
							"pivot": [0, 0.7, -7],
							"rotation": [0, 0, -151],
							"uv": {
								"south": {"uv": [3, 7], "uv_size": [1, -1]}
							}
						},
						{
							"origin": [-0.005, 1.575, -7.25],
							"size": [0.01, 0.05, 0.25],
							"pivot": [0, 0.7, -7],
							"rotation": [0, 0, -135],
							"uv": {
								"south": {"uv": [3, 7], "uv_size": [1, -1]}
							}
						},
						{
							"origin": [-0.005, 1.575, -7.25],
							"size": [0.01, 0.05, 0.25],
							"pivot": [0, 0.7, -7],
							"rotation": [0, 0, -119],
							"uv": {
								"south": {"uv": [3, 7], "uv_size": [1, -1]}
							}
						},
						{
							"origin": [-0.005, 1.575, -7.25],
							"size": [0.01, 0.05, 0.25],
							"pivot": [0, 0.7, -7],
							"rotation": [0, 0, -103],
							"uv": {
								"south": {"uv": [3, 7], "uv_size": [1, -1]}
							}
						},
						{
							"origin": [0.48754, 1.39628, -7.25],
							"size": [0.15, 0.05, 0.25],
							"pivot": [0, 0.7, -7],
							"rotation": [0, 0, 55],
							"uv": {
								"south": {"uv": [4, 7], "uv_size": [1, -1]}
							}
						},
						{
							"origin": [-0.63754, 1.39628, -7.25],
							"size": [0.15, 0.05, 0.25],
							"pivot": [0, 0.7, -7],
							"rotation": [0, 0, 125],
							"uv": {
								"south": {"uv": [5, 7], "uv_size": [-1, -1]}
							}
						},
						{
							"origin": [-0.70924, 1.49867, -7.25],
							"size": [0.15, 0.05, 0.25],
							"pivot": [0, 0.7, -7],
							"rotation": [0, 0, 125],
							"uv": {
								"south": {"uv": [4, 7], "uv_size": [-1, -1]}
							}
						},
						{
							"origin": [0.55924, 1.49867, -7.25],
							"size": [0.15, 0.05, 0.25],
							"pivot": [0, 0.7, -7],
							"rotation": [0, 0, 55],
							"uv": {
								"south": {"uv": [3, 7], "uv_size": [1, -1]}
							}
						},
						{
							"origin": [-0.13165, 1.65, -7.25],
							"size": [0.2633, 0.05, 0.25],
							"pivot": [0, 0.7, -7],
							"rotation": [0, 0, 30],
							"uv": {
								"south": {"uv": [3, 7], "uv_size": [1, -1]}
							}
						},
						{
							"origin": [-0.13165, 1.675, -27.25],
							"size": [0.2633, 0.025, 0.25],
							"pivot": [0, 0.7, -27],
							"rotation": [0, 0, 30],
							"uv": {
								"south": {"uv": [3, 7], "uv_size": [1, -1]}
							}
						},
						{
							"origin": [-0.13165, 1.675, -27.25],
							"size": [0.2633, 0.025, 0.25],
							"pivot": [0, 0.7, -27],
							"rotation": [0, 0, 45],
							"uv": {
								"south": {"uv": [3, 7], "uv_size": [1, -1]}
							}
						},
						{
							"origin": [-0.13165, 1.675, -27.25],
							"size": [0.2633, 0.025, 0.25],
							"pivot": [0, 0.7, -27],
							"rotation": [0, 0, 60],
							"uv": {
								"south": {"uv": [3, 7], "uv_size": [1, -1]}
							}
						},
						{
							"origin": [-0.13165, 1.675, -27.25],
							"size": [0.2633, 0.025, 0.25],
							"pivot": [0, 0.7, -27],
							"rotation": [0, 0, 75],
							"uv": {
								"south": {"uv": [3, 7], "uv_size": [1, -1]}
							}
						},
						{
							"origin": [-0.13165, 1.675, -27.25],
							"size": [0.2633, 0.025, 0.25],
							"pivot": [0, 0.7, -27],
							"rotation": [0, 0, 90],
							"uv": {
								"south": {"uv": [3, 7], "uv_size": [1, -1]}
							}
						},
						{
							"origin": [-0.13165, 1.675, -27.25],
							"size": [0.2633, 0.025, 0.25],
							"pivot": [0, 0.7, -27],
							"rotation": [0, 0, 105],
							"uv": {
								"south": {"uv": [3, 7], "uv_size": [1, -1]}
							}
						},
						{
							"origin": [-0.13165, 1.675, -27.25],
							"size": [0.2633, 0.025, 0.25],
							"pivot": [0, 0.7, -27],
							"rotation": [0, 0, 165],
							"uv": {
								"south": {"uv": [3, 7], "uv_size": [1, -1]}
							}
						},
						{
							"origin": [-0.13165, 1.675, -27.25],
							"size": [0.2633, 0.025, 0.25],
							"pivot": [0, 0.7, -27],
							"rotation": [0, 0, -180],
							"uv": {
								"south": {"uv": [3, 7], "uv_size": [1, -1]}
							}
						},
						{
							"origin": [-0.13165, 1.675, -27.25],
							"size": [0.2633, 0.025, 0.25],
							"pivot": [0, 0.7, -27],
							"rotation": [0, 0, -165],
							"uv": {
								"south": {"uv": [3, 7], "uv_size": [1, -1]}
							}
						},
						{
							"origin": [-0.13165, 1.675, -27.25],
							"size": [0.2633, 0.025, 0.25],
							"pivot": [0, 0.7, -27],
							"rotation": [0, 0, 150],
							"uv": {
								"south": {"uv": [3, 7], "uv_size": [1, -1]}
							}
						},
						{
							"origin": [-0.13165, 1.675, -27.25],
							"size": [0.2633, 0.025, 0.25],
							"pivot": [0, 0.7, -27],
							"rotation": [0, 0, 135],
							"uv": {
								"south": {"uv": [3, 7], "uv_size": [1, -1]}
							}
						},
						{
							"origin": [-0.13165, 1.675, -27.25],
							"size": [0.2633, 0.025, 0.25],
							"pivot": [0, 0.7, -27],
							"rotation": [0, 0, 120],
							"uv": {
								"south": {"uv": [3, 7], "uv_size": [1, -1]}
							}
						},
						{
							"origin": [-0.13165, 1.675, -27.25],
							"size": [0.2633, 0.025, 0.25],
							"pivot": [0, 0.7, -27],
							"rotation": [0, 0, -15],
							"uv": {
								"south": {"uv": [3, 7], "uv_size": [1, -1]}
							}
						},
						{
							"origin": [-0.13165, 1.675, -27.25],
							"size": [0.2633, 0.025, 0.25],
							"uv": {
								"south": {"uv": [3, 7], "uv_size": [1, -1]}
							}
						},
						{
							"origin": [-0.13165, 1.675, -27.25],
							"size": [0.2633, 0.025, 0.25],
							"pivot": [0, 0.7, -27],
							"rotation": [0, 0, 15],
							"uv": {
								"south": {"uv": [3, 7], "uv_size": [1, -1]}
							}
						},
						{
							"origin": [-0.13165, 1.675, -27.25],
							"size": [0.2633, 0.025, 0.25],
							"pivot": [0, 0.7, -27],
							"rotation": [0, 0, -30],
							"uv": {
								"south": {"uv": [3, 7], "uv_size": [1, -1]}
							}
						},
						{
							"origin": [-0.13165, 1.675, -27.25],
							"size": [0.2633, 0.025, 0.25],
							"pivot": [0, 0.7, -27],
							"rotation": [0, 0, -45],
							"uv": {
								"south": {"uv": [3, 7], "uv_size": [1, -1]}
							}
						},
						{
							"origin": [-0.13165, 1.675, -27.25],
							"size": [0.2633, 0.025, 0.25],
							"pivot": [0, 0.7, -27],
							"rotation": [0, 0, -60],
							"uv": {
								"south": {"uv": [3, 7], "uv_size": [1, -1]}
							}
						},
						{
							"origin": [-0.13165, 1.675, -27.25],
							"size": [0.2633, 0.025, 0.25],
							"pivot": [0, 0.7, -27],
							"rotation": [0, 0, -75],
							"uv": {
								"south": {"uv": [3, 7], "uv_size": [1, -1]}
							}
						},
						{
							"origin": [-0.13165, 1.675, -27.25],
							"size": [0.2633, 0.025, 0.25],
							"pivot": [0, 0.7, -27],
							"rotation": [0, 0, -90],
							"uv": {
								"south": {"uv": [3, 7], "uv_size": [1, -1]}
							}
						},
						{
							"origin": [-0.13165, 1.675, -27.25],
							"size": [0.2633, 0.025, 0.25],
							"pivot": [0, 0.7, -27],
							"rotation": [0, 0, -105],
							"uv": {
								"south": {"uv": [3, 7], "uv_size": [1, -1]}
							}
						},
						{
							"origin": [-0.13165, 1.675, -27.25],
							"size": [0.2633, 0.025, 0.25],
							"pivot": [0, 0.7, -27],
							"rotation": [0, 0, -120],
							"uv": {
								"south": {"uv": [3, 7], "uv_size": [1, -1]}
							}
						},
						{
							"origin": [-0.13165, 1.675, -27.25],
							"size": [0.2633, 0.025, 0.25],
							"pivot": [0, 0.7, -27],
							"rotation": [0, 0, -135],
							"uv": {
								"south": {"uv": [3, 7], "uv_size": [1, -1]}
							}
						},
						{
							"origin": [-0.13165, 1.675, -27.25],
							"size": [0.2633, 0.025, 0.25],
							"pivot": [0, 0.7, -27],
							"rotation": [0, 0, -150],
							"uv": {
								"south": {"uv": [3, 7], "uv_size": [1, -1]}
							}
						},
						{
							"origin": [-0.08165, 1.65, -7.25],
							"size": [0.2133, 0.15, 0.25],
							"pivot": [0, 0.7, -7],
							"rotation": [0, 0, 15],
							"uv": {
								"south": {"uv": [3, 7], "uv_size": [1, -1]}
							}
						},
						{
							"origin": [0.61401, 1.4368, -7.25],
							"size": [0.05, 0.15, 0.25],
							"pivot": [0, 0.7, -7],
							"rotation": [0, 0, -15],
							"uv": {
								"south": {"uv": [3, 7], "uv_size": [1, -1]}
							}
						},
						{
							"origin": [-0.66401, 1.4368, -7.25],
							"size": [0.05, 0.15, 0.25],
							"pivot": [0, 0.7, -7],
							"rotation": [0, 0, 105],
							"uv": {
								"south": {"uv": [4, 7], "uv_size": [-1, -1]}
							}
						},
						{
							"origin": [-0.13911, 1.77321, -7.25],
							"size": [0.05745, 0.02679, 0.25],
							"pivot": [0, 0.7, -7],
							"rotation": [0, 0, 15],
							"uv": {
								"south": {"uv": [3, 7], "uv_size": [1, -1]}
							}
						},
						{
							"origin": [0.08165, 1.77321, -7.25],
							"size": [0.05745, 0.02679, 0.25],
							"pivot": [0, 0.7, -7],
							"rotation": [0, 0, -105],
							"uv": {
								"south": {"uv": [4, 7], "uv_size": [-1, -1]}
							}
						},
						{
							"origin": [-0.13165, 1.65, -7.25],
							"size": [0.2133, 0.15, 0.25],
							"pivot": [0, 0.7, -7],
							"rotation": [0, 0, -105],
							"uv": {
								"south": {"uv": [3, 7], "uv_size": [1, -1]}
							}
						},
						{
							"origin": [-0.39088, 1.5955, -7.25],
							"size": [0.06339, 0.13595, 0.25],
							"pivot": [0, 0.7, -7],
							"rotation": [0, 0, -80],
							"uv": {
								"south": {"uv": [3, 7], "uv_size": [1, -1]}
							}
						},
						{
							"origin": [-0.33881, 1.73145, -7.25],
							"size": [0.01132, 0.02428, 0.25],
							"pivot": [0, 0.7, -7],
							"rotation": [0, 0, -80],
							"uv": {
								"south": {"uv": [3, 7], "uv_size": [1, -1]}
							}
						},
						{
							"origin": [0.32749, 1.73145, -7.25],
							"size": [0.01132, 0.02428, 0.25],
							"pivot": [0, 0.7, -7],
							"rotation": [0, 0, 170],
							"uv": {
								"south": {"uv": [4, 7], "uv_size": [-1, -1]}
							}
						},
						{
							"origin": [0.32749, 1.5955, -7.25],
							"size": [0.06339, 0.13595, 0.25],
							"pivot": [0, 0.7, -7],
							"rotation": [0, 0, 170],
							"uv": {
								"south": {"uv": [4, 7], "uv_size": [-1, -1]}
							}
						},
						{
							"origin": [-0.13165, 1.65, -7.25],
							"size": [0.2633, 0.05, 0.25],
							"pivot": [0, 0.7, -7],
							"rotation": [0, 0, -120],
							"uv": {
								"south": {"uv": [3, 7], "uv_size": [1, -1]}
							}
						},
						{
							"origin": [-0.13165, 1.65, -7.25],
							"size": [0.2633, 0.05, 0.25],
							"pivot": [0, 0.7, -7],
							"rotation": [0, 0, -135],
							"uv": {
								"south": {"uv": [3, 7], "uv_size": [1, -1]}
							}
						},
						{
							"origin": [0.48754, 1.39628, -7.25],
							"size": [0.15, 0.05, 0.25],
							"pivot": [0, 0.7, -7],
							"rotation": [0, 0, -125],
							"uv": {
								"south": {"uv": [4, 7], "uv_size": [1, -1]}
							}
						},
						{
							"origin": [-0.63754, 1.39628, -7.25],
							"size": [0.15, 0.05, 0.25],
							"pivot": [0, 0.7, -7],
							"rotation": [0, 0, -55],
							"uv": {
								"south": {"uv": [5, 7], "uv_size": [-1, -1]}
							}
						},
						{
							"origin": [-0.70924, 1.49867, -7.25],
							"size": [0.15, 0.05, 0.25],
							"pivot": [0, 0.7, -7],
							"rotation": [0, 0, -55],
							"uv": {
								"south": {"uv": [4, 7], "uv_size": [-1, -1]}
							}
						},
						{
							"origin": [0.55924, 1.49867, -7.25],
							"size": [0.15, 0.05, 0.25],
							"pivot": [0, 0.7, -7],
							"rotation": [0, 0, -125],
							"uv": {
								"south": {"uv": [3, 7], "uv_size": [1, -1]}
							}
						},
						{
							"origin": [-0.13165, 1.65, -7.25],
							"size": [0.2633, 0.05, 0.25],
							"pivot": [0, 0.7, -7],
							"rotation": [0, 0, -150],
							"uv": {
								"south": {"uv": [3, 7], "uv_size": [1, -1]}
							}
						},
						{
							"origin": [-0.08165, 1.65, -7.25],
							"size": [0.2133, 0.15, 0.25],
							"pivot": [0, 0.7, -7],
							"rotation": [0, 0, -165],
							"uv": {
								"south": {"uv": [3, 7], "uv_size": [1, -1]}
							}
						},
						{
							"origin": [0.61401, 1.4368, -7.25],
							"size": [0.05, 0.15, 0.25],
							"pivot": [0, 0.7, -7],
							"rotation": [0, 0, 165],
							"uv": {
								"south": {"uv": [3, 7], "uv_size": [1, -1]}
							}
						},
						{
							"origin": [-0.66401, 1.4368, -7.25],
							"size": [0.05, 0.15, 0.25],
							"pivot": [0, 0.7, -7],
							"rotation": [0, 0, -75],
							"uv": {
								"south": {"uv": [4, 7], "uv_size": [-1, -1]}
							}
						},
						{
							"origin": [-0.13911, 1.77321, -7.25],
							"size": [0.05745, 0.02679, 0.25],
							"pivot": [0, 0.7, -7],
							"rotation": [0, 0, -165],
							"uv": {
								"south": {"uv": [3, 7], "uv_size": [1, -1]}
							}
						},
						{
							"origin": [-0.13165, 1.65, -7.25],
							"size": [0.2133, 0.15, 0.25],
							"pivot": [0, 0.7, -7],
							"rotation": [0, 0, 165],
							"uv": {
								"south": {"uv": [3, 7], "uv_size": [1, -1]}
							}
						},
						{
							"origin": [-0.39088, 1.5955, -7.25],
							"size": [0.06339, 0.13595, 0.25],
							"pivot": [0, 0.7, -7],
							"rotation": [0, 0, -170],
							"uv": {
								"south": {"uv": [3, 7], "uv_size": [1, -1]}
							}
						},
						{
							"origin": [-0.33881, 1.73145, -7.25],
							"size": [0.01132, 0.02428, 0.25],
							"pivot": [0, 0.7, -7],
							"rotation": [0, 0, -170],
							"uv": {
								"south": {"uv": [3, 7], "uv_size": [1, -1]}
							}
						},
						{
							"origin": [0.32749, 1.73145, -7.25],
							"size": [0.01132, 0.02428, 0.25],
							"pivot": [0, 0.7, -7],
							"rotation": [0, 0, 80],
							"uv": {
								"south": {"uv": [4, 7], "uv_size": [-1, -1]}
							}
						},
						{
							"origin": [0.32749, 1.5955, -7.25],
							"size": [0.06339, 0.13595, 0.25],
							"pivot": [0, 0.7, -7],
							"rotation": [0, 0, 80],
							"uv": {
								"south": {"uv": [4, 7], "uv_size": [-1, -1]}
							}
						},
						{
							"origin": [-0.13165, 1.65, -7.25],
							"size": [0.2633, 0.05, 0.25],
							"pivot": [0, 0.7, -7],
							"rotation": [0, 0, 150],
							"uv": {
								"south": {"uv": [3, 7], "uv_size": [1, -1]}
							}
						},
						{
							"origin": [-0.13165, 1.65, -7.25],
							"size": [0.2633, 0.05, 0.25],
							"pivot": [0, 0.7, -7],
							"rotation": [0, 0, 135],
							"uv": {
								"south": {"uv": [3, 7], "uv_size": [1, -1]}
							}
						},
						{
							"origin": [0.48754, 1.39628, -7.25],
							"size": [0.15, 0.05, 0.25],
							"pivot": [0, 0.7, -7],
							"rotation": [0, 0, 145],
							"uv": {
								"south": {"uv": [4, 7], "uv_size": [1, -1]}
							}
						},
						{
							"origin": [-0.63754, 1.39628, -7.25],
							"size": [0.15, 0.05, 0.25],
							"pivot": [0, 0.7, -7],
							"rotation": [0, 0, -145],
							"uv": {
								"south": {"uv": [5, 7], "uv_size": [-1, -1]}
							}
						},
						{
							"origin": [-0.70924, 1.49867, -7.25],
							"size": [0.15, 0.05, 0.25],
							"pivot": [0, 0.7, -7],
							"rotation": [0, 0, -145],
							"uv": {
								"south": {"uv": [4, 7], "uv_size": [-1, -1]}
							}
						},
						{
							"origin": [0.55924, 1.49867, -7.25],
							"size": [0.15, 0.05, 0.25],
							"pivot": [0, 0.7, -7],
							"rotation": [0, 0, 145],
							"uv": {
								"south": {"uv": [3, 7], "uv_size": [1, -1]}
							}
						},
						{
							"origin": [-0.13165, 1.65, -7.25],
							"size": [0.2633, 0.05, 0.25],
							"pivot": [0, 0.7, -7],
							"rotation": [0, 0, 120],
							"uv": {
								"south": {"uv": [3, 7], "uv_size": [1, -1]}
							}
						},
						{
							"origin": [-0.08165, 1.65, -7.25],
							"size": [0.2133, 0.15, 0.25],
							"pivot": [0, 0.7, -7],
							"rotation": [0, 0, 105],
							"uv": {
								"south": {"uv": [3, 7], "uv_size": [1, -1]}
							}
						},
						{
							"origin": [0.61401, 1.4368, -7.25],
							"size": [0.05, 0.15, 0.25],
							"pivot": [0, 0.7, -7],
							"rotation": [0, 0, 75],
							"uv": {
								"south": {"uv": [3, 7], "uv_size": [1, -1]}
							}
						},
						{
							"origin": [-0.66401, 1.4368, -7.25],
							"size": [0.05, 0.15, 0.25],
							"pivot": [0, 0.7, -7],
							"rotation": [0, 0, -165],
							"uv": {
								"south": {"uv": [4, 7], "uv_size": [-1, -1]}
							}
						},
						{
							"origin": [-0.13911, 1.77321, -7.25],
							"size": [0.05745, 0.02679, 0.25],
							"pivot": [0, 0.7, -7],
							"rotation": [0, 0, 105],
							"uv": {
								"south": {"uv": [3, 7], "uv_size": [1, -1]}
							}
						},
						{
							"origin": [0.08165, 1.77321, -7.25],
							"size": [0.05745, 0.02679, 0.25],
							"pivot": [0, 0.7, -7],
							"rotation": [0, 0, 165],
							"uv": {
								"south": {"uv": [4, 7], "uv_size": [-1, -1]}
							}
						},
						{
							"origin": [0, 0.55, -63.001],
							"size": [0.35, 0.15, 0],
							"pivot": [0, 0.7, -63],
							"rotation": [0, 0, 45],
							"uv": {
								"south": {"uv": [0, 0], "uv_size": [1, 1]}
							}
						},
						{
							"origin": [-0.35, 0.55, -63.001],
							"size": [0.35, 0.15, 0],
							"pivot": [0, 0.7, -63],
							"rotation": [0, 0, -45],
							"uv": {
								"south": {"uv": [1, 0], "uv_size": [-1, 1]}
							}
						}
					]
				},
				{
					"name": "scope_view",
					"pivot": [0, 0.7, 6]
				}
			]
		}
	]
}