{
	"format_version": "1.12.0",
	"minecraft:geometry": [
		{
			"description": {
				"identifier": "geometry.sight_coyote - Converted",
				"texture_width": 128,
				"texture_height": 128,
				"visible_bounds_width": 8,
				"visible_bounds_height": 3,
				"visible_bounds_offset": [0, 0.5, 0]
			},
			"bones": [
				{
					"name": "scope_body",
					"pivot": [0, 0, 0],
					"cubes": [
						{
							"origin": [-0.625, -0.3, -3],
							"size": [1.25, 0.4, 3],
							"uv": {
								"north": {"uv": [8, 0], "uv_size": [1, 1]},
								"east": {"uv": [8, 0], "uv_size": [1, 1]},
								"south": {"uv": [8, 0], "uv_size": [1, 1]},
								"west": {"uv": [8, 0], "uv_size": [1, 1]},
								"up": {"uv": [9, 1], "uv_size": [-1, -1]},
								"down": {"uv": [9, 1], "uv_size": [-1, -1]}
							}
						},
						{
							"origin": [-0.6375, -0.225, -2.67678],
							"size": [1.275, 0.25, 0.10355],
							"pivot": [0, -0.1, -2.625],
							"rotation": [45, 0, 0],
							"uv": {
								"east": {"uv": [4, 0], "uv_size": [1, 1]},
								"west": {"uv": [4, 0], "uv_size": [1, 1]}
							}
						},
						{
							"origin": [-0.6375, -0.225, -2.67678],
							"size": [1.275, 0.25, 0.10355],
							"pivot": [0, -0.1, -2.625],
							"rotation": [-45, 0, 0],
							"uv": {
								"east": {"uv": [4, 0], "uv_size": [1, 1]},
								"west": {"uv": [4, 0], "uv_size": [1, 1]}
							}
						},
						{
							"origin": [-0.6375, -0.225, -2.67678],
							"size": [1.275, 0.25, 0.10355],
							"pivot": [0, -0.1, -2.625],
							"rotation": [90, 0, 0],
							"uv": {
								"east": {"uv": [4, 0], "uv_size": [1, 1]},
								"west": {"uv": [4, 0], "uv_size": [1, 1]}
							}
						},
						{
							"origin": [-0.6375, -0.225, -2.67678],
							"size": [1.275, 0.25, 0.10355],
							"uv": {
								"east": {"uv": [4, 0], "uv_size": [1, 1]},
								"west": {"uv": [4, 0], "uv_size": [1, 1]}
							}
						},
						{
							"origin": [-0.6375, -0.225, -0.42678],
							"size": [1.275, 0.25, 0.10355],
							"pivot": [0, -0.1, -0.375],
							"rotation": [90, 0, 0],
							"uv": {
								"east": {"uv": [4, 0], "uv_size": [1, 1]},
								"west": {"uv": [4, 0], "uv_size": [1, 1]}
							}
						},
						{
							"origin": [-0.6375, -0.225, -0.42678],
							"size": [1.275, 0.25, 0.10355],
							"uv": {
								"east": {"uv": [4, 0], "uv_size": [1, 1]},
								"west": {"uv": [4, 0], "uv_size": [1, 1]}
							}
						},
						{
							"origin": [-0.6375, -0.225, -0.42678],
							"size": [1.275, 0.25, 0.10355],
							"pivot": [0, -0.1, -0.375],
							"rotation": [45, 0, 0],
							"uv": {
								"east": {"uv": [4, 0], "uv_size": [1, 1]},
								"west": {"uv": [4, 0], "uv_size": [1, 1]}
							}
						},
						{
							"origin": [-0.6375, -0.225, -0.42678],
							"size": [1.275, 0.25, 0.10355],
							"pivot": [0, -0.1, -0.375],
							"rotation": [-45, 0, 0],
							"uv": {
								"east": {"uv": [4, 0], "uv_size": [1, 1]},
								"west": {"uv": [4, 0], "uv_size": [1, 1]}
							}
						},
						{
							"origin": [0.375, -0.55, -3],
							"size": [0.25, 0.25, 3],
							"pivot": [0.625, -0.3, -1.75],
							"rotation": [0, 0, 45],
							"uv": {
								"north": {"uv": [8, 0], "uv_size": [1, 1]},
								"east": {"uv": [8, 0], "uv_size": [1, 1]},
								"south": {"uv": [8, 0], "uv_size": [1, 1]},
								"west": {"uv": [6, 0], "uv_size": [1, 1]},
								"up": {"uv": [9, 1], "uv_size": [-1, -1]},
								"down": {"uv": [9, 1], "uv_size": [-1, -1]}
							}
						},
						{
							"origin": [-0.625, -0.55, -3],
							"size": [0.25, 0.25, 3],
							"pivot": [-0.625, -0.3, -1.75],
							"rotation": [0, 0, -45],
							"uv": {
								"north": {"uv": [9, 0], "uv_size": [-1, 1]},
								"east": {"uv": [7, 0], "uv_size": [-1, 1]},
								"south": {"uv": [9, 0], "uv_size": [-1, 1]},
								"west": {"uv": [9, 0], "uv_size": [-1, 1]},
								"up": {"uv": [8, 1], "uv_size": [1, -1]},
								"down": {"uv": [8, 1], "uv_size": [1, -1]}
							}
						},
						{
							"origin": [0.275, 0.05, -3],
							"size": [0.25, 0.25, 2.5],
							"pivot": [0.525, 0.05, -1.75],
							"rotation": [0, 0, -45],
							"uv": {
								"north": {"uv": [12, 1], "uv_size": [1, -1]},
								"east": {"uv": [12, 1], "uv_size": [1, -1]},
								"south": {"uv": [12, 1], "uv_size": [1, -1]},
								"west": {"uv": [14, 1], "uv_size": [1, -1]},
								"up": {"uv": [13, 0], "uv_size": [-1, 1]},
								"down": {"uv": [13, 0], "uv_size": [-1, 1]}
							}
						},
						{
							"origin": [-0.525, 0.05, -3],
							"size": [0.25, 0.25, 2.5],
							"pivot": [-0.525, 0.05, -1.75],
							"rotation": [0, 0, 45],
							"uv": {
								"north": {"uv": [13, 1], "uv_size": [-1, -1]},
								"east": {"uv": [15, 1], "uv_size": [-1, -1]},
								"south": {"uv": [13, 1], "uv_size": [-1, -1]},
								"west": {"uv": [13, 1], "uv_size": [-1, -1]},
								"up": {"uv": [12, 0], "uv_size": [1, 1]},
								"down": {"uv": [12, 0], "uv_size": [1, 1]}
							}
						},
						{
							"origin": [-0.34822, 0.02678, -3],
							"size": [0.2, 0.2, 2.5],
							"uv": {
								"north": {"uv": [13, 0], "uv_size": [-1, 1]},
								"east": {"uv": [13, 0], "uv_size": [-1, 1]},
								"south": {"uv": [13, 0], "uv_size": [-1, 1]},
								"west": {"uv": [13, 0], "uv_size": [-1, 1]},
								"up": {"uv": [12, 1], "uv_size": [1, -1]},
								"down": {"uv": [12, 1], "uv_size": [1, -1]}
							}
						},
						{
							"origin": [0.14822, 0.02678, -3],
							"size": [0.2, 0.2, 2.5],
							"uv": {
								"north": {"uv": [13, 0], "uv_size": [-1, 1]},
								"east": {"uv": [13, 0], "uv_size": [-1, 1]},
								"south": {"uv": [13, 0], "uv_size": [-1, 1]},
								"west": {"uv": [13, 0], "uv_size": [-1, 1]},
								"up": {"uv": [12, 1], "uv_size": [1, -1]},
								"down": {"uv": [12, 1], "uv_size": [1, -1]}
							}
						},
						{
							"origin": [0.14822, -0.02322, -0.5],
							"size": [0.2, 0.25, 0.5],
							"pivot": [0.24822, 0.22678, -0.5],
							"rotation": [-22.5, 0, 0],
							"uv": {
								"north": {"uv": [13, 0], "uv_size": [-1, 1]},
								"east": {"uv": [13, 0], "uv_size": [-1, 1]},
								"south": {"uv": [13, 0], "uv_size": [-1, 1]},
								"west": {"uv": [13, 0], "uv_size": [-1, 1]},
								"up": {"uv": [14, 1], "uv_size": [1, -1]},
								"down": {"uv": [12, 1], "uv_size": [1, -1]}
							}
						},
						{
							"origin": [-0.34822, -0.02322, -0.5],
							"size": [0.2, 0.25, 0.5],
							"pivot": [-0.24822, 0.22678, -0.5],
							"rotation": [-22.5, 0, 0],
							"uv": {
								"north": {"uv": [12, 0], "uv_size": [1, 1]},
								"east": {"uv": [12, 0], "uv_size": [1, 1]},
								"south": {"uv": [12, 0], "uv_size": [1, 1]},
								"west": {"uv": [12, 0], "uv_size": [1, 1]},
								"up": {"uv": [15, 1], "uv_size": [-1, -1]},
								"down": {"uv": [13, 1], "uv_size": [-1, -1]}
							}
						},
						{
							"origin": [-0.15, 0.00178, -3],
							"size": [0.3, 0.2, 2.5],
							"uv": {
								"north": {"uv": [9, 0], "uv_size": [-1, 1]},
								"east": {"uv": [9, 0], "uv_size": [-1, 1]},
								"south": {"uv": [9, 0], "uv_size": [-1, 1]},
								"west": {"uv": [9, 0], "uv_size": [-1, 1]},
								"up": {"uv": [8, 1], "uv_size": [1, -1]},
								"down": {"uv": [8, 1], "uv_size": [1, -1]}
							}
						},
						{
							"origin": [-0.15, -0.04822, -0.5],
							"size": [0.3, 0.25, 0.5],
							"pivot": [0.00178, 0.20178, -0.5],
							"rotation": [-22.5, 0, 0],
							"uv": {
								"north": {"uv": [8, 0], "uv_size": [1, 1]},
								"east": {"uv": [8, 0], "uv_size": [1, 1]},
								"south": {"uv": [8, 0], "uv_size": [1, 1]},
								"west": {"uv": [8, 0], "uv_size": [1, 1]},
								"up": {"uv": [11, 1], "uv_size": [-1, -1]},
								"down": {"uv": [9, 1], "uv_size": [-1, -1]}
							}
						}
					]
				},
				{
					"name": "body",
					"parent": "scope_body",
					"pivot": [0.61318, -0.0424, -1.5],
					"cubes": [
						{
							"origin": [0.15, 0, -2.5],
							"size": [0.4, 0.25, 0.65],
							"pivot": [0.15, 0.25, -2.5],
							"rotation": [-20, 0, 0],
							"uv": {
								"north": {"uv": [6, 0], "uv_size": [1, 1]},
								"east": {"uv": [6, 0], "uv_size": [1, 1]},
								"south": {"uv": [6, 0], "uv_size": [1, 1]},
								"west": {"uv": [6, 0], "uv_size": [1, 1]},
								"up": {"uv": [11, 1], "uv_size": [-1, -1]},
								"down": {"uv": [7, 1], "uv_size": [-1, -1]}
							}
						},
						{
							"origin": [-0.55, 0, -2.5],
							"size": [0.4, 0.25, 0.65],
							"pivot": [-0.15, 0.25, -2.5],
							"rotation": [-20, 0, 0],
							"uv": {
								"north": {"uv": [6, 0], "uv_size": [1, 1]},
								"east": {"uv": [6, 0], "uv_size": [1, 1]},
								"south": {"uv": [6, 0], "uv_size": [1, 1]},
								"west": {"uv": [6, 0], "uv_size": [1, 1]},
								"up": {"uv": [11, 1], "uv_size": [-1, -1]},
								"down": {"uv": [7, 1], "uv_size": [-1, -1]}
							}
						},
						{
							"origin": [-0.55, 0, -3.3],
							"size": [1.1, 0.25, 0.8],
							"uv": {
								"north": {"uv": [8, 0], "uv_size": [1, 1]},
								"east": {"uv": [8, 0], "uv_size": [1, 1]},
								"south": {"uv": [8, 0], "uv_size": [1, 1]},
								"west": {"uv": [8, 0], "uv_size": [1, 1]},
								"up": {"uv": [9, 1], "uv_size": [-1, -1]},
								"down": {"uv": [9, 1], "uv_size": [-1, -1]}
							}
						},
						{
							"origin": [-0.55, -0.35104, -3.47678],
							"size": [1.1, 0.60104, 0.17678],
							"pivot": [0, 0.25, -3.3],
							"rotation": [45, 0, 0],
							"uv": {
								"north": {"uv": [8, 0], "uv_size": [1, 1]},
								"east": {"uv": [8, 0], "uv_size": [1, 1]},
								"south": {"uv": [8, 0], "uv_size": [1, 1]},
								"west": {"uv": [8, 0], "uv_size": [1, 1]},
								"up": {"uv": [9, 1], "uv_size": [-1, -1]},
								"down": {"uv": [9, 1], "uv_size": [-1, -1]}
							}
						},
						{
							"origin": [-0.6, 0.225, -3.05],
							"size": [0.35, 0.125, 0.3],
							"pivot": [-0.25, 0.3625, -2.94375],
							"rotation": [0, 0, -22.5],
							"uv": {
								"north": {"uv": [4, 3], "uv_size": [1, 1]},
								"east": {"uv": [4, 3], "uv_size": [1, 1]},
								"south": {"uv": [4, 3], "uv_size": [1, 1]},
								"west": {"uv": [4, 3], "uv_size": [1, 1]},
								"up": {"uv": [5, 4], "uv_size": [-1, -1]},
								"down": {"uv": [5, 4], "uv_size": [-1, -1]}
							}
						},
						{
							"origin": [0.25, 0.225, -3.05],
							"size": [0.35, 0.125, 0.3],
							"pivot": [0.25, 0.3625, -2.94375],
							"rotation": [0, 0, 22.5],
							"uv": {
								"north": {"uv": [5, 3], "uv_size": [-1, 1]},
								"east": {"uv": [5, 3], "uv_size": [-1, 1]},
								"south": {"uv": [5, 3], "uv_size": [-1, 1]},
								"west": {"uv": [5, 3], "uv_size": [-1, 1]},
								"up": {"uv": [4, 4], "uv_size": [1, -1]},
								"down": {"uv": [4, 4], "uv_size": [1, -1]}
							}
						},
						{
							"origin": [0.6, 0.2, -3.25],
							"size": [0.1, 0.75, 0.5],
							"pivot": [0.7, 0.45, -2.75],
							"rotation": [15, 0, 10],
							"uv": {
								"north": {"uv": [12, 0], "uv_size": [1, 1]},
								"east": {"uv": [6, 0], "uv_size": [1, 1]},
								"south": {"uv": [12, 0], "uv_size": [1, 1]},
								"west": {"uv": [12, 0], "uv_size": [1, 1]},
								"up": {"uv": [13, 1], "uv_size": [-1, -1]},
								"down": {"uv": [13, 1], "uv_size": [-1, -1]}
							}
						},
						{
							"origin": [0.67263, 0.8619, -3.37089],
							"size": [0.1, 0.75, 0.5],
							"pivot": [0.77263, 0.8619, -3.12089],
							"rotation": [12.73415, 7.99365, -21.60659],
							"uv": {
								"north": {"uv": [12, 0], "uv_size": [1, 1]},
								"east": {"uv": [6, 0], "uv_size": [1, 1]},
								"south": {"uv": [12, 0], "uv_size": [1, 1]},
								"west": {"uv": [12, 0], "uv_size": [1, 1]},
								"up": {"uv": [13, 1], "uv_size": [-1, -1]},
								"down": {"uv": [13, 1], "uv_size": [-1, -1]}
							}
						},
						{
							"origin": [-0.61318, -0.86643, -0.36418],
							"size": [0.1, 0.71194, 0.44134],
							"pivot": [-0.61318, -0.0424, -1.5],
							"rotation": [22.5, 5, -10],
							"uv": {
								"north": {"uv": [12, 0], "uv_size": [1, 1]},
								"east": {"uv": [12, 0], "uv_size": [1, 1]},
								"south": {"uv": [14, 0], "uv_size": [1, 1]},
								"west": {"uv": [12, 0], "uv_size": [1, 1]},
								"up": {"uv": [12, 0], "uv_size": [1, 1]},
								"down": {"uv": [12, 0], "uv_size": [1, 1]}
							}
						},
						{
							"origin": [-0.7, 0.2, -3.25],
							"size": [0.1, 0.75, 0.5],
							"pivot": [-0.7, 0.45, -2.75],
							"rotation": [15, 0, -10],
							"uv": {
								"north": {"uv": [13, 0], "uv_size": [-1, 1]},
								"east": {"uv": [13, 0], "uv_size": [-1, 1]},
								"south": {"uv": [13, 0], "uv_size": [-1, 1]},
								"west": {"uv": [7, 0], "uv_size": [-1, 1]},
								"up": {"uv": [12, 1], "uv_size": [1, -1]},
								"down": {"uv": [12, 1], "uv_size": [1, -1]}
							}
						},
						{
							"origin": [-0.78463, 0.03431, -3.12941],
							"size": [0.1, 0.9, 0.25],
							"pivot": [-0.73463, 0.93431, -2.87941],
							"rotation": [30, 0, -10],
							"uv": {
								"north": {"uv": [13, 0], "uv_size": [-1, 1]},
								"east": {"uv": [13, 0], "uv_size": [-1, 1]},
								"south": {"uv": [15, 0], "uv_size": [-1, 1]},
								"west": {"uv": [7, 0], "uv_size": [-1, 1]},
								"up": {"uv": [12, 1], "uv_size": [1, -1]},
								"down": {"uv": [12, 1], "uv_size": [1, -1]}
							}
						},
						{
							"origin": [0.68463, -0.06569, -3.12941],
							"size": [0.1, 1, 0.25],
							"pivot": [0.73463, 0.93431, -2.87941],
							"rotation": [30, 0, 10],
							"uv": {
								"north": {"uv": [12, 0], "uv_size": [1, 1]},
								"east": {"uv": [6, 0], "uv_size": [1, 1]},
								"south": {"uv": [14, 0], "uv_size": [1, 1]},
								"west": {"uv": [12, 0], "uv_size": [1, 1]},
								"up": {"uv": [13, 1], "uv_size": [-1, -1]},
								"down": {"uv": [13, 1], "uv_size": [-1, -1]}
							}
						},
						{
							"origin": [-0.77263, 0.8619, -3.37089],
							"size": [0.1, 0.75, 0.5],
							"pivot": [-0.77263, 0.8619, -3.12089],
							"rotation": [12.73415, -7.99365, 21.60659],
							"uv": {
								"north": {"uv": [13, 0], "uv_size": [-1, 1]},
								"east": {"uv": [13, 0], "uv_size": [-1, 1]},
								"south": {"uv": [13, 0], "uv_size": [-1, 1]},
								"west": {"uv": [7, 0], "uv_size": [-1, 1]},
								"up": {"uv": [12, 1], "uv_size": [1, -1]},
								"down": {"uv": [12, 1], "uv_size": [1, -1]}
							}
						},
						{
							"origin": [-0.48187, 1.43359, -3.53461],
							"size": [0.1, 0.1, 0.5],
							"pivot": [-0.48187, 1.53359, -3.28461],
							"rotation": [14.77116, -2.6397, -0.09222],
							"uv": {
								"north": {"uv": [13, 0], "uv_size": [-1, 1]},
								"east": {"uv": [13, 0], "uv_size": [-1, 1]},
								"south": {"uv": [13, 0], "uv_size": [-1, 1]},
								"west": {"uv": [13, 0], "uv_size": [-1, 1]},
								"up": {"uv": [14, 1], "uv_size": [1, -1]},
								"down": {"uv": [6, 1], "uv_size": [1, -1]}
							}
						},
						{
							"origin": [-0.39322, 1.49747, -3.53852],
							"size": [0.78643, 0.1, 0.5],
							"pivot": [0, 1.59747, -3.03852],
							"rotation": [14.77116, 0, 0],
							"uv": {
								"north": {"uv": [13, 0], "uv_size": [-1, 1]},
								"east": {"uv": [13, 0], "uv_size": [-1, 1]},
								"south": {"uv": [13, 0], "uv_size": [-1, 1]},
								"west": {"uv": [13, 0], "uv_size": [-1, 1]},
								"up": {"uv": [14, 1], "uv_size": [1, -1]},
								"down": {"uv": [6, 1], "uv_size": [1, -1]}
							}
						},
						{
							"origin": [0.38187, 1.43359, -3.53461],
							"size": [0.1, 0.1, 0.5],
							"pivot": [0.48187, 1.53359, -3.28461],
							"rotation": [14.77116, 2.6397, 0.09222],
							"uv": {
								"north": {"uv": [12, 0], "uv_size": [1, 1]},
								"east": {"uv": [12, 0], "uv_size": [1, 1]},
								"south": {"uv": [12, 0], "uv_size": [1, 1]},
								"west": {"uv": [12, 0], "uv_size": [1, 1]},
								"up": {"uv": [15, 1], "uv_size": [-1, -1]},
								"down": {"uv": [7, 1], "uv_size": [-1, -1]}
							}
						},
						{
							"origin": [0.6, -0.05, -3.5],
							"size": [0.1, 0.25, 2],
							"pivot": [0.7, 0.45, -2.75],
							"rotation": [0, 0, 10],
							"uv": {
								"north": {"uv": [12, 0], "uv_size": [1, 1]},
								"east": {"uv": [6, 0], "uv_size": [1, 1]},
								"south": {"uv": [12, 0], "uv_size": [1, 1]},
								"west": {"uv": [12, 0], "uv_size": [1, 1]},
								"up": {"uv": [15, 1], "uv_size": [-1, -1]},
								"down": {"uv": [13, 1], "uv_size": [-1, -1]}
							}
						},
						{
							"origin": [0.55659, 0.2038, -3.5],
							"size": [0.1, 0.35, 0.25],
							"pivot": [0.65659, 0.2038, -3.5],
							"rotation": [-50, 0, 10],
							"uv": {
								"north": {"uv": [14, 0], "uv_size": [1, 1]},
								"east": {"uv": [6, 0], "uv_size": [1, 1]},
								"south": {"uv": [12, 0], "uv_size": [1, 1]},
								"west": {"uv": [12, 0], "uv_size": [1, 1]},
								"up": {"uv": [13, 1], "uv_size": [-1, -1]},
								"down": {"uv": [13, 1], "uv_size": [-1, -1]}
							}
						},
						{
							"origin": [-0.7, -0.05, -3.5],
							"size": [0.1, 0.25, 2],
							"pivot": [-0.7, 0.45, -2.75],
							"rotation": [0, 0, -10],
							"uv": {
								"north": {"uv": [13, 0], "uv_size": [-1, 1]},
								"east": {"uv": [13, 0], "uv_size": [-1, 1]},
								"south": {"uv": [13, 0], "uv_size": [-1, 1]},
								"west": {"uv": [7, 0], "uv_size": [-1, 1]},
								"up": {"uv": [14, 1], "uv_size": [1, -1]},
								"down": {"uv": [12, 1], "uv_size": [1, -1]}
							}
						},
						{
							"origin": [-0.65659, 0.2038, -3.5],
							"size": [0.1, 0.35, 0.25],
							"pivot": [-0.65659, 0.2038, -3.5],
							"rotation": [-50, 0, -10],
							"uv": {
								"north": {"uv": [15, 0], "uv_size": [-1, 1]},
								"east": {"uv": [13, 0], "uv_size": [-1, 1]},
								"south": {"uv": [13, 0], "uv_size": [-1, 1]},
								"west": {"uv": [7, 0], "uv_size": [-1, 1]},
								"up": {"uv": [12, 1], "uv_size": [1, -1]},
								"down": {"uv": [12, 1], "uv_size": [1, -1]}
							}
						},
						{
							"origin": [-0.61318, -0.2924, -1.25],
							"size": [0.1, 0.75, 1.25],
							"pivot": [-0.61318, -0.0424, -1.5],
							"rotation": [0, 5, -10],
							"uv": {
								"north": {"uv": [13, 0], "uv_size": [-1, 1]},
								"east": {"uv": [13, 0], "uv_size": [-1, 1]},
								"south": {"uv": [13, 0], "uv_size": [-1, 1]},
								"west": {"uv": [13, 0], "uv_size": [-1, 1]},
								"up": {"uv": [14, 1], "uv_size": [1, -1]},
								"down": {"uv": [12, 1], "uv_size": [1, -1]}
							}
						},
						{
							"origin": [-0.61318, 0.16561, -1.53349],
							"size": [0.1, 0.35, 0.25],
							"pivot": [-0.61318, -0.0424, -1.5],
							"rotation": [-30, 5, -10],
							"uv": {
								"north": {"uv": [15, 0], "uv_size": [-1, 1]},
								"east": {"uv": [13, 0], "uv_size": [-1, 1]},
								"south": {"uv": [13, 0], "uv_size": [-1, 1]},
								"west": {"uv": [13, 0], "uv_size": [-1, 1]},
								"up": {"uv": [12, 1], "uv_size": [1, -1]},
								"down": {"uv": [12, 1], "uv_size": [1, -1]}
							}
						},
						{
							"origin": [-0.61318, -0.2924, -1.5],
							"size": [0.1, 0.5, 0.25],
							"pivot": [-0.61318, -0.0424, -1.5],
							"rotation": [0, 5, -10],
							"uv": {
								"north": {"uv": [13, 0], "uv_size": [-1, 1]},
								"east": {"uv": [13, 0], "uv_size": [-1, 1]},
								"south": {"uv": [13, 0], "uv_size": [-1, 1]},
								"west": {"uv": [13, 0], "uv_size": [-1, 1]},
								"up": {"uv": [14, 1], "uv_size": [1, -1]},
								"down": {"uv": [12, 1], "uv_size": [1, -1]}
							}
						},
						{
							"origin": [0.51318, -0.86643, -0.36418],
							"size": [0.1, 0.71194, 0.44134],
							"pivot": [0.61318, -0.0424, -1.5],
							"rotation": [22.5, -5, 10],
							"uv": {
								"north": {"uv": [13, 0], "uv_size": [-1, 1]},
								"east": {"uv": [13, 0], "uv_size": [-1, 1]},
								"south": {"uv": [15, 0], "uv_size": [-1, 1]},
								"west": {"uv": [13, 0], "uv_size": [-1, 1]},
								"up": {"uv": [13, 0], "uv_size": [-1, 1]},
								"down": {"uv": [13, 0], "uv_size": [-1, 1]}
							}
						},
						{
							"origin": [0.51318, 0.16561, -1.53349],
							"size": [0.1, 0.35, 0.25],
							"pivot": [0.61318, -0.0424, -1.5],
							"rotation": [-30, -5, 10],
							"uv": {
								"north": {"uv": [14, 0], "uv_size": [1, 1]},
								"east": {"uv": [12, 0], "uv_size": [1, 1]},
								"south": {"uv": [12, 0], "uv_size": [1, 1]},
								"west": {"uv": [12, 0], "uv_size": [1, 1]},
								"up": {"uv": [13, 1], "uv_size": [-1, -1]},
								"down": {"uv": [13, 1], "uv_size": [-1, -1]}
							}
						},
						{
							"origin": [0.51318, -0.2924, -1.25],
							"size": [0.1, 0.75, 1.25],
							"pivot": [0.61318, -0.0424, -1.5],
							"rotation": [0, -5, 10],
							"uv": {
								"north": {"uv": [12, 0], "uv_size": [1, 1]},
								"east": {"uv": [12, 0], "uv_size": [1, 1]},
								"south": {"uv": [12, 0], "uv_size": [1, 1]},
								"west": {"uv": [12, 0], "uv_size": [1, 1]},
								"up": {"uv": [15, 1], "uv_size": [-1, -1]},
								"down": {"uv": [13, 1], "uv_size": [-1, -1]}
							}
						},
						{
							"origin": [0.51318, -0.2924, -1.5],
							"size": [0.1, 0.5, 0.25],
							"pivot": [0.61318, -0.0424, -1.5],
							"rotation": [0, -5, 10],
							"uv": {
								"north": {"uv": [12, 0], "uv_size": [1, 1]},
								"east": {"uv": [12, 0], "uv_size": [1, 1]},
								"south": {"uv": [12, 0], "uv_size": [1, 1]},
								"west": {"uv": [12, 0], "uv_size": [1, 1]},
								"up": {"uv": [15, 1], "uv_size": [-1, -1]},
								"down": {"uv": [13, 1], "uv_size": [-1, -1]}
							}
						}
					]
				},
				{
					"name": "division",
					"pivot": [0.05, 0.95, -55.25]
				},
				{
					"name": "division_illuminated",
					"parent": "division",
					"pivot": [0.05, 1.05, -55.25],
					"cubes": [
						{
							"origin": [-0.075, -0.65, -64],
							"size": [0.15, 1, 0],
							"pivot": [0, 0.85, -64],
							"rotation": [0, 0, 90],
							"uv": {
								"south": {"uv": [1, 4], "uv_size": [-1, 1]}
							}
						},
						{
							"origin": [-0.075, -0.65, -64],
							"size": [0.15, 1, 0],
							"pivot": [0, 0.85, -64],
							"rotation": [0, 0, -90],
							"uv": {
								"south": {"uv": [0, 4], "uv_size": [1, 1]}
							}
						},
						{
							"origin": [-0.075, -0.65, -64],
							"size": [0.15, 1, 0],
							"uv": {
								"south": {"uv": [1, 4], "uv_size": [-1, 1]}
							}
						},
						{
							"origin": [-0.175, 0.675, -64],
							"size": [0.35, 0.35, 0],
							"pivot": [0, 0.85, -64],
							"rotation": [0, 0, -45],
							"uv": {
								"south": {"uv": [0, 0], "uv_size": [1, 1]}
							}
						}
					]
				},
				{
					"name": "ocular",
					"pivot": [0, 1, -0.975],
					"cubes": [
						{
							"origin": [-0.6, 0.25, -3.1],
							"size": [1.2, 0.975, 0],
							"pivot": [0, 0.2625, -3.09375],
							"rotation": [15, 0, 0],
							"uv": {
								"north": {"uv": [8, 0], "uv_size": [1, 1]},
								"east": {"uv": [8, 0], "uv_size": [1, 1]},
								"south": {"uv": [8, 0], "uv_size": [1, 1]},
								"west": {"uv": [8, 0], "uv_size": [1, 1]},
								"up": {"uv": [9, 1], "uv_size": [-1, -1]},
								"down": {"uv": [9, 1], "uv_size": [-1, -1]}
							}
						},
						{
							"origin": [0.275, -0.10567, -3.01039],
							"size": [0.25, 1.05, 0],
							"pivot": [0.525, -0.10567, -3.26039],
							"rotation": [14.78217, -2.57594, 9.6658],
							"uv": {
								"north": {"uv": [8, 0], "uv_size": [1, 1]},
								"east": {"uv": [8, 0], "uv_size": [1, 1]},
								"south": {"uv": [8, 0], "uv_size": [1, 1]},
								"west": {"uv": [8, 0], "uv_size": [1, 1]},
								"up": {"uv": [9, 1], "uv_size": [-1, -1]},
								"down": {"uv": [9, 1], "uv_size": [-1, -1]}
							}
						},
						{
							"origin": [-0.525, -0.10567, -3.01039],
							"size": [0.25, 1.05, 0],
							"pivot": [-0.525, -0.10567, -3.26039],
							"rotation": [14.78217, 2.57594, -9.6658],
							"uv": {
								"north": {"uv": [9, 0], "uv_size": [-1, 1]},
								"east": {"uv": [9, 0], "uv_size": [-1, 1]},
								"south": {"uv": [9, 0], "uv_size": [-1, 1]},
								"west": {"uv": [9, 0], "uv_size": [-1, 1]},
								"up": {"uv": [8, 1], "uv_size": [1, -1]},
								"down": {"uv": [8, 1], "uv_size": [1, -1]}
							}
						},
						{
							"origin": [-0.5, 1.175, -3.1],
							"size": [1, 0.275, 0],
							"pivot": [0, 0.2625, -3.09375],
							"rotation": [15, 0, 0],
							"uv": {
								"north": {"uv": [8, 0], "uv_size": [1, 1]},
								"east": {"uv": [8, 0], "uv_size": [1, 1]},
								"south": {"uv": [8, 0], "uv_size": [1, 1]},
								"west": {"uv": [8, 0], "uv_size": [1, 1]},
								"up": {"uv": [9, 1], "uv_size": [-1, -1]},
								"down": {"uv": [9, 1], "uv_size": [-1, -1]}
							}
						}
					]
				},
				{
					"name": "scope_view",
					"pivot": [0, 0.85, 6]
				}
			]
		}
	]
}