{
	"format_version": "1.12.0",
	"minecraft:geometry": [
		{
			"description": {
				"identifier": "geometry.unknown",
				"texture_width": 32,
				"texture_height": 32,
				"visible_bounds_width": 2,
				"visible_bounds_height": 1.5,
				"visible_bounds_offset": [0, 0.25, 0]
			},
			"bones": [
				{
					"name": "bullet",
					"pivot": [0, -2, -2],
					"rotation": [45, 0, 0],
					"cubes": [
						{
							"origin": [-3.75, -2, -2],
							"size": [7.5, 8, 0],
							"uv": {
								"north": {"uv": [32, 0], "uv_size": [-32, 32]},
								"south": {"uv": [0, 0], "uv_size": [32, 32]}
							}
						}
					]
				}
			]
		}
	]
}